Could not import `tifffile`, TIFFImageDataDecoder will be disabled
[Gloo] Rank 0 is connected to 0 peer ranks. Expected number of connected peer ranks is : 0
goldfish-01:279768:279768 [0] NCCL INFO Bootstrap: Using eth4:132.65.180.91<0>
goldfish-01:279768:279768 [0] NCCL INFO cudaDriverVersion 13000
goldfish-01:279768:279768 [0] NCCL INFO NCCL version 2.27.5+cuda12.9
goldfish-01:279768:279768 [0] NCCL INFO Comm config Blocking set to 1
goldfish-01:279768:279809 [0] NCCL INFO NET/Plugin: Could not find: libnccl-net.so. 
goldfish-01:279768:279809 [0] NCCL INFO NET/IB : Using [0]mlx5_0:1/IB [1]mlx5_1:1/RoCE [RO]; OOB eth4:132.65.180.91<0>
goldfish-01:279768:279809 [0] NCCL INFO Initialized NET plugin IB
goldfish-01:279768:279809 [0] NCCL INFO Assigned NET plugin IB to comm
goldfish-01:279768:279809 [0] NCCL INFO Using network IB
goldfish-01:279768:279809 [0] NCCL INFO ncclCommInitRankConfig comm 0x1193eed0 rank 0 nranks 1 cudaDev 0 nvmlDev 0 busId 74000 commId 0x60394b2caccd965e - Init START
goldfish-01:279768:279809 [0] NCCL INFO RAS client listening socket at 127.0.0.1<28028>
goldfish-01:279768:279809 [0] NCCL INFO Bootstrap timings total 0.004704 (create 0.000021, send 0.000066, recv 0.000143, ring 0.000001, delay 0.000000)

[2026-05-19 21:11:10] goldfish-01:279768:279809 [0] transport/net_ib.cc:589 NCCL WARN NET/IB : Attempted to merge incompatible devices: [0]mlx5_0:1/IB and [1]mlx5_1:1/RoCE. Try selecting NICs of only one link type using NCCL_IB_HCA
goldfish-01:279768:279809 [0] NCCL INFO TOPO/NET : Tried merging multiple devices together and failed. vProps={ndevs=2, devs=[0 1 0 0]}. Set NCCL_NET_MERGE_LEVEL=LOC to disable NIC fusion.
goldfish-01:279768:279809 [0] NCCL INFO Marking physical devices as unplaced, increasing distance and restarting search.
goldfish-01:279768:279809 [0] NCCL INFO Setting affinity for GPU 0 to 1-2,4-5,10-13
goldfish-01:279768:279809 [0] NCCL INFO comm 0x1193eed0 rank 0 nRanks 1 nNodes 1 localRanks 1 localRank 0 MNNVL 0
goldfish-01:279768:279809 [0] NCCL INFO Channel 00/64 : 0
goldfish-01:279768:279809 [0] NCCL INFO Channel 01/64 : 0
goldfish-01:279768:279809 [0] NCCL INFO Channel 02/64 : 0
goldfish-01:279768:279809 [0] NCCL INFO Channel 03/64 : 0
goldfish-01:279768:279809 [0] NCCL INFO Channel 04/64 : 0
goldfish-01:279768:279809 [0] NCCL INFO Channel 05/64 : 0
goldfish-01:279768:279809 [0] NCCL INFO Channel 06/64 : 0
goldfish-01:279768:279809 [0] NCCL INFO Channel 07/64 : 0
goldfish-01:279768:279809 [0] NCCL INFO Channel 08/64 : 0
goldfish-01:279768:279809 [0] NCCL INFO Channel 09/64 : 0
goldfish-01:279768:279809 [0] NCCL INFO Channel 10/64 : 0
goldfish-01:279768:279809 [0] NCCL INFO Channel 11/64 : 0
goldfish-01:279768:279809 [0] NCCL INFO Channel 12/64 : 0
goldfish-01:279768:279809 [0] NCCL INFO Channel 13/64 : 0
goldfish-01:279768:279809 [0] NCCL INFO Channel 14/64 : 0
goldfish-01:279768:279809 [0] NCCL INFO Channel 15/64 : 0
goldfish-01:279768:279809 [0] NCCL INFO Channel 16/64 : 0
goldfish-01:279768:279809 [0] NCCL INFO Channel 17/64 : 0
goldfish-01:279768:279809 [0] NCCL INFO Channel 18/64 : 0
goldfish-01:279768:279809 [0] NCCL INFO Channel 19/64 : 0
goldfish-01:279768:279809 [0] NCCL INFO Channel 20/64 : 0
goldfish-01:279768:279809 [0] NCCL INFO Channel 21/64 : 0
goldfish-01:279768:279809 [0] NCCL INFO Channel 22/64 : 0
goldfish-01:279768:279809 [0] NCCL INFO Channel 23/64 : 0
goldfish-01:279768:279809 [0] NCCL INFO Channel 24/64 : 0
goldfish-01:279768:279809 [0] NCCL INFO Channel 25/64 : 0
goldfish-01:279768:279809 [0] NCCL INFO Channel 26/64 : 0
goldfish-01:279768:279809 [0] NCCL INFO Channel 27/64 : 0
goldfish-01:279768:279809 [0] NCCL INFO Channel 28/64 : 0
goldfish-01:279768:279809 [0] NCCL INFO Channel 29/64 : 0
goldfish-01:279768:279809 [0] NCCL INFO Channel 30/64 : 0
goldfish-01:279768:279809 [0] NCCL INFO Channel 31/64 : 0
goldfish-01:279768:279809 [0] NCCL INFO Channel 32/64 : 0
goldfish-01:279768:279809 [0] NCCL INFO Channel 33/64 : 0
goldfish-01:279768:279809 [0] NCCL INFO Channel 34/64 : 0
goldfish-01:279768:279809 [0] NCCL INFO Channel 35/64 : 0
goldfish-01:279768:279809 [0] NCCL INFO Channel 36/64 : 0
goldfish-01:279768:279809 [0] NCCL INFO Channel 37/64 : 0
goldfish-01:279768:279809 [0] NCCL INFO Channel 38/64 : 0
goldfish-01:279768:279809 [0] NCCL INFO Channel 39/64 : 0
goldfish-01:279768:279809 [0] NCCL INFO Channel 40/64 : 0
goldfish-01:279768:279809 [0] NCCL INFO Channel 41/64 : 0
goldfish-01:279768:279809 [0] NCCL INFO Channel 42/64 : 0
goldfish-01:279768:279809 [0] NCCL INFO Channel 43/64 : 0
goldfish-01:279768:279809 [0] NCCL INFO Channel 44/64 : 0
goldfish-01:279768:279809 [0] NCCL INFO Channel 45/64 : 0
goldfish-01:279768:279809 [0] NCCL INFO Channel 46/64 : 0
goldfish-01:279768:279809 [0] NCCL INFO Channel 47/64 : 0
goldfish-01:279768:279809 [0] NCCL INFO Channel 48/64 : 0
goldfish-01:279768:279809 [0] NCCL INFO Channel 49/64 : 0
goldfish-01:279768:279809 [0] NCCL INFO Channel 50/64 : 0
goldfish-01:279768:279809 [0] NCCL INFO Channel 51/64 : 0
goldfish-01:279768:279809 [0] NCCL INFO Channel 52/64 : 0
goldfish-01:279768:279809 [0] NCCL INFO Channel 53/64 : 0
goldfish-01:279768:279809 [0] NCCL INFO Channel 54/64 : 0
goldfish-01:279768:279809 [0] NCCL INFO Channel 55/64 : 0
goldfish-01:279768:279809 [0] NCCL INFO Channel 56/64 : 0
goldfish-01:279768:279809 [0] NCCL INFO Channel 57/64 : 0
goldfish-01:279768:279809 [0] NCCL INFO Channel 58/64 : 0
goldfish-01:279768:279809 [0] NCCL INFO Channel 59/64 : 0
goldfish-01:279768:279809 [0] NCCL INFO Channel 60/64 : 0
goldfish-01:279768:279809 [0] NCCL INFO Channel 61/64 : 0
goldfish-01:279768:279809 [0] NCCL INFO Channel 62/64 : 0
goldfish-01:279768:279809 [0] NCCL INFO Channel 63/64 : 0
goldfish-01:279768:279809 [0] NCCL INFO Trees [0] -1/-1/-1->0->-1 [1] -1/-1/-1->0->-1 [2] -1/-1/-1->0->-1 [3] -1/-1/-1->0->-1 [4] -1/-1/-1->0->-1 [5] -1/-1/-1->0->-1 [6] -1/-1/-1->0->-1 [7] -1/-1/-1->0->-1 [8] -1/-1/-1->0->-1 [9] -1/-1/-1->0->-1 [10] -1/-1/-1->0->-1 [11] -1/-1/-1->0->-1 [12] -1/-1/-1->0->-1 [13] -1/-1/-1->0->-1 [14] -1/-1/-1->0->-1 [15] -1/-1/-1->0->-1 [16] -1/-1/-1->0->-1 [17] -1/-1/-1->0->-1 [18] -1/-1/-1->0->-1 [19] -1/-1/-1->0->-1 [20] -1/-1/-1->0->-1 [21] -1/-1/-1->0->-1 [22] -1/-1/-1->0->-1 [23] -1/-1/-1->0->-1 [24] -1/-1/-1->0->-1 [25] -1/-1/-1->0->-1 [26] -1/-1/-1->0->-1 [27] -1/-1/-1->0->-1 [28] -1/-1/-1->0->-1 [29] -1/-1/-1->0->-1 [30] -1/-1/-1->0->-1 [31] -1/-1/-1->0->-1 [32] -1/-1/-1->0->-1 [33] -1/-1/-1->0->-1 [34] -1/-1/-1->0->-1 [35] -1/-1/-1->0->-1 [36] -1/-1/-1->0->-1 [37] -1/-1/-1->0->-1 [38] -1/-1/-1->0->-1 [39] -1/-1/-1->0->-1 [40] -1/-1/-1->0->-1 [41] -1/-1/-1->0->-1 [42] -1/-1/-1->0->-1 [43] -1/-1/-1->0->-1 [44] -1/-1/-1->0->-1 [45] -1/-1/-1->0->-1 [46] -1/-1/-1->0->-1 
goldfish-01:279768:279809 [0] NCCL INFO P2P Chunksize set to 524288
goldfish-01:279768:279809 [0] NCCL INFO PROFILER/Plugin: Could not find: libnccl-profiler.so. 
goldfish-01:279768:279809 [0] NCCL INFO Check P2P Type isAllDirectP2p 0 directMode 0
goldfish-01:279768:279814 [0] NCCL INFO [Proxy Service] Device 0 CPU core 13
goldfish-01:279768:279815 [0] NCCL INFO [Proxy Service UDS] Device 0 CPU core 5
goldfish-01:279768:279809 [0] NCCL INFO 64 coll channels, 64 collnet channels, 0 nvls channels, 64 p2p channels, 64 p2p channels per peer
goldfish-01:279768:279809 [0] NCCL INFO CC Off, workFifoBytes 1048576
goldfish-01:279768:279809 [0] NCCL INFO TUNER/Plugin: Could not find: libnccl-tuner.so. Using internal tuner plugin.
goldfish-01:279768:279809 [0] NCCL INFO ncclCommInitRankConfig comm 0x1193eed0 rank 0 nranks 1 cudaDev 0 nvmlDev 0 busId 74000 commId 0x60394b2caccd965e - Init COMPLETE
goldfish-01:279768:279809 [0] NCCL INFO Init timings - ncclCommInitRankConfig: rank 0 nranks 1 total 0.14 (kernels 0.10, alloc 0.02, bootstrap 0.00, allgathers 0.00, topo 0.00, graphs 0.00, connections 0.01, rest 0.00)
I20260519 21:11:10 279768 dinov2 config.py:59] git:
  sha: e2ec41276e7033e8280db3b3af38db0fb97be89f, status: clean, branch: fmri

I20260519 21:11:10 279768 dinov2 config.py:60] config_file: dinov2/configs/train/fmri_vits.yaml
eval: 
eval_only: False
no_resume: False
opts: ['train.output_dir=/sci/labs/arieljaffe/dan.abergel1/repos/FAIR_official/outputs/dinov2_fmri_20260519_211051']
output_dir: /sci/labs/arieljaffe/dan.abergel1/repos/FAIR_official/outputs/dinov2_fmri_20260519_211051
I20260519 21:11:10 279768 dinov2 config.py:26] sqrt scaling learning rate; base: 0.0003, new: 1.3258252147247766e-05
I20260519 21:11:10 279768 dinov2 config.py:33] MODEL:
  WEIGHTS: ''
compute_precision:
  grad_scaler: true
  teacher:
    backbone:
      sharding_strategy: SHARD_GRAD_OP
      mixed_precision:
        param_dtype: fp16
        reduce_dtype: fp16
        buffer_dtype: fp32
    dino_head:
      sharding_strategy: SHARD_GRAD_OP
      mixed_precision:
        param_dtype: fp16
        reduce_dtype: fp16
        buffer_dtype: fp32
    ibot_head:
      sharding_strategy: SHARD_GRAD_OP
      mixed_precision:
        param_dtype: fp16
        reduce_dtype: fp16
        buffer_dtype: fp32
  student:
    backbone:
      sharding_strategy: SHARD_GRAD_OP
      mixed_precision:
        param_dtype: fp16
        reduce_dtype: fp16
        buffer_dtype: fp32
    dino_head:
      sharding_strategy: SHARD_GRAD_OP
      mixed_precision:
        param_dtype: fp16
        reduce_dtype: fp32
        buffer_dtype: fp32
    ibot_head:
      sharding_strategy: SHARD_GRAD_OP
      mixed_precision:
        param_dtype: fp16
        reduce_dtype: fp32
        buffer_dtype: fp32
dino:
  loss_weight: 1.0
  head_n_prototypes: 4096
  head_bottleneck_dim: 256
  head_nlayers: 3
  head_hidden_dim: 2048
  koleo_loss_weight: 0.1
ibot:
  loss_weight: 1.0
  mask_sample_probability: 0.5
  mask_ratio_min_max:
  - 0.1
  - 0.5
  separate_head: false
  head_n_prototypes: 4096
  head_bottleneck_dim: 256
  head_nlayers: 3
  head_hidden_dim: 2048
train:
  batch_size_per_gpu: 2
  dataset_path: HCP
  output_dir: /sci/labs/arieljaffe/dan.abergel1/repos/FAIR_official/outputs/dinov2_fmri_20260519_211051
  saveckp_freq: 20
  seed: 42
  num_workers: 4
  OFFICIAL_EPOCH_LENGTH: 1000
  cache_dataset: false
  centering: sinkhorn_knopp
  cell_augmentation: false
  fmri_augmentation: true
student:
  arch: vit_small
  patch_size: 9
  drop_path_rate: 0.1
  layerscale: 1.0e-05
  drop_path_uniform: true
  pretrained_weights: /sci/labs/arieljaffe/dan.abergel1/checkpoints/dinov2_vits14_reg4_fmri_init.pth
  ffn_layer: mlp
  block_chunks: 0
  qkv_bias: true
  proj_bias: true
  ffn_bias: true
  num_register_tokens: 4
  interpolate_antialias: false
  interpolate_offset: 0.1
  in_chans: 1
  channel_adaptive: false
  fmri_mode: true
  fmri_img_size:
  - 45
  - 54
  - 45
  fmri_temporal_size: 1200
  fmri_temporal_kernel: 10
teacher:
  momentum_teacher: 0.992
  final_momentum_teacher: 1.0
  warmup_teacher_temp: 0.04
  teacher_temp: 0.07
  warmup_teacher_temp_epochs: 5
  in_chans: 1
  channel_adaptive: false
optim:
  epochs: 20
  weight_decay: 0.04
  weight_decay_end: 0.4
  base_lr: 0.0003
  lr: 1.3258252147247766e-05
  warmup_epochs: 1
  min_lr: 1.0e-06
  clip_grad: 3.0
  freeze_last_layer_epochs: 1
  scaling_rule: sqrt_wrt_1024
  patch_embed_lr_mult: 0.2
  layerwise_decay: 1.0
  adamw_beta1: 0.9
  adamw_beta2: 0.999
crops:
  global_crops_scale:
  - 0.32
  - 1.0
  local_crops_number: 8
  local_crops_scale:
  - 0.05
  - 0.32
  global_crops_size: 224
  local_crops_size: 96
evaluation:
  eval_period_iterations: 0

I20260519 21:11:10 279768 dinov2 vision_transformer.py:125] using MLP layer as FFN
I20260519 21:11:10 279768 dinov2 vision_transformer.py:125] using MLP layer as FFN
I20260519 21:11:11 279768 dinov2 ssl_meta_arch.py:43] OPTIONS -- architecture : embed_dim: 384
I20260519 21:11:11 279768 dinov2 ssl_meta_arch.py:47] OPTIONS -- pretrained weights: loading from /sci/labs/arieljaffe/dan.abergel1/checkpoints/dinov2_vits14_reg4_fmri_init.pth
I20260519 21:11:11 279768 dinov2 ssl_meta_arch.py:58] OPTIONS -- DINO
I20260519 21:11:11 279768 dinov2 ssl_meta_arch.py:60] OPTIONS -- DINO -- loss_weight: 1.0
I20260519 21:11:11 279768 dinov2 ssl_meta_arch.py:61] OPTIONS -- DINO -- head_n_prototypes: 4096
I20260519 21:11:11 279768 dinov2 ssl_meta_arch.py:62] OPTIONS -- DINO -- head_bottleneck_dim: 256
I20260519 21:11:11 279768 dinov2 ssl_meta_arch.py:63] OPTIONS -- DINO -- head_hidden_dim: 2048
I20260519 21:11:11 279768 dinov2 ssl_meta_arch.py:75] OPTIONS -- DINO -- applying KOLEO regularization
W20260519 21:11:11 279768 py.warnings warnings.py:109] /sci/labs/arieljaffe/dan.abergel1/torch_env/lib/python3.11/site-packages/torch/nn/utils/weight_norm.py:144: FutureWarning: `torch.nn.utils.weight_norm` is deprecated in favor of `torch.nn.utils.parametrizations.weight_norm`.
  WeightNorm.apply(module, name, dim)

I20260519 21:11:11 279768 dinov2 ssl_meta_arch.py:85] OPTIONS -- IBOT
I20260519 21:11:11 279768 dinov2 ssl_meta_arch.py:86] OPTIONS -- IBOT -- loss_weight: 1.0
I20260519 21:11:11 279768 dinov2 ssl_meta_arch.py:87] OPTIONS -- IBOT masking -- ibot_mask_ratio_tuple: [0.1, 0.5]
I20260519 21:11:11 279768 dinov2 ssl_meta_arch.py:88] OPTIONS -- IBOT masking -- ibot_mask_sample_probability: 0.5
I20260519 21:11:11 279768 dinov2 ssl_meta_arch.py:111] OPTIONS -- IBOT -- head shared with DINO
I20260519 21:11:11 279768 dinov2 ssl_meta_arch.py:121] Student and Teacher are built: they are both vit_small network.
I20260519 21:11:11 279768 dinov2 ssl_meta_arch.py:404] DISTRIBUTED FSDP -- preparing model for distributed training
W20260519 21:11:11 279768 py.warnings warnings.py:109] /sci/labs/arieljaffe/dan.abergel1/torch_env/lib/python3.11/site-packages/torch/distributed/fsdp/fully_sharded_data_parallel.py:479: UserWarning: FSDP is switching to use `NO_SHARD` instead of ShardingStrategy.SHARD_GRAD_OP since the world size is 1.
  _init_core_state(

I20260519 21:11:11 279768 dinov2 train.py:344] Model:
SSLMetaArch(
  (dino_loss): DINOLoss()
  (koleo_loss): KoLeoLoss(
    (pdist): PairwiseDistance()
  )
  (ibot_patch_loss): iBOTPatchLoss()
  (student): ModuleDict(
    (backbone): FullyShardedDataParallel(
      (_fsdp_wrapped_module): DinoVisionTransformer(
        (patch_embed): PatchEmbed3DPlus1D(
          (spatial): Conv3d(1, 384, kernel_size=(9, 9, 9), stride=(9, 9, 9))
          (temporal): Conv1d(384, 384, kernel_size=(10,), stride=(10,))
        )
        (blocks): ModuleList(
          (0-11): 12 x NestedTensorBlock(
            (norm1): LayerNorm((384,), eps=1e-06, elementwise_affine=True)
            (attn): MemEffAttention(
              (qkv): Linear(in_features=384, out_features=1152, bias=True)
              (proj): Linear(in_features=384, out_features=384, bias=True)
              (proj_drop): Dropout(p=0.0, inplace=False)
            )
            (ls1): LayerScale()
            (drop_path1): DropPath()
            (norm2): LayerNorm((384,), eps=1e-06, elementwise_affine=True)
            (mlp): Mlp(
              (fc1): Linear(in_features=384, out_features=1536, bias=True)
              (act): GELU(approximate='none')
              (fc2): Linear(in_features=1536, out_features=384, bias=True)
              (drop): Dropout(p=0.0, inplace=False)
            )
            (ls2): LayerScale()
            (drop_path2): DropPath()
          )
        )
        (norm): LayerNorm((384,), eps=1e-06, elementwise_affine=True)
        (head): Identity()
      )
    )
    (dino_head): FullyShardedDataParallel(
      (_fsdp_wrapped_module): DINOHead(
        (mlp): Sequential(
          (0): Linear(in_features=384, out_features=2048, bias=True)
          (1): GELU(approximate='none')
          (2): Linear(in_features=2048, out_features=2048, bias=True)
          (3): GELU(approximate='none')
          (4): Linear(in_features=2048, out_features=256, bias=True)
        )
        (last_layer): Linear(in_features=256, out_features=4096, bias=False)
      )
    )
  )
  (teacher): ModuleDict(
    (backbone): FullyShardedDataParallel(
      (_fsdp_wrapped_module): DinoVisionTransformer(
        (patch_embed): PatchEmbed3DPlus1D(
          (spatial): Conv3d(1, 384, kernel_size=(9, 9, 9), stride=(9, 9, 9))
          (temporal): Conv1d(384, 384, kernel_size=(10,), stride=(10,))
        )
        (blocks): ModuleList(
          (0-11): 12 x NestedTensorBlock(
            (norm1): LayerNorm((384,), eps=1e-06, elementwise_affine=True)
            (attn): MemEffAttention(
              (qkv): Linear(in_features=384, out_features=1152, bias=True)
              (proj): Linear(in_features=384, out_features=384, bias=True)
              (proj_drop): Dropout(p=0.0, inplace=False)
            )
            (ls1): LayerScale()
            (drop_path1): Identity()
            (norm2): LayerNorm((384,), eps=1e-06, elementwise_affine=True)
            (mlp): Mlp(
              (fc1): Linear(in_features=384, out_features=1536, bias=True)
              (act): GELU(approximate='none')
              (fc2): Linear(in_features=1536, out_features=384, bias=True)
              (drop): Dropout(p=0.0, inplace=False)
            )
            (ls2): LayerScale()
            (drop_path2): Identity()
          )
        )
        (norm): LayerNorm((384,), eps=1e-06, elementwise_affine=True)
        (head): Identity()
      )
    )
    (dino_head): FullyShardedDataParallel(
      (_fsdp_wrapped_module): DINOHead(
        (mlp): Sequential(
          (0): Linear(in_features=384, out_features=2048, bias=True)
          (1): GELU(approximate='none')
          (2): Linear(in_features=2048, out_features=2048, bias=True)
          (3): GELU(approximate='none')
          (4): Linear(in_features=2048, out_features=256, bias=True)
        )
        (last_layer): Linear(in_features=256, out_features=4096, bias=False)
      )
    )
  )
)
I20260519 21:11:11 279768 dinov2 param_groups.py:54] chunked fsdp
I20260519 21:11:11 279768 dinov2 param_groups.py:87] cls_token: lr_multiplier: 1.0, wd_multiplier: 1.0
I20260519 21:11:11 279768 dinov2 param_groups.py:87] pos_embed: lr_multiplier: 1.0, wd_multiplier: 1.0
I20260519 21:11:11 279768 dinov2 param_groups.py:87] register_tokens: lr_multiplier: 1.0, wd_multiplier: 1.0
I20260519 21:11:11 279768 dinov2 param_groups.py:87] mask_token: lr_multiplier: 1.0, wd_multiplier: 1.0
I20260519 21:11:11 279768 dinov2 param_groups.py:87] patch_embed.pos_temporal: lr_multiplier: 0.2, wd_multiplier: 1.0
I20260519 21:11:11 279768 dinov2 param_groups.py:87] patch_embed.pos_spatial: lr_multiplier: 0.2, wd_multiplier: 1.0
I20260519 21:11:11 279768 dinov2 param_groups.py:87] patch_embed.pos_cls: lr_multiplier: 0.2, wd_multiplier: 1.0
I20260519 21:11:11 279768 dinov2 param_groups.py:87] patch_embed.spatial.weight: lr_multiplier: 0.2, wd_multiplier: 1.0
I20260519 21:11:11 279768 dinov2 param_groups.py:87] patch_embed.spatial.bias: lr_multiplier: 0.2, wd_multiplier: 0.0
I20260519 21:11:11 279768 dinov2 param_groups.py:87] patch_embed.temporal.weight: lr_multiplier: 0.2, wd_multiplier: 1.0
I20260519 21:11:11 279768 dinov2 param_groups.py:87] patch_embed.temporal.bias: lr_multiplier: 0.2, wd_multiplier: 0.0
I20260519 21:11:11 279768 dinov2 param_groups.py:87] blocks.0.norm1.weight: lr_multiplier: 1.0, wd_multiplier: 0.0
I20260519 21:11:11 279768 dinov2 param_groups.py:87] blocks.0.norm1.bias: lr_multiplier: 1.0, wd_multiplier: 0.0
I20260519 21:11:11 279768 dinov2 param_groups.py:87] blocks.0.attn.qkv.weight: lr_multiplier: 1.0, wd_multiplier: 1.0
I20260519 21:11:11 279768 dinov2 param_groups.py:87] blocks.0.attn.qkv.bias: lr_multiplier: 1.0, wd_multiplier: 0.0
I20260519 21:11:11 279768 dinov2 param_groups.py:87] blocks.0.attn.proj.weight: lr_multiplier: 1.0, wd_multiplier: 1.0
I20260519 21:11:11 279768 dinov2 param_groups.py:87] blocks.0.attn.proj.bias: lr_multiplier: 1.0, wd_multiplier: 0.0
I20260519 21:11:11 279768 dinov2 param_groups.py:87] blocks.0.ls1.gamma: lr_multiplier: 1.0, wd_multiplier: 0.0
I20260519 21:11:11 279768 dinov2 param_groups.py:87] blocks.0.norm2.weight: lr_multiplier: 1.0, wd_multiplier: 0.0
I20260519 21:11:11 279768 dinov2 param_groups.py:87] blocks.0.norm2.bias: lr_multiplier: 1.0, wd_multiplier: 0.0
I20260519 21:11:11 279768 dinov2 param_groups.py:87] blocks.0.mlp.fc1.weight: lr_multiplier: 1.0, wd_multiplier: 1.0
I20260519 21:11:11 279768 dinov2 param_groups.py:87] blocks.0.mlp.fc1.bias: lr_multiplier: 1.0, wd_multiplier: 0.0
I20260519 21:11:11 279768 dinov2 param_groups.py:87] blocks.0.mlp.fc2.weight: lr_multiplier: 1.0, wd_multiplier: 1.0
I20260519 21:11:11 279768 dinov2 param_groups.py:87] blocks.0.mlp.fc2.bias: lr_multiplier: 1.0, wd_multiplier: 0.0
I20260519 21:11:11 279768 dinov2 param_groups.py:87] blocks.0.ls2.gamma: lr_multiplier: 1.0, wd_multiplier: 0.0
I20260519 21:11:11 279768 dinov2 param_groups.py:87] blocks.1.norm1.weight: lr_multiplier: 1.0, wd_multiplier: 0.0
I20260519 21:11:11 279768 dinov2 param_groups.py:87] blocks.1.norm1.bias: lr_multiplier: 1.0, wd_multiplier: 0.0
I20260519 21:11:11 279768 dinov2 param_groups.py:87] blocks.1.attn.qkv.weight: lr_multiplier: 1.0, wd_multiplier: 1.0
I20260519 21:11:11 279768 dinov2 param_groups.py:87] blocks.1.attn.qkv.bias: lr_multiplier: 1.0, wd_multiplier: 0.0
I20260519 21:11:11 279768 dinov2 param_groups.py:87] blocks.1.attn.proj.weight: lr_multiplier: 1.0, wd_multiplier: 1.0
I20260519 21:11:11 279768 dinov2 param_groups.py:87] blocks.1.attn.proj.bias: lr_multiplier: 1.0, wd_multiplier: 0.0
I20260519 21:11:11 279768 dinov2 param_groups.py:87] blocks.1.ls1.gamma: lr_multiplier: 1.0, wd_multiplier: 0.0
I20260519 21:11:11 279768 dinov2 param_groups.py:87] blocks.1.norm2.weight: lr_multiplier: 1.0, wd_multiplier: 0.0
I20260519 21:11:11 279768 dinov2 param_groups.py:87] blocks.1.norm2.bias: lr_multiplier: 1.0, wd_multiplier: 0.0
I20260519 21:11:11 279768 dinov2 param_groups.py:87] blocks.1.mlp.fc1.weight: lr_multiplier: 1.0, wd_multiplier: 1.0
I20260519 21:11:11 279768 dinov2 param_groups.py:87] blocks.1.mlp.fc1.bias: lr_multiplier: 1.0, wd_multiplier: 0.0
I20260519 21:11:11 279768 dinov2 param_groups.py:87] blocks.1.mlp.fc2.weight: lr_multiplier: 1.0, wd_multiplier: 1.0
I20260519 21:11:11 279768 dinov2 param_groups.py:87] blocks.1.mlp.fc2.bias: lr_multiplier: 1.0, wd_multiplier: 0.0
I20260519 21:11:11 279768 dinov2 param_groups.py:87] blocks.1.ls2.gamma: lr_multiplier: 1.0, wd_multiplier: 0.0
I20260519 21:11:11 279768 dinov2 param_groups.py:87] blocks.2.norm1.weight: lr_multiplier: 1.0, wd_multiplier: 0.0
I20260519 21:11:11 279768 dinov2 param_groups.py:87] blocks.2.norm1.bias: lr_multiplier: 1.0, wd_multiplier: 0.0
I20260519 21:11:11 279768 dinov2 param_groups.py:87] blocks.2.attn.qkv.weight: lr_multiplier: 1.0, wd_multiplier: 1.0
I20260519 21:11:11 279768 dinov2 param_groups.py:87] blocks.2.attn.qkv.bias: lr_multiplier: 1.0, wd_multiplier: 0.0
I20260519 21:11:11 279768 dinov2 param_groups.py:87] blocks.2.attn.proj.weight: lr_multiplier: 1.0, wd_multiplier: 1.0
I20260519 21:11:11 279768 dinov2 param_groups.py:87] blocks.2.attn.proj.bias: lr_multiplier: 1.0, wd_multiplier: 0.0
I20260519 21:11:11 279768 dinov2 param_groups.py:87] blocks.2.ls1.gamma: lr_multiplier: 1.0, wd_multiplier: 0.0
I20260519 21:11:11 279768 dinov2 param_groups.py:87] blocks.2.norm2.weight: lr_multiplier: 1.0, wd_multiplier: 0.0
I20260519 21:11:11 279768 dinov2 param_groups.py:87] blocks.2.norm2.bias: lr_multiplier: 1.0, wd_multiplier: 0.0
I20260519 21:11:11 279768 dinov2 param_groups.py:87] blocks.2.mlp.fc1.weight: lr_multiplier: 1.0, wd_multiplier: 1.0
I20260519 21:11:11 279768 dinov2 param_groups.py:87] blocks.2.mlp.fc1.bias: lr_multiplier: 1.0, wd_multiplier: 0.0
I20260519 21:11:11 279768 dinov2 param_groups.py:87] blocks.2.mlp.fc2.weight: lr_multiplier: 1.0, wd_multiplier: 1.0
I20260519 21:11:11 279768 dinov2 param_groups.py:87] blocks.2.mlp.fc2.bias: lr_multiplier: 1.0, wd_multiplier: 0.0
I20260519 21:11:11 279768 dinov2 param_groups.py:87] blocks.2.ls2.gamma: lr_multiplier: 1.0, wd_multiplier: 0.0
I20260519 21:11:11 279768 dinov2 param_groups.py:87] blocks.3.norm1.weight: lr_multiplier: 1.0, wd_multiplier: 0.0
I20260519 21:11:11 279768 dinov2 param_groups.py:87] blocks.3.norm1.bias: lr_multiplier: 1.0, wd_multiplier: 0.0
I20260519 21:11:11 279768 dinov2 param_groups.py:87] blocks.3.attn.qkv.weight: lr_multiplier: 1.0, wd_multiplier: 1.0
I20260519 21:11:11 279768 dinov2 param_groups.py:87] blocks.3.attn.qkv.bias: lr_multiplier: 1.0, wd_multiplier: 0.0
I20260519 21:11:11 279768 dinov2 param_groups.py:87] blocks.3.attn.proj.weight: lr_multiplier: 1.0, wd_multiplier: 1.0
I20260519 21:11:11 279768 dinov2 param_groups.py:87] blocks.3.attn.proj.bias: lr_multiplier: 1.0, wd_multiplier: 0.0
I20260519 21:11:11 279768 dinov2 param_groups.py:87] blocks.3.ls1.gamma: lr_multiplier: 1.0, wd_multiplier: 0.0
I20260519 21:11:11 279768 dinov2 param_groups.py:87] blocks.3.norm2.weight: lr_multiplier: 1.0, wd_multiplier: 0.0
I20260519 21:11:11 279768 dinov2 param_groups.py:87] blocks.3.norm2.bias: lr_multiplier: 1.0, wd_multiplier: 0.0
I20260519 21:11:11 279768 dinov2 param_groups.py:87] blocks.3.mlp.fc1.weight: lr_multiplier: 1.0, wd_multiplier: 1.0
I20260519 21:11:11 279768 dinov2 param_groups.py:87] blocks.3.mlp.fc1.bias: lr_multiplier: 1.0, wd_multiplier: 0.0
I20260519 21:11:11 279768 dinov2 param_groups.py:87] blocks.3.mlp.fc2.weight: lr_multiplier: 1.0, wd_multiplier: 1.0
I20260519 21:11:11 279768 dinov2 param_groups.py:87] blocks.3.mlp.fc2.bias: lr_multiplier: 1.0, wd_multiplier: 0.0
I20260519 21:11:11 279768 dinov2 param_groups.py:87] blocks.3.ls2.gamma: lr_multiplier: 1.0, wd_multiplier: 0.0
I20260519 21:11:11 279768 dinov2 param_groups.py:87] blocks.4.norm1.weight: lr_multiplier: 1.0, wd_multiplier: 0.0
I20260519 21:11:11 279768 dinov2 param_groups.py:87] blocks.4.norm1.bias: lr_multiplier: 1.0, wd_multiplier: 0.0
I20260519 21:11:11 279768 dinov2 param_groups.py:87] blocks.4.attn.qkv.weight: lr_multiplier: 1.0, wd_multiplier: 1.0
I20260519 21:11:11 279768 dinov2 param_groups.py:87] blocks.4.attn.qkv.bias: lr_multiplier: 1.0, wd_multiplier: 0.0
I20260519 21:11:11 279768 dinov2 param_groups.py:87] blocks.4.attn.proj.weight: lr_multiplier: 1.0, wd_multiplier: 1.0
I20260519 21:11:11 279768 dinov2 param_groups.py:87] blocks.4.attn.proj.bias: lr_multiplier: 1.0, wd_multiplier: 0.0
I20260519 21:11:11 279768 dinov2 param_groups.py:87] blocks.4.ls1.gamma: lr_multiplier: 1.0, wd_multiplier: 0.0
I20260519 21:11:11 279768 dinov2 param_groups.py:87] blocks.4.norm2.weight: lr_multiplier: 1.0, wd_multiplier: 0.0
I20260519 21:11:11 279768 dinov2 param_groups.py:87] blocks.4.norm2.bias: lr_multiplier: 1.0, wd_multiplier: 0.0
I20260519 21:11:11 279768 dinov2 param_groups.py:87] blocks.4.mlp.fc1.weight: lr_multiplier: 1.0, wd_multiplier: 1.0
I20260519 21:11:11 279768 dinov2 param_groups.py:87] blocks.4.mlp.fc1.bias: lr_multiplier: 1.0, wd_multiplier: 0.0
I20260519 21:11:11 279768 dinov2 param_groups.py:87] blocks.4.mlp.fc2.weight: lr_multiplier: 1.0, wd_multiplier: 1.0
I20260519 21:11:11 279768 dinov2 param_groups.py:87] blocks.4.mlp.fc2.bias: lr_multiplier: 1.0, wd_multiplier: 0.0
I20260519 21:11:11 279768 dinov2 param_groups.py:87] blocks.4.ls2.gamma: lr_multiplier: 1.0, wd_multiplier: 0.0
I20260519 21:11:11 279768 dinov2 param_groups.py:87] blocks.5.norm1.weight: lr_multiplier: 1.0, wd_multiplier: 0.0
I20260519 21:11:11 279768 dinov2 param_groups.py:87] blocks.5.norm1.bias: lr_multiplier: 1.0, wd_multiplier: 0.0
I20260519 21:11:11 279768 dinov2 param_groups.py:87] blocks.5.attn.qkv.weight: lr_multiplier: 1.0, wd_multiplier: 1.0
I20260519 21:11:11 279768 dinov2 param_groups.py:87] blocks.5.attn.qkv.bias: lr_multiplier: 1.0, wd_multiplier: 0.0
I20260519 21:11:11 279768 dinov2 param_groups.py:87] blocks.5.attn.proj.weight: lr_multiplier: 1.0, wd_multiplier: 1.0
I20260519 21:11:11 279768 dinov2 param_groups.py:87] blocks.5.attn.proj.bias: lr_multiplier: 1.0, wd_multiplier: 0.0
I20260519 21:11:11 279768 dinov2 param_groups.py:87] blocks.5.ls1.gamma: lr_multiplier: 1.0, wd_multiplier: 0.0
I20260519 21:11:11 279768 dinov2 param_groups.py:87] blocks.5.norm2.weight: lr_multiplier: 1.0, wd_multiplier: 0.0
I20260519 21:11:11 279768 dinov2 param_groups.py:87] blocks.5.norm2.bias: lr_multiplier: 1.0, wd_multiplier: 0.0
I20260519 21:11:11 279768 dinov2 param_groups.py:87] blocks.5.mlp.fc1.weight: lr_multiplier: 1.0, wd_multiplier: 1.0
I20260519 21:11:11 279768 dinov2 param_groups.py:87] blocks.5.mlp.fc1.bias: lr_multiplier: 1.0, wd_multiplier: 0.0
I20260519 21:11:11 279768 dinov2 param_groups.py:87] blocks.5.mlp.fc2.weight: lr_multiplier: 1.0, wd_multiplier: 1.0
I20260519 21:11:11 279768 dinov2 param_groups.py:87] blocks.5.mlp.fc2.bias: lr_multiplier: 1.0, wd_multiplier: 0.0
I20260519 21:11:11 279768 dinov2 param_groups.py:87] blocks.5.ls2.gamma: lr_multiplier: 1.0, wd_multiplier: 0.0
I20260519 21:11:11 279768 dinov2 param_groups.py:87] blocks.6.norm1.weight: lr_multiplier: 1.0, wd_multiplier: 0.0
I20260519 21:11:11 279768 dinov2 param_groups.py:87] blocks.6.norm1.bias: lr_multiplier: 1.0, wd_multiplier: 0.0
I20260519 21:11:11 279768 dinov2 param_groups.py:87] blocks.6.attn.qkv.weight: lr_multiplier: 1.0, wd_multiplier: 1.0
I20260519 21:11:11 279768 dinov2 param_groups.py:87] blocks.6.attn.qkv.bias: lr_multiplier: 1.0, wd_multiplier: 0.0
I20260519 21:11:11 279768 dinov2 param_groups.py:87] blocks.6.attn.proj.weight: lr_multiplier: 1.0, wd_multiplier: 1.0
I20260519 21:11:11 279768 dinov2 param_groups.py:87] blocks.6.attn.proj.bias: lr_multiplier: 1.0, wd_multiplier: 0.0
I20260519 21:11:11 279768 dinov2 param_groups.py:87] blocks.6.ls1.gamma: lr_multiplier: 1.0, wd_multiplier: 0.0
I20260519 21:11:11 279768 dinov2 param_groups.py:87] blocks.6.norm2.weight: lr_multiplier: 1.0, wd_multiplier: 0.0
I20260519 21:11:11 279768 dinov2 param_groups.py:87] blocks.6.norm2.bias: lr_multiplier: 1.0, wd_multiplier: 0.0
I20260519 21:11:11 279768 dinov2 param_groups.py:87] blocks.6.mlp.fc1.weight: lr_multiplier: 1.0, wd_multiplier: 1.0
I20260519 21:11:11 279768 dinov2 param_groups.py:87] blocks.6.mlp.fc1.bias: lr_multiplier: 1.0, wd_multiplier: 0.0
I20260519 21:11:11 279768 dinov2 param_groups.py:87] blocks.6.mlp.fc2.weight: lr_multiplier: 1.0, wd_multiplier: 1.0
I20260519 21:11:11 279768 dinov2 param_groups.py:87] blocks.6.mlp.fc2.bias: lr_multiplier: 1.0, wd_multiplier: 0.0
I20260519 21:11:11 279768 dinov2 param_groups.py:87] blocks.6.ls2.gamma: lr_multiplier: 1.0, wd_multiplier: 0.0
I20260519 21:11:11 279768 dinov2 param_groups.py:87] blocks.7.norm1.weight: lr_multiplier: 1.0, wd_multiplier: 0.0
I20260519 21:11:11 279768 dinov2 param_groups.py:87] blocks.7.norm1.bias: lr_multiplier: 1.0, wd_multiplier: 0.0
I20260519 21:11:11 279768 dinov2 param_groups.py:87] blocks.7.attn.qkv.weight: lr_multiplier: 1.0, wd_multiplier: 1.0
I20260519 21:11:11 279768 dinov2 param_groups.py:87] blocks.7.attn.qkv.bias: lr_multiplier: 1.0, wd_multiplier: 0.0
I20260519 21:11:11 279768 dinov2 param_groups.py:87] blocks.7.attn.proj.weight: lr_multiplier: 1.0, wd_multiplier: 1.0
I20260519 21:11:11 279768 dinov2 param_groups.py:87] blocks.7.attn.proj.bias: lr_multiplier: 1.0, wd_multiplier: 0.0
I20260519 21:11:11 279768 dinov2 param_groups.py:87] blocks.7.ls1.gamma: lr_multiplier: 1.0, wd_multiplier: 0.0
I20260519 21:11:11 279768 dinov2 param_groups.py:87] blocks.7.norm2.weight: lr_multiplier: 1.0, wd_multiplier: 0.0
I20260519 21:11:11 279768 dinov2 param_groups.py:87] blocks.7.norm2.bias: lr_multiplier: 1.0, wd_multiplier: 0.0
I20260519 21:11:11 279768 dinov2 param_groups.py:87] blocks.7.mlp.fc1.weight: lr_multiplier: 1.0, wd_multiplier: 1.0
I20260519 21:11:11 279768 dinov2 param_groups.py:87] blocks.7.mlp.fc1.bias: lr_multiplier: 1.0, wd_multiplier: 0.0
I20260519 21:11:11 279768 dinov2 param_groups.py:87] blocks.7.mlp.fc2.weight: lr_multiplier: 1.0, wd_multiplier: 1.0
I20260519 21:11:11 279768 dinov2 param_groups.py:87] blocks.7.mlp.fc2.bias: lr_multiplier: 1.0, wd_multiplier: 0.0
I20260519 21:11:11 279768 dinov2 param_groups.py:87] blocks.7.ls2.gamma: lr_multiplier: 1.0, wd_multiplier: 0.0
I20260519 21:11:11 279768 dinov2 param_groups.py:87] blocks.8.norm1.weight: lr_multiplier: 1.0, wd_multiplier: 0.0
I20260519 21:11:11 279768 dinov2 param_groups.py:87] blocks.8.norm1.bias: lr_multiplier: 1.0, wd_multiplier: 0.0
I20260519 21:11:11 279768 dinov2 param_groups.py:87] blocks.8.attn.qkv.weight: lr_multiplier: 1.0, wd_multiplier: 1.0
I20260519 21:11:11 279768 dinov2 param_groups.py:87] blocks.8.attn.qkv.bias: lr_multiplier: 1.0, wd_multiplier: 0.0
I20260519 21:11:11 279768 dinov2 param_groups.py:87] blocks.8.attn.proj.weight: lr_multiplier: 1.0, wd_multiplier: 1.0
I20260519 21:11:11 279768 dinov2 param_groups.py:87] blocks.8.attn.proj.bias: lr_multiplier: 1.0, wd_multiplier: 0.0
I20260519 21:11:11 279768 dinov2 param_groups.py:87] blocks.8.ls1.gamma: lr_multiplier: 1.0, wd_multiplier: 0.0
I20260519 21:11:11 279768 dinov2 param_groups.py:87] blocks.8.norm2.weight: lr_multiplier: 1.0, wd_multiplier: 0.0
I20260519 21:11:11 279768 dinov2 param_groups.py:87] blocks.8.norm2.bias: lr_multiplier: 1.0, wd_multiplier: 0.0
I20260519 21:11:11 279768 dinov2 param_groups.py:87] blocks.8.mlp.fc1.weight: lr_multiplier: 1.0, wd_multiplier: 1.0
I20260519 21:11:11 279768 dinov2 param_groups.py:87] blocks.8.mlp.fc1.bias: lr_multiplier: 1.0, wd_multiplier: 0.0
I20260519 21:11:11 279768 dinov2 param_groups.py:87] blocks.8.mlp.fc2.weight: lr_multiplier: 1.0, wd_multiplier: 1.0
I20260519 21:11:11 279768 dinov2 param_groups.py:87] blocks.8.mlp.fc2.bias: lr_multiplier: 1.0, wd_multiplier: 0.0
I20260519 21:11:11 279768 dinov2 param_groups.py:87] blocks.8.ls2.gamma: lr_multiplier: 1.0, wd_multiplier: 0.0
I20260519 21:11:11 279768 dinov2 param_groups.py:87] blocks.9.norm1.weight: lr_multiplier: 1.0, wd_multiplier: 0.0
I20260519 21:11:11 279768 dinov2 param_groups.py:87] blocks.9.norm1.bias: lr_multiplier: 1.0, wd_multiplier: 0.0
I20260519 21:11:11 279768 dinov2 param_groups.py:87] blocks.9.attn.qkv.weight: lr_multiplier: 1.0, wd_multiplier: 1.0
I20260519 21:11:11 279768 dinov2 param_groups.py:87] blocks.9.attn.qkv.bias: lr_multiplier: 1.0, wd_multiplier: 0.0
I20260519 21:11:11 279768 dinov2 param_groups.py:87] blocks.9.attn.proj.weight: lr_multiplier: 1.0, wd_multiplier: 1.0
I20260519 21:11:11 279768 dinov2 param_groups.py:87] blocks.9.attn.proj.bias: lr_multiplier: 1.0, wd_multiplier: 0.0
I20260519 21:11:11 279768 dinov2 param_groups.py:87] blocks.9.ls1.gamma: lr_multiplier: 1.0, wd_multiplier: 0.0
I20260519 21:11:11 279768 dinov2 param_groups.py:87] blocks.9.norm2.weight: lr_multiplier: 1.0, wd_multiplier: 0.0
I20260519 21:11:11 279768 dinov2 param_groups.py:87] blocks.9.norm2.bias: lr_multiplier: 1.0, wd_multiplier: 0.0
I20260519 21:11:11 279768 dinov2 param_groups.py:87] blocks.9.mlp.fc1.weight: lr_multiplier: 1.0, wd_multiplier: 1.0
I20260519 21:11:11 279768 dinov2 param_groups.py:87] blocks.9.mlp.fc1.bias: lr_multiplier: 1.0, wd_multiplier: 0.0
I20260519 21:11:11 279768 dinov2 param_groups.py:87] blocks.9.mlp.fc2.weight: lr_multiplier: 1.0, wd_multiplier: 1.0
I20260519 21:11:11 279768 dinov2 param_groups.py:87] blocks.9.mlp.fc2.bias: lr_multiplier: 1.0, wd_multiplier: 0.0
I20260519 21:11:11 279768 dinov2 param_groups.py:87] blocks.9.ls2.gamma: lr_multiplier: 1.0, wd_multiplier: 0.0
I20260519 21:11:11 279768 dinov2 param_groups.py:87] blocks.10.norm1.weight: lr_multiplier: 1.0, wd_multiplier: 0.0
I20260519 21:11:11 279768 dinov2 param_groups.py:87] blocks.10.norm1.bias: lr_multiplier: 1.0, wd_multiplier: 0.0
I20260519 21:11:11 279768 dinov2 param_groups.py:87] blocks.10.attn.qkv.weight: lr_multiplier: 1.0, wd_multiplier: 1.0
I20260519 21:11:11 279768 dinov2 param_groups.py:87] blocks.10.attn.qkv.bias: lr_multiplier: 1.0, wd_multiplier: 0.0
I20260519 21:11:11 279768 dinov2 param_groups.py:87] blocks.10.attn.proj.weight: lr_multiplier: 1.0, wd_multiplier: 1.0
I20260519 21:11:11 279768 dinov2 param_groups.py:87] blocks.10.attn.proj.bias: lr_multiplier: 1.0, wd_multiplier: 0.0
I20260519 21:11:11 279768 dinov2 param_groups.py:87] blocks.10.ls1.gamma: lr_multiplier: 1.0, wd_multiplier: 0.0
I20260519 21:11:11 279768 dinov2 param_groups.py:87] blocks.10.norm2.weight: lr_multiplier: 1.0, wd_multiplier: 0.0
I20260519 21:11:11 279768 dinov2 param_groups.py:87] blocks.10.norm2.bias: lr_multiplier: 1.0, wd_multiplier: 0.0
I20260519 21:11:11 279768 dinov2 param_groups.py:87] blocks.10.mlp.fc1.weight: lr_multiplier: 1.0, wd_multiplier: 1.0
I20260519 21:11:11 279768 dinov2 param_groups.py:87] blocks.10.mlp.fc1.bias: lr_multiplier: 1.0, wd_multiplier: 0.0
I20260519 21:11:11 279768 dinov2 param_groups.py:87] blocks.10.mlp.fc2.weight: lr_multiplier: 1.0, wd_multiplier: 1.0
I20260519 21:11:11 279768 dinov2 param_groups.py:87] blocks.10.mlp.fc2.bias: lr_multiplier: 1.0, wd_multiplier: 0.0
I20260519 21:11:11 279768 dinov2 param_groups.py:87] blocks.10.ls2.gamma: lr_multiplier: 1.0, wd_multiplier: 0.0
I20260519 21:11:11 279768 dinov2 param_groups.py:87] blocks.11.norm1.weight: lr_multiplier: 1.0, wd_multiplier: 0.0
I20260519 21:11:11 279768 dinov2 param_groups.py:87] blocks.11.norm1.bias: lr_multiplier: 1.0, wd_multiplier: 0.0
I20260519 21:11:11 279768 dinov2 param_groups.py:87] blocks.11.attn.qkv.weight: lr_multiplier: 1.0, wd_multiplier: 1.0
I20260519 21:11:11 279768 dinov2 param_groups.py:87] blocks.11.attn.qkv.bias: lr_multiplier: 1.0, wd_multiplier: 0.0
I20260519 21:11:11 279768 dinov2 param_groups.py:87] blocks.11.attn.proj.weight: lr_multiplier: 1.0, wd_multiplier: 1.0
I20260519 21:11:11 279768 dinov2 param_groups.py:87] blocks.11.attn.proj.bias: lr_multiplier: 1.0, wd_multiplier: 0.0
I20260519 21:11:11 279768 dinov2 param_groups.py:87] blocks.11.ls1.gamma: lr_multiplier: 1.0, wd_multiplier: 0.0
I20260519 21:11:11 279768 dinov2 param_groups.py:87] blocks.11.norm2.weight: lr_multiplier: 1.0, wd_multiplier: 0.0
I20260519 21:11:11 279768 dinov2 param_groups.py:87] blocks.11.norm2.bias: lr_multiplier: 1.0, wd_multiplier: 0.0
I20260519 21:11:11 279768 dinov2 param_groups.py:87] blocks.11.mlp.fc1.weight: lr_multiplier: 1.0, wd_multiplier: 1.0
I20260519 21:11:11 279768 dinov2 param_groups.py:87] blocks.11.mlp.fc1.bias: lr_multiplier: 1.0, wd_multiplier: 0.0
I20260519 21:11:11 279768 dinov2 param_groups.py:87] blocks.11.mlp.fc2.weight: lr_multiplier: 1.0, wd_multiplier: 1.0
I20260519 21:11:11 279768 dinov2 param_groups.py:87] blocks.11.mlp.fc2.bias: lr_multiplier: 1.0, wd_multiplier: 0.0
I20260519 21:11:11 279768 dinov2 param_groups.py:87] blocks.11.ls2.gamma: lr_multiplier: 1.0, wd_multiplier: 0.0
I20260519 21:11:11 279768 dinov2 param_groups.py:87] norm.weight: lr_multiplier: 1.0, wd_multiplier: 0.0
I20260519 21:11:11 279768 dinov2 param_groups.py:87] norm.bias: lr_multiplier: 1.0, wd_multiplier: 0.0
I20260519 21:11:11 279768 dinov2 ssl_meta_arch.py:391] fusing param groups
I20260519 21:11:11 279768 dinov2 param_groups.py:64] else code branch
I20260519 21:11:11 279768 dinov2 param_groups.py:87] mlp.0.weight: lr_multiplier: 1.0, wd_multiplier: 1.0
I20260519 21:11:11 279768 dinov2 param_groups.py:87] mlp.0.bias: lr_multiplier: 1.0, wd_multiplier: 0.0
I20260519 21:11:11 279768 dinov2 param_groups.py:87] mlp.2.weight: lr_multiplier: 1.0, wd_multiplier: 1.0
I20260519 21:11:11 279768 dinov2 param_groups.py:87] mlp.2.bias: lr_multiplier: 1.0, wd_multiplier: 0.0
I20260519 21:11:11 279768 dinov2 param_groups.py:87] mlp.4.weight: lr_multiplier: 1.0, wd_multiplier: 1.0
I20260519 21:11:11 279768 dinov2 param_groups.py:87] mlp.4.bias: lr_multiplier: 1.0, wd_multiplier: 0.0
I20260519 21:11:11 279768 dinov2 param_groups.py:87] last_layer.weight_g: lr_multiplier: 1.0, wd_multiplier: 1.0
I20260519 21:11:11 279768 dinov2 param_groups.py:87] last_layer.weight_v: lr_multiplier: 1.0, wd_multiplier: 1.0
I20260519 21:11:11 279768 dinov2 ssl_meta_arch.py:391] fusing param groups
I20260519 21:11:11 279768 dinov2 train.py:107] Schedulers ready.
W20260519 21:11:11 279768 py.warnings warnings.py:109] /sci/labs/arieljaffe/dan.abergel1/torch_env/lib/python3.11/site-packages/torch/distributed/fsdp/fully_sharded_data_parallel.py:822: FutureWarning: FSDP.state_dict_type() and FSDP.set_state_dict_type() are being deprecated. Please use APIs, get_state_dict() and set_state_dict(), which can support different parallelisms, FSDP1, FSDP2, DDP. API doc: https://pytorch.org/docs/stable/distributed.checkpoint.html#torch.distributed.checkpoint.state_dict.get_state_dict .Tutorial: https://pytorch.org/tutorials/recipes/distributed_checkpoint_recipe.html .
  prev_state_dict_settings = FullyShardedDataParallel.set_state_dict_type(

I20260519 21:11:11 279768 fvcore.common.checkpoint checkpoint.py:148] No checkpoint found. Initializing model from scratch
W20260519 21:11:11 279768 py.warnings warnings.py:109] /sci/labs/arieljaffe/dan.abergel1/torch_env/lib/python3.11/site-packages/torch/distributed/fsdp/fully_sharded_data_parallel.py:829: FutureWarning: FSDP.state_dict_type() and FSDP.set_state_dict_type() are being deprecated. Please use APIs, get_state_dict() and set_state_dict(), which can support different parallelisms, FSDP1, FSDP2, DDP. API doc: https://pytorch.org/docs/stable/distributed.checkpoint.html#torch.distributed.checkpoint.state_dict.get_state_dict .Tutorial: https://pytorch.org/tutorials/recipes/distributed_checkpoint_recipe.html .
  FullyShardedDataParallel.set_state_dict_type(

I20260519 21:11:11 279768 dinov2 fmri_data.py:193] ###################################
I20260519 21:11:11 279768 dinov2 fmri_data.py:194] Using fMRI multi-crop parameters:
I20260519 21:11:11 279768 dinov2 fmri_data.py:195] global_crops_scale: [0.32, 1.0]
I20260519 21:11:11 279768 dinov2 fmri_data.py:196] local_crops_scale: [0.05, 0.32]
I20260519 21:11:11 279768 dinov2 fmri_data.py:197] local_crops_number: 8
I20260519 21:11:11 279768 dinov2 fmri_data.py:198] ###################################
I20260519 21:11:11 279768 dinov2 loaders.py:107] using dataset: "HCP"
I20260519 21:11:15 279768 dinov2 fmri_data.py:88] HCPFullScanDataset: 967 subjects under /sci/labs/arieljaffe/dan.abergel1/HCP_data
I20260519 21:11:15 279768 dinov2 loaders.py:112] # of dataset samples: 967
I20260519 21:11:15 279768 dinov2 loaders.py:145] sampler: sharded infinite
I20260519 21:11:15 279768 dinov2 loaders.py:229] using PyTorch data loader
I20260519 21:11:15 279768 dinov2 loaders.py:244] infinite data loader
I20260519 21:11:15 279768 dinov2 train.py:258] Starting training from iteration 0
W20260519 21:11:43 279768 py.warnings warnings.py:109] /sci/labs/arieljaffe/dan.abergel1/repos/FAIR_official/dinov2/loss/koleo_loss.py:43: FutureWarning: `torch.cuda.amp.autocast(args...)` is deprecated. Please use `torch.amp.autocast('cuda', args...)` instead.
  with torch.cuda.amp.autocast(enabled=False):

Training  [    0/20000]  eta: 8 days, 9:50:58  lr: 0.0000 (0.0000)  wd: 0.0400 (0.0400)  mom: 0.9920 (0.9920)  last_layer_lr: 0.0000 (0.0000)  current_batch_size: 2.0000 (2.0000)  total_loss: 10.6174 (10.6174)  dino_local_crops_loss: 7.5729 (7.5729)  dino_global_crops_loss: 0.9480 (0.9480)  koleo_loss: -0.0248 (-0.0248)  ibot_loss: 2.1214 (2.1214)  time: 36.332916  data: 19.154602  max mem: 59094W20260519 21:11:52 279768 py.warnings warnings.py:109] /sci/labs/arieljaffe/dan.abergel1/repos/FAIR_official/dinov2/loss/koleo_loss.py:43: FutureWarning: `torch.cuda.amp.autocast(args...)` is deprecated. Please use `torch.amp.autocast('cuda', args...)` instead.
  with torch.cuda.amp.autocast(enabled=False):

Training  [   10/20000]  eta: 1 day, 10:23:15  lr: 0.0000 (0.0000)  wd: 0.0400 (0.0400)  mom: 0.9920 (0.9920)  last_layer_lr: 0.0000 (0.0000)  current_batch_size: 2.0000 (2.0000)  total_loss: 10.6142 (10.6153)  dino_local_crops_loss: 7.5696 (7.5690)  dino_global_crops_loss: 0.9472 (0.9468)  koleo_loss: -0.0305 (-0.0302)  ibot_loss: 2.1302 (2.1296)  time: 6.192893  data: 1.741444  max mem: 59412Training  [   20/20000]  eta: 1 day, 11:07:26  lr: 0.0000 (0.0000)  wd: 0.0400 (0.0400)  mom: 0.9920 (0.9920)  last_layer_lr: 0.0000 (0.0000)  current_batch_size: 2.0000 (2.0000)  total_loss: 10.6123 (10.6146)  dino_local_crops_loss: 7.5688 (7.5696)  dino_global_crops_loss: 0.9450 (0.9463)  koleo_loss: -0.0311 (-0.0298)  ibot_loss: 2.1294 (2.1285)  time: 4.828425  data: 1.740969  max mem: 59412Training  [   30/20000]  eta: 1 day, 15:32:05  lr: 0.0000 (0.0000)  wd: 0.0400 (0.0400)  mom: 0.9920 (0.9920)  last_layer_lr: 0.0000 (0.0000)  current_batch_size: 2.0000 (2.0000)  total_loss: 10.6084 (10.6134)  dino_local_crops_loss: 7.5684 (7.5681)  dino_global_crops_loss: 0.9459 (0.9463)  koleo_loss: -0.0309 (-0.0295)  ibot_loss: 2.1292 (2.1286)  time: 7.640672  data: 4.646878  max mem: 59412Training  [   40/20000]  eta: 1 day, 19:13:58  lr: 0.0000 (0.0000)  wd: 0.0400 (0.0400)  mom: 0.9920 (0.9920)  last_layer_lr: 0.0000 (0.0000)  current_batch_size: 2.0000 (2.0000)  total_loss: 10.6079 (10.6120)  dino_local_crops_loss: 7.5662 (7.5671)  dino_global_crops_loss: 0.9464 (0.9463)  koleo_loss: -0.0293 (-0.0294)  ibot_loss: 2.1264 (2.1280)  time: 9.339865  data: 6.347508  max mem: 59412Training  [   50/20000]  eta: 1 day, 19:06:43  lr: 0.0000 (0.0000)  wd: 0.0400 (0.0400)  mom: 0.9920 (0.9920)  last_layer_lr: 0.0000 (0.0000)  current_batch_size: 2.0000 (2.0000)  total_loss: 10.6094 (10.6122)  dino_local_crops_loss: 7.5655 (7.5672)  dino_global_crops_loss: 0.9469 (0.9463)  koleo_loss: -0.0293 (-0.0294)  ibot_loss: 2.1264 (2.1280)  time: 8.791336  data: 5.798153  max mem: 59413Training  [   60/20000]  eta: 1 day, 21:44:11  lr: 0.0000 (0.0000)  wd: 0.0400 (0.0400)  mom: 0.9920 (0.9920)  last_layer_lr: 0.0000 (0.0000)  current_batch_size: 2.0000 (2.0000)  total_loss: 10.6073 (10.6112)  dino_local_crops_loss: 7.5628 (7.5666)  dino_global_crops_loss: 0.9448 (0.9462)  koleo_loss: -0.0301 (-0.0296)  ibot_loss: 2.1275 (2.1280)  time: 9.200018  data: 6.207671  max mem: 59413Training  [   70/20000]  eta: 1 day, 21:00:45  lr: 0.0000 (0.0000)  wd: 0.0400 (0.0400)  mom: 0.9920 (0.9920)  last_layer_lr: 0.0000 (0.0000)  current_batch_size: 2.0000 (2.0000)  total_loss: 10.6072 (10.6111)  dino_local_crops_loss: 7.5631 (7.5669)  dino_global_crops_loss: 0.9455 (0.9462)  koleo_loss: -0.0300 (-0.0296)  ibot_loss: 2.1273 (2.1276)  time: 9.026030  data: 6.031109  max mem: 59413Training  [   80/20000]  eta: 1 day, 20:46:15  lr: 0.0000 (0.0000)  wd: 0.0400 (0.0400)  mom: 0.9920 (0.9920)  last_layer_lr: 0.0000 (0.0000)  current_batch_size: 2.0000 (2.0000)  total_loss: 10.6072 (10.6107)  dino_local_crops_loss: 7.5637 (7.5664)  dino_global_crops_loss: 0.9455 (0.9462)  koleo_loss: -0.0300 (-0.0295)  ibot_loss: 2.1268 (2.1276)  time: 7.584203  data: 4.589287  max mem: 59413Training  [   90/20000]  eta: 1 day, 20:40:36  lr: 0.0000 (0.0000)  wd: 0.0400 (0.0400)  mom: 0.9920 (0.9920)  last_layer_lr: 0.0000 (0.0000)  current_batch_size: 2.0000 (2.0000)  total_loss: 10.6071 (10.6103)  dino_local_crops_loss: 7.5610 (7.5657)  dino_global_crops_loss: 0.9455 (0.9462)  koleo_loss: -0.0278 (-0.0293)  ibot_loss: 2.1276 (2.1277)  time: 7.891614  data: 4.897903  max mem: 59413Training  [  100/20000]  eta: 1 day, 20:52:50  lr: 0.0000 (0.0000)  wd: 0.0400 (0.0400)  mom: 0.9920 (0.9920)  last_layer_lr: 0.0000 (0.0000)  current_batch_size: 2.0000 (2.0000)  total_loss: 10.6007 (10.6090)  dino_local_crops_loss: 7.5578 (7.5647)  dino_global_crops_loss: 0.9459 (0.9461)  koleo_loss: -0.0286 (-0.0294)  ibot_loss: 2.1263 (2.1276)  time: 8.232368  data: 5.235222  max mem: 59413Training  [  110/20000]  eta: 1 day, 20:11:39  lr: 0.0000 (0.0000)  wd: 0.0400 (0.0400)  mom: 0.9920 (0.9920)  last_layer_lr: 0.0000 (0.0000)  current_batch_size: 2.0000 (2.0000)  total_loss: 10.5978 (10.6083)  dino_local_crops_loss: 7.5578 (7.5644)  dino_global_crops_loss: 0.9457 (0.9460)  koleo_loss: -0.0312 (-0.0295)  ibot_loss: 2.1251 (2.1273)  time: 7.638632  data: 4.641317  max mem: 59413Training  [  120/20000]  eta: 1 day, 20:46:01  lr: 0.0000 (0.0000)  wd: 0.0400 (0.0400)  mom: 0.9920 (0.9920)  last_layer_lr: 0.0000 (0.0000)  current_batch_size: 2.0000 (2.0000)  total_loss: 10.5945 (10.6070)  dino_local_crops_loss: 7.5571 (7.5636)  dino_global_crops_loss: 0.9457 (0.9460)  koleo_loss: -0.0339 (-0.0297)  ibot_loss: 2.1251 (2.1270)  time: 8.044212  data: 5.046381  max mem: 59413Training  [  130/20000]  eta: 1 day, 21:29:34  lr: 0.0000 (0.0000)  wd: 0.0400 (0.0400)  mom: 0.9920 (0.9920)  last_layer_lr: 0.0000 (0.0000)  current_batch_size: 2.0000 (2.0000)  total_loss: 10.5920 (10.6060)  dino_local_crops_loss: 7.5526 (7.5629)  dino_global_crops_loss: 0.9452 (0.9459)  koleo_loss: -0.0314 (-0.0296)  ibot_loss: 2.1252 (2.1268)  time: 9.592529  data: 6.598026  max mem: 59413Training  [  140/20000]  eta: 1 day, 21:37:22  lr: 0.0000 (0.0000)  wd: 0.0400 (0.0400)  mom: 0.9920 (0.9920)  last_layer_lr: 0.0000 (0.0000)  current_batch_size: 2.0000 (2.0000)  total_loss: 10.5920 (10.6048)  dino_local_crops_loss: 7.5502 (7.5620)  dino_global_crops_loss: 0.9443 (0.9458)  koleo_loss: -0.0306 (-0.0298)  ibot_loss: 2.1251 (2.1268)  time: 9.257816  data: 6.267682  max mem: 59413Training  [  150/20000]  eta: 1 day, 22:27:52  lr: 0.0000 (0.0000)  wd: 0.0400 (0.0400)  mom: 0.9920 (0.9920)  last_layer_lr: 0.0000 (0.0000)  current_batch_size: 2.0000 (2.0000)  total_loss: 10.5890 (10.6038)  dino_local_crops_loss: 7.5496 (7.5613)  dino_global_crops_loss: 0.9440 (0.9457)  koleo_loss: -0.0312 (-0.0299)  ibot_loss: 2.1262 (2.1267)  time: 9.635560  data: 6.645478  max mem: 59413Training  [  160/20000]  eta: 1 day, 22:07:31  lr: 0.0000 (0.0000)  wd: 0.0400 (0.0400)  mom: 0.9920 (0.9920)  last_layer_lr: 0.0000 (0.0000)  current_batch_size: 2.0000 (2.0000)  total_loss: 10.5875 (10.6028)  dino_local_crops_loss: 7.5488 (7.5604)  dino_global_crops_loss: 0.9444 (0.9457)  koleo_loss: -0.0312 (-0.0299)  ibot_loss: 2.1261 (2.1266)  time: 9.071234  data: 6.079076  max mem: 59413Training  [  170/20000]  eta: 1 day, 22:22:23  lr: 0.0000 (0.0000)  wd: 0.0401 (0.0400)  mom: 0.9920 (0.9920)  last_layer_lr: 0.0000 (0.0000)  current_batch_size: 2.0000 (2.0000)  total_loss: 10.5844 (10.6015)  dino_local_crops_loss: 7.5457 (7.5596)  dino_global_crops_loss: 0.9445 (0.9456)  koleo_loss: -0.0322 (-0.0300)  ibot_loss: 2.1239 (2.1264)  time: 8.357824  data: 5.365738  max mem: 59413Training  [  180/20000]  eta: 1 day, 22:06:16  lr: 0.0000 (0.0000)  wd: 0.0401 (0.0400)  mom: 0.9920 (0.9920)  last_layer_lr: 0.0000 (0.0000)  current_batch_size: 2.0000 (2.0000)  total_loss: 10.5794 (10.6002)  dino_local_crops_loss: 7.5440 (7.5586)  dino_global_crops_loss: 0.9438 (0.9455)  koleo_loss: -0.0312 (-0.0300)  ibot_loss: 2.1230 (2.1262)  time: 8.411716  data: 5.422728  max mem: 59413Training  [  190/20000]  eta: 1 day, 22:51:29  lr: 0.0000 (0.0000)  wd: 0.0401 (0.0400)  mom: 0.9920 (0.9920)  last_layer_lr: 0.0000 (0.0000)  current_batch_size: 2.0000 (2.0000)  total_loss: 10.5781 (10.5989)  dino_local_crops_loss: 7.5403 (7.5576)  dino_global_crops_loss: 0.9441 (0.9454)  koleo_loss: -0.0311 (-0.0301)  ibot_loss: 2.1226 (2.1260)  time: 9.341393  data: 6.350632  max mem: 59413Training  [  200/20000]  eta: 1 day, 22:50:00  lr: 0.0000 (0.0000)  wd: 0.0401 (0.0400)  mom: 0.9920 (0.9920)  last_layer_lr: 0.0000 (0.0000)  current_batch_size: 2.0000 (2.0000)  total_loss: 10.5745 (10.5974)  dino_local_crops_loss: 7.5381 (7.5565)  dino_global_crops_loss: 0.9445 (0.9454)  koleo_loss: -0.0329 (-0.0303)  ibot_loss: 2.1226 (2.1258)  time: 9.791202  data: 6.792941  max mem: 59413Training  [  210/20000]  eta: 1 day, 23:18:42  lr: 0.0000 (0.0000)  wd: 0.0401 (0.0400)  mom: 0.9920 (0.9920)  last_layer_lr: 0.0000 (0.0000)  current_batch_size: 2.0000 (2.0000)  total_loss: 10.5697 (10.5963)  dino_local_crops_loss: 7.5365 (7.5556)  dino_global_crops_loss: 0.9436 (0.9453)  koleo_loss: -0.0331 (-0.0303)  ibot_loss: 2.1221 (2.1256)  time: 9.476896  data: 6.479007  max mem: 59413Training  [  220/20000]  eta: 1 day, 23:06:42  lr: 0.0000 (0.0000)  wd: 0.0401 (0.0400)  mom: 0.9920 (0.9920)  last_layer_lr: 0.0000 (0.0000)  current_batch_size: 2.0000 (2.0000)  total_loss: 10.5687 (10.5949)  dino_local_crops_loss: 7.5345 (7.5546)  dino_global_crops_loss: 0.9430 (0.9452)  koleo_loss: -0.0322 (-0.0303)  ibot_loss: 2.1212 (2.1254)  time: 9.170050  data: 6.179119  max mem: 59413Training  [  230/20000]  eta: 1 day, 23:41:31  lr: 0.0000 (0.0000)  wd: 0.0401 (0.0400)  mom: 0.9920 (0.9920)  last_layer_lr: 0.0000 (0.0000)  current_batch_size: 2.0000 (2.0000)  total_loss: 10.5627 (10.5936)  dino_local_crops_loss: 7.5320 (7.5536)  dino_global_crops_loss: 0.9428 (0.9451)  koleo_loss: -0.0309 (-0.0304)  ibot_loss: 2.1212 (2.1252)  time: 9.506651  data: 6.517172  max mem: 59413Training  [  240/20000]  eta: 1 day, 23:40:59  lr: 0.0000 (0.0000)  wd: 0.0401 (0.0400)  mom: 0.9920 (0.9920)  last_layer_lr: 0.0000 (0.0000)  current_batch_size: 2.0000 (2.0000)  total_loss: 10.5602 (10.5921)  dino_local_crops_loss: 7.5287 (7.5526)  dino_global_crops_loss: 0.9427 (0.9450)  koleo_loss: -0.0335 (-0.0305)  ibot_loss: 2.1202 (2.1250)  time: 9.933125  data: 6.941759  max mem: 59415Training  [  250/20000]  eta: 1 day, 23:50:25  lr: 0.0000 (0.0000)  wd: 0.0401 (0.0400)  mom: 0.9920 (0.9920)  last_layer_lr: 0.0000 (0.0000)  current_batch_size: 2.0000 (2.0000)  total_loss: 10.5584 (10.5908)  dino_local_crops_loss: 7.5269 (7.5516)  dino_global_crops_loss: 0.9422 (0.9449)  koleo_loss: -0.0343 (-0.0305)  ibot_loss: 2.1191 (2.1249)  time: 9.134321  data: 6.142398  max mem: 59415Training  [  260/20000]  eta: 1 day, 23:34:32  lr: 0.0000 (0.0000)  wd: 0.0401 (0.0401)  mom: 0.9920 (0.9920)  last_layer_lr: 0.0000 (0.0000)  current_batch_size: 2.0000 (2.0000)  total_loss: 10.5569 (10.5894)  dino_local_crops_loss: 7.5265 (7.5505)  dino_global_crops_loss: 0.9421 (0.9448)  koleo_loss: -0.0349 (-0.0307)  ibot_loss: 2.1197 (2.1247)  time: 8.546286  data: 5.553899  max mem: 59415Training  [  270/20000]  eta: 1 day, 23:52:47  lr: 0.0000 (0.0000)  wd: 0.0402 (0.0401)  mom: 0.9920 (0.9920)  last_layer_lr: 0.0000 (0.0000)  current_batch_size: 2.0000 (2.0000)  total_loss: 10.5522 (10.5878)  dino_local_crops_loss: 7.5240 (7.5496)  dino_global_crops_loss: 0.9421 (0.9447)  koleo_loss: -0.0351 (-0.0308)  ibot_loss: 2.1185 (2.1244)  time: 8.937618  data: 5.943911  max mem: 59415Training  [  280/20000]  eta: 1 day, 23:42:46  lr: 0.0000 (0.0000)  wd: 0.0402 (0.0401)  mom: 0.9920 (0.9920)  last_layer_lr: 0.0000 (0.0000)  current_batch_size: 2.0000 (2.0000)  total_loss: 10.5478 (10.5865)  dino_local_crops_loss: 7.5236 (7.5486)  dino_global_crops_loss: 0.9409 (0.9445)  koleo_loss: -0.0349 (-0.0309)  ibot_loss: 2.1183 (2.1243)  time: 9.152308  data: 6.161193  max mem: 59415Training  [  290/20000]  eta: 2 days, 0:00:47  lr: 0.0000 (0.0000)  wd: 0.0402 (0.0401)  mom: 0.9920 (0.9920)  last_layer_lr: 0.0000 (0.0000)  current_batch_size: 2.0000 (2.0000)  total_loss: 10.5458 (10.5851)  dino_local_crops_loss: 7.5212 (7.5476)  dino_global_crops_loss: 0.9418 (0.9445)  koleo_loss: -0.0352 (-0.0310)  ibot_loss: 2.1194 (2.1241)  time: 9.219511  data: 6.214445  max mem: 59416Training  [  300/20000]  eta: 1 day, 23:50:07  lr: 0.0000 (0.0000)  wd: 0.0402 (0.0401)  mom: 0.9920 (0.9920)  last_layer_lr: 0.0000 (0.0000)  current_batch_size: 2.0000 (2.0000)  total_loss: 10.5453 (10.5838)  dino_local_crops_loss: 7.5203 (7.5467)  dino_global_crops_loss: 0.9421 (0.9444)  koleo_loss: -0.0358 (-0.0311)  ibot_loss: 2.1168 (2.1239)  time: 9.180239  data: 6.174630  max mem: 59416Training  [  310/20000]  eta: 2 days, 0:15:57  lr: 0.0000 (0.0000)  wd: 0.0402 (0.0401)  mom: 0.9920 (0.9920)  last_layer_lr: 0.0000 (0.0000)  current_batch_size: 2.0000 (2.0000)  total_loss: 10.5446 (10.5825)  dino_local_crops_loss: 7.5184 (7.5457)  dino_global_crops_loss: 0.9415 (0.9443)  koleo_loss: -0.0349 (-0.0312)  ibot_loss: 2.1161 (2.1236)  time: 9.626798  data: 6.598929  max mem: 59416Training  [  320/20000]  eta: 1 day, 23:57:50  lr: 0.0000 (0.0000)  wd: 0.0402 (0.0401)  mom: 0.9920 (0.9920)  last_layer_lr: 0.0000 (0.0000)  current_batch_size: 2.0000 (2.0000)  total_loss: 10.5418 (10.5813)  dino_local_crops_loss: 7.5169 (7.5448)  dino_global_crops_loss: 0.9411 (0.9442)  koleo_loss: -0.0335 (-0.0312)  ibot_loss: 2.1162 (2.1234)  time: 9.261651  data: 6.232746  max mem: 59416Training  [  330/20000]  eta: 2 days, 0:06:59  lr: 0.0000 (0.0000)  wd: 0.0402 (0.0401)  mom: 0.9920 (0.9920)  last_layer_lr: 0.0000 (0.0000)  current_batch_size: 2.0000 (2.0000)  total_loss: 10.5412 (10.5801)  dino_local_crops_loss: 7.5164 (7.5440)  dino_global_crops_loss: 0.9407 (0.9441)  koleo_loss: -0.0336 (-0.0313)  ibot_loss: 2.1168 (2.1233)  time: 8.520380  data: 5.529715  max mem: 59416Training  [  340/20000]  eta: 1 day, 23:55:12  lr: 0.0000 (0.0000)  wd: 0.0402 (0.0401)  mom: 0.9920 (0.9920)  last_layer_lr: 0.0000 (0.0000)  current_batch_size: 2.0000 (2.0000)  total_loss: 10.5411 (10.5790)  dino_local_crops_loss: 7.5158 (7.5431)  dino_global_crops_loss: 0.9407 (0.9440)  koleo_loss: -0.0324 (-0.0313)  ibot_loss: 2.1168 (2.1231)  time: 8.788713  data: 5.791904  max mem: 59416Training  [  350/20000]  eta: 2 days, 0:11:20  lr: 0.0000 (0.0000)  wd: 0.0403 (0.0401)  mom: 0.9920 (0.9920)  last_layer_lr: 0.0000 (0.0000)  current_batch_size: 2.0000 (2.0000)  total_loss: 10.5381 (10.5777)  dino_local_crops_loss: 7.5143 (7.5423)  dino_global_crops_loss: 0.9408 (0.9439)  koleo_loss: -0.0340 (-0.0314)  ibot_loss: 2.1166 (2.1229)  time: 9.196626  data: 6.199403  max mem: 59416Training  [  360/20000]  eta: 1 day, 23:57:11  lr: 0.0000 (0.0000)  wd: 0.0403 (0.0401)  mom: 0.9920 (0.9920)  last_layer_lr: 0.0000 (0.0000)  current_batch_size: 2.0000 (2.0000)  total_loss: 10.5362 (10.5766)  dino_local_crops_loss: 7.5128 (7.5415)  dino_global_crops_loss: 0.9409 (0.9438)  koleo_loss: -0.0342 (-0.0315)  ibot_loss: 2.1157 (2.1227)  time: 9.045244  data: 6.047136  max mem: 59416Training  [  370/20000]  eta: 2 days, 0:16:02  lr: 0.0000 (0.0000)  wd: 0.0403 (0.0401)  mom: 0.9920 (0.9920)  last_layer_lr: 0.0000 (0.0000)  current_batch_size: 2.0000 (2.0000)  total_loss: 10.5373 (10.5756)  dino_local_crops_loss: 7.5128 (7.5407)  dino_global_crops_loss: 0.9405 (0.9437)  koleo_loss: -0.0335 (-0.0315)  ibot_loss: 2.1158 (2.1226)  time: 9.262403  data: 6.264074  max mem: 59416Training  [  380/20000]  eta: 2 days, 0:01:24  lr: 0.0000 (0.0000)  wd: 0.0403 (0.0401)  mom: 0.9920 (0.9920)  last_layer_lr: 0.0000 (0.0000)  current_batch_size: 2.0000 (2.0000)  total_loss: 10.5358 (10.5744)  dino_local_crops_loss: 7.5123 (7.5400)  dino_global_crops_loss: 0.9406 (0.9437)  koleo_loss: -0.0339 (-0.0315)  ibot_loss: 2.1147 (2.1223)  time: 9.207011  data: 6.215175  max mem: 59416Training  [  390/20000]  eta: 2 days, 0:09:25  lr: 0.0000 (0.0000)  wd: 0.0403 (0.0401)  mom: 0.9920 (0.9920)  last_layer_lr: 0.0000 (0.0000)  current_batch_size: 2.0000 (2.0000)  total_loss: 10.5324 (10.5733)  dino_local_crops_loss: 7.5109 (7.5392)  dino_global_crops_loss: 0.9408 (0.9436)  koleo_loss: -0.0369 (-0.0316)  ibot_loss: 2.1125 (2.1221)  time: 8.632540  data: 5.640037  max mem: 59416Training  [  400/20000]  eta: 1 day, 23:56:49  lr: 0.0000 (0.0000)  wd: 0.0403 (0.0401)  mom: 0.9920 (0.9920)  last_layer_lr: 0.0000 (0.0000)  current_batch_size: 2.0000 (2.0000)  total_loss: 10.5324 (10.5723)  dino_local_crops_loss: 7.5102 (7.5385)  dino_global_crops_loss: 0.9408 (0.9435)  koleo_loss: -0.0368 (-0.0317)  ibot_loss: 2.1147 (2.1220)  time: 8.709658  data: 5.719501  max mem: 59416Training  [  410/20000]  eta: 2 days, 0:05:24  lr: 0.0000 (0.0000)  wd: 0.0404 (0.0401)  mom: 0.9920 (0.9920)  last_layer_lr: 0.0000 (0.0000)  current_batch_size: 2.0000 (2.0000)  total_loss: 10.5296 (10.5712)  dino_local_crops_loss: 7.5091 (7.5378)  dino_global_crops_loss: 0.9399 (0.9434)  koleo_loss: -0.0340 (-0.0317)  ibot_loss: 2.1142 (2.1217)  time: 8.772774  data: 5.780655  max mem: 59418Training  [  420/20000]  eta: 1 day, 23:53:10  lr: 0.0000 (0.0000)  wd: 0.0404 (0.0401)  mom: 0.9920 (0.9920)  last_layer_lr: 0.0000 (0.0000)  current_batch_size: 2.0000 (2.0000)  total_loss: 10.5292 (10.5702)  dino_local_crops_loss: 7.5084 (7.5371)  dino_global_crops_loss: 0.9399 (0.9434)  koleo_loss: -0.0342 (-0.0318)  ibot_loss: 2.1134 (2.1215)  time: 8.761244  data: 5.767543  max mem: 59418Training  [  430/20000]  eta: 2 days, 0:00:10  lr: 0.0000 (0.0000)  wd: 0.0404 (0.0401)  mom: 0.9920 (0.9920)  last_layer_lr: 0.0000 (0.0000)  current_batch_size: 2.0000 (2.0000)  total_loss: 10.5268 (10.5692)  dino_local_crops_loss: 7.5085 (7.5364)  dino_global_crops_loss: 0.9399 (0.9433)  koleo_loss: -0.0370 (-0.0319)  ibot_loss: 2.1137 (2.1214)  time: 8.686421  data: 5.695598  max mem: 59418Training  [  440/20000]  eta: 1 day, 23:50:13  lr: 0.0000 (0.0000)  wd: 0.0404 (0.0401)  mom: 0.9920 (0.9920)  last_layer_lr: 0.0000 (0.0000)  current_batch_size: 2.0000 (2.0000)  total_loss: 10.5274 (10.5682)  dino_local_crops_loss: 7.5080 (7.5358)  dino_global_crops_loss: 0.9397 (0.9432)  koleo_loss: -0.0369 (-0.0319)  ibot_loss: 2.1143 (2.1212)  time: 8.803658  data: 5.812093  max mem: 59418Training  [  450/20000]  eta: 2 days, 0:06:53  lr: 0.0000 (0.0000)  wd: 0.0404 (0.0402)  mom: 0.9920 (0.9920)  last_layer_lr: 0.0000 (0.0000)  current_batch_size: 2.0000 (2.0000)  total_loss: 10.5286 (10.5674)  dino_local_crops_loss: 7.5069 (7.5351)  dino_global_crops_loss: 0.9399 (0.9431)  koleo_loss: -0.0316 (-0.0319)  ibot_loss: 2.1147 (2.1210)  time: 9.499357  data: 6.508350  max mem: 59418Training  [  460/20000]  eta: 2 days, 0:04:05  lr: 0.0000 (0.0000)  wd: 0.0404 (0.0402)  mom: 0.9920 (0.9920)  last_layer_lr: 0.0000 (0.0000)  current_batch_size: 2.0000 (2.0000)  total_loss: 10.5245 (10.5664)  dino_local_crops_loss: 7.5068 (7.5345)  dino_global_crops_loss: 0.9395 (0.9430)  koleo_loss: -0.0361 (-0.0320)  ibot_loss: 2.1138 (2.1208)  time: 9.993321  data: 7.004645  max mem: 59418Training  [  470/20000]  eta: 2 days, 0:09:34  lr: 0.0000 (0.0000)  wd: 0.0405 (0.0402)  mom: 0.9920 (0.9920)  last_layer_lr: 0.0000 (0.0000)  current_batch_size: 2.0000 (2.0000)  total_loss: 10.5227 (10.5655)  dino_local_crops_loss: 7.5062 (7.5339)  dino_global_crops_loss: 0.9395 (0.9430)  koleo_loss: -0.0358 (-0.0320)  ibot_loss: 2.1138 (2.1207)  time: 9.268007  data: 6.264871  max mem: 59418Training  [  480/20000]  eta: 1 day, 23:54:55  lr: 0.0000 (0.0000)  wd: 0.0405 (0.0402)  mom: 0.9920 (0.9920)  last_layer_lr: 0.0000 (0.0000)  current_batch_size: 2.0000 (2.0000)  total_loss: 10.5240 (10.5646)  dino_local_crops_loss: 7.5056 (7.5333)  dino_global_crops_loss: 0.9396 (0.9429)  koleo_loss: -0.0352 (-0.0321)  ibot_loss: 2.1146 (2.1205)  time: 8.395941  data: 5.390118  max mem: 59418Training  [  490/20000]  eta: 1 day, 23:40:09  lr: 0.0000 (0.0000)  wd: 0.0405 (0.0402)  mom: 0.9920 (0.9920)  last_layer_lr: 0.0000 (0.0000)  current_batch_size: 2.0000 (2.0000)  total_loss: 10.5248 (10.5638)  dino_local_crops_loss: 7.5048 (7.5327)  dino_global_crops_loss: 0.9393 (0.9428)  koleo_loss: -0.0335 (-0.0321)  ibot_loss: 2.1139 (2.1204)  time: 6.879617  data: 3.886534  max mem: 59418Training  [  500/20000]  eta: 1 day, 23:31:41  lr: 0.0000 (0.0000)  wd: 0.0405 (0.0402)  mom: 0.9920 (0.9920)  last_layer_lr: 0.0000 (0.0000)  current_batch_size: 2.0000 (2.0000)  total_loss: 10.5210 (10.5629)  dino_local_crops_loss: 7.5053 (7.5322)  dino_global_crops_loss: 0.9393 (0.9427)  koleo_loss: -0.0359 (-0.0322)  ibot_loss: 2.1132 (2.1202)  time: 7.273366  data: 4.275790  max mem: 59418Training  [  510/20000]  eta: 1 day, 23:25:33  lr: 0.0000 (0.0000)  wd: 0.0406 (0.0402)  mom: 0.9920 (0.9920)  last_layer_lr: 0.0000 (0.0000)  current_batch_size: 2.0000 (2.0000)  total_loss: 10.5197 (10.5620)  dino_local_crops_loss: 7.5047 (7.5316)  dino_global_crops_loss: 0.9393 (0.9427)  koleo_loss: -0.0379 (-0.0323)  ibot_loss: 2.1133 (2.1201)  time: 7.877474  data: 4.879142  max mem: 59418Training  [  520/20000]  eta: 1 day, 23:16:58  lr: 0.0000 (0.0000)  wd: 0.0406 (0.0402)  mom: 0.9920 (0.9920)  last_layer_lr: 0.0000 (0.0000)  current_batch_size: 2.0000 (2.0000)  total_loss: 10.5191 (10.5612)  dino_local_crops_loss: 7.5040 (7.5311)  dino_global_crops_loss: 0.9389 (0.9426)  koleo_loss: -0.0360 (-0.0324)  ibot_loss: 2.1115 (2.1199)  time: 7.828290  data: 4.835720  max mem: 59418Training  [  530/20000]  eta: 1 day, 23:33:21  lr: 0.0000 (0.0000)  wd: 0.0406 (0.0402)  mom: 0.9920 (0.9920)  last_layer_lr: 0.0000 (0.0000)  current_batch_size: 2.0000 (2.0000)  total_loss: 10.5193 (10.5604)  dino_local_crops_loss: 7.5038 (7.5306)  dino_global_crops_loss: 0.9389 (0.9425)  koleo_loss: -0.0365 (-0.0324)  ibot_loss: 2.1114 (2.1197)  time: 9.638153  data: 6.646998  max mem: 59418Training  [  540/20000]  eta: 1 day, 23:26:07  lr: 0.0000 (0.0000)  wd: 0.0406 (0.0402)  mom: 0.9920 (0.9920)  last_layer_lr: 0.0000 (0.0000)  current_batch_size: 2.0000 (2.0000)  total_loss: 10.5200 (10.5597)  dino_local_crops_loss: 7.5029 (7.5301)  dino_global_crops_loss: 0.9395 (0.9425)  koleo_loss: -0.0365 (-0.0325)  ibot_loss: 2.1103 (2.1196)  time: 9.744481  data: 6.752715  max mem: 59418Training  [  550/20000]  eta: 1 day, 23:12:36  lr: 0.0000 (0.0000)  wd: 0.0406 (0.0402)  mom: 0.9920 (0.9920)  last_layer_lr: 0.0000 (0.0000)  current_batch_size: 2.0000 (2.0000)  total_loss: 10.5193 (10.5589)  dino_local_crops_loss: 7.5021 (7.5296)  dino_global_crops_loss: 0.9391 (0.9424)  koleo_loss: -0.0339 (-0.0325)  ibot_loss: 2.1113 (2.1195)  time: 7.278665  data: 4.287549  max mem: 59418Training  [  560/20000]  eta: 1 day, 23:03:48  lr: 0.0000 (0.0000)  wd: 0.0407 (0.0402)  mom: 0.9920 (0.9920)  last_layer_lr: 0.0000 (0.0000)  current_batch_size: 2.0000 (2.0000)  total_loss: 10.5171 (10.5582)  dino_local_crops_loss: 7.5026 (7.5291)  dino_global_crops_loss: 0.9388 (0.9423)  koleo_loss: -0.0372 (-0.0326)  ibot_loss: 2.1122 (2.1193)  time: 7.096193  data: 4.106422  max mem: 59418Training  [  570/20000]  eta: 1 day, 23:01:36  lr: 0.0000 (0.0000)  wd: 0.0407 (0.0402)  mom: 0.9920 (0.9920)  last_layer_lr: 0.0000 (0.0000)  current_batch_size: 2.0000 (2.0000)  total_loss: 10.5161 (10.5574)  dino_local_crops_loss: 7.5022 (7.5286)  dino_global_crops_loss: 0.9390 (0.9423)  koleo_loss: -0.0379 (-0.0327)  ibot_loss: 2.1115 (2.1192)  time: 8.024561  data: 5.023044  max mem: 59418Training  [  580/20000]  eta: 1 day, 23:02:37  lr: 0.0000 (0.0000)  wd: 0.0407 (0.0402)  mom: 0.9920 (0.9920)  last_layer_lr: 0.0000 (0.0000)  current_batch_size: 2.0000 (2.0000)  total_loss: 10.5161 (10.5567)  dino_local_crops_loss: 7.5020 (7.5281)  dino_global_crops_loss: 0.9390 (0.9422)  koleo_loss: -0.0379 (-0.0328)  ibot_loss: 2.1115 (2.1191)  time: 8.870442  data: 5.868581  max mem: 59418Training  [  590/20000]  eta: 1 day, 22:51:25  lr: 0.0000 (0.0000)  wd: 0.0407 (0.0403)  mom: 0.9920 (0.9920)  last_layer_lr: 0.0000 (0.0000)  current_batch_size: 2.0000 (2.0000)  total_loss: 10.5163 (10.5560)  dino_local_crops_loss: 7.5019 (7.5277)  dino_global_crops_loss: 0.9388 (0.9422)  koleo_loss: -0.0369 (-0.0328)  ibot_loss: 2.1121 (2.1189)  time: 8.048324  data: 5.058241  max mem: 59418Training  [  600/20000]  eta: 1 day, 22:59:48  lr: 0.0000 (0.0000)  wd: 0.0408 (0.0403)  mom: 0.9920 (0.9920)  last_layer_lr: 0.0000 (0.0000)  current_batch_size: 2.0000 (2.0000)  total_loss: 10.5152 (10.5553)  dino_local_crops_loss: 7.5017 (7.5273)  dino_global_crops_loss: 0.9388 (0.9421)  koleo_loss: -0.0363 (-0.0329)  ibot_loss: 2.1113 (2.1188)  time: 8.728098  data: 5.738754  max mem: 59418Training  [  610/20000]  eta: 1 day, 22:53:16  lr: 0.0000 (0.0000)  wd: 0.0408 (0.0403)  mom: 0.9920 (0.9920)  last_layer_lr: 0.0000 (0.0000)  current_batch_size: 2.0000 (2.0000)  total_loss: 10.5152 (10.5547)  dino_local_crops_loss: 7.5017 (7.5268)  dino_global_crops_loss: 0.9387 (0.9421)  koleo_loss: -0.0363 (-0.0329)  ibot_loss: 2.1110 (2.1187)  time: 9.138689  data: 6.148591  max mem: 59418Training  [  620/20000]  eta: 1 day, 22:59:04  lr: 0.0000 (0.0000)  wd: 0.0408 (0.0403)  mom: 0.9920 (0.9920)  last_layer_lr: 0.0000 (0.0000)  current_batch_size: 2.0000 (2.0000)  total_loss: 10.5140 (10.5540)  dino_local_crops_loss: 7.5012 (7.5264)  dino_global_crops_loss: 0.9388 (0.9420)  koleo_loss: -0.0370 (-0.0329)  ibot_loss: 2.1108 (2.1185)  time: 8.930522  data: 5.926775  max mem: 59418Training  [  630/20000]  eta: 1 day, 22:48:05  lr: 0.0000 (0.0000)  wd: 0.0409 (0.0403)  mom: 0.9920 (0.9920)  last_layer_lr: 0.0000 (0.0000)  current_batch_size: 2.0000 (2.0000)  total_loss: 10.5104 (10.5534)  dino_local_crops_loss: 7.5007 (7.5260)  dino_global_crops_loss: 0.9385 (0.9420)  koleo_loss: -0.0405 (-0.0330)  ibot_loss: 2.1111 (2.1184)  time: 8.482839  data: 5.471654  max mem: 59418Training  [  640/20000]  eta: 1 day, 22:59:38  lr: 0.0000 (0.0000)  wd: 0.0409 (0.0403)  mom: 0.9920 (0.9920)  last_layer_lr: 0.0000 (0.0000)  current_batch_size: 2.0000 (2.0000)  total_loss: 10.5104 (10.5527)  dino_local_crops_loss: 7.5002 (7.5256)  dino_global_crops_loss: 0.9382 (0.9419)  koleo_loss: -0.0389 (-0.0331)  ibot_loss: 2.1116 (2.1183)  time: 9.072711  data: 6.075261  max mem: 59418Training  [  650/20000]  eta: 1 day, 23:01:14  lr: 0.0000 (0.0000)  wd: 0.0409 (0.0403)  mom: 0.9920 (0.9920)  last_layer_lr: 0.0000 (0.0000)  current_batch_size: 2.0000 (2.0000)  total_loss: 10.5131 (10.5522)  dino_local_crops_loss: 7.5001 (7.5252)  dino_global_crops_loss: 0.9383 (0.9419)  koleo_loss: -0.0369 (-0.0331)  ibot_loss: 2.1108 (2.1182)  time: 10.317820  data: 7.328568  max mem: 59418Training  [  660/20000]  eta: 1 day, 23:12:17  lr: 0.0000 (0.0000)  wd: 0.0409 (0.0403)  mom: 0.9920 (0.9920)  last_layer_lr: 0.0000 (0.0000)  current_batch_size: 2.0000 (2.0000)  total_loss: 10.5104 (10.5516)  dino_local_crops_loss: 7.5004 (7.5248)  dino_global_crops_loss: 0.9385 (0.9418)  koleo_loss: -0.0386 (-0.0331)  ibot_loss: 2.1108 (2.1181)  time: 10.335196  data: 7.345505  max mem: 59418Training  [  670/20000]  eta: 1 day, 23:10:37  lr: 0.0000 (0.0000)  wd: 0.0410 (0.0403)  mom: 0.9920 (0.9920)  last_layer_lr: 0.0000 (0.0000)  current_batch_size: 2.0000 (2.0000)  total_loss: 10.5100 (10.5510)  dino_local_crops_loss: 7.5003 (7.5245)  dino_global_crops_loss: 0.9385 (0.9418)  koleo_loss: -0.0399 (-0.0332)  ibot_loss: 2.1112 (2.1180)  time: 10.029993  data: 7.040760  max mem: 59418Training  [  680/20000]  eta: 1 day, 23:20:05  lr: 0.0000 (0.0000)  wd: 0.0410 (0.0403)  mom: 0.9920 (0.9920)  last_layer_lr: 0.0000 (0.0000)  current_batch_size: 2.0000 (2.0000)  total_loss: 10.5104 (10.5504)  dino_local_crops_loss: 7.5001 (7.5241)  dino_global_crops_loss: 0.9383 (0.9417)  koleo_loss: -0.0386 (-0.0333)  ibot_loss: 2.1112 (2.1179)  time: 9.921875  data: 6.933599  max mem: 59418Training  [  690/20000]  eta: 1 day, 23:17:36  lr: 0.0000 (0.0000)  wd: 0.0410 (0.0404)  mom: 0.9920 (0.9920)  last_layer_lr: 0.0000 (0.0000)  current_batch_size: 2.0000 (2.0000)  total_loss: 10.5081 (10.5498)  dino_local_crops_loss: 7.4991 (7.5238)  dino_global_crops_loss: 0.9383 (0.9417)  koleo_loss: -0.0391 (-0.0333)  ibot_loss: 2.1097 (2.1177)  time: 9.849364  data: 6.849820  max mem: 59418Training  [  700/20000]  eta: 1 day, 23:26:04  lr: 0.0000 (0.0000)  wd: 0.0411 (0.0404)  mom: 0.9920 (0.9920)  last_layer_lr: 0.0000 (0.0000)  current_batch_size: 2.0000 (2.0000)  total_loss: 10.5079 (10.5492)  dino_local_crops_loss: 7.4989 (7.5234)  dino_global_crops_loss: 0.9381 (0.9416)  koleo_loss: -0.0391 (-0.0334)  ibot_loss: 2.1099 (2.1176)  time: 9.791376  data: 6.791800  max mem: 59418Training  [  710/20000]  eta: 1 day, 23:24:48  lr: 0.0000 (0.0000)  wd: 0.0411 (0.0404)  mom: 0.9920 (0.9920)  last_layer_lr: 0.0000 (0.0000)  current_batch_size: 2.0000 (2.0000)  total_loss: 10.5083 (10.5487)  dino_local_crops_loss: 7.4990 (7.5231)  dino_global_crops_loss: 0.9380 (0.9416)  koleo_loss: -0.0385 (-0.0334)  ibot_loss: 2.1103 (2.1175)  time: 9.938692  data: 6.948055  max mem: 59418Training  [  720/20000]  eta: 1 day, 23:25:50  lr: 0.0000 (0.0000)  wd: 0.0411 (0.0404)  mom: 0.9920 (0.9920)  last_layer_lr: 0.0000 (0.0000)  current_batch_size: 2.0000 (2.0000)  total_loss: 10.5081 (10.5481)  dino_local_crops_loss: 7.4991 (7.5227)  dino_global_crops_loss: 0.9381 (0.9415)  koleo_loss: -0.0396 (-0.0335)  ibot_loss: 2.1106 (2.1174)  time: 9.152426  data: 6.161832  max mem: 59418Training  [  730/20000]  eta: 1 day, 23:27:31  lr: 0.0000 (0.0000)  wd: 0.0411 (0.0404)  mom: 0.9920 (0.9920)  last_layer_lr: 0.0000 (0.0000)  current_batch_size: 2.0000 (2.0000)  total_loss: 10.5063 (10.5476)  dino_local_crops_loss: 7.4986 (7.5224)  dino_global_crops_loss: 0.9381 (0.9415)  koleo_loss: -0.0409 (-0.0336)  ibot_loss: 2.1109 (2.1173)  time: 9.492523  data: 6.504205  max mem: 59418Training  [  740/20000]  eta: 1 day, 23:29:17  lr: 0.0000 (0.0000)  wd: 0.0412 (0.0404)  mom: 0.9920 (0.9920)  last_layer_lr: 0.0000 (0.0000)  current_batch_size: 2.0000 (2.0000)  total_loss: 10.5044 (10.5471)  dino_local_crops_loss: 7.4983 (7.5221)  dino_global_crops_loss: 0.9381 (0.9414)  koleo_loss: -0.0428 (-0.0337)  ibot_loss: 2.1107 (2.1172)  time: 9.596197  data: 6.607516  max mem: 59418Training  [  750/20000]  eta: 1 day, 23:31:39  lr: 0.0000 (0.0000)  wd: 0.0412 (0.0404)  mom: 0.9920 (0.9920)  last_layer_lr: 0.0000 (0.0000)  current_batch_size: 2.0000 (2.0000)  total_loss: 10.5040 (10.5465)  dino_local_crops_loss: 7.4980 (7.5218)  dino_global_crops_loss: 0.9379 (0.9414)  koleo_loss: -0.0421 (-0.0337)  ibot_loss: 2.1103 (2.1171)  time: 9.696636  data: 6.706194  max mem: 59418Training  [  760/20000]  eta: 1 day, 23:32:13  lr: 0.0000 (0.0000)  wd: 0.0412 (0.0404)  mom: 0.9920 (0.9920)  last_layer_lr: 0.0000 (0.0000)  current_batch_size: 2.0000 (2.0000)  total_loss: 10.5040 (10.5460)  dino_local_crops_loss: 7.4980 (7.5214)  dino_global_crops_loss: 0.9380 (0.9413)  koleo_loss: -0.0409 (-0.0338)  ibot_loss: 2.1099 (2.1170)  time: 9.575158  data: 6.585118  max mem: 59418Training  [  770/20000]  eta: 1 day, 23:32:52  lr: 0.0000 (0.0000)  wd: 0.0413 (0.0404)  mom: 0.9920 (0.9920)  last_layer_lr: 0.0000 (0.0000)  current_batch_size: 2.0000 (2.0000)  total_loss: 10.5071 (10.5455)  dino_local_crops_loss: 7.4976 (7.5211)  dino_global_crops_loss: 0.9378 (0.9413)  koleo_loss: -0.0385 (-0.0339)  ibot_loss: 2.1099 (2.1169)  time: 9.391527  data: 6.397225  max mem: 59418Training  [  780/20000]  eta: 1 day, 23:48:46  lr: 0.0000 (0.0000)  wd: 0.0413 (0.0405)  mom: 0.9920 (0.9920)  last_layer_lr: 0.0000 (0.0000)  current_batch_size: 2.0000 (2.0000)  total_loss: 10.5072 (10.5450)  dino_local_crops_loss: 7.4976 (7.5208)  dino_global_crops_loss: 0.9378 (0.9412)  koleo_loss: -0.0385 (-0.0339)  ibot_loss: 2.1105 (2.1168)  time: 11.274298  data: 8.279986  max mem: 59418Training  [  790/20000]  eta: 2 days, 0:03:14  lr: 0.0000 (0.0000)  wd: 0.0413 (0.0405)  mom: 0.9920 (0.9920)  last_layer_lr: 0.0000 (0.0000)  current_batch_size: 2.0000 (2.0000)  total_loss: 10.5057 (10.5445)  dino_local_crops_loss: 7.4975 (7.5205)  dino_global_crops_loss: 0.9378 (0.9412)  koleo_loss: -0.0409 (-0.0340)  ibot_loss: 2.1094 (2.1167)  time: 13.019084  data: 10.030777  max mem: 59418Training  [  800/20000]  eta: 2 days, 0:21:15  lr: 0.0000 (0.0000)  wd: 0.0414 (0.0405)  mom: 0.9920 (0.9920)  last_layer_lr: 0.0000 (0.0000)  current_batch_size: 2.0000 (2.0000)  total_loss: 10.5033 (10.5440)  dino_local_crops_loss: 7.4977 (7.5203)  dino_global_crops_loss: 0.9377 (0.9412)  koleo_loss: -0.0406 (-0.0340)  ibot_loss: 2.1087 (2.1166)  time: 13.394748  data: 10.406164  max mem: 59418Training  [  810/20000]  eta: 2 days, 0:20:25  lr: 0.0000 (0.0000)  wd: 0.0414 (0.0405)  mom: 0.9920 (0.9920)  last_layer_lr: 0.0000 (0.0000)  current_batch_size: 2.0000 (2.0000)  total_loss: 10.5028 (10.5435)  dino_local_crops_loss: 7.4978 (7.5200)  dino_global_crops_loss: 0.9378 (0.9411)  koleo_loss: -0.0406 (-0.0341)  ibot_loss: 2.1090 (2.1165)  time: 11.563456  data: 8.551541  max mem: 59418Training  [  820/20000]  eta: 2 days, 0:24:01  lr: 0.0000 (0.0000)  wd: 0.0415 (0.0405)  mom: 0.9920 (0.9920)  last_layer_lr: 0.0000 (0.0000)  current_batch_size: 2.0000 (2.0000)  total_loss: 10.5029 (10.5431)  dino_local_crops_loss: 7.4971 (7.5197)  dino_global_crops_loss: 0.9378 (0.9411)  koleo_loss: -0.0401 (-0.0341)  ibot_loss: 2.1091 (2.1165)  time: 9.807866  data: 6.794800  max mem: 59418Training  [  830/20000]  eta: 2 days, 0:19:11  lr: 0.0000 (0.0000)  wd: 0.0415 (0.0405)  mom: 0.9920 (0.9920)  last_layer_lr: 0.0000 (0.0000)  current_batch_size: 2.0000 (2.0000)  total_loss: 10.5052 (10.5427)  dino_local_crops_loss: 7.4977 (7.5194)  dino_global_crops_loss: 0.9377 (0.9410)  koleo_loss: -0.0396 (-0.0342)  ibot_loss: 2.1095 (2.1164)  time: 9.301545  data: 6.308518  max mem: 59418Training  [  840/20000]  eta: 2 days, 0:21:42  lr: 0.0000 (0.0000)  wd: 0.0415 (0.0405)  mom: 0.9920 (0.9920)  last_layer_lr: 0.0000 (0.0000)  current_batch_size: 2.0000 (2.0000)  total_loss: 10.5039 (10.5422)  dino_local_crops_loss: 7.4979 (7.5192)  dino_global_crops_loss: 0.9376 (0.9410)  koleo_loss: -0.0413 (-0.0343)  ibot_loss: 2.1097 (2.1163)  time: 9.178595  data: 6.183961  max mem: 59418Training  [  850/20000]  eta: 2 days, 0:17:52  lr: 0.0000 (0.0000)  wd: 0.0416 (0.0405)  mom: 0.9920 (0.9920)  last_layer_lr: 0.0000 (0.0000)  current_batch_size: 2.0000 (2.0000)  total_loss: 10.5014 (10.5418)  dino_local_crops_loss: 7.4967 (7.5189)  dino_global_crops_loss: 0.9376 (0.9410)  koleo_loss: -0.0419 (-0.0343)  ibot_loss: 2.1091 (2.1162)  time: 9.302067  data: 6.309592  max mem: 59418Training  [  860/20000]  eta: 2 days, 0:22:08  lr: 0.0000 (0.0000)  wd: 0.0416 (0.0405)  mom: 0.9920 (0.9920)  last_layer_lr: 0.0000 (0.0000)  current_batch_size: 2.0000 (2.0000)  total_loss: 10.5011 (10.5413)  dino_local_crops_loss: 7.4968 (7.5187)  dino_global_crops_loss: 0.9376 (0.9409)  koleo_loss: -0.0430 (-0.0344)  ibot_loss: 2.1095 (2.1161)  time: 9.553716  data: 6.563100  max mem: 59418Training  [  870/20000]  eta: 2 days, 0:18:16  lr: 0.0000 (0.0000)  wd: 0.0416 (0.0406)  mom: 0.9920 (0.9920)  last_layer_lr: 0.0000 (0.0000)  current_batch_size: 2.0000 (2.0000)  total_loss: 10.5020 (10.5408)  dino_local_crops_loss: 7.4968 (7.5184)  dino_global_crops_loss: 0.9375 (0.9409)  koleo_loss: -0.0417 (-0.0345)  ibot_loss: 2.1094 (2.1160)  time: 9.548265  data: 6.543969  max mem: 59418Training  [  880/20000]  eta: 2 days, 0:23:43  lr: 0.0000 (0.0000)  wd: 0.0417 (0.0406)  mom: 0.9920 (0.9920)  last_layer_lr: 0.0000 (0.0000)  current_batch_size: 2.0000 (2.0000)  total_loss: 10.5024 (10.5404)  dino_local_crops_loss: 7.4966 (7.5181)  dino_global_crops_loss: 0.9375 (0.9408)  koleo_loss: -0.0414 (-0.0345)  ibot_loss: 2.1093 (2.1160)  time: 9.735814  data: 6.716170  max mem: 59418Training  [  890/20000]  eta: 2 days, 0:20:44  lr: 0.0000 (0.0000)  wd: 0.0417 (0.0406)  mom: 0.9920 (0.9920)  last_layer_lr: 0.0000 (0.0000)  current_batch_size: 2.0000 (2.0000)  total_loss: 10.5002 (10.5400)  dino_local_crops_loss: 7.4963 (7.5179)  dino_global_crops_loss: 0.9377 (0.9408)  koleo_loss: -0.0428 (-0.0346)  ibot_loss: 2.1093 (2.1159)  time: 9.858162  data: 6.853517  max mem: 59418Training  [  900/20000]  eta: 2 days, 0:28:35  lr: 0.0000 (0.0000)  wd: 0.0418 (0.0406)  mom: 0.9920 (0.9920)  last_layer_lr: 0.0000 (0.0000)  current_batch_size: 2.0000 (2.0000)  total_loss: 10.5031 (10.5396)  dino_local_crops_loss: 7.4963 (7.5177)  dino_global_crops_loss: 0.9374 (0.9408)  koleo_loss: -0.0394 (-0.0346)  ibot_loss: 2.1094 (2.1158)  time: 10.231771  data: 7.243121  max mem: 59418Training  [  910/20000]  eta: 2 days, 0:25:56  lr: 0.0000 (0.0000)  wd: 0.0418 (0.0406)  mom: 0.9920 (0.9920)  last_layer_lr: 0.0000 (0.0000)  current_batch_size: 2.0000 (2.0000)  total_loss: 10.5035 (10.5393)  dino_local_crops_loss: 7.4962 (7.5174)  dino_global_crops_loss: 0.9374 (0.9407)  koleo_loss: -0.0392 (-0.0346)  ibot_loss: 2.1090 (2.1157)  time: 10.287508  data: 7.283526  max mem: 59418Training  [  920/20000]  eta: 2 days, 0:30:19  lr: 0.0000 (0.0000)  wd: 0.0418 (0.0406)  mom: 0.9920 (0.9920)  last_layer_lr: 0.0000 (0.0000)  current_batch_size: 2.0000 (2.0000)  total_loss: 10.5020 (10.5388)  dino_local_crops_loss: 7.4964 (7.5172)  dino_global_crops_loss: 0.9374 (0.9407)  koleo_loss: -0.0411 (-0.0347)  ibot_loss: 2.1089 (2.1156)  time: 9.829374  data: 6.826106  max mem: 59418Training  [  930/20000]  eta: 2 days, 0:29:19  lr: 0.0000 (0.0000)  wd: 0.0419 (0.0406)  mom: 0.9920 (0.9920)  last_layer_lr: 0.0000 (0.0000)  current_batch_size: 2.0000 (2.0000)  total_loss: 10.5008 (10.5384)  dino_local_crops_loss: 7.4965 (7.5170)  dino_global_crops_loss: 0.9375 (0.9407)  koleo_loss: -0.0417 (-0.0348)  ibot_loss: 2.1088 (2.1156)  time: 10.073656  data: 7.086013  max mem: 59418Training  [  940/20000]  eta: 2 days, 0:43:30  lr: 0.0000 (0.0000)  wd: 0.0419 (0.0407)  mom: 0.9920 (0.9920)  last_layer_lr: 0.0000 (0.0000)  current_batch_size: 2.0000 (2.0000)  total_loss: 10.4990 (10.5380)  dino_local_crops_loss: 7.4961 (7.5168)  dino_global_crops_loss: 0.9375 (0.9406)  koleo_loss: -0.0425 (-0.0349)  ibot_loss: 2.1091 (2.1155)  time: 11.556631  data: 8.568631  max mem: 59418Training  [  950/20000]  eta: 2 days, 0:37:05  lr: 0.0000 (0.0000)  wd: 0.0420 (0.0407)  mom: 0.9920 (0.9920)  last_layer_lr: 0.0000 (0.0000)  current_batch_size: 2.0000 (2.0000)  total_loss: 10.5012 (10.5377)  dino_local_crops_loss: 7.4958 (7.5165)  dino_global_crops_loss: 0.9374 (0.9406)  koleo_loss: -0.0423 (-0.0349)  ibot_loss: 2.1090 (2.1154)  time: 10.774422  data: 7.786289  max mem: 59418Training  [  960/20000]  eta: 2 days, 0:42:34  lr: 0.0000 (0.0000)  wd: 0.0420 (0.0407)  mom: 0.9920 (0.9920)  last_layer_lr: 0.0000 (0.0000)  current_batch_size: 2.0000 (2.0000)  total_loss: 10.5012 (10.5373)  dino_local_crops_loss: 7.4956 (7.5163)  dino_global_crops_loss: 0.9375 (0.9406)  koleo_loss: -0.0409 (-0.0350)  ibot_loss: 2.1087 (2.1154)  time: 9.524368  data: 6.530708  max mem: 59418Training  [  970/20000]  eta: 2 days, 0:34:31  lr: 0.0000 (0.0000)  wd: 0.0420 (0.0407)  mom: 0.9920 (0.9920)  last_layer_lr: 0.0000 (0.0000)  current_batch_size: 2.0000 (2.0000)  total_loss: 10.5011 (10.5369)  dino_local_crops_loss: 7.4957 (7.5161)  dino_global_crops_loss: 0.9375 (0.9405)  koleo_loss: -0.0410 (-0.0350)  ibot_loss: 2.1089 (2.1153)  time: 9.264230  data: 6.267823  max mem: 59418Training  [  980/20000]  eta: 2 days, 0:33:01  lr: 0.0000 (0.0000)  wd: 0.0421 (0.0407)  mom: 0.9920 (0.9920)  last_layer_lr: 0.0000 (0.0000)  current_batch_size: 2.0000 (2.0000)  total_loss: 10.5024 (10.5365)  dino_local_crops_loss: 7.4954 (7.5159)  dino_global_crops_loss: 0.9374 (0.9405)  koleo_loss: -0.0410 (-0.0351)  ibot_loss: 2.1090 (2.1152)  time: 8.208316  data: 5.215940  max mem: 59418Training  [  990/20000]  eta: 2 days, 0:23:21  lr: 0.0000 (0.0000)  wd: 0.0421 (0.0407)  mom: 0.9920 (0.9920)  last_layer_lr: 0.0000 (0.0000)  current_batch_size: 2.0000 (2.0000)  total_loss: 10.5012 (10.5362)  dino_local_crops_loss: 7.4952 (7.5157)  dino_global_crops_loss: 0.9375 (0.9405)  koleo_loss: -0.0409 (-0.0351)  ibot_loss: 2.1083 (2.1152)  time: 7.920898  data: 4.913015  max mem: 59418Training  [ 1000/20000]  eta: 2 days, 0:21:00  lr: 0.0000 (0.0000)  wd: 0.0422 (0.0407)  mom: 0.9920 (0.9920)  last_layer_lr: 0.0000 (0.0000)  current_batch_size: 2.0000 (2.0000)  total_loss: 10.5016 (10.5359)  dino_local_crops_loss: 7.4951 (7.5155)  dino_global_crops_loss: 0.9374 (0.9404)  koleo_loss: -0.0409 (-0.0352)  ibot_loss: 2.1085 (2.1151)  time: 7.774287  data: 4.751864  max mem: 59418Training  [ 1010/20000]  eta: 2 days, 0:11:14  lr: 0.0000 (0.0000)  wd: 0.0422 (0.0408)  mom: 0.9920 (0.9920)  last_layer_lr: 0.0000 (0.0000)  current_batch_size: 2.0000 (2.0000)  total_loss: 10.4950 (10.5354)  dino_local_crops_loss: 7.4938 (7.5152)  dino_global_crops_loss: 0.9371 (0.9404)  koleo_loss: -0.0430 (-0.0352)  ibot_loss: 2.1079 (2.1150)  time: 7.716856  data: 4.711999  max mem: 59418Training  [ 1020/20000]  eta: 2 days, 0:00:52  lr: 0.0000 (0.0000)  wd: 0.0423 (0.0408)  mom: 0.9921 (0.9920)  last_layer_lr: 0.0000 (0.0000)  current_batch_size: 2.0000 (2.0000)  total_loss: 10.4872 (10.5349)  dino_local_crops_loss: 7.4838 (7.5149)  dino_global_crops_loss: 0.9364 (0.9404)  koleo_loss: -0.0428 (-0.0353)  ibot_loss: 2.1059 (2.1149)  time: 6.403564  data: 3.411933  max mem: 59418Training  [ 1030/20000]  eta: 2 days, 0:04:03  lr: 0.0000 (0.0000)  wd: 0.0423 (0.0408)  mom: 0.9921 (0.9920)  last_layer_lr: 0.0000 (0.0000)  current_batch_size: 2.0000 (2.0000)  total_loss: 10.4738 (10.5342)  dino_local_crops_loss: 7.4769 (7.5145)  dino_global_crops_loss: 0.9352 (0.9403)  koleo_loss: -0.0412 (-0.0353)  ibot_loss: 2.1032 (2.1148)  time: 8.458860  data: 5.465945  max mem: 59418Training  [ 1040/20000]  eta: 2 days, 0:00:06  lr: 0.0000 (0.0000)  wd: 0.0424 (0.0408)  mom: 0.9921 (0.9920)  last_layer_lr: 0.0000 (0.0000)  current_batch_size: 2.0000 (2.0000)  total_loss: 10.4597 (10.5335)  dino_local_crops_loss: 7.4672 (7.5140)  dino_global_crops_loss: 0.9345 (0.9403)  koleo_loss: -0.0441 (-0.0354)  ibot_loss: 2.1012 (2.1146)  time: 9.480751  data: 6.490057  max mem: 59418Training  [ 1050/20000]  eta: 1 day, 23:46:19  lr: 0.0000 (0.0000)  wd: 0.0424 (0.0408)  mom: 0.9921 (0.9920)  last_layer_lr: 0.0000 (0.0000)  current_batch_size: 2.0000 (2.0000)  total_loss: 10.4490 (10.5326)  dino_local_crops_loss: 7.4598 (7.5134)  dino_global_crops_loss: 0.9331 (0.9402)  koleo_loss: -0.0426 (-0.0355)  ibot_loss: 2.0995 (2.1145)  time: 6.677840  data: 3.687553  max mem: 59418Training  [ 1060/20000]  eta: 1 day, 23:51:18  lr: 0.0000 (0.0000)  wd: 0.0424 (0.0408)  mom: 0.9921 (0.9920)  last_layer_lr: 0.0000 (0.0000)  current_batch_size: 2.0000 (2.0000)  total_loss: 10.4402 (10.5317)  dino_local_crops_loss: 7.4524 (7.5128)  dino_global_crops_loss: 0.9324 (0.9401)  koleo_loss: -0.0418 (-0.0355)  ibot_loss: 2.0968 (2.1143)  time: 8.147509  data: 5.158201  max mem: 59418Training  [ 1070/20000]  eta: 1 day, 23:43:50  lr: 0.0000 (0.0000)  wd: 0.0425 (0.0408)  mom: 0.9921 (0.9920)  last_layer_lr: 0.0000 (0.0000)  current_batch_size: 2.0000 (2.0000)  total_loss: 10.4354 (10.5308)  dino_local_crops_loss: 7.4470 (7.5122)  dino_global_crops_loss: 0.9319 (0.9400)  koleo_loss: -0.0413 (-0.0355)  ibot_loss: 2.0955 (2.1141)  time: 9.169052  data: 6.178483  max mem: 59418Training  [ 1080/20000]  eta: 1 day, 23:39:46  lr: 0.0000 (0.0000)  wd: 0.0425 (0.0409)  mom: 0.9921 (0.9920)  last_layer_lr: 0.0000 (0.0000)  current_batch_size: 2.0000 (2.0000)  total_loss: 10.4242 (10.5298)  dino_local_crops_loss: 7.4403 (7.5115)  dino_global_crops_loss: 0.9308 (0.9399)  koleo_loss: -0.0418 (-0.0355)  ibot_loss: 2.0935 (2.1139)  time: 7.638445  data: 4.646861  max mem: 59418Training  [ 1090/20000]  eta: 1 day, 23:32:45  lr: 0.0000 (0.0000)  wd: 0.0426 (0.0409)  mom: 0.9921 (0.9920)  last_layer_lr: 0.0000 (0.0000)  current_batch_size: 2.0000 (2.0000)  total_loss: 10.4161 (10.5287)  dino_local_crops_loss: 7.4345 (7.5108)  dino_global_crops_loss: 0.9302 (0.9398)  koleo_loss: -0.0426 (-0.0356)  ibot_loss: 2.0925 (2.1137)  time: 7.679971  data: 4.690562  max mem: 59418Training  [ 1100/20000]  eta: 1 day, 23:31:44  lr: 0.0000 (0.0000)  wd: 0.0426 (0.0409)  mom: 0.9921 (0.9920)  last_layer_lr: 0.0000 (0.0000)  current_batch_size: 2.0000 (2.0000)  total_loss: 10.4082 (10.5276)  dino_local_crops_loss: 7.4294 (7.5100)  dino_global_crops_loss: 0.9294 (0.9397)  koleo_loss: -0.0420 (-0.0356)  ibot_loss: 2.0907 (2.1135)  time: 8.191843  data: 5.174846  max mem: 59418Training  [ 1110/20000]  eta: 1 day, 23:29:00  lr: 0.0000 (0.0000)  wd: 0.0427 (0.0409)  mom: 0.9921 (0.9920)  last_layer_lr: 0.0000 (0.0000)  current_batch_size: 2.0000 (2.0000)  total_loss: 10.4024 (10.5265)  dino_local_crops_loss: 7.4247 (7.5092)  dino_global_crops_loss: 0.9288 (0.9396)  koleo_loss: -0.0420 (-0.0357)  ibot_loss: 2.0890 (2.1133)  time: 8.923841  data: 5.900812  max mem: 59418Training  [ 1120/20000]  eta: 1 day, 23:27:14  lr: 0.0000 (0.0000)  wd: 0.0427 (0.0409)  mom: 0.9921 (0.9920)  last_layer_lr: 0.0000 (0.0000)  current_batch_size: 2.0000 (2.0000)  total_loss: 10.3930 (10.5253)  dino_local_crops_loss: 7.4213 (7.5084)  dino_global_crops_loss: 0.9283 (0.9395)  koleo_loss: -0.0435 (-0.0358)  ibot_loss: 2.0880 (2.1131)  time: 8.791086  data: 5.786509  max mem: 59418Training  [ 1130/20000]  eta: 1 day, 23:22:57  lr: 0.0000 (0.0000)  wd: 0.0428 (0.0409)  mom: 0.9921 (0.9920)  last_layer_lr: 0.0000 (0.0000)  current_batch_size: 2.0000 (2.0000)  total_loss: 10.3895 (10.5241)  dino_local_crops_loss: 7.4175 (7.5076)  dino_global_crops_loss: 0.9277 (0.9394)  koleo_loss: -0.0435 (-0.0358)  ibot_loss: 2.0873 (2.1128)  time: 8.502234  data: 5.486681  max mem: 59418Training  [ 1140/20000]  eta: 1 day, 23:20:04  lr: 0.0000 (0.0000)  wd: 0.0428 (0.0410)  mom: 0.9921 (0.9920)  last_layer_lr: 0.0000 (0.0000)  current_batch_size: 2.0000 (2.0000)  total_loss: 10.3866 (10.5229)  dino_local_crops_loss: 7.4142 (7.5068)  dino_global_crops_loss: 0.9272 (0.9393)  koleo_loss: -0.0428 (-0.0358)  ibot_loss: 2.0859 (2.1126)  time: 8.294290  data: 5.278814  max mem: 59418Training  [ 1150/20000]  eta: 1 day, 23:19:04  lr: 0.0000 (0.0000)  wd: 0.0429 (0.0410)  mom: 0.9921 (0.9920)  last_layer_lr: 0.0000 (0.0000)  current_batch_size: 2.0000 (2.0000)  total_loss: 10.3795 (10.5216)  dino_local_crops_loss: 7.4116 (7.5060)  dino_global_crops_loss: 0.9270 (0.9392)  koleo_loss: -0.0439 (-0.0359)  ibot_loss: 2.0853 (2.1123)  time: 8.882349  data: 5.882845  max mem: 59418Training  [ 1160/20000]  eta: 1 day, 23:26:12  lr: 0.0000 (0.0000)  wd: 0.0429 (0.0410)  mom: 0.9921 (0.9920)  last_layer_lr: 0.0000 (0.0000)  current_batch_size: 2.0000 (2.0000)  total_loss: 10.3760 (10.5204)  dino_local_crops_loss: 7.4093 (7.5051)  dino_global_crops_loss: 0.9268 (0.9391)  koleo_loss: -0.0439 (-0.0359)  ibot_loss: 2.0845 (2.1121)  time: 10.725821  data: 7.735194  max mem: 59418Training  [ 1170/20000]  eta: 1 day, 23:21:01  lr: 0.0000 (0.0000)  wd: 0.0430 (0.0410)  mom: 0.9921 (0.9920)  last_layer_lr: 0.0000 (0.0000)  current_batch_size: 2.0000 (2.0000)  total_loss: 10.3756 (10.5192)  dino_local_crops_loss: 7.4070 (7.5043)  dino_global_crops_loss: 0.9264 (0.9390)  koleo_loss: -0.0409 (-0.0360)  ibot_loss: 2.0843 (2.1119)  time: 9.961061  data: 6.968525  max mem: 59418Training  [ 1180/20000]  eta: 1 day, 23:20:53  lr: 0.0000 (0.0000)  wd: 0.0430 (0.0410)  mom: 0.9921 (0.9920)  last_layer_lr: 0.0000 (0.0000)  current_batch_size: 2.0000 (2.0000)  total_loss: 10.3751 (10.5180)  dino_local_crops_loss: 7.4058 (7.5034)  dino_global_crops_loss: 0.9261 (0.9389)  koleo_loss: -0.0414 (-0.0360)  ibot_loss: 2.0834 (2.1116)  time: 8.631756  data: 5.637527  max mem: 59418Training  [ 1190/20000]  eta: 1 day, 23:15:46  lr: 0.0000 (0.0000)  wd: 0.0431 (0.0410)  mom: 0.9921 (0.9920)  last_layer_lr: 0.0000 (0.0000)  current_batch_size: 2.0000 (2.0000)  total_loss: 10.3711 (10.5167)  dino_local_crops_loss: 7.4039 (7.5026)  dino_global_crops_loss: 0.9259 (0.9388)  koleo_loss: -0.0422 (-0.0360)  ibot_loss: 2.0828 (2.1114)  time: 8.629366  data: 5.639067  max mem: 59418Training  [ 1200/20000]  eta: 1 day, 23:16:59  lr: 0.0000 (0.0000)  wd: 0.0431 (0.0411)  mom: 0.9921 (0.9920)  last_layer_lr: 0.0000 (0.0000)  current_batch_size: 2.0000 (2.0000)  total_loss: 10.3711 (10.5156)  dino_local_crops_loss: 7.4030 (7.5018)  dino_global_crops_loss: 0.9258 (0.9387)  koleo_loss: -0.0394 (-0.0360)  ibot_loss: 2.0827 (2.1111)  time: 8.887827  data: 5.899830  max mem: 59418Training  [ 1210/20000]  eta: 1 day, 23:14:38  lr: 0.0000 (0.0000)  wd: 0.0432 (0.0411)  mom: 0.9921 (0.9920)  last_layer_lr: 0.0000 (0.0000)  current_batch_size: 2.0000 (2.0000)  total_loss: 10.3670 (10.5143)  dino_local_crops_loss: 7.4016 (7.5009)  dino_global_crops_loss: 0.9257 (0.9386)  koleo_loss: -0.0428 (-0.0360)  ibot_loss: 2.0822 (2.1109)  time: 9.409775  data: 6.409112  max mem: 59418Training  [ 1220/20000]  eta: 1 day, 23:19:37  lr: 0.0000 (0.0000)  wd: 0.0432 (0.0411)  mom: 0.9921 (0.9920)  last_layer_lr: 0.0000 (0.0000)  current_batch_size: 2.0000 (2.0000)  total_loss: 10.3634 (10.5131)  dino_local_crops_loss: 7.4007 (7.5001)  dino_global_crops_loss: 0.9254 (0.9385)  koleo_loss: -0.0451 (-0.0361)  ibot_loss: 2.0819 (2.1107)  time: 10.157172  data: 7.144552  max mem: 59418Training  [ 1230/20000]  eta: 1 day, 23:12:09  lr: 0.0000 (0.0000)  wd: 0.0433 (0.0411)  mom: 0.9921 (0.9920)  last_layer_lr: 0.0000 (0.0000)  current_batch_size: 2.0000 (2.0000)  total_loss: 10.3610 (10.5119)  dino_local_crops_loss: 7.3998 (7.4993)  dino_global_crops_loss: 0.9254 (0.9384)  koleo_loss: -0.0457 (-0.0362)  ibot_loss: 2.0817 (2.1104)  time: 9.155062  data: 6.149892  max mem: 59418Training  [ 1240/20000]  eta: 1 day, 23:11:37  lr: 0.0000 (0.0000)  wd: 0.0433 (0.0411)  mom: 0.9921 (0.9920)  last_layer_lr: 0.0000 (0.0000)  current_batch_size: 2.0000 (2.0000)  total_loss: 10.3602 (10.5107)  dino_local_crops_loss: 7.3993 (7.4985)  dino_global_crops_loss: 0.9252 (0.9382)  koleo_loss: -0.0456 (-0.0362)  ibot_loss: 2.0815 (2.1102)  time: 8.085749  data: 5.093493  max mem: 59418Training  [ 1250/20000]  eta: 1 day, 23:08:00  lr: 0.0000 (0.0000)  wd: 0.0434 (0.0412)  mom: 0.9921 (0.9920)  last_layer_lr: 0.0000 (0.0000)  current_batch_size: 2.0000 (2.0000)  total_loss: 10.3599 (10.5095)  dino_local_crops_loss: 7.3986 (7.4977)  dino_global_crops_loss: 0.9251 (0.9381)  koleo_loss: -0.0455 (-0.0363)  ibot_loss: 2.0811 (2.1100)  time: 8.829058  data: 5.838883  max mem: 59418Training  [ 1260/20000]  eta: 1 day, 23:08:17  lr: 0.0000 (0.0000)  wd: 0.0435 (0.0412)  mom: 0.9921 (0.9920)  last_layer_lr: 0.0000 (0.0000)  current_batch_size: 2.0000 (2.0000)  total_loss: 10.3585 (10.5083)  dino_local_crops_loss: 7.3980 (7.4969)  dino_global_crops_loss: 0.9250 (0.9380)  koleo_loss: -0.0457 (-0.0363)  ibot_loss: 2.0810 (2.1097)  time: 8.992184  data: 6.000661  max mem: 59418Training  [ 1270/20000]  eta: 1 day, 23:02:44  lr: 0.0000 (0.0000)  wd: 0.0435 (0.0412)  mom: 0.9921 (0.9920)  last_layer_lr: 0.0000 (0.0000)  current_batch_size: 2.0000 (2.0000)  total_loss: 10.3586 (10.5072)  dino_local_crops_loss: 7.3975 (7.4961)  dino_global_crops_loss: 0.9250 (0.9379)  koleo_loss: -0.0452 (-0.0364)  ibot_loss: 2.0808 (2.1095)  time: 8.589922  data: 5.601624  max mem: 59418Training  [ 1280/20000]  eta: 1 day, 22:59:14  lr: 0.0000 (0.0000)  wd: 0.0436 (0.0412)  mom: 0.9921 (0.9920)  last_layer_lr: 0.0000 (0.0000)  current_batch_size: 2.0000 (2.0000)  total_loss: 10.3602 (10.5060)  dino_local_crops_loss: 7.3971 (7.4953)  dino_global_crops_loss: 0.9250 (0.9378)  koleo_loss: -0.0424 (-0.0364)  ibot_loss: 2.0807 (2.1093)  time: 7.818980  data: 4.831131  max mem: 59418Training  [ 1290/20000]  eta: 1 day, 23:02:53  lr: 0.0000 (0.0000)  wd: 0.0436 (0.0412)  mom: 0.9921 (0.9920)  last_layer_lr: 0.0000 (0.0000)  current_batch_size: 2.0000 (2.0000)  total_loss: 10.3604 (10.5049)  dino_local_crops_loss: 7.3969 (7.4946)  dino_global_crops_loss: 0.9249 (0.9377)  koleo_loss: -0.0422 (-0.0364)  ibot_loss: 2.0807 (2.1091)  time: 9.697400  data: 6.709443  max mem: 59418Training  [ 1300/20000]  eta: 1 day, 22:59:08  lr: 0.0000 (0.0000)  wd: 0.0437 (0.0412)  mom: 0.9921 (0.9920)  last_layer_lr: 0.0000 (0.0000)  current_batch_size: 2.0000 (2.0000)  total_loss: 10.3571 (10.5038)  dino_local_crops_loss: 7.3966 (7.4938)  dino_global_crops_loss: 0.9248 (0.9376)  koleo_loss: -0.0457 (-0.0365)  ibot_loss: 2.0807 (2.1088)  time: 9.641794  data: 6.654644  max mem: 59418Training  [ 1310/20000]  eta: 1 day, 22:56:06  lr: 0.0000 (0.0000)  wd: 0.0437 (0.0413)  mom: 0.9921 (0.9920)  last_layer_lr: 0.0000 (0.0000)  current_batch_size: 2.0000 (2.0000)  total_loss: 10.3552 (10.5026)  dino_local_crops_loss: 7.3963 (7.4931)  dino_global_crops_loss: 0.9248 (0.9375)  koleo_loss: -0.0469 (-0.0366)  ibot_loss: 2.0806 (2.1086)  time: 8.261565  data: 5.257714  max mem: 59418Training  [ 1320/20000]  eta: 1 day, 22:52:22  lr: 0.0000 (0.0000)  wd: 0.0438 (0.0413)  mom: 0.9921 (0.9920)  last_layer_lr: 0.0000 (0.0000)  current_batch_size: 2.0000 (2.0000)  total_loss: 10.3565 (10.5016)  dino_local_crops_loss: 7.3961 (7.4923)  dino_global_crops_loss: 0.9248 (0.9374)  koleo_loss: -0.0449 (-0.0366)  ibot_loss: 2.0805 (2.1084)  time: 8.251685  data: 5.241028  max mem: 59418Training  [ 1330/20000]  eta: 1 day, 22:48:11  lr: 0.0000 (0.0000)  wd: 0.0439 (0.0413)  mom: 0.9921 (0.9920)  last_layer_lr: 0.0000 (0.0000)  current_batch_size: 2.0000 (2.0000)  total_loss: 10.3582 (10.5005)  dino_local_crops_loss: 7.3958 (7.4916)  dino_global_crops_loss: 0.9248 (0.9373)  koleo_loss: -0.0428 (-0.0367)  ibot_loss: 2.0803 (2.1082)  time: 7.991818  data: 4.984732  max mem: 59418Training  [ 1340/20000]  eta: 1 day, 22:46:32  lr: 0.0000 (0.0000)  wd: 0.0439 (0.0413)  mom: 0.9921 (0.9920)  last_layer_lr: 0.0000 (0.0000)  current_batch_size: 2.0000 (2.0000)  total_loss: 10.3576 (10.4994)  dino_local_crops_loss: 7.3956 (7.4909)  dino_global_crops_loss: 0.9247 (0.9372)  koleo_loss: -0.0432 (-0.0367)  ibot_loss: 2.0803 (2.1080)  time: 8.421452  data: 5.419640  max mem: 59418Training  [ 1350/20000]  eta: 1 day, 22:44:12  lr: 0.0000 (0.0000)  wd: 0.0440 (0.0413)  mom: 0.9921 (0.9920)  last_layer_lr: 0.0000 (0.0000)  current_batch_size: 2.0000 (2.0000)  total_loss: 10.3552 (10.4984)  dino_local_crops_loss: 7.3955 (7.4902)  dino_global_crops_loss: 0.9247 (0.9372)  koleo_loss: -0.0455 (-0.0368)  ibot_loss: 2.0802 (2.1078)  time: 8.810723  data: 5.821055  max mem: 59418Training  [ 1360/20000]  eta: 1 day, 22:46:26  lr: 0.0000 (0.0000)  wd: 0.0440 (0.0414)  mom: 0.9921 (0.9920)  last_layer_lr: 0.0000 (0.0000)  current_batch_size: 2.0000 (2.0000)  total_loss: 10.3537 (10.4973)  dino_local_crops_loss: 7.3954 (7.4895)  dino_global_crops_loss: 0.9246 (0.9371)  koleo_loss: -0.0463 (-0.0368)  ibot_loss: 2.0802 (2.1076)  time: 9.663928  data: 6.674264  max mem: 59418Training  [ 1370/20000]  eta: 1 day, 22:41:55  lr: 0.0000 (0.0000)  wd: 0.0441 (0.0414)  mom: 0.9921 (0.9920)  last_layer_lr: 0.0000 (0.0000)  current_batch_size: 2.0000 (2.0000)  total_loss: 10.3537 (10.4963)  dino_local_crops_loss: 7.3953 (7.4888)  dino_global_crops_loss: 0.9246 (0.9370)  koleo_loss: -0.0463 (-0.0368)  ibot_loss: 2.0802 (2.1074)  time: 9.182004  data: 6.182171  max mem: 59418Training  [ 1380/20000]  eta: 1 day, 22:39:33  lr: 0.0000 (0.0000)  wd: 0.0442 (0.0414)  mom: 0.9921 (0.9920)  last_layer_lr: 0.0000 (0.0000)  current_batch_size: 2.0000 (2.0000)  total_loss: 10.3562 (10.4953)  dino_local_crops_loss: 7.3952 (7.4881)  dino_global_crops_loss: 0.9246 (0.9369)  koleo_loss: -0.0438 (-0.0369)  ibot_loss: 2.0802 (2.1072)  time: 8.171629  data: 5.173781  max mem: 59418Training  [ 1390/20000]  eta: 1 day, 22:36:50  lr: 0.0000 (0.0000)  wd: 0.0442 (0.0414)  mom: 0.9921 (0.9920)  last_layer_lr: 0.0000 (0.0000)  current_batch_size: 2.0000 (2.0000)  total_loss: 10.3536 (10.4943)  dino_local_crops_loss: 7.3950 (7.4875)  dino_global_crops_loss: 0.9246 (0.9368)  koleo_loss: -0.0461 (-0.0369)  ibot_loss: 2.0801 (2.1070)  time: 8.559561  data: 5.572573  max mem: 59418Training  [ 1400/20000]  eta: 1 day, 22:33:03  lr: 0.0000 (0.0000)  wd: 0.0443 (0.0414)  mom: 0.9921 (0.9920)  last_layer_lr: 0.0000 (0.0000)  current_batch_size: 2.0000 (2.0000)  total_loss: 10.3536 (10.4933)  dino_local_crops_loss: 7.3950 (7.4868)  dino_global_crops_loss: 0.9245 (0.9367)  koleo_loss: -0.0461 (-0.0370)  ibot_loss: 2.0801 (2.1068)  time: 8.232615  data: 5.244723  max mem: 59418Training  [ 1410/20000]  eta: 1 day, 22:32:05  lr: 0.0000 (0.0000)  wd: 0.0443 (0.0415)  mom: 0.9921 (0.9920)  last_layer_lr: 0.0000 (0.0000)  current_batch_size: 2.0000 (2.0000)  total_loss: 10.3551 (10.4924)  dino_local_crops_loss: 7.3951 (7.4861)  dino_global_crops_loss: 0.9246 (0.9366)  koleo_loss: -0.0450 (-0.0370)  ibot_loss: 2.0800 (2.1066)  time: 8.620427  data: 5.632236  max mem: 59418Training  [ 1420/20000]  eta: 1 day, 22:34:51  lr: 0.0000 (0.0000)  wd: 0.0444 (0.0415)  mom: 0.9921 (0.9920)  last_layer_lr: 0.0000 (0.0000)  current_batch_size: 2.0000 (2.0000)  total_loss: 10.3540 (10.4914)  dino_local_crops_loss: 7.3951 (7.4855)  dino_global_crops_loss: 0.9245 (0.9365)  koleo_loss: -0.0455 (-0.0370)  ibot_loss: 2.0799 (2.1064)  time: 10.112361  data: 7.124905  max mem: 59418Training  [ 1430/20000]  eta: 1 day, 22:36:37  lr: 0.0000 (0.0000)  wd: 0.0445 (0.0415)  mom: 0.9921 (0.9920)  last_layer_lr: 0.0000 (0.0000)  current_batch_size: 2.0000 (2.0000)  total_loss: 10.3544 (10.4905)  dino_local_crops_loss: 7.3949 (7.4849)  dino_global_crops_loss: 0.9245 (0.9365)  koleo_loss: -0.0450 (-0.0371)  ibot_loss: 2.0799 (2.1062)  time: 10.752441  data: 7.764961  max mem: 59418Training  [ 1440/20000]  eta: 1 day, 22:31:38  lr: 0.0000 (0.0000)  wd: 0.0445 (0.0415)  mom: 0.9921 (0.9920)  last_layer_lr: 0.0000 (0.0000)  current_batch_size: 2.0000 (2.0000)  total_loss: 10.3563 (10.4895)  dino_local_crops_loss: 7.3948 (7.4842)  dino_global_crops_loss: 0.9245 (0.9364)  koleo_loss: -0.0429 (-0.0371)  ibot_loss: 2.0799 (2.1061)  time: 8.975244  data: 5.986491  max mem: 59418Training  [ 1450/20000]  eta: 1 day, 22:32:54  lr: 0.0000 (0.0000)  wd: 0.0446 (0.0416)  mom: 0.9921 (0.9920)  last_layer_lr: 0.0000 (0.0000)  current_batch_size: 2.0000 (2.0000)  total_loss: 10.3545 (10.4886)  dino_local_crops_loss: 7.3948 (7.4836)  dino_global_crops_loss: 0.9245 (0.9363)  koleo_loss: -0.0446 (-0.0372)  ibot_loss: 2.0799 (2.1059)  time: 8.870704  data: 5.861129  max mem: 59418Training  [ 1460/20000]  eta: 1 day, 22:30:59  lr: 0.0000 (0.0000)  wd: 0.0446 (0.0416)  mom: 0.9921 (0.9920)  last_layer_lr: 0.0000 (0.0000)  current_batch_size: 2.0000 (2.0000)  total_loss: 10.3545 (10.4877)  dino_local_crops_loss: 7.3948 (7.4830)  dino_global_crops_loss: 0.9245 (0.9362)  koleo_loss: -0.0446 (-0.0372)  ibot_loss: 2.0798 (2.1057)  time: 9.581881  data: 6.572629  max mem: 59418Training  [ 1470/20000]  eta: 1 day, 22:29:00  lr: 0.0000 (0.0000)  wd: 0.0447 (0.0416)  mom: 0.9921 (0.9920)  last_layer_lr: 0.0000 (0.0000)  current_batch_size: 2.0000 (2.0000)  total_loss: 10.3556 (10.4868)  dino_local_crops_loss: 7.3947 (7.4824)  dino_global_crops_loss: 0.9245 (0.9361)  koleo_loss: -0.0438 (-0.0373)  ibot_loss: 2.0799 (2.1055)  time: 8.824183  data: 5.836401  max mem: 59418Training  [ 1480/20000]  eta: 1 day, 22:21:00  lr: 0.0000 (0.0000)  wd: 0.0448 (0.0416)  mom: 0.9921 (0.9920)  last_layer_lr: 0.0000 (0.0000)  current_batch_size: 2.0000 (2.0000)  total_loss: 10.3556 (10.4859)  dino_local_crops_loss: 7.3947 (7.4818)  dino_global_crops_loss: 0.9245 (0.9361)  koleo_loss: -0.0438 (-0.0373)  ibot_loss: 2.0799 (2.1053)  time: 7.360761  data: 4.347733  max mem: 59418Training  [ 1490/20000]  eta: 1 day, 22:16:14  lr: 0.0000 (0.0000)  wd: 0.0448 (0.0416)  mom: 0.9921 (0.9920)  last_layer_lr: 0.0000 (0.0000)  current_batch_size: 2.0000 (2.0000)  total_loss: 10.3544 (10.4850)  dino_local_crops_loss: 7.3947 (7.4812)  dino_global_crops_loss: 0.9245 (0.9360)  koleo_loss: -0.0445 (-0.0374)  ibot_loss: 2.0799 (2.1052)  time: 6.669584  data: 3.649426  max mem: 59418Training  [ 1500/20000]  eta: 1 day, 22:09:15  lr: 0.0000 (0.0000)  wd: 0.0449 (0.0417)  mom: 0.9921 (0.9920)  last_layer_lr: 0.0000 (0.0000)  current_batch_size: 2.0000 (2.0000)  total_loss: 10.3538 (10.4841)  dino_local_crops_loss: 7.3945 (7.4807)  dino_global_crops_loss: 0.9245 (0.9359)  koleo_loss: -0.0460 (-0.0374)  ibot_loss: 2.0799 (2.1050)  time: 6.879889  data: 3.882499  max mem: 59418Training  [ 1510/20000]  eta: 1 day, 22:07:54  lr: 0.0000 (0.0000)  wd: 0.0450 (0.0417)  mom: 0.9921 (0.9920)  last_layer_lr: 0.0000 (0.0000)  current_batch_size: 2.0000 (2.0000)  total_loss: 10.3523 (10.4833)  dino_local_crops_loss: 7.3944 (7.4801)  dino_global_crops_loss: 0.9245 (0.9358)  koleo_loss: -0.0469 (-0.0375)  ibot_loss: 2.0799 (2.1048)  time: 7.693076  data: 4.699532  max mem: 59418Training  [ 1520/20000]  eta: 1 day, 22:01:59  lr: 0.0000 (0.0000)  wd: 0.0450 (0.0417)  mom: 0.9921 (0.9920)  last_layer_lr: 0.0000 (0.0000)  current_batch_size: 2.0000 (2.0000)  total_loss: 10.3543 (10.4824)  dino_local_crops_loss: 7.3944 (7.4795)  dino_global_crops_loss: 0.9245 (0.9357)  koleo_loss: -0.0446 (-0.0375)  ibot_loss: 2.0799 (2.1047)  time: 7.925073  data: 4.934850  max mem: 59418Training  [ 1530/20000]  eta: 1 day, 22:03:04  lr: 0.0000 (0.0000)  wd: 0.0451 (0.0417)  mom: 0.9921 (0.9920)  last_layer_lr: 0.0000 (0.0000)  current_batch_size: 2.0000 (2.0000)  total_loss: 10.3532 (10.4816)  dino_local_crops_loss: 7.3944 (7.4790)  dino_global_crops_loss: 0.9245 (0.9357)  koleo_loss: -0.0458 (-0.0376)  ibot_loss: 2.0799 (2.1045)  time: 8.525282  data: 5.537211  max mem: 59418Training  [ 1540/20000]  eta: 1 day, 21:58:08  lr: 0.0000 (0.0000)  wd: 0.0452 (0.0418)  mom: 0.9921 (0.9920)  last_layer_lr: 0.0000 (0.0000)  current_batch_size: 2.0000 (2.0000)  total_loss: 10.3540 (10.4808)  dino_local_crops_loss: 7.3944 (7.4784)  dino_global_crops_loss: 0.9245 (0.9356)  koleo_loss: -0.0451 (-0.0376)  ibot_loss: 2.0798 (2.1044)  time: 8.751359  data: 5.747735  max mem: 59418Training  [ 1550/20000]  eta: 1 day, 21:52:06  lr: 0.0000 (0.0000)  wd: 0.0452 (0.0418)  mom: 0.9921 (0.9920)  last_layer_lr: 0.0000 (0.0000)  current_batch_size: 2.0000 (2.0000)  total_loss: 10.3544 (10.4800)  dino_local_crops_loss: 7.3944 (7.4779)  dino_global_crops_loss: 0.9245 (0.9355)  koleo_loss: -0.0443 (-0.0376)  ibot_loss: 2.0799 (2.1042)  time: 6.965959  data: 3.962273  max mem: 59418Training  [ 1560/20000]  eta: 1 day, 21:47:56  lr: 0.0000 (0.0000)  wd: 0.0453 (0.0418)  mom: 0.9921 (0.9920)  last_layer_lr: 0.0000 (0.0000)  current_batch_size: 2.0000 (2.0000)  total_loss: 10.3552 (10.4792)  dino_local_crops_loss: 7.3944 (7.4773)  dino_global_crops_loss: 0.9245 (0.9355)  koleo_loss: -0.0437 (-0.0377)  ibot_loss: 2.0798 (2.1040)  time: 7.136353  data: 4.141433  max mem: 59418Training  [ 1570/20000]  eta: 1 day, 21:49:50  lr: 0.0000 (0.0000)  wd: 0.0454 (0.0418)  mom: 0.9921 (0.9920)  last_layer_lr: 0.0000 (0.0000)  current_batch_size: 2.0000 (2.0000)  total_loss: 10.3547 (10.4784)  dino_local_crops_loss: 7.3943 (7.4768)  dino_global_crops_loss: 0.9244 (0.9354)  koleo_loss: -0.0439 (-0.0377)  ibot_loss: 2.0798 (2.1039)  time: 9.131952  data: 6.137460  max mem: 59418Training  [ 1580/20000]  eta: 1 day, 21:48:13  lr: 0.0000 (0.0000)  wd: 0.0454 (0.0418)  mom: 0.9921 (0.9920)  last_layer_lr: 0.0000 (0.0000)  current_batch_size: 2.0000 (2.0000)  total_loss: 10.3542 (10.4776)  dino_local_crops_loss: 7.3943 (7.4763)  dino_global_crops_loss: 0.9245 (0.9353)  koleo_loss: -0.0449 (-0.0377)  ibot_loss: 2.0799 (2.1037)  time: 9.781753  data: 6.792306  max mem: 59418Training  [ 1590/20000]  eta: 1 day, 21:44:01  lr: 0.0000 (0.0000)  wd: 0.0455 (0.0419)  mom: 0.9921 (0.9920)  last_layer_lr: 0.0000 (0.0000)  current_batch_size: 2.0000 (2.0000)  total_loss: 10.3550 (10.4769)  dino_local_crops_loss: 7.3943 (7.4758)  dino_global_crops_loss: 0.9245 (0.9353)  koleo_loss: -0.0435 (-0.0377)  ibot_loss: 2.0798 (2.1036)  time: 8.217760  data: 5.227967  max mem: 59418Training  [ 1600/20000]  eta: 1 day, 21:43:54  lr: 0.0000 (0.0000)  wd: 0.0456 (0.0419)  mom: 0.9921 (0.9920)  last_layer_lr: 0.0000 (0.0000)  current_batch_size: 2.0000 (2.0000)  total_loss: 10.3549 (10.4761)  dino_local_crops_loss: 7.3943 (7.4753)  dino_global_crops_loss: 0.9244 (0.9352)  koleo_loss: -0.0435 (-0.0378)  ibot_loss: 2.0798 (2.1034)  time: 8.604105  data: 5.615891  max mem: 59418Training  [ 1610/20000]  eta: 1 day, 21:41:28  lr: 0.0000 (0.0000)  wd: 0.0457 (0.0419)  mom: 0.9921 (0.9920)  last_layer_lr: 0.0000 (0.0000)  current_batch_size: 2.0000 (2.0000)  total_loss: 10.3542 (10.4754)  dino_local_crops_loss: 7.3943 (7.4748)  dino_global_crops_loss: 0.9244 (0.9351)  koleo_loss: -0.0446 (-0.0378)  ibot_loss: 2.0798 (2.1033)  time: 9.056662  data: 6.067944  max mem: 59418Training  [ 1620/20000]  eta: 1 day, 21:44:31  lr: 0.0000 (0.0000)  wd: 0.0457 (0.0419)  mom: 0.9921 (0.9920)  last_layer_lr: 0.0000 (0.0000)  current_batch_size: 2.0000 (2.0000)  total_loss: 10.3524 (10.4746)  dino_local_crops_loss: 7.3943 (7.4743)  dino_global_crops_loss: 0.9244 (0.9351)  koleo_loss: -0.0463 (-0.0379)  ibot_loss: 2.0798 (2.1031)  time: 9.898936  data: 6.909364  max mem: 59418Training  [ 1630/20000]  eta: 1 day, 21:36:09  lr: 0.0000 (0.0000)  wd: 0.0458 (0.0420)  mom: 0.9921 (0.9920)  last_layer_lr: 0.0000 (0.0000)  current_batch_size: 2.0000 (2.0000)  total_loss: 10.3512 (10.4739)  dino_local_crops_loss: 7.3943 (7.4738)  dino_global_crops_loss: 0.9244 (0.9350)  koleo_loss: -0.0477 (-0.0379)  ibot_loss: 2.0798 (2.1030)  time: 8.322677  data: 5.333985  max mem: 59418Training  [ 1640/20000]  eta: 1 day, 21:32:44  lr: 0.0000 (0.0000)  wd: 0.0459 (0.0420)  mom: 0.9921 (0.9920)  last_layer_lr: 0.0000 (0.0000)  current_batch_size: 2.0000 (2.0000)  total_loss: 10.3505 (10.4731)  dino_local_crops_loss: 7.3942 (7.4733)  dino_global_crops_loss: 0.9244 (0.9349)  koleo_loss: -0.0479 (-0.0380)  ibot_loss: 2.0798 (2.1029)  time: 6.601207  data: 3.611731  max mem: 59418Training  [ 1650/20000]  eta: 1 day, 21:31:22  lr: 0.0000 (0.0000)  wd: 0.0459 (0.0420)  mom: 0.9921 (0.9920)  last_layer_lr: 0.0000 (0.0000)  current_batch_size: 2.0000 (2.0000)  total_loss: 10.3530 (10.4724)  dino_local_crops_loss: 7.3942 (7.4728)  dino_global_crops_loss: 0.9244 (0.9349)  koleo_loss: -0.0451 (-0.0380)  ibot_loss: 2.0797 (2.1027)  time: 8.450956  data: 5.459371  max mem: 59418Training  [ 1660/20000]  eta: 1 day, 21:27:11  lr: 0.0000 (0.0000)  wd: 0.0460 (0.0420)  mom: 0.9921 (0.9920)  last_layer_lr: 0.0000 (0.0000)  current_batch_size: 2.0000 (2.0000)  total_loss: 10.3525 (10.4717)  dino_local_crops_loss: 7.3942 (7.4723)  dino_global_crops_loss: 0.9244 (0.9348)  koleo_loss: -0.0459 (-0.0381)  ibot_loss: 2.0798 (2.1026)  time: 8.230775  data: 5.239255  max mem: 59418Training  [ 1670/20000]  eta: 1 day, 21:28:01  lr: 0.0000 (0.0000)  wd: 0.0461 (0.0421)  mom: 0.9921 (0.9920)  last_layer_lr: 0.0000 (0.0000)  current_batch_size: 2.0000 (2.0000)  total_loss: 10.3513 (10.4710)  dino_local_crops_loss: 7.3942 (7.4719)  dino_global_crops_loss: 0.9244 (0.9347)  koleo_loss: -0.0471 (-0.0381)  ibot_loss: 2.0798 (2.1024)  time: 8.827055  data: 5.837385  max mem: 59418Training  [ 1680/20000]  eta: 1 day, 21:23:42  lr: 0.0000 (0.0000)  wd: 0.0462 (0.0421)  mom: 0.9921 (0.9920)  last_layer_lr: 0.0000 (0.0000)  current_batch_size: 2.0000 (2.0000)  total_loss: 10.3510 (10.4703)  dino_local_crops_loss: 7.3942 (7.4714)  dino_global_crops_loss: 0.9244 (0.9347)  koleo_loss: -0.0473 (-0.0381)  ibot_loss: 2.0798 (2.1023)  time: 8.780416  data: 5.784371  max mem: 59418Training  [ 1690/20000]  eta: 1 day, 21:23:03  lr: 0.0000 (0.0000)  wd: 0.0462 (0.0421)  mom: 0.9921 (0.9920)  last_layer_lr: 0.0000 (0.0000)  current_batch_size: 2.0000 (2.0000)  total_loss: 10.3532 (10.4696)  dino_local_crops_loss: 7.3942 (7.4710)  dino_global_crops_loss: 0.9244 (0.9346)  koleo_loss: -0.0452 (-0.0381)  ibot_loss: 2.0798 (2.1022)  time: 8.378370  data: 5.371848  max mem: 59418Training  [ 1700/20000]  eta: 1 day, 21:20:14  lr: 0.0000 (0.0000)  wd: 0.0463 (0.0421)  mom: 0.9921 (0.9920)  last_layer_lr: 0.0000 (0.0000)  current_batch_size: 2.0000 (2.0000)  total_loss: 10.3558 (10.4689)  dino_local_crops_loss: 7.3942 (7.4705)  dino_global_crops_loss: 0.9245 (0.9346)  koleo_loss: -0.0429 (-0.0382)  ibot_loss: 2.0798 (2.1020)  time: 8.782389  data: 5.781906  max mem: 59418Training  [ 1710/20000]  eta: 1 day, 21:20:59  lr: 0.0000 (0.0000)  wd: 0.0464 (0.0422)  mom: 0.9921 (0.9920)  last_layer_lr: 0.0000 (0.0000)  current_batch_size: 2.0000 (2.0000)  total_loss: 10.3558 (10.4683)  dino_local_crops_loss: 7.3943 (7.4701)  dino_global_crops_loss: 0.9245 (0.9345)  koleo_loss: -0.0429 (-0.0382)  ibot_loss: 2.0798 (2.1019)  time: 9.175406  data: 6.185386  max mem: 59418Training  [ 1720/20000]  eta: 1 day, 21:14:27  lr: 0.0000 (0.0000)  wd: 0.0465 (0.0422)  mom: 0.9921 (0.9920)  last_layer_lr: 0.0000 (0.0000)  current_batch_size: 2.0000 (2.0000)  total_loss: 10.3521 (10.4676)  dino_local_crops_loss: 7.3943 (7.4696)  dino_global_crops_loss: 0.9245 (0.9344)  koleo_loss: -0.0463 (-0.0382)  ibot_loss: 2.0798 (2.1018)  time: 8.127028  data: 5.138568  max mem: 59418Training  [ 1730/20000]  eta: 1 day, 21:15:09  lr: 0.0000 (0.0000)  wd: 0.0465 (0.0422)  mom: 0.9921 (0.9920)  last_layer_lr: 0.0000 (0.0000)  current_batch_size: 2.0000 (2.0000)  total_loss: 10.3531 (10.4670)  dino_local_crops_loss: 7.3942 (7.4692)  dino_global_crops_loss: 0.9244 (0.9344)  koleo_loss: -0.0451 (-0.0383)  ibot_loss: 2.0798 (2.1017)  time: 8.118303  data: 5.129845  max mem: 59418Training  [ 1740/20000]  eta: 1 day, 21:11:05  lr: 0.0000 (0.0000)  wd: 0.0466 (0.0422)  mom: 0.9921 (0.9920)  last_layer_lr: 0.0000 (0.0000)  current_batch_size: 2.0000 (2.0000)  total_loss: 10.3554 (10.4663)  dino_local_crops_loss: 7.3941 (7.4688)  dino_global_crops_loss: 0.9244 (0.9343)  koleo_loss: -0.0428 (-0.0383)  ibot_loss: 2.0797 (2.1015)  time: 8.793474  data: 5.800792  max mem: 59418Training  [ 1750/20000]  eta: 1 day, 21:08:52  lr: 0.0000 (0.0000)  wd: 0.0467 (0.0423)  mom: 0.9921 (0.9921)  last_layer_lr: 0.0000 (0.0000)  current_batch_size: 2.0000 (2.0000)  total_loss: 10.3538 (10.4657)  dino_local_crops_loss: 7.3941 (7.4683)  dino_global_crops_loss: 0.9244 (0.9343)  koleo_loss: -0.0445 (-0.0383)  ibot_loss: 2.0797 (2.1014)  time: 7.959115  data: 4.966066  max mem: 59418Training  [ 1760/20000]  eta: 1 day, 21:04:28  lr: 0.0000 (0.0000)  wd: 0.0468 (0.0423)  mom: 0.9922 (0.9921)  last_layer_lr: 0.0000 (0.0000)  current_batch_size: 2.0000 (2.0000)  total_loss: 10.3520 (10.4651)  dino_local_crops_loss: 7.3941 (7.4679)  dino_global_crops_loss: 0.9244 (0.9342)  koleo_loss: -0.0465 (-0.0383)  ibot_loss: 2.0796 (2.1013)  time: 7.851660  data: 4.840154  max mem: 59418Training  [ 1770/20000]  eta: 1 day, 21:05:38  lr: 0.0000 (0.0000)  wd: 0.0468 (0.0423)  mom: 0.9922 (0.9921)  last_layer_lr: 0.0000 (0.0000)  current_batch_size: 2.0000 (2.0000)  total_loss: 10.3528 (10.4644)  dino_local_crops_loss: 7.3941 (7.4675)  dino_global_crops_loss: 0.9244 (0.9342)  koleo_loss: -0.0453 (-0.0384)  ibot_loss: 2.0796 (2.1012)  time: 8.828905  data: 5.817421  max mem: 59418Training  [ 1780/20000]  eta: 1 day, 20:59:13  lr: 0.0000 (0.0000)  wd: 0.0469 (0.0423)  mom: 0.9922 (0.9921)  last_layer_lr: 0.0000 (0.0000)  current_batch_size: 2.0000 (2.0000)  total_loss: 10.3513 (10.4638)  dino_local_crops_loss: 7.3941 (7.4671)  dino_global_crops_loss: 0.9244 (0.9341)  koleo_loss: -0.0469 (-0.0384)  ibot_loss: 2.0797 (2.1010)  time: 8.229536  data: 5.239609  max mem: 59418Training  [ 1790/20000]  eta: 1 day, 21:00:52  lr: 0.0000 (0.0000)  wd: 0.0470 (0.0424)  mom: 0.9922 (0.9921)  last_layer_lr: 0.0000 (0.0000)  current_batch_size: 2.0000 (2.0000)  total_loss: 10.3537 (10.4632)  dino_local_crops_loss: 7.3941 (7.4667)  dino_global_crops_loss: 0.9244 (0.9340)  koleo_loss: -0.0443 (-0.0384)  ibot_loss: 2.0797 (2.1009)  time: 8.374245  data: 5.384068  max mem: 59418Training  [ 1800/20000]  eta: 1 day, 20:57:03  lr: 0.0000 (0.0000)  wd: 0.0471 (0.0424)  mom: 0.9922 (0.9921)  last_layer_lr: 0.0000 (0.0000)  current_batch_size: 2.0000 (2.0000)  total_loss: 10.3533 (10.4626)  dino_local_crops_loss: 7.3941 (7.4663)  dino_global_crops_loss: 0.9244 (0.9340)  koleo_loss: -0.0449 (-0.0385)  ibot_loss: 2.0797 (2.1008)  time: 9.125484  data: 6.136296  max mem: 59418Training  [ 1810/20000]  eta: 1 day, 20:56:52  lr: 0.0000 (0.0000)  wd: 0.0471 (0.0424)  mom: 0.9922 (0.9921)  last_layer_lr: 0.0000 (0.0000)  current_batch_size: 2.0000 (2.0000)  total_loss: 10.3509 (10.4620)  dino_local_crops_loss: 7.3941 (7.4659)  dino_global_crops_loss: 0.9244 (0.9339)  koleo_loss: -0.0473 (-0.0385)  ibot_loss: 2.0797 (2.1007)  time: 8.590233  data: 5.601693  max mem: 59418Training  [ 1820/20000]  eta: 1 day, 20:52:28  lr: 0.0000 (0.0000)  wd: 0.0472 (0.0424)  mom: 0.9922 (0.9921)  last_layer_lr: 0.0000 (0.0000)  current_batch_size: 2.0000 (2.0000)  total_loss: 10.3521 (10.4614)  dino_local_crops_loss: 7.3940 (7.4655)  dino_global_crops_loss: 0.9244 (0.9339)  koleo_loss: -0.0461 (-0.0385)  ibot_loss: 2.0797 (2.1006)  time: 8.402738  data: 5.413823  max mem: 59418Training  [ 1830/20000]  eta: 1 day, 20:52:12  lr: 0.0000 (0.0000)  wd: 0.0473 (0.0425)  mom: 0.9922 (0.9921)  last_layer_lr: 0.0000 (0.0000)  current_batch_size: 2.0000 (2.0000)  total_loss: 10.3521 (10.4608)  dino_local_crops_loss: 7.3941 (7.4651)  dino_global_crops_loss: 0.9244 (0.9338)  koleo_loss: -0.0461 (-0.0386)  ibot_loss: 2.0797 (2.1005)  time: 8.386130  data: 5.395429  max mem: 59418Training  [ 1840/20000]  eta: 1 day, 20:49:04  lr: 0.0000 (0.0000)  wd: 0.0474 (0.0425)  mom: 0.9922 (0.9921)  last_layer_lr: 0.0000 (0.0000)  current_batch_size: 2.0000 (2.0000)  total_loss: 10.3495 (10.4602)  dino_local_crops_loss: 7.3941 (7.4647)  dino_global_crops_loss: 0.9244 (0.9338)  koleo_loss: -0.0486 (-0.0386)  ibot_loss: 2.0797 (2.1004)  time: 8.753213  data: 5.763515  max mem: 59418Training  [ 1850/20000]  eta: 1 day, 20:48:44  lr: 0.0000 (0.0000)  wd: 0.0475 (0.0425)  mom: 0.9922 (0.9921)  last_layer_lr: 0.0000 (0.0000)  current_batch_size: 2.0000 (2.0000)  total_loss: 10.3482 (10.4596)  dino_local_crops_loss: 7.3941 (7.4643)  dino_global_crops_loss: 0.9243 (0.9337)  koleo_loss: -0.0499 (-0.0387)  ibot_loss: 2.0796 (2.1002)  time: 8.732709  data: 5.744196  max mem: 59418Training  [ 1860/20000]  eta: 1 day, 20:45:30  lr: 0.0000 (0.0000)  wd: 0.0475 (0.0426)  mom: 0.9922 (0.9921)  last_layer_lr: 0.0000 (0.0000)  current_batch_size: 2.0000 (2.0000)  total_loss: 10.3484 (10.4590)  dino_local_crops_loss: 7.3941 (7.4639)  dino_global_crops_loss: 0.9243 (0.9337)  koleo_loss: -0.0496 (-0.0387)  ibot_loss: 2.0796 (2.1001)  time: 8.697760  data: 5.702605  max mem: 59418Training  [ 1870/20000]  eta: 1 day, 20:45:09  lr: 0.0000 (0.0000)  wd: 0.0476 (0.0426)  mom: 0.9922 (0.9921)  last_layer_lr: 0.0000 (0.0000)  current_batch_size: 2.0000 (2.0000)  total_loss: 10.3532 (10.4585)  dino_local_crops_loss: 7.3941 (7.4636)  dino_global_crops_loss: 0.9243 (0.9336)  koleo_loss: -0.0449 (-0.0387)  ibot_loss: 2.0797 (2.1000)  time: 8.698090  data: 5.703031  max mem: 59418Training  [ 1880/20000]  eta: 1 day, 20:40:13  lr: 0.0000 (0.0000)  wd: 0.0477 (0.0426)  mom: 0.9922 (0.9921)  last_layer_lr: 0.0000 (0.0000)  current_batch_size: 2.0000 (2.0000)  total_loss: 10.3532 (10.4579)  dino_local_crops_loss: 7.3941 (7.4632)  dino_global_crops_loss: 0.9244 (0.9336)  koleo_loss: -0.0449 (-0.0387)  ibot_loss: 2.0797 (2.0999)  time: 8.161929  data: 5.173734  max mem: 59418Training  [ 1890/20000]  eta: 1 day, 20:40:27  lr: 0.0000 (0.0000)  wd: 0.0478 (0.0426)  mom: 0.9922 (0.9921)  last_layer_lr: 0.0000 (0.0000)  current_batch_size: 2.0000 (2.0000)  total_loss: 10.3539 (10.4574)  dino_local_crops_loss: 7.3941 (7.4628)  dino_global_crops_loss: 0.9244 (0.9335)  koleo_loss: -0.0446 (-0.0388)  ibot_loss: 2.0797 (2.0998)  time: 8.341479  data: 5.353187  max mem: 59418Training  [ 1900/20000]  eta: 1 day, 20:37:06  lr: 0.0000 (0.0000)  wd: 0.0479 (0.0427)  mom: 0.9922 (0.9921)  last_layer_lr: 0.0000 (0.0000)  current_batch_size: 2.0000 (2.0000)  total_loss: 10.3545 (10.4569)  dino_local_crops_loss: 7.3941 (7.4625)  dino_global_crops_loss: 0.9244 (0.9335)  koleo_loss: -0.0437 (-0.0388)  ibot_loss: 2.0798 (2.0997)  time: 8.824442  data: 5.834633  max mem: 59418Training  [ 1910/20000]  eta: 1 day, 20:39:27  lr: 0.0000 (0.0000)  wd: 0.0480 (0.0427)  mom: 0.9922 (0.9921)  last_layer_lr: 0.0000 (0.0000)  current_batch_size: 2.0000 (2.0000)  total_loss: 10.3575 (10.4563)  dino_local_crops_loss: 7.3940 (7.4621)  dino_global_crops_loss: 0.9244 (0.9334)  koleo_loss: -0.0405 (-0.0388)  ibot_loss: 2.0797 (2.0996)  time: 9.500855  data: 6.511803  max mem: 59418Training  [ 1920/20000]  eta: 1 day, 20:39:42  lr: 0.0000 (0.0000)  wd: 0.0480 (0.0427)  mom: 0.9922 (0.9921)  last_layer_lr: 0.0000 (0.0000)  current_batch_size: 2.0000 (2.0000)  total_loss: 10.3525 (10.4558)  dino_local_crops_loss: 7.3940 (7.4618)  dino_global_crops_loss: 0.9244 (0.9334)  koleo_loss: -0.0457 (-0.0388)  ibot_loss: 2.0797 (2.0995)  time: 10.647574  data: 7.659943  max mem: 59418Training  [ 1930/20000]  eta: 1 day, 20:42:28  lr: 0.0000 (0.0000)  wd: 0.0481 (0.0427)  mom: 0.9922 (0.9921)  last_layer_lr: 0.0000 (0.0000)  current_batch_size: 2.0000 (2.0000)  total_loss: 10.3518 (10.4553)  dino_local_crops_loss: 7.3940 (7.4614)  dino_global_crops_loss: 0.9244 (0.9333)  koleo_loss: -0.0463 (-0.0389)  ibot_loss: 2.0797 (2.0994)  time: 10.803776  data: 7.809187  max mem: 59418Training  [ 1940/20000]  eta: 1 day, 20:38:10  lr: 0.0000 (0.0000)  wd: 0.0482 (0.0428)  mom: 0.9922 (0.9921)  last_layer_lr: 0.0000 (0.0000)  current_batch_size: 2.0000 (2.0000)  total_loss: 10.3539 (10.4548)  dino_local_crops_loss: 7.3940 (7.4611)  dino_global_crops_loss: 0.9243 (0.9333)  koleo_loss: -0.0439 (-0.0389)  ibot_loss: 2.0796 (2.0993)  time: 9.353403  data: 6.358058  max mem: 59418Training  [ 1950/20000]  eta: 1 day, 20:34:32  lr: 0.0000 (0.0000)  wd: 0.0483 (0.0428)  mom: 0.9922 (0.9921)  last_layer_lr: 0.0000 (0.0000)  current_batch_size: 2.0000 (2.0000)  total_loss: 10.3537 (10.4543)  dino_local_crops_loss: 7.3940 (7.4607)  dino_global_crops_loss: 0.9243 (0.9333)  koleo_loss: -0.0444 (-0.0389)  ibot_loss: 2.0796 (2.0992)  time: 7.296976  data: 4.308853  max mem: 59418Training  [ 1960/20000]  eta: 1 day, 20:33:23  lr: 0.0000 (0.0000)  wd: 0.0484 (0.0428)  mom: 0.9922 (0.9921)  last_layer_lr: 0.0000 (0.0000)  current_batch_size: 2.0000 (2.0000)  total_loss: 10.3508 (10.4537)  dino_local_crops_loss: 7.3941 (7.4604)  dino_global_crops_loss: 0.9244 (0.9332)  koleo_loss: -0.0474 (-0.0389)  ibot_loss: 2.0797 (2.0991)  time: 8.304454  data: 5.312699  max mem: 59418Training  [ 1970/20000]  eta: 1 day, 20:29:27  lr: 0.0000 (0.0000)  wd: 0.0485 (0.0429)  mom: 0.9922 (0.9921)  last_layer_lr: 0.0000 (0.0000)  current_batch_size: 2.0000 (2.0000)  total_loss: 10.3492 (10.4532)  dino_local_crops_loss: 7.3941 (7.4600)  dino_global_crops_loss: 0.9244 (0.9332)  koleo_loss: -0.0490 (-0.0390)  ibot_loss: 2.0797 (2.0990)  time: 8.198713  data: 5.192116  max mem: 59418Training  [ 1980/20000]  eta: 1 day, 20:28:04  lr: 0.0000 (0.0000)  wd: 0.0485 (0.0429)  mom: 0.9922 (0.9921)  last_layer_lr: 0.0000 (0.0000)  current_batch_size: 2.0000 (2.0000)  total_loss: 10.3503 (10.4527)  dino_local_crops_loss: 7.3940 (7.4597)  dino_global_crops_loss: 0.9244 (0.9331)  koleo_loss: -0.0478 (-0.0390)  ibot_loss: 2.0797 (2.0989)  time: 8.115248  data: 5.111222  max mem: 59418Training  [ 1990/20000]  eta: 1 day, 20:21:45  lr: 0.0000 (0.0000)  wd: 0.0486 (0.0429)  mom: 0.9922 (0.9921)  last_layer_lr: 0.0000 (0.0000)  current_batch_size: 2.0000 (2.0000)  total_loss: 10.3531 (10.4522)  dino_local_crops_loss: 7.3940 (7.4594)  dino_global_crops_loss: 0.9243 (0.9331)  koleo_loss: -0.0451 (-0.0390)  ibot_loss: 2.0797 (2.0988)  time: 7.309340  data: 4.308974  max mem: 59418Training  [ 2000/20000]  eta: 1 day, 20:20:08  lr: 0.0000 (0.0000)  wd: 0.0487 (0.0429)  mom: 0.9922 (0.9921)  last_layer_lr: 0.0000 (0.0000)  current_batch_size: 2.0000 (2.0000)  total_loss: 10.3540 (10.4517)  dino_local_crops_loss: 7.3940 (7.4591)  dino_global_crops_loss: 0.9244 (0.9330)  koleo_loss: -0.0443 (-0.0391)  ibot_loss: 2.0796 (2.0987)  time: 7.223975  data: 4.223852  max mem: 59418Training  [ 2010/20000]  eta: 1 day, 20:19:08  lr: 0.0000 (0.0000)  wd: 0.0488 (0.0430)  mom: 0.9922 (0.9921)  last_layer_lr: 0.0000 (0.0000)  current_batch_size: 2.0000 (2.0000)  total_loss: 10.3527 (10.4512)  dino_local_crops_loss: 7.3941 (7.4587)  dino_global_crops_loss: 0.9244 (0.9330)  koleo_loss: -0.0454 (-0.0391)  ibot_loss: 2.0797 (2.0986)  time: 8.981603  data: 5.991859  max mem: 59418Training  [ 2020/20000]  eta: 1 day, 20:18:37  lr: 0.0000 (0.0000)  wd: 0.0489 (0.0430)  mom: 0.9922 (0.9921)  last_layer_lr: 0.0000 (0.0000)  current_batch_size: 2.0000 (2.0000)  total_loss: 10.3527 (10.4507)  dino_local_crops_loss: 7.3941 (7.4584)  dino_global_crops_loss: 0.9243 (0.9329)  koleo_loss: -0.0454 (-0.0391)  ibot_loss: 2.0797 (2.0985)  time: 9.353708  data: 6.364730  max mem: 59418Training  [ 2030/20000]  eta: 1 day, 20:17:56  lr: 0.0000 (0.0000)  wd: 0.0490 (0.0430)  mom: 0.9922 (0.9921)  last_layer_lr: 0.0000 (0.0000)  current_batch_size: 2.0000 (2.0000)  total_loss: 10.3521 (10.4503)  dino_local_crops_loss: 7.3940 (7.4581)  dino_global_crops_loss: 0.9243 (0.9329)  koleo_loss: -0.0461 (-0.0391)  ibot_loss: 2.0796 (2.0984)  time: 9.462984  data: 6.475111  max mem: 59418Training  [ 2040/20000]  eta: 1 day, 20:14:45  lr: 0.0000 (0.0000)  wd: 0.0491 (0.0431)  mom: 0.9922 (0.9921)  last_layer_lr: 0.0000 (0.0000)  current_batch_size: 2.0000 (2.0000)  total_loss: 10.3517 (10.4498)  dino_local_crops_loss: 7.3940 (7.4578)  dino_global_crops_loss: 0.9243 (0.9329)  koleo_loss: -0.0463 (-0.0392)  ibot_loss: 2.0796 (2.0983)  time: 8.563490  data: 5.574195  max mem: 59418Training  [ 2050/20000]  eta: 1 day, 20:13:38  lr: 0.0000 (0.0000)  wd: 0.0492 (0.0431)  mom: 0.9922 (0.9921)  last_layer_lr: 0.0000 (0.0000)  current_batch_size: 2.0000 (2.0000)  total_loss: 10.3513 (10.4493)  dino_local_crops_loss: 7.3941 (7.4575)  dino_global_crops_loss: 0.9243 (0.9328)  koleo_loss: -0.0470 (-0.0392)  ibot_loss: 2.0796 (2.0982)  time: 8.417311  data: 5.427417  max mem: 59418Training  [ 2060/20000]  eta: 1 day, 20:07:10  lr: 0.0000 (0.0000)  wd: 0.0493 (0.0431)  mom: 0.9922 (0.9921)  last_layer_lr: 0.0000 (0.0000)  current_batch_size: 2.0000 (2.0000)  total_loss: 10.3497 (10.4488)  dino_local_crops_loss: 7.3941 (7.4572)  dino_global_crops_loss: 0.9243 (0.9328)  koleo_loss: -0.0483 (-0.0392)  ibot_loss: 2.0796 (2.0981)  time: 7.272057  data: 4.277244  max mem: 59418Training  [ 2070/20000]  eta: 1 day, 20:06:44  lr: 0.0000 (0.0000)  wd: 0.0493 (0.0432)  mom: 0.9922 (0.9921)  last_layer_lr: 0.0000 (0.0000)  current_batch_size: 2.0000 (2.0000)  total_loss: 10.3497 (10.4484)  dino_local_crops_loss: 7.3940 (7.4569)  dino_global_crops_loss: 0.9243 (0.9327)  koleo_loss: -0.0482 (-0.0393)  ibot_loss: 2.0796 (2.0981)  time: 7.502213  data: 4.507726  max mem: 59418Training  [ 2080/20000]  eta: 1 day, 20:04:19  lr: 0.0000 (0.0000)  wd: 0.0494 (0.0432)  mom: 0.9922 (0.9921)  last_layer_lr: 0.0000 (0.0000)  current_batch_size: 2.0000 (2.0000)  total_loss: 10.3497 (10.4479)  dino_local_crops_loss: 7.3939 (7.4566)  dino_global_crops_loss: 0.9243 (0.9327)  koleo_loss: -0.0482 (-0.0393)  ibot_loss: 2.0796 (2.0980)  time: 8.891146  data: 5.901277  max mem: 59418Training  [ 2090/20000]  eta: 1 day, 20:05:13  lr: 0.0000 (0.0000)  wd: 0.0495 (0.0432)  mom: 0.9922 (0.9921)  last_layer_lr: 0.0000 (0.0000)  current_batch_size: 2.0000 (2.0000)  total_loss: 10.3513 (10.4475)  dino_local_crops_loss: 7.3940 (7.4563)  dino_global_crops_loss: 0.9243 (0.9327)  koleo_loss: -0.0466 (-0.0393)  ibot_loss: 2.0796 (2.0979)  time: 9.358415  data: 6.353823  max mem: 59418Training  [ 2100/20000]  eta: 1 day, 20:01:27  lr: 0.0000 (0.0000)  wd: 0.0496 (0.0432)  mom: 0.9922 (0.9921)  last_layer_lr: 0.0000 (0.0000)  current_batch_size: 2.0000 (2.0000)  total_loss: 10.3538 (10.4470)  dino_local_crops_loss: 7.3940 (7.4560)  dino_global_crops_loss: 0.9243 (0.9326)  koleo_loss: -0.0441 (-0.0393)  ibot_loss: 2.0796 (2.0978)  time: 8.878987  data: 5.860778  max mem: 59418Training  [ 2110/20000]  eta: 1 day, 19:59:47  lr: 0.0000 (0.0000)  wd: 0.0497 (0.0433)  mom: 0.9922 (0.9921)  last_layer_lr: 0.0000 (0.0000)  current_batch_size: 2.0000 (2.0000)  total_loss: 10.3527 (10.4466)  dino_local_crops_loss: 7.3940 (7.4557)  dino_global_crops_loss: 0.9243 (0.9326)  koleo_loss: -0.0453 (-0.0394)  ibot_loss: 2.0796 (2.0977)  time: 7.985194  data: 4.981750  max mem: 59418Training  [ 2120/20000]  eta: 1 day, 19:56:08  lr: 0.0000 (0.0000)  wd: 0.0498 (0.0433)  mom: 0.9922 (0.9921)  last_layer_lr: 0.0000 (0.0000)  current_batch_size: 2.0000 (2.0000)  total_loss: 10.3503 (10.4461)  dino_local_crops_loss: 7.3940 (7.4554)  dino_global_crops_loss: 0.9243 (0.9325)  koleo_loss: -0.0477 (-0.0394)  ibot_loss: 2.0796 (2.0976)  time: 8.015720  data: 5.025718  max mem: 59418Training  [ 2130/20000]  eta: 1 day, 19:54:23  lr: 0.0000 (0.0000)  wd: 0.0499 (0.0433)  mom: 0.9922 (0.9921)  last_layer_lr: 0.0000 (0.0000)  current_batch_size: 2.0000 (2.0000)  total_loss: 10.3494 (10.4457)  dino_local_crops_loss: 7.3939 (7.4551)  dino_global_crops_loss: 0.9243 (0.9325)  koleo_loss: -0.0485 (-0.0394)  ibot_loss: 2.0796 (2.0975)  time: 7.979062  data: 4.965400  max mem: 59418Training  [ 2140/20000]  eta: 1 day, 19:49:38  lr: 0.0000 (0.0000)  wd: 0.0500 (0.0434)  mom: 0.9922 (0.9921)  last_layer_lr: 0.0000 (0.0000)  current_batch_size: 2.0000 (2.0000)  total_loss: 10.3505 (10.4453)  dino_local_crops_loss: 7.3939 (7.4548)  dino_global_crops_loss: 0.9243 (0.9325)  koleo_loss: -0.0475 (-0.0394)  ibot_loss: 2.0796 (2.0975)  time: 7.569322  data: 4.558182  max mem: 59418Training  [ 2150/20000]  eta: 1 day, 19:49:35  lr: 0.0000 (0.0000)  wd: 0.0501 (0.0434)  mom: 0.9922 (0.9921)  last_layer_lr: 0.0000 (0.0000)  current_batch_size: 2.0000 (2.0000)  total_loss: 10.3511 (10.4448)  dino_local_crops_loss: 7.3939 (7.4545)  dino_global_crops_loss: 0.9243 (0.9324)  koleo_loss: -0.0467 (-0.0395)  ibot_loss: 2.0796 (2.0974)  time: 8.176432  data: 5.189021  max mem: 59418Training  [ 2160/20000]  eta: 1 day, 19:47:04  lr: 0.0000 (0.0000)  wd: 0.0502 (0.0434)  mom: 0.9922 (0.9921)  last_layer_lr: 0.0000 (0.0000)  current_batch_size: 2.0000 (2.0000)  total_loss: 10.3513 (10.4444)  dino_local_crops_loss: 7.3939 (7.4542)  dino_global_crops_loss: 0.9243 (0.9324)  koleo_loss: -0.0466 (-0.0395)  ibot_loss: 2.0796 (2.0973)  time: 8.967032  data: 5.961467  max mem: 59418Training  [ 2170/20000]  eta: 1 day, 19:43:11  lr: 0.0000 (0.0000)  wd: 0.0503 (0.0435)  mom: 0.9922 (0.9921)  last_layer_lr: 0.0000 (0.0000)  current_batch_size: 2.0000 (2.0000)  total_loss: 10.3523 (10.4440)  dino_local_crops_loss: 7.3940 (7.4540)  dino_global_crops_loss: 0.9243 (0.9323)  koleo_loss: -0.0456 (-0.0395)  ibot_loss: 2.0796 (2.0972)  time: 7.576630  data: 4.571365  max mem: 59418Training  [ 2180/20000]  eta: 1 day, 19:40:37  lr: 0.0000 (0.0000)  wd: 0.0504 (0.0435)  mom: 0.9922 (0.9921)  last_layer_lr: 0.0000 (0.0000)  current_batch_size: 2.0000 (2.0000)  total_loss: 10.3525 (10.4436)  dino_local_crops_loss: 7.3940 (7.4537)  dino_global_crops_loss: 0.9243 (0.9323)  koleo_loss: -0.0454 (-0.0395)  ibot_loss: 2.0796 (2.0971)  time: 7.551511  data: 4.545621  max mem: 59418Training  [ 2190/20000]  eta: 1 day, 19:37:57  lr: 0.0000 (0.0000)  wd: 0.0505 (0.0435)  mom: 0.9922 (0.9921)  last_layer_lr: 0.0000 (0.0000)  current_batch_size: 2.0000 (2.0000)  total_loss: 10.3540 (10.4432)  dino_local_crops_loss: 7.3940 (7.4534)  dino_global_crops_loss: 0.9243 (0.9323)  koleo_loss: -0.0439 (-0.0395)  ibot_loss: 2.0796 (2.0970)  time: 7.977866  data: 4.969547  max mem: 59418Training  [ 2200/20000]  eta: 1 day, 19:35:34  lr: 0.0000 (0.0000)  wd: 0.0505 (0.0436)  mom: 0.9922 (0.9921)  last_layer_lr: 0.0000 (0.0000)  current_batch_size: 2.0000 (2.0000)  total_loss: 10.3530 (10.4428)  dino_local_crops_loss: 7.3940 (7.4531)  dino_global_crops_loss: 0.9243 (0.9322)  koleo_loss: -0.0450 (-0.0396)  ibot_loss: 2.0796 (2.0970)  time: 8.043381  data: 5.053241  max mem: 59418Training  [ 2210/20000]  eta: 1 day, 19:34:23  lr: 0.0000 (0.0000)  wd: 0.0506 (0.0436)  mom: 0.9922 (0.9921)  last_layer_lr: 0.0000 (0.0000)  current_batch_size: 2.0000 (2.0000)  total_loss: 10.3527 (10.4424)  dino_local_crops_loss: 7.3939 (7.4529)  dino_global_crops_loss: 0.9243 (0.9322)  koleo_loss: -0.0452 (-0.0396)  ibot_loss: 2.0796 (2.0969)  time: 8.587046  data: 5.595341  max mem: 59418Training  [ 2220/20000]  eta: 1 day, 19:29:51  lr: 0.0000 (0.0000)  wd: 0.0507 (0.0436)  mom: 0.9922 (0.9921)  last_layer_lr: 0.0000 (0.0000)  current_batch_size: 2.0000 (2.0000)  total_loss: 10.3527 (10.4420)  dino_local_crops_loss: 7.3939 (7.4526)  dino_global_crops_loss: 0.9243 (0.9322)  koleo_loss: -0.0452 (-0.0396)  ibot_loss: 2.0796 (2.0968)  time: 7.772689  data: 4.780575  max mem: 59418Training  [ 2230/20000]  eta: 1 day, 19:30:06  lr: 0.0000 (0.0000)  wd: 0.0508 (0.0437)  mom: 0.9922 (0.9921)  last_layer_lr: 0.0000 (0.0000)  current_batch_size: 2.0000 (2.0000)  total_loss: 10.3522 (10.4416)  dino_local_crops_loss: 7.3938 (7.4523)  dino_global_crops_loss: 0.9243 (0.9321)  koleo_loss: -0.0457 (-0.0396)  ibot_loss: 2.0796 (2.0967)  time: 8.314781  data: 5.307026  max mem: 59418Training  [ 2240/20000]  eta: 1 day, 19:25:13  lr: 0.0000 (0.0000)  wd: 0.0509 (0.0437)  mom: 0.9922 (0.9921)  last_layer_lr: 0.0000 (0.0000)  current_batch_size: 2.0000 (2.0000)  total_loss: 10.3513 (10.4412)  dino_local_crops_loss: 7.3938 (7.4521)  dino_global_crops_loss: 0.9243 (0.9321)  koleo_loss: -0.0466 (-0.0396)  ibot_loss: 2.0796 (2.0967)  time: 8.167659  data: 5.160157  max mem: 59418Training  [ 2250/20000]  eta: 1 day, 19:22:28  lr: 0.0000 (0.0000)  wd: 0.0510 (0.0437)  mom: 0.9922 (0.9921)  last_layer_lr: 0.0000 (0.0000)  current_batch_size: 2.0000 (2.0000)  total_loss: 10.3503 (10.4408)  dino_local_crops_loss: 7.3939 (7.4518)  dino_global_crops_loss: 0.9243 (0.9321)  koleo_loss: -0.0474 (-0.0397)  ibot_loss: 2.0796 (2.0966)  time: 7.021716  data: 4.028302  max mem: 59418Training  [ 2260/20000]  eta: 1 day, 19:20:05  lr: 0.0000 (0.0000)  wd: 0.0511 (0.0438)  mom: 0.9922 (0.9921)  last_layer_lr: 0.0000 (0.0000)  current_batch_size: 2.0000 (2.0000)  total_loss: 10.3512 (10.4404)  dino_local_crops_loss: 7.3939 (7.4516)  dino_global_crops_loss: 0.9243 (0.9320)  koleo_loss: -0.0468 (-0.0397)  ibot_loss: 2.0796 (2.0965)  time: 7.957091  data: 4.963710  max mem: 59418Training  [ 2270/20000]  eta: 1 day, 19:16:29  lr: 0.0000 (0.0000)  wd: 0.0512 (0.0438)  mom: 0.9922 (0.9921)  last_layer_lr: 0.0000 (0.0000)  current_batch_size: 2.0000 (2.0000)  total_loss: 10.3530 (10.4400)  dino_local_crops_loss: 7.3938 (7.4513)  dino_global_crops_loss: 0.9243 (0.9320)  koleo_loss: -0.0447 (-0.0397)  ibot_loss: 2.0796 (2.0964)  time: 7.630173  data: 4.603062  max mem: 59418Training  [ 2280/20000]  eta: 1 day, 19:14:09  lr: 0.0000 (0.0000)  wd: 0.0513 (0.0438)  mom: 0.9923 (0.9921)  last_layer_lr: 0.0000 (0.0000)  current_batch_size: 2.0000 (2.0000)  total_loss: 10.3532 (10.4396)  dino_local_crops_loss: 7.3938 (7.4511)  dino_global_crops_loss: 0.9243 (0.9320)  koleo_loss: -0.0448 (-0.0397)  ibot_loss: 2.0796 (2.0964)  time: 7.634799  data: 4.604493  max mem: 59418Training  [ 2290/20000]  eta: 1 day, 19:11:43  lr: 0.0000 (0.0000)  wd: 0.0514 (0.0439)  mom: 0.9923 (0.9921)  last_layer_lr: 0.0000 (0.0000)  current_batch_size: 2.0000 (2.0000)  total_loss: 10.3533 (10.4393)  dino_local_crops_loss: 7.3938 (7.4508)  dino_global_crops_loss: 0.9243 (0.9319)  koleo_loss: -0.0444 (-0.0397)  ibot_loss: 2.0796 (2.0963)  time: 8.069052  data: 5.069805  max mem: 59418Training  [ 2300/20000]  eta: 1 day, 19:10:10  lr: 0.0000 (0.0000)  wd: 0.0515 (0.0439)  mom: 0.9923 (0.9921)  last_layer_lr: 0.0000 (0.0000)  current_batch_size: 2.0000 (2.0000)  total_loss: 10.3524 (10.4389)  dino_local_crops_loss: 7.3939 (7.4506)  dino_global_crops_loss: 0.9243 (0.9319)  koleo_loss: -0.0455 (-0.0398)  ibot_loss: 2.0796 (2.0962)  time: 8.375387  data: 5.377752  max mem: 59418Training  [ 2310/20000]  eta: 1 day, 19:06:15  lr: 0.0000 (0.0000)  wd: 0.0516 (0.0439)  mom: 0.9923 (0.9921)  last_layer_lr: 0.0000 (0.0000)  current_batch_size: 2.0000 (2.0000)  total_loss: 10.3501 (10.4385)  dino_local_crops_loss: 7.3939 (7.4503)  dino_global_crops_loss: 0.9243 (0.9319)  koleo_loss: -0.0477 (-0.0398)  ibot_loss: 2.0796 (2.0961)  time: 7.788133  data: 4.793745  max mem: 59418Training  [ 2320/20000]  eta: 1 day, 19:06:04  lr: 0.0000 (0.0000)  wd: 0.0517 (0.0440)  mom: 0.9923 (0.9921)  last_layer_lr: 0.0000 (0.0000)  current_batch_size: 2.0000 (2.0000)  total_loss: 10.3505 (10.4382)  dino_local_crops_loss: 7.3939 (7.4501)  dino_global_crops_loss: 0.9243 (0.9318)  koleo_loss: -0.0473 (-0.0398)  ibot_loss: 2.0796 (2.0961)  time: 8.317940  data: 5.325253  max mem: 59418Training  [ 2330/20000]  eta: 1 day, 19:03:03  lr: 0.0000 (0.0000)  wd: 0.0518 (0.0440)  mom: 0.9923 (0.9921)  last_layer_lr: 0.0000 (0.0000)  current_batch_size: 2.0000 (2.0000)  total_loss: 10.3502 (10.4378)  dino_local_crops_loss: 7.3939 (7.4498)  dino_global_crops_loss: 0.9243 (0.9318)  koleo_loss: -0.0475 (-0.0398)  ibot_loss: 2.0796 (2.0960)  time: 8.660691  data: 5.671268  max mem: 59418Training  [ 2340/20000]  eta: 1 day, 19:03:20  lr: 0.0000 (0.0000)  wd: 0.0519 (0.0440)  mom: 0.9923 (0.9921)  last_layer_lr: 0.0000 (0.0000)  current_batch_size: 2.0000 (2.0000)  total_loss: 10.3530 (10.4374)  dino_local_crops_loss: 7.3939 (7.4496)  dino_global_crops_loss: 0.9243 (0.9318)  koleo_loss: -0.0448 (-0.0398)  ibot_loss: 2.0796 (2.0959)  time: 8.849101  data: 5.841015  max mem: 59418Training  [ 2350/20000]  eta: 1 day, 18:58:43  lr: 0.0000 (0.0000)  wd: 0.0520 (0.0441)  mom: 0.9923 (0.9921)  last_layer_lr: 0.0000 (0.0000)  current_batch_size: 2.0000 (2.0000)  total_loss: 10.3523 (10.4371)  dino_local_crops_loss: 7.3939 (7.4494)  dino_global_crops_loss: 0.9244 (0.9317)  koleo_loss: -0.0456 (-0.0399)  ibot_loss: 2.0796 (2.0959)  time: 8.205042  data: 5.197384  max mem: 59418Training  [ 2360/20000]  eta: 1 day, 18:58:57  lr: 0.0000 (0.0000)  wd: 0.0521 (0.0441)  mom: 0.9923 (0.9921)  last_layer_lr: 0.0000 (0.0000)  current_batch_size: 2.0000 (2.0000)  total_loss: 10.3508 (10.4367)  dino_local_crops_loss: 7.3939 (7.4491)  dino_global_crops_loss: 0.9243 (0.9317)  koleo_loss: -0.0468 (-0.0399)  ibot_loss: 2.0796 (2.0958)  time: 8.194948  data: 5.198586  max mem: 59418Training  [ 2370/20000]  eta: 1 day, 18:54:16  lr: 0.0000 (0.0000)  wd: 0.0522 (0.0441)  mom: 0.9923 (0.9921)  last_layer_lr: 0.0000 (0.0000)  current_batch_size: 2.0000 (2.0000)  total_loss: 10.3508 (10.4364)  dino_local_crops_loss: 7.3939 (7.4489)  dino_global_crops_loss: 0.9243 (0.9317)  koleo_loss: -0.0468 (-0.0399)  ibot_loss: 2.0796 (2.0957)  time: 8.149606  data: 5.151380  max mem: 59418Training  [ 2380/20000]  eta: 1 day, 18:52:30  lr: 0.0000 (0.0000)  wd: 0.0523 (0.0442)  mom: 0.9923 (0.9921)  last_layer_lr: 0.0000 (0.0000)  current_batch_size: 2.0000 (2.0000)  total_loss: 10.3556 (10.4361)  dino_local_crops_loss: 7.3939 (7.4487)  dino_global_crops_loss: 0.9243 (0.9316)  koleo_loss: -0.0422 (-0.0399)  ibot_loss: 2.0796 (2.0957)  time: 7.342825  data: 4.332596  max mem: 59418Training  [ 2390/20000]  eta: 1 day, 18:52:22  lr: 0.0000 (0.0000)  wd: 0.0524 (0.0442)  mom: 0.9923 (0.9921)  last_layer_lr: 0.0000 (0.0000)  current_batch_size: 2.0000 (2.0000)  total_loss: 10.3544 (10.4357)  dino_local_crops_loss: 7.3939 (7.4484)  dino_global_crops_loss: 0.9243 (0.9316)  koleo_loss: -0.0434 (-0.0399)  ibot_loss: 2.0796 (2.0956)  time: 9.181098  data: 6.172137  max mem: 59418Training  [ 2400/20000]  eta: 1 day, 18:49:31  lr: 0.0000 (0.0000)  wd: 0.0525 (0.0442)  mom: 0.9923 (0.9921)  last_layer_lr: 0.0000 (0.0000)  current_batch_size: 2.0000 (2.0000)  total_loss: 10.3487 (10.4353)  dino_local_crops_loss: 7.3939 (7.4482)  dino_global_crops_loss: 0.9243 (0.9316)  koleo_loss: -0.0491 (-0.0400)  ibot_loss: 2.0796 (2.0955)  time: 8.734529  data: 5.745468  max mem: 59418Training  [ 2410/20000]  eta: 1 day, 18:48:40  lr: 0.0000 (0.0000)  wd: 0.0526 (0.0443)  mom: 0.9923 (0.9921)  last_layer_lr: 0.0000 (0.0000)  current_batch_size: 2.0000 (2.0000)  total_loss: 10.3503 (10.4350)  dino_local_crops_loss: 7.3939 (7.4480)  dino_global_crops_loss: 0.9243 (0.9315)  koleo_loss: -0.0476 (-0.0400)  ibot_loss: 2.0796 (2.0955)  time: 8.441846  data: 5.454166  max mem: 59418Training  [ 2420/20000]  eta: 1 day, 18:46:38  lr: 0.0000 (0.0000)  wd: 0.0527 (0.0443)  mom: 0.9923 (0.9921)  last_layer_lr: 0.0000 (0.0000)  current_batch_size: 2.0000 (2.0000)  total_loss: 10.3514 (10.4347)  dino_local_crops_loss: 7.3938 (7.4478)  dino_global_crops_loss: 0.9243 (0.9315)  koleo_loss: -0.0465 (-0.0400)  ibot_loss: 2.0796 (2.0954)  time: 8.774893  data: 5.776175  max mem: 59418Training  [ 2430/20000]  eta: 1 day, 18:40:50  lr: 0.0000 (0.0000)  wd: 0.0528 (0.0443)  mom: 0.9923 (0.9921)  last_layer_lr: 0.0000 (0.0000)  current_batch_size: 2.0000 (2.0000)  total_loss: 10.3489 (10.4343)  dino_local_crops_loss: 7.3939 (7.4475)  dino_global_crops_loss: 0.9243 (0.9315)  koleo_loss: -0.0488 (-0.0400)  ibot_loss: 2.0796 (2.0953)  time: 6.721530  data: 3.698512  max mem: 59418Training  [ 2440/20000]  eta: 1 day, 18:39:31  lr: 0.0000 (0.0000)  wd: 0.0530 (0.0444)  mom: 0.9923 (0.9921)  last_layer_lr: 0.0000 (0.0000)  current_batch_size: 2.0000 (2.0000)  total_loss: 10.3509 (10.4340)  dino_local_crops_loss: 7.3939 (7.4473)  dino_global_crops_loss: 0.9243 (0.9315)  koleo_loss: -0.0467 (-0.0400)  ibot_loss: 2.0796 (2.0953)  time: 7.004516  data: 3.984802  max mem: 59418Training  [ 2450/20000]  eta: 1 day, 18:34:47  lr: 0.0000 (0.0000)  wd: 0.0531 (0.0444)  mom: 0.9923 (0.9921)  last_layer_lr: 0.0000 (0.0000)  current_batch_size: 2.0000 (2.0000)  total_loss: 10.3530 (10.4337)  dino_local_crops_loss: 7.3938 (7.4471)  dino_global_crops_loss: 0.9243 (0.9314)  koleo_loss: -0.0445 (-0.0401)  ibot_loss: 2.0796 (2.0952)  time: 7.431773  data: 4.433228  max mem: 59418Training  [ 2460/20000]  eta: 1 day, 18:30:49  lr: 0.0000 (0.0000)  wd: 0.0532 (0.0444)  mom: 0.9923 (0.9921)  last_layer_lr: 0.0000 (0.0000)  current_batch_size: 2.0000 (2.0000)  total_loss: 10.3530 (10.4333)  dino_local_crops_loss: 7.3938 (7.4469)  dino_global_crops_loss: 0.9243 (0.9314)  koleo_loss: -0.0445 (-0.0401)  ibot_loss: 2.0796 (2.0951)  time: 6.316147  data: 3.322036  max mem: 59418Training  [ 2470/20000]  eta: 1 day, 18:29:04  lr: 0.0000 (0.0000)  wd: 0.0533 (0.0445)  mom: 0.9923 (0.9921)  last_layer_lr: 0.0000 (0.0000)  current_batch_size: 2.0000 (2.0000)  total_loss: 10.3540 (10.4330)  dino_local_crops_loss: 7.3938 (7.4467)  dino_global_crops_loss: 0.9243 (0.9314)  koleo_loss: -0.0437 (-0.0401)  ibot_loss: 2.0796 (2.0951)  time: 7.547803  data: 4.557021  max mem: 59418Training  [ 2480/20000]  eta: 1 day, 18:24:27  lr: 0.0000 (0.0000)  wd: 0.0534 (0.0445)  mom: 0.9923 (0.9921)  last_layer_lr: 0.0000 (0.0000)  current_batch_size: 2.0000 (2.0000)  total_loss: 10.3514 (10.4327)  dino_local_crops_loss: 7.3938 (7.4465)  dino_global_crops_loss: 0.9243 (0.9313)  koleo_loss: -0.0462 (-0.0401)  ibot_loss: 2.0796 (2.0950)  time: 7.253287  data: 4.265347  max mem: 59418Training  [ 2490/20000]  eta: 1 day, 18:22:02  lr: 0.0000 (0.0000)  wd: 0.0535 (0.0446)  mom: 0.9923 (0.9921)  last_layer_lr: 0.0000 (0.0000)  current_batch_size: 2.0000 (2.0000)  total_loss: 10.3505 (10.4324)  dino_local_crops_loss: 7.3938 (7.4462)  dino_global_crops_loss: 0.9243 (0.9313)  koleo_loss: -0.0473 (-0.0401)  ibot_loss: 2.0796 (2.0949)  time: 6.963346  data: 3.975400  max mem: 59418Training  [ 2500/20000]  eta: 1 day, 18:22:05  lr: 0.0000 (0.0000)  wd: 0.0536 (0.0446)  mom: 0.9923 (0.9921)  last_layer_lr: 0.0000 (0.0000)  current_batch_size: 2.0000 (2.0000)  total_loss: 10.3524 (10.4320)  dino_local_crops_loss: 7.3939 (7.4460)  dino_global_crops_loss: 0.9243 (0.9313)  koleo_loss: -0.0452 (-0.0402)  ibot_loss: 2.0796 (2.0949)  time: 8.946470  data: 5.958454  max mem: 59418Training  [ 2510/20000]  eta: 1 day, 18:16:03  lr: 0.0000 (0.0000)  wd: 0.0537 (0.0446)  mom: 0.9923 (0.9921)  last_layer_lr: 0.0000 (0.0000)  current_batch_size: 2.0000 (2.0000)  total_loss: 10.3517 (10.4317)  dino_local_crops_loss: 7.3939 (7.4458)  dino_global_crops_loss: 0.9243 (0.9313)  koleo_loss: -0.0460 (-0.0402)  ibot_loss: 2.0796 (2.0948)  time: 7.385509  data: 4.394718  max mem: 59418Training  [ 2520/20000]  eta: 1 day, 18:14:20  lr: 0.0000 (0.0000)  wd: 0.0538 (0.0447)  mom: 0.9923 (0.9921)  last_layer_lr: 0.0000 (0.0000)  current_batch_size: 2.0000 (2.0000)  total_loss: 10.3522 (10.4314)  dino_local_crops_loss: 7.3938 (7.4456)  dino_global_crops_loss: 0.9243 (0.9312)  koleo_loss: -0.0453 (-0.0402)  ibot_loss: 2.0796 (2.0948)  time: 6.615821  data: 3.625508  max mem: 59418Training  [ 2530/20000]  eta: 1 day, 18:10:01  lr: 0.0000 (0.0000)  wd: 0.0539 (0.0447)  mom: 0.9923 (0.9921)  last_layer_lr: 0.0000 (0.0000)  current_batch_size: 2.0000 (2.0000)  total_loss: 10.3530 (10.4311)  dino_local_crops_loss: 7.3938 (7.4454)  dino_global_crops_loss: 0.9243 (0.9312)  koleo_loss: -0.0446 (-0.0402)  ibot_loss: 2.0796 (2.0947)  time: 7.342016  data: 4.353732  max mem: 59418Training  [ 2540/20000]  eta: 1 day, 18:10:27  lr: 0.0000 (0.0000)  wd: 0.0540 (0.0447)  mom: 0.9923 (0.9921)  last_layer_lr: 0.0000 (0.0000)  current_batch_size: 2.0000 (2.0000)  total_loss: 10.3530 (10.4308)  dino_local_crops_loss: 7.3938 (7.4452)  dino_global_crops_loss: 0.9243 (0.9312)  koleo_loss: -0.0446 (-0.0402)  ibot_loss: 2.0796 (2.0946)  time: 8.275106  data: 5.283348  max mem: 59418Training  [ 2550/20000]  eta: 1 day, 18:07:39  lr: 0.0000 (0.0000)  wd: 0.0541 (0.0448)  mom: 0.9923 (0.9921)  last_layer_lr: 0.0000 (0.0000)  current_batch_size: 2.0000 (2.0000)  total_loss: 10.3514 (10.4305)  dino_local_crops_loss: 7.3938 (7.4450)  dino_global_crops_loss: 0.9243 (0.9312)  koleo_loss: -0.0463 (-0.0402)  ibot_loss: 2.0796 (2.0946)  time: 8.920291  data: 5.920630  max mem: 59418Training  [ 2560/20000]  eta: 1 day, 18:06:34  lr: 0.0000 (0.0000)  wd: 0.0542 (0.0448)  mom: 0.9923 (0.9921)  last_layer_lr: 0.0000 (0.0000)  current_batch_size: 2.0000 (2.0000)  total_loss: 10.3503 (10.4302)  dino_local_crops_loss: 7.3938 (7.4448)  dino_global_crops_loss: 0.9243 (0.9311)  koleo_loss: -0.0473 (-0.0403)  ibot_loss: 2.0795 (2.0945)  time: 8.258214  data: 5.246489  max mem: 59418Training  [ 2570/20000]  eta: 1 day, 18:04:52  lr: 0.0000 (0.0000)  wd: 0.0544 (0.0449)  mom: 0.9923 (0.9921)  last_layer_lr: 0.0000 (0.0000)  current_batch_size: 2.0000 (2.0000)  total_loss: 10.3521 (10.4299)  dino_local_crops_loss: 7.3938 (7.4446)  dino_global_crops_loss: 0.9243 (0.9311)  koleo_loss: -0.0455 (-0.0403)  ibot_loss: 2.0795 (2.0945)  time: 8.743345  data: 5.737662  max mem: 59418Training  [ 2580/20000]  eta: 1 day, 18:05:58  lr: 0.0000 (0.0000)  wd: 0.0545 (0.0449)  mom: 0.9923 (0.9921)  last_layer_lr: 0.0000 (0.0000)  current_batch_size: 2.0000 (2.0000)  total_loss: 10.3535 (10.4296)  dino_local_crops_loss: 7.3938 (7.4444)  dino_global_crops_loss: 0.9243 (0.9311)  koleo_loss: -0.0442 (-0.0403)  ibot_loss: 2.0796 (2.0944)  time: 9.716825  data: 6.711164  max mem: 59418Training  [ 2590/20000]  eta: 1 day, 18:02:32  lr: 0.0000 (0.0000)  wd: 0.0546 (0.0449)  mom: 0.9923 (0.9921)  last_layer_lr: 0.0000 (0.0000)  current_batch_size: 2.0000 (2.0000)  total_loss: 10.3522 (10.4293)  dino_local_crops_loss: 7.3939 (7.4442)  dino_global_crops_loss: 0.9243 (0.9310)  koleo_loss: -0.0456 (-0.0403)  ibot_loss: 2.0796 (2.0944)  time: 8.943754  data: 5.928482  max mem: 59418Training  [ 2600/20000]  eta: 1 day, 18:01:47  lr: 0.0000 (0.0000)  wd: 0.0547 (0.0450)  mom: 0.9923 (0.9921)  last_layer_lr: 0.0000 (0.0000)  current_batch_size: 2.0000 (2.0000)  total_loss: 10.3511 (10.4290)  dino_local_crops_loss: 7.3939 (7.4440)  dino_global_crops_loss: 0.9243 (0.9310)  koleo_loss: -0.0466 (-0.0403)  ibot_loss: 2.0796 (2.0943)  time: 8.118357  data: 5.117351  max mem: 59418Training  [ 2610/20000]  eta: 1 day, 17:56:06  lr: 0.0000 (0.0000)  wd: 0.0548 (0.0450)  mom: 0.9923 (0.9921)  last_layer_lr: 0.0000 (0.0000)  current_batch_size: 2.0000 (2.0000)  total_loss: 10.3521 (10.4287)  dino_local_crops_loss: 7.3939 (7.4438)  dino_global_crops_loss: 0.9243 (0.9310)  koleo_loss: -0.0457 (-0.0403)  ibot_loss: 2.0796 (2.0942)  time: 7.095228  data: 4.104022  max mem: 59418Training  [ 2620/20000]  eta: 1 day, 17:54:24  lr: 0.0000 (0.0000)  wd: 0.0549 (0.0450)  mom: 0.9923 (0.9921)  last_layer_lr: 0.0000 (0.0000)  current_batch_size: 2.0000 (2.0000)  total_loss: 10.3499 (10.4284)  dino_local_crops_loss: 7.3939 (7.4436)  dino_global_crops_loss: 0.9243 (0.9310)  koleo_loss: -0.0478 (-0.0404)  ibot_loss: 2.0796 (2.0942)  time: 6.673210  data: 3.681837  max mem: 59418Training  [ 2630/20000]  eta: 1 day, 17:51:53  lr: 0.0000 (0.0000)  wd: 0.0550 (0.0451)  mom: 0.9923 (0.9921)  last_layer_lr: 0.0000 (0.0000)  current_batch_size: 2.0000 (2.0000)  total_loss: 10.3510 (10.4282)  dino_local_crops_loss: 7.3939 (7.4435)  dino_global_crops_loss: 0.9243 (0.9309)  koleo_loss: -0.0468 (-0.0404)  ibot_loss: 2.0796 (2.0941)  time: 8.084734  data: 5.089711  max mem: 59418Training  [ 2640/20000]  eta: 1 day, 17:48:37  lr: 0.0000 (0.0000)  wd: 0.0551 (0.0451)  mom: 0.9923 (0.9921)  last_layer_lr: 0.0000 (0.0000)  current_batch_size: 2.0000 (2.0000)  total_loss: 10.3527 (10.4279)  dino_local_crops_loss: 7.3938 (7.4433)  dino_global_crops_loss: 0.9243 (0.9309)  koleo_loss: -0.0450 (-0.0404)  ibot_loss: 2.0795 (2.0941)  time: 7.355885  data: 4.360957  max mem: 59418Training  [ 2650/20000]  eta: 1 day, 17:46:58  lr: 0.0000 (0.0000)  wd: 0.0553 (0.0452)  mom: 0.9923 (0.9921)  last_layer_lr: 0.0000 (0.0000)  current_batch_size: 2.0000 (2.0000)  total_loss: 10.3524 (10.4276)  dino_local_crops_loss: 7.3938 (7.4431)  dino_global_crops_loss: 0.9243 (0.9309)  koleo_loss: -0.0453 (-0.0404)  ibot_loss: 2.0795 (2.0940)  time: 7.744870  data: 4.755408  max mem: 59418Training  [ 2660/20000]  eta: 1 day, 17:44:07  lr: 0.0000 (0.0000)  wd: 0.0554 (0.0452)  mom: 0.9923 (0.9921)  last_layer_lr: 0.0000 (0.0000)  current_batch_size: 2.0000 (2.0000)  total_loss: 10.3506 (10.4273)  dino_local_crops_loss: 7.3939 (7.4429)  dino_global_crops_loss: 0.9243 (0.9309)  koleo_loss: -0.0471 (-0.0404)  ibot_loss: 2.0795 (2.0940)  time: 7.931317  data: 4.937338  max mem: 59418Training  [ 2670/20000]  eta: 1 day, 17:44:32  lr: 0.0000 (0.0000)  wd: 0.0555 (0.0452)  mom: 0.9923 (0.9921)  last_layer_lr: 0.0000 (0.0000)  current_batch_size: 2.0000 (2.0000)  total_loss: 10.3499 (10.4270)  dino_local_crops_loss: 7.3939 (7.4427)  dino_global_crops_loss: 0.9243 (0.9308)  koleo_loss: -0.0479 (-0.0405)  ibot_loss: 2.0796 (2.0939)  time: 8.880426  data: 5.865798  max mem: 59418Training  [ 2680/20000]  eta: 1 day, 17:42:38  lr: 0.0000 (0.0000)  wd: 0.0556 (0.0453)  mom: 0.9923 (0.9921)  last_layer_lr: 0.0000 (0.0000)  current_batch_size: 2.0000 (2.0000)  total_loss: 10.3522 (10.4267)  dino_local_crops_loss: 7.3939 (7.4425)  dino_global_crops_loss: 0.9243 (0.9308)  koleo_loss: -0.0456 (-0.0405)  ibot_loss: 2.0796 (2.0939)  time: 9.318583  data: 6.310067  max mem: 59418Training  [ 2690/20000]  eta: 1 day, 17:41:42  lr: 0.0000 (0.0000)  wd: 0.0557 (0.0453)  mom: 0.9923 (0.9921)  last_layer_lr: 0.0000 (0.0000)  current_batch_size: 2.0000 (2.0000)  total_loss: 10.3551 (10.4265)  dino_local_crops_loss: 7.3938 (7.4423)  dino_global_crops_loss: 0.9243 (0.9308)  koleo_loss: -0.0428 (-0.0405)  ibot_loss: 2.0796 (2.0938)  time: 8.700455  data: 5.712703  max mem: 59418Training  [ 2700/20000]  eta: 1 day, 17:40:17  lr: 0.0000 (0.0000)  wd: 0.0558 (0.0453)  mom: 0.9924 (0.9921)  last_layer_lr: 0.0000 (0.0000)  current_batch_size: 2.0000 (2.0000)  total_loss: 10.3512 (10.4262)  dino_local_crops_loss: 7.3938 (7.4422)  dino_global_crops_loss: 0.9243 (0.9308)  koleo_loss: -0.0465 (-0.0405)  ibot_loss: 2.0795 (2.0937)  time: 8.924190  data: 5.935214  max mem: 59418Training  [ 2710/20000]  eta: 1 day, 17:42:20  lr: 0.0000 (0.0000)  wd: 0.0559 (0.0454)  mom: 0.9924 (0.9921)  last_layer_lr: 0.0000 (0.0000)  current_batch_size: 2.0000 (2.0000)  total_loss: 10.3527 (10.4260)  dino_local_crops_loss: 7.3939 (7.4420)  dino_global_crops_loss: 0.9243 (0.9307)  koleo_loss: -0.0451 (-0.0405)  ibot_loss: 2.0795 (2.0937)  time: 10.325987  data: 7.338249  max mem: 59418Training  [ 2720/20000]  eta: 1 day, 17:37:42  lr: 0.0000 (0.0000)  wd: 0.0561 (0.0454)  mom: 0.9924 (0.9921)  last_layer_lr: 0.0000 (0.0000)  current_batch_size: 2.0000 (2.0000)  total_loss: 10.3558 (10.4257)  dino_local_crops_loss: 7.3939 (7.4418)  dino_global_crops_loss: 0.9243 (0.9307)  koleo_loss: -0.0421 (-0.0405)  ibot_loss: 2.0796 (2.0936)  time: 8.816504  data: 5.830138  max mem: 59418Training  [ 2730/20000]  eta: 1 day, 17:36:09  lr: 0.0000 (0.0000)  wd: 0.0562 (0.0455)  mom: 0.9924 (0.9921)  last_layer_lr: 0.0000 (0.0000)  current_batch_size: 2.0000 (2.0000)  total_loss: 10.3527 (10.4254)  dino_local_crops_loss: 7.3938 (7.4416)  dino_global_crops_loss: 0.9243 (0.9307)  koleo_loss: -0.0450 (-0.0405)  ibot_loss: 2.0795 (2.0936)  time: 7.125221  data: 4.136265  max mem: 59418Training  [ 2740/20000]  eta: 1 day, 17:33:42  lr: 0.0000 (0.0000)  wd: 0.0563 (0.0455)  mom: 0.9924 (0.9921)  last_layer_lr: 0.0000 (0.0000)  current_batch_size: 2.0000 (2.0000)  total_loss: 10.3503 (10.4252)  dino_local_crops_loss: 7.3938 (7.4415)  dino_global_crops_loss: 0.9243 (0.9307)  koleo_loss: -0.0473 (-0.0405)  ibot_loss: 2.0795 (2.0935)  time: 8.140515  data: 5.135827  max mem: 59418Training  [ 2750/20000]  eta: 1 day, 17:30:39  lr: 0.0000 (0.0000)  wd: 0.0564 (0.0455)  mom: 0.9924 (0.9921)  last_layer_lr: 0.0000 (0.0000)  current_batch_size: 2.0000 (2.0000)  total_loss: 10.3506 (10.4249)  dino_local_crops_loss: 7.3938 (7.4413)  dino_global_crops_loss: 0.9243 (0.9307)  koleo_loss: -0.0470 (-0.0405)  ibot_loss: 2.0795 (2.0935)  time: 7.420650  data: 4.415461  max mem: 59418Training  [ 2760/20000]  eta: 1 day, 17:25:50  lr: 0.0000 (0.0000)  wd: 0.0565 (0.0456)  mom: 0.9924 (0.9921)  last_layer_lr: 0.0000 (0.0000)  current_batch_size: 2.0000 (2.0000)  total_loss: 10.3503 (10.4246)  dino_local_crops_loss: 7.3938 (7.4411)  dino_global_crops_loss: 0.9243 (0.9306)  koleo_loss: -0.0475 (-0.0405)  ibot_loss: 2.0796 (2.0934)  time: 6.276249  data: 3.276902  max mem: 59418Training  [ 2770/20000]  eta: 1 day, 17:24:33  lr: 0.0000 (0.0000)  wd: 0.0567 (0.0456)  mom: 0.9924 (0.9921)  last_layer_lr: 0.0000 (0.0000)  current_batch_size: 2.0000 (2.0000)  total_loss: 10.3503 (10.4244)  dino_local_crops_loss: 7.3938 (7.4409)  dino_global_crops_loss: 0.9243 (0.9306)  koleo_loss: -0.0475 (-0.0406)  ibot_loss: 2.0795 (2.0934)  time: 7.113341  data: 4.116015  max mem: 59418Training  [ 2780/20000]  eta: 1 day, 17:23:28  lr: 0.0000 (0.0000)  wd: 0.0568 (0.0457)  mom: 0.9924 (0.9921)  last_layer_lr: 0.0000 (0.0000)  current_batch_size: 2.0000 (2.0000)  total_loss: 10.3517 (10.4241)  dino_local_crops_loss: 7.3938 (7.4408)  dino_global_crops_loss: 0.9243 (0.9306)  koleo_loss: -0.0460 (-0.0406)  ibot_loss: 2.0795 (2.0933)  time: 8.906084  data: 5.917962  max mem: 59418Training  [ 2790/20000]  eta: 1 day, 17:20:11  lr: 0.0000 (0.0000)  wd: 0.0569 (0.0457)  mom: 0.9924 (0.9921)  last_layer_lr: 0.0000 (0.0000)  current_batch_size: 2.0000 (2.0000)  total_loss: 10.3511 (10.4239)  dino_local_crops_loss: 7.3938 (7.4406)  dino_global_crops_loss: 0.9243 (0.9306)  koleo_loss: -0.0465 (-0.0406)  ibot_loss: 2.0795 (2.0933)  time: 7.934486  data: 4.935159  max mem: 59418Training  [ 2800/20000]  eta: 1 day, 17:18:38  lr: 0.0000 (0.0000)  wd: 0.0570 (0.0457)  mom: 0.9924 (0.9921)  last_layer_lr: 0.0000 (0.0000)  current_batch_size: 2.0000 (2.0000)  total_loss: 10.3508 (10.4236)  dino_local_crops_loss: 7.3938 (7.4404)  dino_global_crops_loss: 0.9243 (0.9305)  koleo_loss: -0.0467 (-0.0406)  ibot_loss: 2.0795 (2.0932)  time: 7.697527  data: 4.696961  max mem: 59418Training  [ 2810/20000]  eta: 1 day, 17:15:58  lr: 0.0000 (0.0000)  wd: 0.0571 (0.0458)  mom: 0.9924 (0.9921)  last_layer_lr: 0.0000 (0.0000)  current_batch_size: 2.0000 (2.0000)  total_loss: 10.3497 (10.4233)  dino_local_crops_loss: 7.3938 (7.4403)  dino_global_crops_loss: 0.9243 (0.9305)  koleo_loss: -0.0479 (-0.0406)  ibot_loss: 2.0795 (2.0932)  time: 7.994620  data: 4.997425  max mem: 59418Training  [ 2820/20000]  eta: 1 day, 17:14:37  lr: 0.0000 (0.0000)  wd: 0.0573 (0.0458)  mom: 0.9924 (0.9921)  last_layer_lr: 0.0000 (0.0000)  current_batch_size: 2.0000 (2.0000)  total_loss: 10.3503 (10.4231)  dino_local_crops_loss: 7.3938 (7.4401)  dino_global_crops_loss: 0.9243 (0.9305)  koleo_loss: -0.0472 (-0.0407)  ibot_loss: 2.0795 (2.0931)  time: 8.090540  data: 5.082266  max mem: 59418Training  [ 2830/20000]  eta: 1 day, 17:13:19  lr: 0.0000 (0.0000)  wd: 0.0574 (0.0459)  mom: 0.9924 (0.9921)  last_layer_lr: 0.0000 (0.0000)  current_batch_size: 2.0000 (2.0000)  total_loss: 10.3523 (10.4229)  dino_local_crops_loss: 7.3939 (7.4399)  dino_global_crops_loss: 0.9243 (0.9305)  koleo_loss: -0.0454 (-0.0407)  ibot_loss: 2.0795 (2.0931)  time: 8.753874  data: 5.753871  max mem: 59418Training  [ 2840/20000]  eta: 1 day, 17:11:43  lr: 0.0000 (0.0000)  wd: 0.0575 (0.0459)  mom: 0.9924 (0.9921)  last_layer_lr: 0.0000 (0.0000)  current_batch_size: 2.0000 (2.0000)  total_loss: 10.3498 (10.4226)  dino_local_crops_loss: 7.3938 (7.4398)  dino_global_crops_loss: 0.9243 (0.9305)  koleo_loss: -0.0478 (-0.0407)  ibot_loss: 2.0795 (2.0930)  time: 8.635984  data: 5.646825  max mem: 59418Training  [ 2850/20000]  eta: 1 day, 17:09:49  lr: 0.0000 (0.0000)  wd: 0.0576 (0.0460)  mom: 0.9924 (0.9921)  last_layer_lr: 0.0000 (0.0000)  current_batch_size: 2.0000 (2.0000)  total_loss: 10.3502 (10.4224)  dino_local_crops_loss: 7.3938 (7.4396)  dino_global_crops_loss: 0.9243 (0.9304)  koleo_loss: -0.0475 (-0.0407)  ibot_loss: 2.0795 (2.0930)  time: 8.336893  data: 5.346965  max mem: 59418Training  [ 2860/20000]  eta: 1 day, 17:08:45  lr: 0.0000 (0.0000)  wd: 0.0577 (0.0460)  mom: 0.9924 (0.9921)  last_layer_lr: 0.0000 (0.0000)  current_batch_size: 2.0000 (2.0000)  total_loss: 10.3509 (10.4221)  dino_local_crops_loss: 7.3938 (7.4395)  dino_global_crops_loss: 0.9243 (0.9304)  koleo_loss: -0.0467 (-0.0407)  ibot_loss: 2.0795 (2.0930)  time: 8.594319  data: 5.605796  max mem: 59418Training  [ 2870/20000]  eta: 1 day, 17:07:36  lr: 0.0000 (0.0000)  wd: 0.0579 (0.0460)  mom: 0.9924 (0.9921)  last_layer_lr: 0.0000 (0.0000)  current_batch_size: 2.0000 (2.0000)  total_loss: 10.3504 (10.4219)  dino_local_crops_loss: 7.3938 (7.4393)  dino_global_crops_loss: 0.9243 (0.9304)  koleo_loss: -0.0473 (-0.0407)  ibot_loss: 2.0795 (2.0929)  time: 8.972141  data: 5.982769  max mem: 59418Training  [ 2880/20000]  eta: 1 day, 17:07:33  lr: 0.0000 (0.0000)  wd: 0.0580 (0.0461)  mom: 0.9924 (0.9921)  last_layer_lr: 0.0000 (0.0000)  current_batch_size: 2.0000 (2.0000)  total_loss: 10.3507 (10.4216)  dino_local_crops_loss: 7.3939 (7.4391)  dino_global_crops_loss: 0.9243 (0.9304)  koleo_loss: -0.0470 (-0.0407)  ibot_loss: 2.0795 (2.0929)  time: 9.492558  data: 6.488727  max mem: 59418Training  [ 2890/20000]  eta: 1 day, 17:07:59  lr: 0.0000 (0.0000)  wd: 0.0581 (0.0461)  mom: 0.9924 (0.9921)  last_layer_lr: 0.0000 (0.0000)  current_batch_size: 2.0000 (2.0000)  total_loss: 10.3519 (10.4214)  dino_local_crops_loss: 7.3939 (7.4390)  dino_global_crops_loss: 0.9243 (0.9303)  koleo_loss: -0.0457 (-0.0408)  ibot_loss: 2.0795 (2.0928)  time: 10.297230  data: 7.273181  max mem: 59418Training  [ 2900/20000]  eta: 1 day, 17:04:51  lr: 0.0000 (0.0000)  wd: 0.0582 (0.0462)  mom: 0.9924 (0.9921)  last_layer_lr: 0.0000 (0.0000)  current_batch_size: 2.0000 (2.0000)  total_loss: 10.3538 (10.4212)  dino_local_crops_loss: 7.3938 (7.4388)  dino_global_crops_loss: 0.9243 (0.9303)  koleo_loss: -0.0439 (-0.0408)  ibot_loss: 2.0795 (2.0928)  time: 8.741260  data: 5.712178  max mem: 59418Training  [ 2910/20000]  eta: 1 day, 17:02:38  lr: 0.0000 (0.0000)  wd: 0.0584 (0.0462)  mom: 0.9924 (0.9921)  last_layer_lr: 0.0000 (0.0000)  current_batch_size: 2.0000 (2.0000)  total_loss: 10.3503 (10.4209)  dino_local_crops_loss: 7.3938 (7.4387)  dino_global_crops_loss: 0.9243 (0.9303)  koleo_loss: -0.0474 (-0.0408)  ibot_loss: 2.0795 (2.0927)  time: 7.394670  data: 4.385829  max mem: 59418Training  [ 2920/20000]  eta: 1 day, 16:59:04  lr: 0.0000 (0.0000)  wd: 0.0585 (0.0462)  mom: 0.9924 (0.9921)  last_layer_lr: 0.0000 (0.0000)  current_batch_size: 2.0000 (2.0000)  total_loss: 10.3519 (10.4207)  dino_local_crops_loss: 7.3938 (7.4385)  dino_global_crops_loss: 0.9243 (0.9303)  koleo_loss: -0.0458 (-0.0408)  ibot_loss: 2.0795 (2.0927)  time: 7.161083  data: 4.167653  max mem: 59418Training  [ 2930/20000]  eta: 1 day, 16:57:41  lr: 0.0000 (0.0000)  wd: 0.0586 (0.0463)  mom: 0.9924 (0.9921)  last_layer_lr: 0.0000 (0.0000)  current_batch_size: 2.0000 (2.0000)  total_loss: 10.3538 (10.4205)  dino_local_crops_loss: 7.3938 (7.4384)  dino_global_crops_loss: 0.9243 (0.9303)  koleo_loss: -0.0438 (-0.0408)  ibot_loss: 2.0795 (2.0926)  time: 7.585200  data: 4.580348  max mem: 59418Training  [ 2940/20000]  eta: 1 day, 16:53:22  lr: 0.0000 (0.0000)  wd: 0.0587 (0.0463)  mom: 0.9924 (0.9921)  last_layer_lr: 0.0000 (0.0000)  current_batch_size: 2.0000 (2.0000)  total_loss: 10.3536 (10.4202)  dino_local_crops_loss: 7.3938 (7.4382)  dino_global_crops_loss: 0.9243 (0.9302)  koleo_loss: -0.0440 (-0.0408)  ibot_loss: 2.0795 (2.0926)  time: 7.180261  data: 4.176636  max mem: 59418Training  [ 2950/20000]  eta: 1 day, 16:53:43  lr: 0.0000 (0.0000)  wd: 0.0589 (0.0464)  mom: 0.9924 (0.9921)  last_layer_lr: 0.0000 (0.0000)  current_batch_size: 2.0000 (2.0000)  total_loss: 10.3486 (10.4200)  dino_local_crops_loss: 7.3938 (7.4381)  dino_global_crops_loss: 0.9243 (0.9302)  koleo_loss: -0.0490 (-0.0408)  ibot_loss: 2.0795 (2.0925)  time: 8.069301  data: 5.076404  max mem: 59418Training  [ 2960/20000]  eta: 1 day, 16:51:21  lr: 0.0000 (0.0000)  wd: 0.0590 (0.0464)  mom: 0.9924 (0.9921)  last_layer_lr: 0.0000 (0.0000)  current_batch_size: 2.0000 (2.0000)  total_loss: 10.3518 (10.4198)  dino_local_crops_loss: 7.3938 (7.4379)  dino_global_crops_loss: 0.9243 (0.9302)  koleo_loss: -0.0460 (-0.0409)  ibot_loss: 2.0795 (2.0925)  time: 9.070107  data: 6.067366  max mem: 59418Training  [ 2970/20000]  eta: 1 day, 16:50:38  lr: 0.0000 (0.0000)  wd: 0.0591 (0.0465)  mom: 0.9924 (0.9921)  last_layer_lr: 0.0000 (0.0000)  current_batch_size: 2.0000 (2.0000)  total_loss: 10.3513 (10.4195)  dino_local_crops_loss: 7.3938 (7.4378)  dino_global_crops_loss: 0.9243 (0.9302)  koleo_loss: -0.0464 (-0.0409)  ibot_loss: 2.0795 (2.0925)  time: 8.524862  data: 5.524871  max mem: 59418Training  [ 2980/20000]  eta: 1 day, 16:47:19  lr: 0.0000 (0.0000)  wd: 0.0592 (0.0465)  mom: 0.9924 (0.9921)  last_layer_lr: 0.0000 (0.0000)  current_batch_size: 2.0000 (2.0000)  total_loss: 10.3498 (10.4193)  dino_local_crops_loss: 7.3938 (7.4376)  dino_global_crops_loss: 0.9243 (0.9302)  koleo_loss: -0.0479 (-0.0409)  ibot_loss: 2.0795 (2.0924)  time: 8.030383  data: 5.023943  max mem: 59418Training  [ 2990/20000]  eta: 1 day, 16:44:31  lr: 0.0000 (0.0000)  wd: 0.0594 (0.0465)  mom: 0.9924 (0.9921)  last_layer_lr: 0.0000 (0.0000)  current_batch_size: 2.0000 (2.0000)  total_loss: 10.3498 (10.4191)  dino_local_crops_loss: 7.3938 (7.4375)  dino_global_crops_loss: 0.9243 (0.9301)  koleo_loss: -0.0479 (-0.0409)  ibot_loss: 2.0795 (2.0924)  time: 6.928358  data: 3.922052  max mem: 59418W20260520 04:22:09 279768 py.warnings warnings.py:109] /sci/labs/arieljaffe/dan.abergel1/torch_env/lib/python3.11/site-packages/torch/distributed/fsdp/fully_sharded_data_parallel.py:822: FutureWarning: FSDP.state_dict_type() and FSDP.set_state_dict_type() are being deprecated. Please use APIs, get_state_dict() and set_state_dict(), which can support different parallelisms, FSDP1, FSDP2, DDP. API doc: https://pytorch.org/docs/stable/distributed.checkpoint.html#torch.distributed.checkpoint.state_dict.get_state_dict .Tutorial: https://pytorch.org/tutorials/recipes/distributed_checkpoint_recipe.html .
  prev_state_dict_settings = FullyShardedDataParallel.set_state_dict_type(

W20260520 04:22:10 279768 py.warnings warnings.py:109] /sci/labs/arieljaffe/dan.abergel1/torch_env/lib/python3.11/site-packages/torch/utils/_contextlib.py:124: UserWarning: When using ``NO_SHARD`` for ``ShardingStrategy``, full_state_dict will be returned.
  return func(*args, **kwargs)

W20260520 04:22:10 279768 py.warnings warnings.py:109] /sci/labs/arieljaffe/dan.abergel1/torch_env/lib/python3.11/site-packages/torch/distributed/fsdp/fully_sharded_data_parallel.py:829: FutureWarning: FSDP.state_dict_type() and FSDP.set_state_dict_type() are being deprecated. Please use APIs, get_state_dict() and set_state_dict(), which can support different parallelisms, FSDP1, FSDP2, DDP. API doc: https://pytorch.org/docs/stable/distributed.checkpoint.html#torch.distributed.checkpoint.state_dict.get_state_dict .Tutorial: https://pytorch.org/tutorials/recipes/distributed_checkpoint_recipe.html .
  FullyShardedDataParallel.set_state_dict_type(

I20260520 04:22:10 279768 fvcore.common.checkpoint __init__.py:109] Saving checkpoint to /sci/labs/arieljaffe/dan.abergel1/repos/FAIR_official/outputs/dinov2_fmri_20260519_211051/model_0002999.rank_0.pth
W20260520 04:22:11 279768 py.warnings warnings.py:109] /sci/labs/arieljaffe/dan.abergel1/torch_env/lib/python3.11/site-packages/torch/distributed/c10d_logger.py:83: UserWarning: barrier(): using the device under current context. You can specify `device_id` in `init_process_group` to mute this warning.
  return func(*args, **kwargs)

Training  [ 3000/20000]  eta: 1 day, 16:41:14  lr: 0.0000 (0.0000)  wd: 0.0595 (0.0466)  mom: 0.9924 (0.9921)  last_layer_lr: 0.0000 (0.0000)  current_batch_size: 2.0000 (2.0000)  total_loss: 10.3501 (10.4189)  dino_local_crops_loss: 7.3938 (7.4373)  dino_global_crops_loss: 0.9243 (0.9301)  koleo_loss: -0.0475 (-0.0409)  ibot_loss: 2.0795 (2.0923)  time: 6.926149  data: 3.844738  max mem: 59418Training  [ 3010/20000]  eta: 1 day, 16:39:53  lr: 0.0000 (0.0000)  wd: 0.0596 (0.0466)  mom: 0.9924 (0.9921)  last_layer_lr: 0.0000 (0.0000)  current_batch_size: 2.0000 (2.0000)  total_loss: 10.3507 (10.4186)  dino_local_crops_loss: 7.3938 (7.4372)  dino_global_crops_loss: 0.9243 (0.9301)  koleo_loss: -0.0470 (-0.0409)  ibot_loss: 2.0795 (2.0923)  time: 7.691907  data: 4.608328  max mem: 59418Training  [ 3020/20000]  eta: 1 day, 16:38:56  lr: 0.0000 (0.0000)  wd: 0.0597 (0.0467)  mom: 0.9924 (0.9921)  last_layer_lr: 0.0000 (0.0000)  current_batch_size: 2.0000 (2.0000)  total_loss: 10.3517 (10.4184)  dino_local_crops_loss: 7.3938 (7.4370)  dino_global_crops_loss: 0.9243 (0.9301)  koleo_loss: -0.0458 (-0.0409)  ibot_loss: 2.0795 (2.0922)  time: 8.921436  data: 5.931117  max mem: 59418Training  [ 3030/20000]  eta: 1 day, 16:37:49  lr: 0.0000 (0.0000)  wd: 0.0599 (0.0467)  mom: 0.9924 (0.9921)  last_layer_lr: 0.0000 (0.0000)  current_batch_size: 2.0000 (2.0000)  total_loss: 10.3517 (10.4182)  dino_local_crops_loss: 7.3938 (7.4369)  dino_global_crops_loss: 0.9243 (0.9301)  koleo_loss: -0.0458 (-0.0410)  ibot_loss: 2.0795 (2.0922)  time: 9.042773  data: 6.052882  max mem: 59418Training  [ 3040/20000]  eta: 1 day, 16:34:54  lr: 0.0000 (0.0000)  wd: 0.0600 (0.0468)  mom: 0.9924 (0.9922)  last_layer_lr: 0.0000 (0.0000)  current_batch_size: 2.0000 (2.0000)  total_loss: 10.3513 (10.4180)  dino_local_crops_loss: 7.3938 (7.4368)  dino_global_crops_loss: 0.9243 (0.9300)  koleo_loss: -0.0462 (-0.0410)  ibot_loss: 2.0795 (2.0922)  time: 7.997586  data: 5.007484  max mem: 59418Training  [ 3050/20000]  eta: 1 day, 16:32:43  lr: 0.0000 (0.0000)  wd: 0.0601 (0.0468)  mom: 0.9924 (0.9922)  last_layer_lr: 0.0000 (0.0000)  current_batch_size: 2.0000 (2.0000)  total_loss: 10.3501 (10.4178)  dino_local_crops_loss: 7.3938 (7.4366)  dino_global_crops_loss: 0.9243 (0.9300)  koleo_loss: -0.0475 (-0.0410)  ibot_loss: 2.0795 (2.0921)  time: 7.415994  data: 4.414025  max mem: 59418Training  [ 3060/20000]  eta: 1 day, 16:28:59  lr: 0.0000 (0.0000)  wd: 0.0603 (0.0469)  mom: 0.9925 (0.9922)  last_layer_lr: 0.0000 (0.0000)  current_batch_size: 2.0000 (2.0000)  total_loss: 10.3500 (10.4175)  dino_local_crops_loss: 7.3938 (7.4365)  dino_global_crops_loss: 0.9243 (0.9300)  koleo_loss: -0.0475 (-0.0410)  ibot_loss: 2.0795 (2.0921)  time: 6.961572  data: 3.960845  max mem: 59418Training  [ 3070/20000]  eta: 1 day, 16:27:56  lr: 0.0000 (0.0000)  wd: 0.0604 (0.0469)  mom: 0.9925 (0.9922)  last_layer_lr: 0.0000 (0.0000)  current_batch_size: 2.0000 (2.0000)  total_loss: 10.3513 (10.4173)  dino_local_crops_loss: 7.3938 (7.4363)  dino_global_crops_loss: 0.9243 (0.9300)  koleo_loss: -0.0463 (-0.0410)  ibot_loss: 2.0795 (2.0920)  time: 7.577068  data: 4.584361  max mem: 59418Training  [ 3080/20000]  eta: 1 day, 16:24:41  lr: 0.0000 (0.0000)  wd: 0.0605 (0.0469)  mom: 0.9925 (0.9922)  last_layer_lr: 0.0000 (0.0000)  current_batch_size: 2.0000 (2.0000)  total_loss: 10.3509 (10.4171)  dino_local_crops_loss: 7.3938 (7.4362)  dino_global_crops_loss: 0.9243 (0.9300)  koleo_loss: -0.0467 (-0.0411)  ibot_loss: 2.0795 (2.0920)  time: 7.814948  data: 4.815084  max mem: 59418Training  [ 3090/20000]  eta: 1 day, 16:22:58  lr: 0.0000 (0.0000)  wd: 0.0607 (0.0470)  mom: 0.9925 (0.9922)  last_layer_lr: 0.0000 (0.0000)  current_batch_size: 2.0000 (2.0000)  total_loss: 10.3520 (10.4169)  dino_local_crops_loss: 7.3938 (7.4361)  dino_global_crops_loss: 0.9243 (0.9300)  koleo_loss: -0.0455 (-0.0411)  ibot_loss: 2.0795 (2.0920)  time: 7.446695  data: 4.450777  max mem: 59418Training  [ 3100/20000]  eta: 1 day, 16:21:19  lr: 0.0000 (0.0000)  wd: 0.0608 (0.0470)  mom: 0.9925 (0.9922)  last_layer_lr: 0.0000 (0.0000)  current_batch_size: 2.0000 (2.0000)  total_loss: 10.3536 (10.4167)  dino_local_crops_loss: 7.3938 (7.4359)  dino_global_crops_loss: 0.9243 (0.9299)  koleo_loss: -0.0440 (-0.0411)  ibot_loss: 2.0795 (2.0919)  time: 8.331213  data: 5.327700  max mem: 59418Training  [ 3110/20000]  eta: 1 day, 16:20:39  lr: 0.0000 (0.0000)  wd: 0.0609 (0.0471)  mom: 0.9925 (0.9922)  last_layer_lr: 0.0000 (0.0000)  current_batch_size: 2.0000 (2.0000)  total_loss: 10.3515 (10.4165)  dino_local_crops_loss: 7.3938 (7.4358)  dino_global_crops_loss: 0.9243 (0.9299)  koleo_loss: -0.0461 (-0.0411)  ibot_loss: 2.0795 (2.0919)  time: 8.902362  data: 5.896472  max mem: 59418Training  [ 3120/20000]  eta: 1 day, 16:19:09  lr: 0.0000 (0.0000)  wd: 0.0611 (0.0471)  mom: 0.9925 (0.9922)  last_layer_lr: 0.0000 (0.0000)  current_batch_size: 2.0000 (2.0000)  total_loss: 10.3494 (10.4163)  dino_local_crops_loss: 7.3938 (7.4357)  dino_global_crops_loss: 0.9242 (0.9299)  koleo_loss: -0.0482 (-0.0411)  ibot_loss: 2.0795 (2.0918)  time: 8.976707  data: 5.985625  max mem: 59418Training  [ 3130/20000]  eta: 1 day, 16:16:14  lr: 0.0000 (0.0000)  wd: 0.0612 (0.0472)  mom: 0.9925 (0.9922)  last_layer_lr: 0.0000 (0.0000)  current_batch_size: 2.0000 (2.0000)  total_loss: 10.3504 (10.4161)  dino_local_crops_loss: 7.3938 (7.4355)  dino_global_crops_loss: 0.9243 (0.9299)  koleo_loss: -0.0471 (-0.0411)  ibot_loss: 2.0795 (2.0918)  time: 7.734731  data: 4.746170  max mem: 59418Training  [ 3140/20000]  eta: 1 day, 16:16:28  lr: 0.0000 (0.0000)  wd: 0.0613 (0.0472)  mom: 0.9925 (0.9922)  last_layer_lr: 0.0000 (0.0000)  current_batch_size: 2.0000 (2.0000)  total_loss: 10.3513 (10.4159)  dino_local_crops_loss: 7.3938 (7.4354)  dino_global_crops_loss: 0.9243 (0.9299)  koleo_loss: -0.0462 (-0.0411)  ibot_loss: 2.0795 (2.0918)  time: 8.699615  data: 5.711233  max mem: 59418Training  [ 3150/20000]  eta: 1 day, 16:12:43  lr: 0.0000 (0.0000)  wd: 0.0615 (0.0473)  mom: 0.9925 (0.9922)  last_layer_lr: 0.0000 (0.0000)  current_batch_size: 2.0000 (2.0000)  total_loss: 10.3523 (10.4157)  dino_local_crops_loss: 7.3938 (7.4353)  dino_global_crops_loss: 0.9243 (0.9298)  koleo_loss: -0.0453 (-0.0411)  ibot_loss: 2.0795 (2.0917)  time: 8.225676  data: 5.236061  max mem: 59418Training  [ 3160/20000]  eta: 1 day, 16:10:41  lr: 0.0000 (0.0000)  wd: 0.0616 (0.0473)  mom: 0.9925 (0.9922)  last_layer_lr: 0.0000 (0.0000)  current_batch_size: 2.0000 (2.0000)  total_loss: 10.3508 (10.4155)  dino_local_crops_loss: 7.3938 (7.4351)  dino_global_crops_loss: 0.9242 (0.9298)  koleo_loss: -0.0467 (-0.0412)  ibot_loss: 2.0795 (2.0917)  time: 6.962465  data: 3.972434  max mem: 59418Training  [ 3170/20000]  eta: 1 day, 16:08:01  lr: 0.0000 (0.0000)  wd: 0.0617 (0.0473)  mom: 0.9925 (0.9922)  last_layer_lr: 0.0000 (0.0000)  current_batch_size: 2.0000 (2.0000)  total_loss: 10.3497 (10.4153)  dino_local_crops_loss: 7.3938 (7.4350)  dino_global_crops_loss: 0.9242 (0.9298)  koleo_loss: -0.0479 (-0.0412)  ibot_loss: 2.0795 (2.0916)  time: 7.553380  data: 4.561370  max mem: 59418Training  [ 3180/20000]  eta: 1 day, 16:06:42  lr: 0.0000 (0.0000)  wd: 0.0619 (0.0474)  mom: 0.9925 (0.9922)  last_layer_lr: 0.0000 (0.0000)  current_batch_size: 2.0000 (2.0000)  total_loss: 10.3512 (10.4151)  dino_local_crops_loss: 7.3938 (7.4349)  dino_global_crops_loss: 0.9243 (0.9298)  koleo_loss: -0.0463 (-0.0412)  ibot_loss: 2.0795 (2.0916)  time: 7.953732  data: 4.960792  max mem: 59418Training  [ 3190/20000]  eta: 1 day, 16:03:16  lr: 0.0000 (0.0000)  wd: 0.0620 (0.0474)  mom: 0.9925 (0.9922)  last_layer_lr: 0.0000 (0.0000)  current_batch_size: 2.0000 (2.0000)  total_loss: 10.3511 (10.4149)  dino_local_crops_loss: 7.3938 (7.4347)  dino_global_crops_loss: 0.9243 (0.9298)  koleo_loss: -0.0465 (-0.0412)  ibot_loss: 2.0795 (2.0916)  time: 7.511387  data: 4.522435  max mem: 59418Training  [ 3200/20000]  eta: 1 day, 16:03:26  lr: 0.0000 (0.0000)  wd: 0.0621 (0.0475)  mom: 0.9925 (0.9922)  last_layer_lr: 0.0000 (0.0000)  current_batch_size: 2.0000 (2.0000)  total_loss: 10.3502 (10.4147)  dino_local_crops_loss: 7.3938 (7.4346)  dino_global_crops_loss: 0.9243 (0.9298)  koleo_loss: -0.0474 (-0.0412)  ibot_loss: 2.0795 (2.0915)  time: 8.352442  data: 5.365075  max mem: 59418Training  [ 3210/20000]  eta: 1 day, 16:01:03  lr: 0.0000 (0.0000)  wd: 0.0623 (0.0475)  mom: 0.9925 (0.9922)  last_layer_lr: 0.0000 (0.0000)  current_batch_size: 2.0000 (2.0000)  total_loss: 10.3512 (10.4145)  dino_local_crops_loss: 7.3938 (7.4345)  dino_global_crops_loss: 0.9242 (0.9297)  koleo_loss: -0.0463 (-0.0412)  ibot_loss: 2.0795 (2.0915)  time: 8.953037  data: 5.941894  max mem: 59418Training  [ 3220/20000]  eta: 1 day, 15:58:57  lr: 0.0000 (0.0000)  wd: 0.0624 (0.0476)  mom: 0.9925 (0.9922)  last_layer_lr: 0.0000 (0.0000)  current_batch_size: 2.0000 (2.0000)  total_loss: 10.3487 (10.4143)  dino_local_crops_loss: 7.3937 (7.4344)  dino_global_crops_loss: 0.9242 (0.9297)  koleo_loss: -0.0487 (-0.0412)  ibot_loss: 2.0795 (2.0915)  time: 7.647925  data: 4.635516  max mem: 59418Training  [ 3230/20000]  eta: 1 day, 15:56:22  lr: 0.0000 (0.0000)  wd: 0.0625 (0.0476)  mom: 0.9925 (0.9922)  last_layer_lr: 0.0000 (0.0000)  current_batch_size: 2.0000 (2.0000)  total_loss: 10.3518 (10.4141)  dino_local_crops_loss: 7.3938 (7.4342)  dino_global_crops_loss: 0.9242 (0.9297)  koleo_loss: -0.0457 (-0.0413)  ibot_loss: 2.0795 (2.0914)  time: 7.522961  data: 4.532148  max mem: 59418Training  [ 3240/20000]  eta: 1 day, 15:53:36  lr: 0.0000 (0.0000)  wd: 0.0627 (0.0477)  mom: 0.9925 (0.9922)  last_layer_lr: 0.0000 (0.0000)  current_batch_size: 2.0000 (2.0000)  total_loss: 10.3522 (10.4139)  dino_local_crops_loss: 7.3938 (7.4341)  dino_global_crops_loss: 0.9242 (0.9297)  koleo_loss: -0.0453 (-0.0413)  ibot_loss: 2.0795 (2.0914)  time: 7.132567  data: 4.126498  max mem: 59418Training  [ 3250/20000]  eta: 1 day, 15:52:28  lr: 0.0000 (0.0000)  wd: 0.0628 (0.0477)  mom: 0.9925 (0.9922)  last_layer_lr: 0.0000 (0.0000)  current_batch_size: 2.0000 (2.0000)  total_loss: 10.3524 (10.4137)  dino_local_crops_loss: 7.3938 (7.4340)  dino_global_crops_loss: 0.9242 (0.9297)  koleo_loss: -0.0451 (-0.0413)  ibot_loss: 2.0795 (2.0913)  time: 7.971414  data: 4.966716  max mem: 59418Training  [ 3260/20000]  eta: 1 day, 15:51:20  lr: 0.0000 (0.0000)  wd: 0.0630 (0.0478)  mom: 0.9925 (0.9922)  last_layer_lr: 0.0000 (0.0000)  current_batch_size: 2.0000 (2.0000)  total_loss: 10.3527 (10.4135)  dino_local_crops_loss: 7.3938 (7.4339)  dino_global_crops_loss: 0.9242 (0.9297)  koleo_loss: -0.0449 (-0.0413)  ibot_loss: 2.0795 (2.0913)  time: 8.918714  data: 5.929940  max mem: 59418Training  [ 3270/20000]  eta: 1 day, 15:48:39  lr: 0.0000 (0.0000)  wd: 0.0631 (0.0478)  mom: 0.9925 (0.9922)  last_layer_lr: 0.0000 (0.0000)  current_batch_size: 2.0000 (2.0000)  total_loss: 10.3514 (10.4133)  dino_local_crops_loss: 7.3938 (7.4337)  dino_global_crops_loss: 0.9242 (0.9296)  koleo_loss: -0.0461 (-0.0413)  ibot_loss: 2.0795 (2.0913)  time: 8.002561  data: 5.012866  max mem: 59418Training  [ 3280/20000]  eta: 1 day, 15:48:00  lr: 0.0000 (0.0000)  wd: 0.0632 (0.0479)  mom: 0.9925 (0.9922)  last_layer_lr: 0.0000 (0.0000)  current_batch_size: 2.0000 (2.0000)  total_loss: 10.3503 (10.4132)  dino_local_crops_loss: 7.3938 (7.4336)  dino_global_crops_loss: 0.9242 (0.9296)  koleo_loss: -0.0472 (-0.0413)  ibot_loss: 2.0795 (2.0912)  time: 8.290154  data: 5.271672  max mem: 59418Training  [ 3290/20000]  eta: 1 day, 15:45:47  lr: 0.0000 (0.0000)  wd: 0.0634 (0.0479)  mom: 0.9925 (0.9922)  last_layer_lr: 0.0000 (0.0000)  current_batch_size: 2.0000 (2.0000)  total_loss: 10.3510 (10.4130)  dino_local_crops_loss: 7.3937 (7.4335)  dino_global_crops_loss: 0.9243 (0.9296)  koleo_loss: -0.0464 (-0.0413)  ibot_loss: 2.0795 (2.0912)  time: 8.563192  data: 5.546472  max mem: 59418Training  [ 3300/20000]  eta: 1 day, 15:43:30  lr: 0.0000 (0.0000)  wd: 0.0635 (0.0480)  mom: 0.9925 (0.9922)  last_layer_lr: 0.0000 (0.0000)  current_batch_size: 2.0000 (2.0000)  total_loss: 10.3510 (10.4128)  dino_local_crops_loss: 7.3937 (7.4334)  dino_global_crops_loss: 0.9242 (0.9296)  koleo_loss: -0.0464 (-0.0413)  ibot_loss: 2.0795 (2.0912)  time: 7.593487  data: 4.605784  max mem: 59418Training  [ 3310/20000]  eta: 1 day, 15:40:55  lr: 0.0000 (0.0000)  wd: 0.0636 (0.0480)  mom: 0.9925 (0.9922)  last_layer_lr: 0.0000 (0.0000)  current_batch_size: 2.0000 (2.0000)  total_loss: 10.3513 (10.4126)  dino_local_crops_loss: 7.3938 (7.4333)  dino_global_crops_loss: 0.9242 (0.9296)  koleo_loss: -0.0462 (-0.0413)  ibot_loss: 2.0795 (2.0911)  time: 7.365997  data: 4.378982  max mem: 59418Training  [ 3320/20000]  eta: 1 day, 15:37:45  lr: 0.0000 (0.0000)  wd: 0.0638 (0.0480)  mom: 0.9925 (0.9922)  last_layer_lr: 0.0000 (0.0000)  current_batch_size: 2.0000 (2.0000)  total_loss: 10.3513 (10.4124)  dino_local_crops_loss: 7.3938 (7.4331)  dino_global_crops_loss: 0.9242 (0.9296)  koleo_loss: -0.0463 (-0.0414)  ibot_loss: 2.0795 (2.0911)  time: 6.829362  data: 3.841341  max mem: 59418Training  [ 3330/20000]  eta: 1 day, 15:35:39  lr: 0.0000 (0.0000)  wd: 0.0639 (0.0481)  mom: 0.9925 (0.9922)  last_layer_lr: 0.0000 (0.0000)  current_batch_size: 2.0000 (2.0000)  total_loss: 10.3506 (10.4122)  dino_local_crops_loss: 7.3938 (7.4330)  dino_global_crops_loss: 0.9242 (0.9295)  koleo_loss: -0.0469 (-0.0414)  ibot_loss: 2.0795 (2.0911)  time: 7.117043  data: 4.128130  max mem: 59418Training  [ 3340/20000]  eta: 1 day, 15:33:48  lr: 0.0000 (0.0000)  wd: 0.0641 (0.0481)  mom: 0.9925 (0.9922)  last_layer_lr: 0.0000 (0.0000)  current_batch_size: 2.0000 (2.0000)  total_loss: 10.3502 (10.4121)  dino_local_crops_loss: 7.3937 (7.4329)  dino_global_crops_loss: 0.9242 (0.9295)  koleo_loss: -0.0473 (-0.0414)  ibot_loss: 2.0795 (2.0910)  time: 7.891681  data: 4.902341  max mem: 59418Training  [ 3350/20000]  eta: 1 day, 15:31:56  lr: 0.0000 (0.0000)  wd: 0.0642 (0.0482)  mom: 0.9925 (0.9922)  last_layer_lr: 0.0000 (0.0000)  current_batch_size: 2.0000 (2.0000)  total_loss: 10.3504 (10.4119)  dino_local_crops_loss: 7.3937 (7.4328)  dino_global_crops_loss: 0.9242 (0.9295)  koleo_loss: -0.0471 (-0.0414)  ibot_loss: 2.0795 (2.0910)  time: 8.025827  data: 5.019784  max mem: 59418Training  [ 3360/20000]  eta: 1 day, 15:30:34  lr: 0.0000 (0.0000)  wd: 0.0644 (0.0482)  mom: 0.9925 (0.9922)  last_layer_lr: 0.0000 (0.0000)  current_batch_size: 2.0000 (2.0000)  total_loss: 10.3524 (10.4117)  dino_local_crops_loss: 7.3937 (7.4327)  dino_global_crops_loss: 0.9242 (0.9295)  koleo_loss: -0.0451 (-0.0414)  ibot_loss: 2.0795 (2.0910)  time: 8.324021  data: 5.318925  max mem: 59418Training  [ 3370/20000]  eta: 1 day, 15:30:31  lr: 0.0000 (0.0000)  wd: 0.0645 (0.0483)  mom: 0.9925 (0.9922)  last_layer_lr: 0.0000 (0.0000)  current_batch_size: 2.0000 (2.0000)  total_loss: 10.3524 (10.4115)  dino_local_crops_loss: 7.3937 (7.4326)  dino_global_crops_loss: 0.9242 (0.9295)  koleo_loss: -0.0451 (-0.0414)  ibot_loss: 2.0795 (2.0909)  time: 9.414484  data: 6.417149  max mem: 59418Training  [ 3380/20000]  eta: 1 day, 15:29:35  lr: 0.0000 (0.0000)  wd: 0.0646 (0.0483)  mom: 0.9925 (0.9922)  last_layer_lr: 0.0000 (0.0000)  current_batch_size: 2.0000 (2.0000)  total_loss: 10.3524 (10.4114)  dino_local_crops_loss: 7.3937 (7.4324)  dino_global_crops_loss: 0.9242 (0.9295)  koleo_loss: -0.0451 (-0.0414)  ibot_loss: 2.0795 (2.0909)  time: 9.685659  data: 6.676346  max mem: 59418Training  [ 3390/20000]  eta: 1 day, 15:24:59  lr: 0.0000 (0.0000)  wd: 0.0648 (0.0484)  mom: 0.9926 (0.9922)  last_layer_lr: 0.0000 (0.0000)  current_batch_size: 2.0000 (2.0000)  total_loss: 10.3533 (10.4112)  dino_local_crops_loss: 7.3937 (7.4323)  dino_global_crops_loss: 0.9242 (0.9294)  koleo_loss: -0.0442 (-0.0414)  ibot_loss: 2.0795 (2.0909)  time: 6.910123  data: 3.908228  max mem: 59418Training  [ 3400/20000]  eta: 1 day, 15:22:33  lr: 0.0000 (0.0000)  wd: 0.0649 (0.0484)  mom: 0.9926 (0.9922)  last_layer_lr: 0.0000 (0.0000)  current_batch_size: 2.0000 (2.0000)  total_loss: 10.3535 (10.4110)  dino_local_crops_loss: 7.3937 (7.4322)  dino_global_crops_loss: 0.9242 (0.9294)  koleo_loss: -0.0441 (-0.0414)  ibot_loss: 2.0795 (2.0908)  time: 5.986146  data: 2.994215  max mem: 59418Training  [ 3410/20000]  eta: 1 day, 15:20:42  lr: 0.0000 (0.0000)  wd: 0.0651 (0.0485)  mom: 0.9926 (0.9922)  last_layer_lr: 0.0000 (0.0000)  current_batch_size: 2.0000 (2.0000)  total_loss: 10.3512 (10.4108)  dino_local_crops_loss: 7.3937 (7.4321)  dino_global_crops_loss: 0.9242 (0.9294)  koleo_loss: -0.0463 (-0.0415)  ibot_loss: 2.0795 (2.0908)  time: 7.659404  data: 4.666637  max mem: 59418Training  [ 3420/20000]  eta: 1 day, 15:16:41  lr: 0.0000 (0.0000)  wd: 0.0652 (0.0485)  mom: 0.9926 (0.9922)  last_layer_lr: 0.0000 (0.0000)  current_batch_size: 2.0000 (2.0000)  total_loss: 10.3484 (10.4107)  dino_local_crops_loss: 7.3937 (7.4320)  dino_global_crops_loss: 0.9242 (0.9294)  koleo_loss: -0.0491 (-0.0415)  ibot_loss: 2.0795 (2.0908)  time: 6.669722  data: 3.680076  max mem: 59418Training  [ 3430/20000]  eta: 1 day, 15:13:17  lr: 0.0000 (0.0000)  wd: 0.0654 (0.0486)  mom: 0.9926 (0.9922)  last_layer_lr: 0.0000 (0.0000)  current_batch_size: 2.0000 (2.0000)  total_loss: 10.3489 (10.4105)  dino_local_crops_loss: 7.3937 (7.4319)  dino_global_crops_loss: 0.9242 (0.9294)  koleo_loss: -0.0486 (-0.0415)  ibot_loss: 2.0795 (2.0907)  time: 5.699589  data: 2.692015  max mem: 59418Training  [ 3440/20000]  eta: 1 day, 15:11:10  lr: 0.0000 (0.0000)  wd: 0.0655 (0.0486)  mom: 0.9926 (0.9922)  last_layer_lr: 0.0000 (0.0000)  current_batch_size: 2.0000 (2.0000)  total_loss: 10.3510 (10.4103)  dino_local_crops_loss: 7.3937 (7.4318)  dino_global_crops_loss: 0.9242 (0.9294)  koleo_loss: -0.0465 (-0.0415)  ibot_loss: 2.0795 (2.0907)  time: 6.854716  data: 3.846113  max mem: 59418Training  [ 3450/20000]  eta: 1 day, 15:09:26  lr: 0.0000 (0.0000)  wd: 0.0656 (0.0487)  mom: 0.9926 (0.9922)  last_layer_lr: 0.0000 (0.0000)  current_batch_size: 2.0000 (2.0000)  total_loss: 10.3526 (10.4102)  dino_local_crops_loss: 7.3937 (7.4317)  dino_global_crops_loss: 0.9242 (0.9294)  koleo_loss: -0.0449 (-0.0415)  ibot_loss: 2.0795 (2.0907)  time: 7.889309  data: 4.900996  max mem: 59418Training  [ 3460/20000]  eta: 1 day, 15:06:46  lr: 0.0000 (0.0000)  wd: 0.0658 (0.0487)  mom: 0.9926 (0.9922)  last_layer_lr: 0.0000 (0.0000)  current_batch_size: 2.0000 (2.0000)  total_loss: 10.3524 (10.4100)  dino_local_crops_loss: 7.3937 (7.4315)  dino_global_crops_loss: 0.9242 (0.9293)  koleo_loss: -0.0451 (-0.0415)  ibot_loss: 2.0795 (2.0906)  time: 7.540956  data: 4.552005  max mem: 59418Training  [ 3470/20000]  eta: 1 day, 15:02:15  lr: 0.0000 (0.0000)  wd: 0.0659 (0.0488)  mom: 0.9926 (0.9922)  last_layer_lr: 0.0000 (0.0000)  current_batch_size: 2.0000 (2.0000)  total_loss: 10.3543 (10.4098)  dino_local_crops_loss: 7.3937 (7.4314)  dino_global_crops_loss: 0.9242 (0.9293)  koleo_loss: -0.0432 (-0.0415)  ibot_loss: 2.0795 (2.0906)  time: 5.784686  data: 2.795058  max mem: 59418Training  [ 3480/20000]  eta: 1 day, 15:02:25  lr: 0.0000 (0.0000)  wd: 0.0661 (0.0488)  mom: 0.9926 (0.9922)  last_layer_lr: 0.0000 (0.0000)  current_batch_size: 2.0000 (2.0000)  total_loss: 10.3526 (10.4097)  dino_local_crops_loss: 7.3937 (7.4313)  dino_global_crops_loss: 0.9242 (0.9293)  koleo_loss: -0.0449 (-0.0415)  ibot_loss: 2.0795 (2.0906)  time: 7.561336  data: 4.572186  max mem: 59418Training  [ 3490/20000]  eta: 1 day, 14:58:10  lr: 0.0000 (0.0000)  wd: 0.0662 (0.0489)  mom: 0.9926 (0.9922)  last_layer_lr: 0.0000 (0.0000)  current_batch_size: 2.0000 (2.0000)  total_loss: 10.3501 (10.4095)  dino_local_crops_loss: 7.3937 (7.4312)  dino_global_crops_loss: 0.9242 (0.9293)  koleo_loss: -0.0473 (-0.0415)  ibot_loss: 2.0795 (2.0905)  time: 7.703610  data: 4.715016  max mem: 59418Training  [ 3500/20000]  eta: 1 day, 14:56:01  lr: 0.0000 (0.0000)  wd: 0.0664 (0.0489)  mom: 0.9926 (0.9922)  last_layer_lr: 0.0000 (0.0000)  current_batch_size: 2.0000 (2.0000)  total_loss: 10.3503 (10.4093)  dino_local_crops_loss: 7.3937 (7.4311)  dino_global_crops_loss: 0.9242 (0.9293)  koleo_loss: -0.0472 (-0.0416)  ibot_loss: 2.0795 (2.0905)  time: 6.232677  data: 3.242890  max mem: 59418Training  [ 3510/20000]  eta: 1 day, 14:54:33  lr: 0.0000 (0.0000)  wd: 0.0665 (0.0490)  mom: 0.9926 (0.9922)  last_layer_lr: 0.0000 (0.0000)  current_batch_size: 2.0000 (2.0000)  total_loss: 10.3493 (10.4092)  dino_local_crops_loss: 7.3937 (7.4310)  dino_global_crops_loss: 0.9242 (0.9293)  koleo_loss: -0.0482 (-0.0416)  ibot_loss: 2.0795 (2.0905)  time: 7.999413  data: 5.008071  max mem: 59418Training  [ 3520/20000]  eta: 1 day, 14:52:13  lr: 0.0000 (0.0000)  wd: 0.0667 (0.0490)  mom: 0.9926 (0.9922)  last_layer_lr: 0.0000 (0.0000)  current_batch_size: 2.0000 (2.0000)  total_loss: 10.3495 (10.4090)  dino_local_crops_loss: 7.3937 (7.4309)  dino_global_crops_loss: 0.9242 (0.9293)  koleo_loss: -0.0480 (-0.0416)  ibot_loss: 2.0795 (2.0904)  time: 7.879351  data: 4.889350  max mem: 59418Training  [ 3530/20000]  eta: 1 day, 14:50:36  lr: 0.0000 (0.0000)  wd: 0.0668 (0.0491)  mom: 0.9926 (0.9922)  last_layer_lr: 0.0000 (0.0000)  current_batch_size: 2.0000 (2.0000)  total_loss: 10.3504 (10.4088)  dino_local_crops_loss: 7.3937 (7.4308)  dino_global_crops_loss: 0.9242 (0.9292)  koleo_loss: -0.0471 (-0.0416)  ibot_loss: 2.0795 (2.0904)  time: 7.773010  data: 4.736724  max mem: 59418Training  [ 3540/20000]  eta: 1 day, 14:47:45  lr: 0.0000 (0.0000)  wd: 0.0670 (0.0491)  mom: 0.9926 (0.9922)  last_layer_lr: 0.0000 (0.0000)  current_batch_size: 2.0000 (2.0000)  total_loss: 10.3504 (10.4087)  dino_local_crops_loss: 7.3937 (7.4307)  dino_global_crops_loss: 0.9242 (0.9292)  koleo_loss: -0.0471 (-0.0416)  ibot_loss: 2.0795 (2.0904)  time: 7.428992  data: 4.373482  max mem: 59418Training  [ 3550/20000]  eta: 1 day, 14:44:28  lr: 0.0000 (0.0000)  wd: 0.0671 (0.0492)  mom: 0.9926 (0.9922)  last_layer_lr: 0.0000 (0.0000)  current_batch_size: 2.0000 (2.0000)  total_loss: 10.3506 (10.4085)  dino_local_crops_loss: 7.3937 (7.4306)  dino_global_crops_loss: 0.9242 (0.9292)  koleo_loss: -0.0469 (-0.0416)  ibot_loss: 2.0795 (2.0903)  time: 6.352857  data: 3.324027  max mem: 59418Training  [ 3560/20000]  eta: 1 day, 14:43:55  lr: 0.0000 (0.0000)  wd: 0.0673 (0.0492)  mom: 0.9926 (0.9922)  last_layer_lr: 0.0000 (0.0000)  current_batch_size: 2.0000 (2.0000)  total_loss: 10.3512 (10.4084)  dino_local_crops_loss: 7.3937 (7.4305)  dino_global_crops_loss: 0.9242 (0.9292)  koleo_loss: -0.0462 (-0.0416)  ibot_loss: 2.0795 (2.0903)  time: 7.837805  data: 4.829281  max mem: 59418Training  [ 3570/20000]  eta: 1 day, 14:41:42  lr: 0.0000 (0.0000)  wd: 0.0674 (0.0493)  mom: 0.9926 (0.9922)  last_layer_lr: 0.0000 (0.0000)  current_batch_size: 2.0000 (2.0000)  total_loss: 10.3512 (10.4082)  dino_local_crops_loss: 7.3937 (7.4304)  dino_global_crops_loss: 0.9242 (0.9292)  koleo_loss: -0.0462 (-0.0417)  ibot_loss: 2.0795 (2.0903)  time: 8.518346  data: 5.531391  max mem: 59418Training  [ 3580/20000]  eta: 1 day, 14:40:07  lr: 0.0000 (0.0000)  wd: 0.0676 (0.0493)  mom: 0.9926 (0.9922)  last_layer_lr: 0.0000 (0.0000)  current_batch_size: 2.0000 (2.0000)  total_loss: 10.3504 (10.4080)  dino_local_crops_loss: 7.3937 (7.4303)  dino_global_crops_loss: 0.9242 (0.9292)  koleo_loss: -0.0471 (-0.0417)  ibot_loss: 2.0795 (2.0903)  time: 7.841235  data: 4.853540  max mem: 59418Training  [ 3590/20000]  eta: 1 day, 14:39:04  lr: 0.0000 (0.0000)  wd: 0.0677 (0.0494)  mom: 0.9926 (0.9922)  last_layer_lr: 0.0000 (0.0000)  current_batch_size: 2.0000 (2.0000)  total_loss: 10.3504 (10.4079)  dino_local_crops_loss: 7.3937 (7.4302)  dino_global_crops_loss: 0.9242 (0.9292)  koleo_loss: -0.0471 (-0.0417)  ibot_loss: 2.0795 (2.0902)  time: 8.597683  data: 5.610572  max mem: 59418Training  [ 3600/20000]  eta: 1 day, 14:38:21  lr: 0.0000 (0.0000)  wd: 0.0679 (0.0494)  mom: 0.9926 (0.9922)  last_layer_lr: 0.0000 (0.0000)  current_batch_size: 2.0000 (2.0000)  total_loss: 10.3520 (10.4077)  dino_local_crops_loss: 7.3937 (7.4301)  dino_global_crops_loss: 0.9242 (0.9291)  koleo_loss: -0.0455 (-0.0417)  ibot_loss: 2.0795 (2.0902)  time: 9.182466  data: 6.195542  max mem: 59418Training  [ 3610/20000]  eta: 1 day, 14:36:22  lr: 0.0000 (0.0000)  wd: 0.0680 (0.0495)  mom: 0.9926 (0.9922)  last_layer_lr: 0.0000 (0.0000)  current_batch_size: 2.0000 (2.0000)  total_loss: 10.3516 (10.4076)  dino_local_crops_loss: 7.3937 (7.4300)  dino_global_crops_loss: 0.9242 (0.9291)  koleo_loss: -0.0459 (-0.0417)  ibot_loss: 2.0795 (2.0902)  time: 8.569311  data: 5.582528  max mem: 59418Training  [ 3620/20000]  eta: 1 day, 14:36:01  lr: 0.0000 (0.0000)  wd: 0.0682 (0.0495)  mom: 0.9926 (0.9922)  last_layer_lr: 0.0000 (0.0000)  current_batch_size: 2.0000 (2.0000)  total_loss: 10.3484 (10.4074)  dino_local_crops_loss: 7.3937 (7.4299)  dino_global_crops_loss: 0.9242 (0.9291)  koleo_loss: -0.0490 (-0.0417)  ibot_loss: 2.0795 (2.0901)  time: 8.807682  data: 5.820234  max mem: 59418Training  [ 3630/20000]  eta: 1 day, 14:33:05  lr: 0.0000 (0.0000)  wd: 0.0683 (0.0496)  mom: 0.9926 (0.9922)  last_layer_lr: 0.0000 (0.0000)  current_batch_size: 2.0000 (2.0000)  total_loss: 10.3496 (10.4073)  dino_local_crops_loss: 7.3937 (7.4298)  dino_global_crops_loss: 0.9242 (0.9291)  koleo_loss: -0.0478 (-0.0417)  ibot_loss: 2.0795 (2.0901)  time: 8.177000  data: 5.187472  max mem: 59418Training  [ 3640/20000]  eta: 1 day, 14:31:08  lr: 0.0000 (0.0000)  wd: 0.0685 (0.0496)  mom: 0.9926 (0.9922)  last_layer_lr: 0.0000 (0.0000)  current_batch_size: 2.0000 (2.0000)  total_loss: 10.3500 (10.4071)  dino_local_crops_loss: 7.3937 (7.4297)  dino_global_crops_loss: 0.9242 (0.9291)  koleo_loss: -0.0474 (-0.0417)  ibot_loss: 2.0795 (2.0901)  time: 7.112739  data: 4.119428  max mem: 59418Training  [ 3650/20000]  eta: 1 day, 14:28:28  lr: 0.0000 (0.0000)  wd: 0.0686 (0.0497)  mom: 0.9926 (0.9922)  last_layer_lr: 0.0000 (0.0000)  current_batch_size: 2.0000 (2.0000)  total_loss: 10.3488 (10.4070)  dino_local_crops_loss: 7.3937 (7.4296)  dino_global_crops_loss: 0.9242 (0.9291)  koleo_loss: -0.0486 (-0.0417)  ibot_loss: 2.0795 (2.0900)  time: 7.272182  data: 4.280948  max mem: 59418Training  [ 3660/20000]  eta: 1 day, 14:27:27  lr: 0.0000 (0.0000)  wd: 0.0688 (0.0498)  mom: 0.9926 (0.9922)  last_layer_lr: 0.0000 (0.0000)  current_batch_size: 2.0000 (2.0000)  total_loss: 10.3492 (10.4068)  dino_local_crops_loss: 7.3937 (7.4295)  dino_global_crops_loss: 0.9242 (0.9291)  koleo_loss: -0.0482 (-0.0418)  ibot_loss: 2.0795 (2.0900)  time: 7.891376  data: 4.902354  max mem: 59418Training  [ 3670/20000]  eta: 1 day, 14:25:09  lr: 0.0000 (0.0000)  wd: 0.0689 (0.0498)  mom: 0.9926 (0.9922)  last_layer_lr: 0.0000 (0.0000)  current_batch_size: 2.0000 (2.0000)  total_loss: 10.3489 (10.4066)  dino_local_crops_loss: 7.3937 (7.4294)  dino_global_crops_loss: 0.9242 (0.9290)  koleo_loss: -0.0485 (-0.0418)  ibot_loss: 2.0795 (2.0900)  time: 8.137691  data: 5.148029  max mem: 59418Training  [ 3680/20000]  eta: 1 day, 14:23:40  lr: 0.0000 (0.0000)  wd: 0.0691 (0.0499)  mom: 0.9926 (0.9922)  last_layer_lr: 0.0000 (0.0000)  current_batch_size: 2.0000 (2.0000)  total_loss: 10.3489 (10.4065)  dino_local_crops_loss: 7.3937 (7.4293)  dino_global_crops_loss: 0.9242 (0.9290)  koleo_loss: -0.0485 (-0.0418)  ibot_loss: 2.0795 (2.0900)  time: 7.825160  data: 4.837274  max mem: 59418Training  [ 3690/20000]  eta: 1 day, 14:23:26  lr: 0.0000 (0.0000)  wd: 0.0692 (0.0499)  mom: 0.9926 (0.9922)  last_layer_lr: 0.0000 (0.0000)  current_batch_size: 2.0000 (2.0000)  total_loss: 10.3503 (10.4063)  dino_local_crops_loss: 7.3937 (7.4292)  dino_global_crops_loss: 0.9242 (0.9290)  koleo_loss: -0.0471 (-0.0418)  ibot_loss: 2.0795 (2.0899)  time: 9.219596  data: 6.231947  max mem: 59418Training  [ 3700/20000]  eta: 1 day, 14:20:51  lr: 0.0000 (0.0000)  wd: 0.0694 (0.0500)  mom: 0.9927 (0.9922)  last_layer_lr: 0.0000 (0.0000)  current_batch_size: 2.0000 (2.0000)  total_loss: 10.3512 (10.4062)  dino_local_crops_loss: 7.3937 (7.4291)  dino_global_crops_loss: 0.9242 (0.9290)  koleo_loss: -0.0463 (-0.0418)  ibot_loss: 2.0795 (2.0899)  time: 8.474933  data: 5.487500  max mem: 59418Training  [ 3710/20000]  eta: 1 day, 14:20:32  lr: 0.0000 (0.0000)  wd: 0.0696 (0.0500)  mom: 0.9927 (0.9922)  last_layer_lr: 0.0000 (0.0000)  current_batch_size: 2.0000 (2.0000)  total_loss: 10.3492 (10.4060)  dino_local_crops_loss: 7.3937 (7.4290)  dino_global_crops_loss: 0.9242 (0.9290)  koleo_loss: -0.0482 (-0.0418)  ibot_loss: 2.0795 (2.0899)  time: 8.431712  data: 5.444093  max mem: 59418Training  [ 3720/20000]  eta: 1 day, 14:18:29  lr: 0.0000 (0.0000)  wd: 0.0697 (0.0501)  mom: 0.9927 (0.9922)  last_layer_lr: 0.0000 (0.0000)  current_batch_size: 2.0000 (2.0000)  total_loss: 10.3503 (10.4059)  dino_local_crops_loss: 7.3937 (7.4289)  dino_global_crops_loss: 0.9242 (0.9290)  koleo_loss: -0.0471 (-0.0418)  ibot_loss: 2.0795 (2.0898)  time: 8.782995  data: 5.791129  max mem: 59418Training  [ 3730/20000]  eta: 1 day, 14:18:07  lr: 0.0000 (0.0000)  wd: 0.0699 (0.0501)  mom: 0.9927 (0.9922)  last_layer_lr: 0.0000 (0.0000)  current_batch_size: 2.0000 (2.0000)  total_loss: 10.3514 (10.4057)  dino_local_crops_loss: 7.3937 (7.4288)  dino_global_crops_loss: 0.9242 (0.9290)  koleo_loss: -0.0460 (-0.0419)  ibot_loss: 2.0795 (2.0898)  time: 8.754471  data: 5.762208  max mem: 59418Training  [ 3740/20000]  eta: 1 day, 14:16:40  lr: 0.0000 (0.0000)  wd: 0.0700 (0.0502)  mom: 0.9927 (0.9922)  last_layer_lr: 0.0000 (0.0000)  current_batch_size: 2.0000 (2.0000)  total_loss: 10.3515 (10.4056)  dino_local_crops_loss: 7.3937 (7.4287)  dino_global_crops_loss: 0.9242 (0.9290)  koleo_loss: -0.0460 (-0.0419)  ibot_loss: 2.0795 (2.0898)  time: 9.166471  data: 6.178681  max mem: 59418Training  [ 3750/20000]  eta: 1 day, 14:16:02  lr: 0.0000 (0.0000)  wd: 0.0702 (0.0502)  mom: 0.9927 (0.9922)  last_layer_lr: 0.0000 (0.0000)  current_batch_size: 2.0000 (2.0000)  total_loss: 10.3513 (10.4055)  dino_local_crops_loss: 7.3937 (7.4286)  dino_global_crops_loss: 0.9242 (0.9289)  koleo_loss: -0.0461 (-0.0419)  ibot_loss: 2.0795 (2.0898)  time: 8.988800  data: 6.001544  max mem: 59418Training  [ 3760/20000]  eta: 1 day, 14:12:27  lr: 0.0000 (0.0000)  wd: 0.0703 (0.0503)  mom: 0.9927 (0.9922)  last_layer_lr: 0.0000 (0.0000)  current_batch_size: 2.0000 (2.0000)  total_loss: 10.3504 (10.4053)  dino_local_crops_loss: 7.3937 (7.4285)  dino_global_crops_loss: 0.9242 (0.9289)  koleo_loss: -0.0470 (-0.0419)  ibot_loss: 2.0795 (2.0897)  time: 7.510262  data: 4.520952  max mem: 59418Training  [ 3770/20000]  eta: 1 day, 14:11:08  lr: 0.0000 (0.0000)  wd: 0.0705 (0.0503)  mom: 0.9927 (0.9922)  last_layer_lr: 0.0000 (0.0000)  current_batch_size: 2.0000 (2.0000)  total_loss: 10.3505 (10.4052)  dino_local_crops_loss: 7.3937 (7.4284)  dino_global_crops_loss: 0.9242 (0.9289)  koleo_loss: -0.0469 (-0.0419)  ibot_loss: 2.0795 (2.0897)  time: 7.027542  data: 4.019886  max mem: 59418Training  [ 3780/20000]  eta: 1 day, 14:09:36  lr: 0.0000 (0.0000)  wd: 0.0707 (0.0504)  mom: 0.9927 (0.9922)  last_layer_lr: 0.0000 (0.0000)  current_batch_size: 2.0000 (2.0000)  total_loss: 10.3505 (10.4050)  dino_local_crops_loss: 7.3937 (7.4283)  dino_global_crops_loss: 0.9242 (0.9289)  koleo_loss: -0.0469 (-0.0419)  ibot_loss: 2.0795 (2.0897)  time: 8.444705  data: 5.420869  max mem: 59418Training  [ 3790/20000]  eta: 1 day, 14:07:13  lr: 0.0000 (0.0000)  wd: 0.0708 (0.0504)  mom: 0.9927 (0.9922)  last_layer_lr: 0.0000 (0.0000)  current_batch_size: 2.0000 (2.0000)  total_loss: 10.3496 (10.4049)  dino_local_crops_loss: 7.3937 (7.4283)  dino_global_crops_loss: 0.9242 (0.9289)  koleo_loss: -0.0478 (-0.0419)  ibot_loss: 2.0795 (2.0897)  time: 7.706563  data: 4.700179  max mem: 59418Training  [ 3800/20000]  eta: 1 day, 14:05:58  lr: 0.0000 (0.0000)  wd: 0.0710 (0.0505)  mom: 0.9927 (0.9922)  last_layer_lr: 0.0000 (0.0000)  current_batch_size: 2.0000 (2.0000)  total_loss: 10.3496 (10.4047)  dino_local_crops_loss: 7.3937 (7.4282)  dino_global_crops_loss: 0.9242 (0.9289)  koleo_loss: -0.0478 (-0.0419)  ibot_loss: 2.0795 (2.0896)  time: 7.902769  data: 4.914433  max mem: 59418Training  [ 3810/20000]  eta: 1 day, 14:05:10  lr: 0.0000 (0.0000)  wd: 0.0711 (0.0506)  mom: 0.9927 (0.9922)  last_layer_lr: 0.0000 (0.0000)  current_batch_size: 2.0000 (2.0000)  total_loss: 10.3491 (10.4046)  dino_local_crops_loss: 7.3937 (7.4281)  dino_global_crops_loss: 0.9242 (0.9289)  koleo_loss: -0.0483 (-0.0419)  ibot_loss: 2.0795 (2.0896)  time: 9.007972  data: 6.019698  max mem: 59418Training  [ 3820/20000]  eta: 1 day, 14:04:17  lr: 0.0000 (0.0000)  wd: 0.0713 (0.0506)  mom: 0.9927 (0.9922)  last_layer_lr: 0.0000 (0.0000)  current_batch_size: 2.0000 (2.0000)  total_loss: 10.3497 (10.4045)  dino_local_crops_loss: 7.3937 (7.4280)  dino_global_crops_loss: 0.9242 (0.9289)  koleo_loss: -0.0477 (-0.0419)  ibot_loss: 2.0795 (2.0896)  time: 9.270558  data: 6.266810  max mem: 59418Training  [ 3830/20000]  eta: 1 day, 14:01:15  lr: 0.0000 (0.0000)  wd: 0.0714 (0.0507)  mom: 0.9927 (0.9922)  last_layer_lr: 0.0000 (0.0000)  current_batch_size: 2.0000 (2.0000)  total_loss: 10.3511 (10.4043)  dino_local_crops_loss: 7.3937 (7.4279)  dino_global_crops_loss: 0.9242 (0.9288)  koleo_loss: -0.0463 (-0.0419)  ibot_loss: 2.0795 (2.0896)  time: 7.688818  data: 4.684063  max mem: 59418Training  [ 3840/20000]  eta: 1 day, 14:00:53  lr: 0.0000 (0.0000)  wd: 0.0716 (0.0507)  mom: 0.9927 (0.9922)  last_layer_lr: 0.0000 (0.0000)  current_batch_size: 2.0000 (2.0000)  total_loss: 10.3513 (10.4042)  dino_local_crops_loss: 7.3937 (7.4278)  dino_global_crops_loss: 0.9242 (0.9288)  koleo_loss: -0.0461 (-0.0420)  ibot_loss: 2.0795 (2.0895)  time: 8.057948  data: 5.064527  max mem: 59418Training  [ 3850/20000]  eta: 1 day, 13:58:23  lr: 0.0000 (0.0000)  wd: 0.0718 (0.0508)  mom: 0.9927 (0.9922)  last_layer_lr: 0.0000 (0.0000)  current_batch_size: 2.0000 (2.0000)  total_loss: 10.3487 (10.4041)  dino_local_crops_loss: 7.3937 (7.4277)  dino_global_crops_loss: 0.9242 (0.9288)  koleo_loss: -0.0487 (-0.0420)  ibot_loss: 2.0795 (2.0895)  time: 8.428573  data: 5.436452  max mem: 59418Training  [ 3860/20000]  eta: 1 day, 13:57:23  lr: 0.0000 (0.0000)  wd: 0.0719 (0.0508)  mom: 0.9927 (0.9922)  last_layer_lr: 0.0000 (0.0000)  current_batch_size: 2.0000 (2.0000)  total_loss: 10.3476 (10.4039)  dino_local_crops_loss: 7.3937 (7.4276)  dino_global_crops_loss: 0.9242 (0.9288)  koleo_loss: -0.0498 (-0.0420)  ibot_loss: 2.0795 (2.0895)  time: 7.983870  data: 4.994967  max mem: 59418Training  [ 3870/20000]  eta: 1 day, 13:56:30  lr: 0.0000 (0.0000)  wd: 0.0721 (0.0509)  mom: 0.9927 (0.9922)  last_layer_lr: 0.0000 (0.0000)  current_batch_size: 2.0000 (2.0000)  total_loss: 10.3471 (10.4038)  dino_local_crops_loss: 7.3937 (7.4275)  dino_global_crops_loss: 0.9242 (0.9288)  koleo_loss: -0.0504 (-0.0420)  ibot_loss: 2.0795 (2.0894)  time: 9.144779  data: 6.142840  max mem: 59418Training  [ 3880/20000]  eta: 1 day, 13:52:52  lr: 0.0000 (0.0000)  wd: 0.0722 (0.0509)  mom: 0.9927 (0.9922)  last_layer_lr: 0.0000 (0.0000)  current_batch_size: 2.0000 (2.0000)  total_loss: 10.3490 (10.4036)  dino_local_crops_loss: 7.3937 (7.4275)  dino_global_crops_loss: 0.9242 (0.9288)  koleo_loss: -0.0485 (-0.0420)  ibot_loss: 2.0795 (2.0894)  time: 7.245358  data: 4.243062  max mem: 59418Training  [ 3890/20000]  eta: 1 day, 13:49:55  lr: 0.0000 (0.0000)  wd: 0.0724 (0.0510)  mom: 0.9927 (0.9922)  last_layer_lr: 0.0000 (0.0000)  current_batch_size: 2.0000 (2.0000)  total_loss: 10.3527 (10.4035)  dino_local_crops_loss: 7.3937 (7.4274)  dino_global_crops_loss: 0.9242 (0.9288)  koleo_loss: -0.0448 (-0.0420)  ibot_loss: 2.0795 (2.0894)  time: 5.743398  data: 2.754784  max mem: 59418Training  [ 3900/20000]  eta: 1 day, 13:48:29  lr: 0.0000 (0.0000)  wd: 0.0726 (0.0511)  mom: 0.9927 (0.9922)  last_layer_lr: 0.0000 (0.0000)  current_batch_size: 2.0000 (2.0000)  total_loss: 10.3510 (10.4034)  dino_local_crops_loss: 7.3937 (7.4273)  dino_global_crops_loss: 0.9242 (0.9288)  koleo_loss: -0.0464 (-0.0420)  ibot_loss: 2.0795 (2.0894)  time: 7.321765  data: 4.329767  max mem: 59418Training  [ 3910/20000]  eta: 1 day, 13:45:33  lr: 0.0000 (0.0000)  wd: 0.0727 (0.0511)  mom: 0.9927 (0.9922)  last_layer_lr: 0.0000 (0.0000)  current_batch_size: 2.0000 (2.0000)  total_loss: 10.3485 (10.4033)  dino_local_crops_loss: 7.3937 (7.4272)  dino_global_crops_loss: 0.9242 (0.9288)  koleo_loss: -0.0489 (-0.0420)  ibot_loss: 2.0795 (2.0893)  time: 7.329848  data: 4.336692  max mem: 59418Training  [ 3920/20000]  eta: 1 day, 13:42:02  lr: 0.0000 (0.0000)  wd: 0.0729 (0.0512)  mom: 0.9927 (0.9922)  last_layer_lr: 0.0000 (0.0000)  current_batch_size: 2.0000 (2.0000)  total_loss: 10.3469 (10.4031)  dino_local_crops_loss: 7.3937 (7.4271)  dino_global_crops_loss: 0.9242 (0.9287)  koleo_loss: -0.0505 (-0.0420)  ibot_loss: 2.0795 (2.0893)  time: 5.798872  data: 2.809301  max mem: 59418Training  [ 3930/20000]  eta: 1 day, 13:39:55  lr: 0.0000 (0.0000)  wd: 0.0731 (0.0512)  mom: 0.9927 (0.9922)  last_layer_lr: 0.0000 (0.0000)  current_batch_size: 2.0000 (2.0000)  total_loss: 10.3503 (10.4030)  dino_local_crops_loss: 7.3938 (7.4270)  dino_global_crops_loss: 0.9242 (0.9287)  koleo_loss: -0.0472 (-0.0420)  ibot_loss: 2.0795 (2.0893)  time: 6.381459  data: 3.387084  max mem: 59418Training  [ 3940/20000]  eta: 1 day, 13:37:09  lr: 0.0000 (0.0000)  wd: 0.0732 (0.0513)  mom: 0.9927 (0.9923)  last_layer_lr: 0.0000 (0.0000)  current_batch_size: 2.0000 (2.0000)  total_loss: 10.3520 (10.4029)  dino_local_crops_loss: 7.3938 (7.4269)  dino_global_crops_loss: 0.9242 (0.9287)  koleo_loss: -0.0455 (-0.0421)  ibot_loss: 2.0795 (2.0893)  time: 6.918013  data: 3.922012  max mem: 59418Training  [ 3950/20000]  eta: 1 day, 13:35:40  lr: 0.0000 (0.0000)  wd: 0.0734 (0.0513)  mom: 0.9927 (0.9923)  last_layer_lr: 0.0000 (0.0000)  current_batch_size: 2.0000 (2.0000)  total_loss: 10.3520 (10.4027)  dino_local_crops_loss: 7.3938 (7.4269)  dino_global_crops_loss: 0.9242 (0.9287)  koleo_loss: -0.0455 (-0.0421)  ibot_loss: 2.0795 (2.0892)  time: 7.368901  data: 4.378045  max mem: 59418Training  [ 3960/20000]  eta: 1 day, 13:33:15  lr: 0.0000 (0.0000)  wd: 0.0736 (0.0514)  mom: 0.9927 (0.9923)  last_layer_lr: 0.0000 (0.0000)  current_batch_size: 2.0000 (2.0000)  total_loss: 10.3493 (10.4026)  dino_local_crops_loss: 7.3937 (7.4268)  dino_global_crops_loss: 0.9242 (0.9287)  koleo_loss: -0.0481 (-0.0421)  ibot_loss: 2.0795 (2.0892)  time: 7.624094  data: 4.635111  max mem: 59418Training  [ 3970/20000]  eta: 1 day, 13:30:42  lr: 0.0000 (0.0000)  wd: 0.0737 (0.0514)  mom: 0.9927 (0.9923)  last_layer_lr: 0.0000 (0.0000)  current_batch_size: 2.0000 (2.0000)  total_loss: 10.3493 (10.4025)  dino_local_crops_loss: 7.3937 (7.4267)  dino_global_crops_loss: 0.9242 (0.9287)  koleo_loss: -0.0481 (-0.0421)  ibot_loss: 2.0795 (2.0892)  time: 6.829637  data: 3.831772  max mem: 59418Training  [ 3980/20000]  eta: 1 day, 13:28:43  lr: 0.0000 (0.0000)  wd: 0.0739 (0.0515)  mom: 0.9928 (0.9923)  last_layer_lr: 0.0000 (0.0000)  current_batch_size: 2.0000 (2.0000)  total_loss: 10.3500 (10.4024)  dino_local_crops_loss: 7.3937 (7.4266)  dino_global_crops_loss: 0.9242 (0.9287)  koleo_loss: -0.0475 (-0.0421)  ibot_loss: 2.0795 (2.0892)  time: 7.146442  data: 4.149680  max mem: 59418Training  [ 3990/20000]  eta: 1 day, 13:26:36  lr: 0.0000 (0.0000)  wd: 0.0740 (0.0516)  mom: 0.9928 (0.9923)  last_layer_lr: 0.0000 (0.0000)  current_batch_size: 2.0000 (2.0000)  total_loss: 10.3500 (10.4022)  dino_local_crops_loss: 7.3937 (7.4265)  dino_global_crops_loss: 0.9242 (0.9287)  koleo_loss: -0.0475 (-0.0421)  ibot_loss: 2.0795 (2.0891)  time: 7.465942  data: 4.476607  max mem: 59418Training  [ 4000/20000]  eta: 1 day, 13:25:42  lr: 0.0000 (0.0000)  wd: 0.0742 (0.0516)  mom: 0.9928 (0.9923)  last_layer_lr: 0.0000 (0.0000)  current_batch_size: 2.0000 (2.0000)  total_loss: 10.3513 (10.4021)  dino_local_crops_loss: 7.3937 (7.4264)  dino_global_crops_loss: 0.9242 (0.9287)  koleo_loss: -0.0461 (-0.0421)  ibot_loss: 2.0795 (2.0891)  time: 8.265335  data: 5.274926  max mem: 59418Training  [ 4010/20000]  eta: 1 day, 13:23:17  lr: 0.0000 (0.0000)  wd: 0.0744 (0.0517)  mom: 0.9928 (0.9923)  last_layer_lr: 0.0000 (0.0000)  current_batch_size: 2.0000 (2.0000)  total_loss: 10.3515 (10.4020)  dino_local_crops_loss: 7.3937 (7.4264)  dino_global_crops_loss: 0.9242 (0.9286)  koleo_loss: -0.0459 (-0.0421)  ibot_loss: 2.0795 (2.0891)  time: 8.026793  data: 5.026819  max mem: 59418Training  [ 4020/20000]  eta: 1 day, 13:21:23  lr: 0.0000 (0.0000)  wd: 0.0745 (0.0517)  mom: 0.9928 (0.9923)  last_layer_lr: 0.0000 (0.0000)  current_batch_size: 2.0000 (2.0000)  total_loss: 10.3510 (10.4019)  dino_local_crops_loss: 7.3937 (7.4263)  dino_global_crops_loss: 0.9242 (0.9286)  koleo_loss: -0.0464 (-0.0421)  ibot_loss: 2.0795 (2.0891)  time: 7.273813  data: 4.258037  max mem: 59418Training  [ 4030/20000]  eta: 1 day, 13:18:34  lr: 0.0000 (0.0000)  wd: 0.0747 (0.0518)  mom: 0.9928 (0.9923)  last_layer_lr: 0.0000 (0.0000)  current_batch_size: 2.0000 (2.0000)  total_loss: 10.3504 (10.4017)  dino_local_crops_loss: 7.3937 (7.4262)  dino_global_crops_loss: 0.9242 (0.9286)  koleo_loss: -0.0470 (-0.0421)  ibot_loss: 2.0795 (2.0891)  time: 6.978281  data: 3.942726  max mem: 59418Training  [ 4040/20000]  eta: 1 day, 13:15:48  lr: 0.0000 (0.0000)  wd: 0.0749 (0.0518)  mom: 0.9928 (0.9923)  last_layer_lr: 0.0000 (0.0000)  current_batch_size: 2.0000 (2.0000)  total_loss: 10.3507 (10.4016)  dino_local_crops_loss: 7.3937 (7.4261)  dino_global_crops_loss: 0.9242 (0.9286)  koleo_loss: -0.0467 (-0.0421)  ibot_loss: 2.0795 (2.0890)  time: 6.308780  data: 3.288869  max mem: 59418Training  [ 4050/20000]  eta: 1 day, 13:13:47  lr: 0.0000 (0.0000)  wd: 0.0750 (0.0519)  mom: 0.9928 (0.9923)  last_layer_lr: 0.0000 (0.0000)  current_batch_size: 2.0000 (2.0000)  total_loss: 10.3496 (10.4015)  dino_local_crops_loss: 7.3937 (7.4260)  dino_global_crops_loss: 0.9242 (0.9286)  koleo_loss: -0.0477 (-0.0422)  ibot_loss: 2.0795 (2.0890)  time: 6.904116  data: 3.903366  max mem: 59418Training  [ 4060/20000]  eta: 1 day, 13:12:18  lr: 0.0000 (0.0000)  wd: 0.0752 (0.0520)  mom: 0.9928 (0.9923)  last_layer_lr: 0.0000 (0.0000)  current_batch_size: 2.0000 (2.0000)  total_loss: 10.3521 (10.4014)  dino_local_crops_loss: 7.3937 (7.4260)  dino_global_crops_loss: 0.9242 (0.9286)  koleo_loss: -0.0453 (-0.0422)  ibot_loss: 2.0795 (2.0890)  time: 7.869531  data: 4.846567  max mem: 59418Training  [ 4070/20000]  eta: 1 day, 13:11:25  lr: 0.0000 (0.0000)  wd: 0.0754 (0.0520)  mom: 0.9928 (0.9923)  last_layer_lr: 0.0000 (0.0000)  current_batch_size: 2.0000 (2.0000)  total_loss: 10.3531 (10.4012)  dino_local_crops_loss: 7.3937 (7.4259)  dino_global_crops_loss: 0.9242 (0.9286)  koleo_loss: -0.0443 (-0.0422)  ibot_loss: 2.0795 (2.0890)  time: 8.732683  data: 5.721779  max mem: 59418Training  [ 4080/20000]  eta: 1 day, 13:09:42  lr: 0.0000 (0.0000)  wd: 0.0755 (0.0521)  mom: 0.9928 (0.9923)  last_layer_lr: 0.0000 (0.0000)  current_batch_size: 2.0000 (2.0000)  total_loss: 10.3497 (10.4011)  dino_local_crops_loss: 7.3937 (7.4258)  dino_global_crops_loss: 0.9242 (0.9286)  koleo_loss: -0.0477 (-0.0422)  ibot_loss: 2.0795 (2.0889)  time: 8.565115  data: 5.577018  max mem: 59418Training  [ 4090/20000]  eta: 1 day, 13:06:21  lr: 0.0000 (0.0000)  wd: 0.0757 (0.0521)  mom: 0.9928 (0.9923)  last_layer_lr: 0.0000 (0.0000)  current_batch_size: 2.0000 (2.0000)  total_loss: 10.3495 (10.4010)  dino_local_crops_loss: 7.3937 (7.4257)  dino_global_crops_loss: 0.9242 (0.9286)  koleo_loss: -0.0479 (-0.0422)  ibot_loss: 2.0795 (2.0889)  time: 6.658466  data: 3.668903  max mem: 59418Training  [ 4100/20000]  eta: 1 day, 13:06:37  lr: 0.0000 (0.0000)  wd: 0.0759 (0.0522)  mom: 0.9928 (0.9923)  last_layer_lr: 0.0000 (0.0000)  current_batch_size: 2.0000 (2.0000)  total_loss: 10.3513 (10.4009)  dino_local_crops_loss: 7.3937 (7.4256)  dino_global_crops_loss: 0.9242 (0.9285)  koleo_loss: -0.0461 (-0.0422)  ibot_loss: 2.0795 (2.0889)  time: 8.180810  data: 5.191453  max mem: 59418Training  [ 4110/20000]  eta: 1 day, 13:05:03  lr: 0.0000 (0.0000)  wd: 0.0761 (0.0522)  mom: 0.9928 (0.9923)  last_layer_lr: 0.0000 (0.0000)  current_batch_size: 2.0000 (2.0000)  total_loss: 10.3513 (10.4008)  dino_local_crops_loss: 7.3937 (7.4256)  dino_global_crops_loss: 0.9242 (0.9285)  koleo_loss: -0.0461 (-0.0422)  ibot_loss: 2.0795 (2.0889)  time: 9.556137  data: 6.556021  max mem: 59418Training  [ 4120/20000]  eta: 1 day, 13:03:02  lr: 0.0000 (0.0000)  wd: 0.0762 (0.0523)  mom: 0.9928 (0.9923)  last_layer_lr: 0.0000 (0.0000)  current_batch_size: 2.0000 (2.0000)  total_loss: 10.3520 (10.4006)  dino_local_crops_loss: 7.3937 (7.4255)  dino_global_crops_loss: 0.9242 (0.9285)  koleo_loss: -0.0454 (-0.0422)  ibot_loss: 2.0795 (2.0888)  time: 7.795428  data: 4.778604  max mem: 59418Training  [ 4130/20000]  eta: 1 day, 13:00:55  lr: 0.0000 (0.0000)  wd: 0.0764 (0.0524)  mom: 0.9928 (0.9923)  last_layer_lr: 0.0000 (0.0000)  current_batch_size: 2.0000 (2.0000)  total_loss: 10.3512 (10.4005)  dino_local_crops_loss: 7.3937 (7.4254)  dino_global_crops_loss: 0.9242 (0.9285)  koleo_loss: -0.0462 (-0.0422)  ibot_loss: 2.0795 (2.0888)  time: 7.365289  data: 4.357510  max mem: 59418Training  [ 4140/20000]  eta: 1 day, 13:00:28  lr: 0.0000 (0.0000)  wd: 0.0766 (0.0524)  mom: 0.9928 (0.9923)  last_layer_lr: 0.0000 (0.0000)  current_batch_size: 2.0000 (2.0000)  total_loss: 10.3510 (10.4004)  dino_local_crops_loss: 7.3937 (7.4253)  dino_global_crops_loss: 0.9242 (0.9285)  koleo_loss: -0.0463 (-0.0422)  ibot_loss: 2.0795 (2.0888)  time: 8.576964  data: 5.571700  max mem: 59418Training  [ 4150/20000]  eta: 1 day, 12:58:05  lr: 0.0000 (0.0000)  wd: 0.0767 (0.0525)  mom: 0.9928 (0.9923)  last_layer_lr: 0.0000 (0.0000)  current_batch_size: 2.0000 (2.0000)  total_loss: 10.3515 (10.4003)  dino_local_crops_loss: 7.3937 (7.4253)  dino_global_crops_loss: 0.9242 (0.9285)  koleo_loss: -0.0458 (-0.0422)  ibot_loss: 2.0795 (2.0888)  time: 8.359358  data: 5.354323  max mem: 59418Training  [ 4160/20000]  eta: 1 day, 12:58:08  lr: 0.0000 (0.0000)  wd: 0.0769 (0.0525)  mom: 0.9928 (0.9923)  last_layer_lr: 0.0000 (0.0000)  current_batch_size: 2.0000 (2.0000)  total_loss: 10.3538 (10.4002)  dino_local_crops_loss: 7.3937 (7.4252)  dino_global_crops_loss: 0.9242 (0.9285)  koleo_loss: -0.0437 (-0.0422)  ibot_loss: 2.0795 (2.0888)  time: 8.766003  data: 5.760608  max mem: 59418Training  [ 4170/20000]  eta: 1 day, 12:55:08  lr: 0.0000 (0.0000)  wd: 0.0771 (0.0526)  mom: 0.9928 (0.9923)  last_layer_lr: 0.0000 (0.0000)  current_batch_size: 2.0000 (2.0000)  total_loss: 10.3528 (10.4001)  dino_local_crops_loss: 7.3937 (7.4251)  dino_global_crops_loss: 0.9242 (0.9285)  koleo_loss: -0.0446 (-0.0422)  ibot_loss: 2.0795 (2.0887)  time: 8.276574  data: 5.271653  max mem: 59418Training  [ 4180/20000]  eta: 1 day, 12:53:59  lr: 0.0000 (0.0000)  wd: 0.0773 (0.0527)  mom: 0.9928 (0.9923)  last_layer_lr: 0.0000 (0.0000)  current_batch_size: 2.0000 (2.0000)  total_loss: 10.3535 (10.4000)  dino_local_crops_loss: 7.3937 (7.4250)  dino_global_crops_loss: 0.9242 (0.9285)  koleo_loss: -0.0439 (-0.0422)  ibot_loss: 2.0795 (2.0887)  time: 7.340550  data: 4.337784  max mem: 59418Training  [ 4190/20000]  eta: 1 day, 12:52:02  lr: 0.0000 (0.0000)  wd: 0.0774 (0.0527)  mom: 0.9928 (0.9923)  last_layer_lr: 0.0000 (0.0000)  current_batch_size: 2.0000 (2.0000)  total_loss: 10.3544 (10.3999)  dino_local_crops_loss: 7.3937 (7.4250)  dino_global_crops_loss: 0.9242 (0.9285)  koleo_loss: -0.0430 (-0.0422)  ibot_loss: 2.0795 (2.0887)  time: 8.165305  data: 5.165098  max mem: 59418Training  [ 4200/20000]  eta: 1 day, 12:50:17  lr: 0.0000 (0.0000)  wd: 0.0776 (0.0528)  mom: 0.9928 (0.9923)  last_layer_lr: 0.0000 (0.0000)  current_batch_size: 2.0000 (2.0000)  total_loss: 10.3515 (10.3998)  dino_local_crops_loss: 7.3937 (7.4249)  dino_global_crops_loss: 0.9242 (0.9284)  koleo_loss: -0.0460 (-0.0422)  ibot_loss: 2.0795 (2.0887)  time: 7.669620  data: 4.681043  max mem: 59418Training  [ 4210/20000]  eta: 1 day, 12:48:12  lr: 0.0000 (0.0000)  wd: 0.0778 (0.0528)  mom: 0.9928 (0.9923)  last_layer_lr: 0.0000 (0.0000)  current_batch_size: 2.0000 (2.0000)  total_loss: 10.3503 (10.3996)  dino_local_crops_loss: 7.3937 (7.4248)  dino_global_crops_loss: 0.9242 (0.9284)  koleo_loss: -0.0472 (-0.0422)  ibot_loss: 2.0795 (2.0886)  time: 7.564908  data: 4.575815  max mem: 59418Training  [ 4220/20000]  eta: 1 day, 12:47:32  lr: 0.0000 (0.0000)  wd: 0.0779 (0.0529)  mom: 0.9928 (0.9923)  last_layer_lr: 0.0000 (0.0000)  current_batch_size: 2.0000 (2.0000)  total_loss: 10.3520 (10.3995)  dino_local_crops_loss: 7.3937 (7.4247)  dino_global_crops_loss: 0.9242 (0.9284)  koleo_loss: -0.0455 (-0.0423)  ibot_loss: 2.0795 (2.0886)  time: 8.436038  data: 5.444583  max mem: 59418Training  [ 4230/20000]  eta: 1 day, 12:44:13  lr: 0.0000 (0.0000)  wd: 0.0781 (0.0530)  mom: 0.9928 (0.9923)  last_layer_lr: 0.0000 (0.0000)  current_batch_size: 2.0000 (2.0000)  total_loss: 10.3526 (10.3994)  dino_local_crops_loss: 7.3937 (7.4247)  dino_global_crops_loss: 0.9242 (0.9284)  koleo_loss: -0.0448 (-0.0423)  ibot_loss: 2.0795 (2.0886)  time: 7.432581  data: 4.440027  max mem: 59418Training  [ 4240/20000]  eta: 1 day, 12:42:29  lr: 0.0000 (0.0000)  wd: 0.0783 (0.0530)  mom: 0.9929 (0.9923)  last_layer_lr: 0.0000 (0.0000)  current_batch_size: 2.0000 (2.0000)  total_loss: 10.3507 (10.3993)  dino_local_crops_loss: 7.3937 (7.4246)  dino_global_crops_loss: 0.9242 (0.9284)  koleo_loss: -0.0467 (-0.0423)  ibot_loss: 2.0795 (2.0886)  time: 6.581927  data: 3.591771  max mem: 59418Training  [ 4250/20000]  eta: 1 day, 12:41:00  lr: 0.0000 (0.0000)  wd: 0.0785 (0.0531)  mom: 0.9929 (0.9923)  last_layer_lr: 0.0000 (0.0000)  current_batch_size: 2.0000 (2.0000)  total_loss: 10.3492 (10.3992)  dino_local_crops_loss: 7.3937 (7.4245)  dino_global_crops_loss: 0.9242 (0.9284)  koleo_loss: -0.0482 (-0.0423)  ibot_loss: 2.0795 (2.0886)  time: 8.052505  data: 5.042693  max mem: 59418Training  [ 4260/20000]  eta: 1 day, 12:39:00  lr: 0.0000 (0.0000)  wd: 0.0786 (0.0531)  mom: 0.9929 (0.9923)  last_layer_lr: 0.0000 (0.0000)  current_batch_size: 2.0000 (2.0000)  total_loss: 10.3525 (10.3991)  dino_local_crops_loss: 7.3937 (7.4244)  dino_global_crops_loss: 0.9242 (0.9284)  koleo_loss: -0.0449 (-0.0423)  ibot_loss: 2.0795 (2.0885)  time: 7.818415  data: 4.808415  max mem: 59418Training  [ 4270/20000]  eta: 1 day, 12:37:20  lr: 0.0000 (0.0000)  wd: 0.0788 (0.0532)  mom: 0.9929 (0.9923)  last_layer_lr: 0.0000 (0.0000)  current_batch_size: 2.0000 (2.0000)  total_loss: 10.3539 (10.3990)  dino_local_crops_loss: 7.3937 (7.4244)  dino_global_crops_loss: 0.9242 (0.9284)  koleo_loss: -0.0435 (-0.0423)  ibot_loss: 2.0795 (2.0885)  time: 7.665006  data: 4.676728  max mem: 59418Training  [ 4280/20000]  eta: 1 day, 12:36:22  lr: 0.0000 (0.0000)  wd: 0.0790 (0.0533)  mom: 0.9929 (0.9923)  last_layer_lr: 0.0000 (0.0000)  current_batch_size: 2.0000 (2.0000)  total_loss: 10.3523 (10.3989)  dino_local_crops_loss: 7.3937 (7.4243)  dino_global_crops_loss: 0.9242 (0.9284)  koleo_loss: -0.0450 (-0.0423)  ibot_loss: 2.0795 (2.0885)  time: 8.516192  data: 5.529112  max mem: 59418Training  [ 4290/20000]  eta: 1 day, 12:35:34  lr: 0.0000 (0.0000)  wd: 0.0792 (0.0533)  mom: 0.9929 (0.9923)  last_layer_lr: 0.0000 (0.0000)  current_batch_size: 2.0000 (2.0000)  total_loss: 10.3523 (10.3988)  dino_local_crops_loss: 7.3937 (7.4242)  dino_global_crops_loss: 0.9242 (0.9284)  koleo_loss: -0.0450 (-0.0423)  ibot_loss: 2.0795 (2.0885)  time: 9.231431  data: 6.241921  max mem: 59418Training  [ 4300/20000]  eta: 1 day, 12:32:39  lr: 0.0000 (0.0000)  wd: 0.0793 (0.0534)  mom: 0.9929 (0.9923)  last_layer_lr: 0.0000 (0.0000)  current_batch_size: 2.0000 (2.0000)  total_loss: 10.3515 (10.3986)  dino_local_crops_loss: 7.3937 (7.4242)  dino_global_crops_loss: 0.9242 (0.9283)  koleo_loss: -0.0460 (-0.0423)  ibot_loss: 2.0795 (2.0885)  time: 7.620093  data: 4.613553  max mem: 59418Training  [ 4310/20000]  eta: 1 day, 12:32:18  lr: 0.0000 (0.0000)  wd: 0.0795 (0.0534)  mom: 0.9929 (0.9923)  last_layer_lr: 0.0000 (0.0000)  current_batch_size: 2.0000 (2.0000)  total_loss: 10.3511 (10.3985)  dino_local_crops_loss: 7.3937 (7.4241)  dino_global_crops_loss: 0.9242 (0.9283)  koleo_loss: -0.0463 (-0.0423)  ibot_loss: 2.0795 (2.0884)  time: 7.996198  data: 4.990918  max mem: 59418Training  [ 4320/20000]  eta: 1 day, 12:30:19  lr: 0.0000 (0.0000)  wd: 0.0797 (0.0535)  mom: 0.9929 (0.9923)  last_layer_lr: 0.0000 (0.0000)  current_batch_size: 2.0000 (2.0000)  total_loss: 10.3501 (10.3984)  dino_local_crops_loss: 7.3937 (7.4240)  dino_global_crops_loss: 0.9242 (0.9283)  koleo_loss: -0.0474 (-0.0423)  ibot_loss: 2.0795 (2.0884)  time: 8.766516  data: 5.776712  max mem: 59418Training  [ 4330/20000]  eta: 1 day, 12:28:23  lr: 0.0000 (0.0000)  wd: 0.0799 (0.0536)  mom: 0.9929 (0.9923)  last_layer_lr: 0.0000 (0.0000)  current_batch_size: 2.0000 (2.0000)  total_loss: 10.3506 (10.3983)  dino_local_crops_loss: 7.3937 (7.4239)  dino_global_crops_loss: 0.9242 (0.9283)  koleo_loss: -0.0468 (-0.0423)  ibot_loss: 2.0795 (2.0884)  time: 7.449841  data: 4.460423  max mem: 59418Training  [ 4340/20000]  eta: 1 day, 12:26:38  lr: 0.0000 (0.0000)  wd: 0.0801 (0.0536)  mom: 0.9929 (0.9923)  last_layer_lr: 0.0000 (0.0000)  current_batch_size: 2.0000 (2.0000)  total_loss: 10.3507 (10.3982)  dino_local_crops_loss: 7.3937 (7.4239)  dino_global_crops_loss: 0.9242 (0.9283)  koleo_loss: -0.0467 (-0.0423)  ibot_loss: 2.0795 (2.0884)  time: 7.640971  data: 4.652442  max mem: 59418Training  [ 4350/20000]  eta: 1 day, 12:25:57  lr: 0.0000 (0.0000)  wd: 0.0802 (0.0537)  mom: 0.9929 (0.9923)  last_layer_lr: 0.0000 (0.0000)  current_batch_size: 2.0000 (2.0000)  total_loss: 10.3507 (10.3981)  dino_local_crops_loss: 7.3937 (7.4238)  dino_global_crops_loss: 0.9242 (0.9283)  koleo_loss: -0.0467 (-0.0423)  ibot_loss: 2.0795 (2.0883)  time: 8.686938  data: 5.698934  max mem: 59418Training  [ 4360/20000]  eta: 1 day, 12:23:51  lr: 0.0000 (0.0000)  wd: 0.0804 (0.0537)  mom: 0.9929 (0.9923)  last_layer_lr: 0.0000 (0.0000)  current_batch_size: 2.0000 (2.0000)  total_loss: 10.3512 (10.3980)  dino_local_crops_loss: 7.3937 (7.4237)  dino_global_crops_loss: 0.9242 (0.9283)  koleo_loss: -0.0462 (-0.0423)  ibot_loss: 2.0795 (2.0883)  time: 8.391436  data: 5.403349  max mem: 59418Training  [ 4370/20000]  eta: 1 day, 12:22:26  lr: 0.0000 (0.0000)  wd: 0.0806 (0.0538)  mom: 0.9929 (0.9923)  last_layer_lr: 0.0000 (0.0000)  current_batch_size: 2.0000 (2.0000)  total_loss: 10.3520 (10.3979)  dino_local_crops_loss: 7.3937 (7.4237)  dino_global_crops_loss: 0.9242 (0.9283)  koleo_loss: -0.0454 (-0.0424)  ibot_loss: 2.0795 (2.0883)  time: 7.769239  data: 4.780190  max mem: 59418Training  [ 4380/20000]  eta: 1 day, 12:19:50  lr: 0.0000 (0.0000)  wd: 0.0808 (0.0539)  mom: 0.9929 (0.9923)  last_layer_lr: 0.0000 (0.0000)  current_batch_size: 2.0000 (2.0000)  total_loss: 10.3511 (10.3978)  dino_local_crops_loss: 7.3937 (7.4236)  dino_global_crops_loss: 0.9242 (0.9283)  koleo_loss: -0.0463 (-0.0424)  ibot_loss: 2.0795 (2.0883)  time: 7.341259  data: 4.346991  max mem: 59418Training  [ 4390/20000]  eta: 1 day, 12:17:11  lr: 0.0000 (0.0000)  wd: 0.0809 (0.0539)  mom: 0.9929 (0.9923)  last_layer_lr: 0.0000 (0.0000)  current_batch_size: 2.0000 (2.0000)  total_loss: 10.3514 (10.3977)  dino_local_crops_loss: 7.3937 (7.4235)  dino_global_crops_loss: 0.9242 (0.9283)  koleo_loss: -0.0460 (-0.0424)  ibot_loss: 2.0795 (2.0883)  time: 6.298434  data: 3.284208  max mem: 59418Training  [ 4400/20000]  eta: 1 day, 12:14:28  lr: 0.0000 (0.0000)  wd: 0.0811 (0.0540)  mom: 0.9929 (0.9923)  last_layer_lr: 0.0000 (0.0000)  current_batch_size: 2.0000 (2.0000)  total_loss: 10.3506 (10.3976)  dino_local_crops_loss: 7.3937 (7.4235)  dino_global_crops_loss: 0.9242 (0.9282)  koleo_loss: -0.0468 (-0.0424)  ibot_loss: 2.0795 (2.0882)  time: 6.195037  data: 3.185412  max mem: 59418Training  [ 4410/20000]  eta: 1 day, 12:12:35  lr: 0.0000 (0.0000)  wd: 0.0813 (0.0541)  mom: 0.9929 (0.9923)  last_layer_lr: 0.0000 (0.0000)  current_batch_size: 2.0000 (2.0000)  total_loss: 10.3509 (10.3975)  dino_local_crops_loss: 7.3937 (7.4234)  dino_global_crops_loss: 0.9242 (0.9282)  koleo_loss: -0.0465 (-0.0424)  ibot_loss: 2.0795 (2.0882)  time: 6.839345  data: 3.848708  max mem: 59418Training  [ 4420/20000]  eta: 1 day, 12:09:44  lr: 0.0000 (0.0000)  wd: 0.0815 (0.0541)  mom: 0.9929 (0.9923)  last_layer_lr: 0.0000 (0.0000)  current_batch_size: 2.0000 (2.0000)  total_loss: 10.3515 (10.3974)  dino_local_crops_loss: 7.3937 (7.4233)  dino_global_crops_loss: 0.9242 (0.9282)  koleo_loss: -0.0459 (-0.0424)  ibot_loss: 2.0795 (2.0882)  time: 6.707469  data: 3.714935  max mem: 59418Training  [ 4430/20000]  eta: 1 day, 12:07:58  lr: 0.0000 (0.0000)  wd: 0.0817 (0.0542)  mom: 0.9929 (0.9923)  last_layer_lr: 0.0000 (0.0000)  current_batch_size: 2.0000 (2.0000)  total_loss: 10.3520 (10.3973)  dino_local_crops_loss: 7.3937 (7.4233)  dino_global_crops_loss: 0.9242 (0.9282)  koleo_loss: -0.0454 (-0.0424)  ibot_loss: 2.0795 (2.0882)  time: 6.799358  data: 3.793533  max mem: 59418Training  [ 4440/20000]  eta: 1 day, 12:05:43  lr: 0.0000 (0.0000)  wd: 0.0818 (0.0542)  mom: 0.9929 (0.9923)  last_layer_lr: 0.0000 (0.0000)  current_batch_size: 2.0000 (2.0000)  total_loss: 10.3514 (10.3972)  dino_local_crops_loss: 7.3937 (7.4232)  dino_global_crops_loss: 0.9242 (0.9282)  koleo_loss: -0.0460 (-0.0424)  ibot_loss: 2.0795 (2.0882)  time: 7.306309  data: 4.279435  max mem: 59418Training  [ 4450/20000]  eta: 1 day, 12:03:59  lr: 0.0000 (0.0000)  wd: 0.0820 (0.0543)  mom: 0.9929 (0.9923)  last_layer_lr: 0.0000 (0.0000)  current_batch_size: 2.0000 (2.0000)  total_loss: 10.3512 (10.3971)  dino_local_crops_loss: 7.3937 (7.4231)  dino_global_crops_loss: 0.9242 (0.9282)  koleo_loss: -0.0462 (-0.0424)  ibot_loss: 2.0795 (2.0881)  time: 7.321013  data: 4.308736  max mem: 59418Training  [ 4460/20000]  eta: 1 day, 12:00:31  lr: 0.0000 (0.0000)  wd: 0.0822 (0.0544)  mom: 0.9929 (0.9923)  last_layer_lr: 0.0000 (0.0000)  current_batch_size: 2.0000 (2.0000)  total_loss: 10.3504 (10.3970)  dino_local_crops_loss: 7.3937 (7.4231)  dino_global_crops_loss: 0.9242 (0.9282)  koleo_loss: -0.0469 (-0.0424)  ibot_loss: 2.0795 (2.0881)  time: 6.268056  data: 3.278974  max mem: 59418Training  [ 4470/20000]  eta: 1 day, 11:58:50  lr: 0.0000 (0.0000)  wd: 0.0824 (0.0544)  mom: 0.9929 (0.9923)  last_layer_lr: 0.0000 (0.0000)  current_batch_size: 2.0000 (2.0000)  total_loss: 10.3506 (10.3969)  dino_local_crops_loss: 7.3937 (7.4230)  dino_global_crops_loss: 0.9242 (0.9282)  koleo_loss: -0.0468 (-0.0424)  ibot_loss: 2.0795 (2.0881)  time: 6.302511  data: 3.299995  max mem: 59418Training  [ 4480/20000]  eta: 1 day, 11:56:27  lr: 0.0000 (0.0000)  wd: 0.0826 (0.0545)  mom: 0.9929 (0.9923)  last_layer_lr: 0.0000 (0.0000)  current_batch_size: 2.0000 (2.0000)  total_loss: 10.3508 (10.3968)  dino_local_crops_loss: 7.3937 (7.4229)  dino_global_crops_loss: 0.9242 (0.9282)  koleo_loss: -0.0465 (-0.0424)  ibot_loss: 2.0795 (2.0881)  time: 7.229883  data: 4.216545  max mem: 59418Training  [ 4490/20000]  eta: 1 day, 11:55:09  lr: 0.0000 (0.0000)  wd: 0.0828 (0.0546)  mom: 0.9930 (0.9923)  last_layer_lr: 0.0000 (0.0000)  current_batch_size: 2.0000 (2.0000)  total_loss: 10.3504 (10.3967)  dino_local_crops_loss: 7.3937 (7.4229)  dino_global_crops_loss: 0.9242 (0.9282)  koleo_loss: -0.0469 (-0.0424)  ibot_loss: 2.0795 (2.0881)  time: 7.556365  data: 4.555118  max mem: 59418Training  [ 4500/20000]  eta: 1 day, 11:54:10  lr: 0.0000 (0.0000)  wd: 0.0829 (0.0546)  mom: 0.9930 (0.9923)  last_layer_lr: 0.0000 (0.0000)  current_batch_size: 2.0000 (2.0000)  total_loss: 10.3505 (10.3966)  dino_local_crops_loss: 7.3937 (7.4228)  dino_global_crops_loss: 0.9242 (0.9282)  koleo_loss: -0.0468 (-0.0425)  ibot_loss: 2.0795 (2.0881)  time: 8.760433  data: 5.771625  max mem: 59418Training  [ 4510/20000]  eta: 1 day, 11:51:50  lr: 0.0000 (0.0000)  wd: 0.0831 (0.0547)  mom: 0.9930 (0.9923)  last_layer_lr: 0.0000 (0.0000)  current_batch_size: 2.0000 (2.0000)  total_loss: 10.3506 (10.3965)  dino_local_crops_loss: 7.3937 (7.4227)  dino_global_crops_loss: 0.9242 (0.9282)  koleo_loss: -0.0468 (-0.0425)  ibot_loss: 2.0795 (2.0880)  time: 7.870519  data: 4.876117  max mem: 59418Training  [ 4520/20000]  eta: 1 day, 11:50:01  lr: 0.0000 (0.0000)  wd: 0.0833 (0.0547)  mom: 0.9930 (0.9923)  last_layer_lr: 0.0000 (0.0000)  current_batch_size: 2.0000 (2.0000)  total_loss: 10.3508 (10.3964)  dino_local_crops_loss: 7.3937 (7.4227)  dino_global_crops_loss: 0.9242 (0.9281)  koleo_loss: -0.0466 (-0.0425)  ibot_loss: 2.0795 (2.0880)  time: 7.134964  data: 4.139104  max mem: 59418Training  [ 4530/20000]  eta: 1 day, 11:48:01  lr: 0.0000 (0.0000)  wd: 0.0835 (0.0548)  mom: 0.9930 (0.9923)  last_layer_lr: 0.0000 (0.0000)  current_batch_size: 2.0000 (2.0000)  total_loss: 10.3490 (10.3963)  dino_local_crops_loss: 7.3937 (7.4226)  dino_global_crops_loss: 0.9242 (0.9281)  koleo_loss: -0.0484 (-0.0425)  ibot_loss: 2.0795 (2.0880)  time: 7.417169  data: 4.429172  max mem: 59418Training  [ 4540/20000]  eta: 1 day, 11:46:28  lr: 0.0000 (0.0000)  wd: 0.0837 (0.0549)  mom: 0.9930 (0.9923)  last_layer_lr: 0.0000 (0.0000)  current_batch_size: 2.0000 (2.0000)  total_loss: 10.3490 (10.3962)  dino_local_crops_loss: 7.3937 (7.4225)  dino_global_crops_loss: 0.9242 (0.9281)  koleo_loss: -0.0484 (-0.0425)  ibot_loss: 2.0795 (2.0880)  time: 7.654199  data: 4.666229  max mem: 59418Training  [ 4550/20000]  eta: 1 day, 11:44:34  lr: 0.0000 (0.0000)  wd: 0.0839 (0.0549)  mom: 0.9930 (0.9923)  last_layer_lr: 0.0000 (0.0000)  current_batch_size: 2.0000 (2.0000)  total_loss: 10.3491 (10.3961)  dino_local_crops_loss: 7.3937 (7.4225)  dino_global_crops_loss: 0.9242 (0.9281)  koleo_loss: -0.0483 (-0.0425)  ibot_loss: 2.0795 (2.0880)  time: 7.737264  data: 4.749079  max mem: 59418Training  [ 4560/20000]  eta: 1 day, 11:42:07  lr: 0.0000 (0.0000)  wd: 0.0840 (0.0550)  mom: 0.9930 (0.9923)  last_layer_lr: 0.0000 (0.0000)  current_batch_size: 2.0000 (2.0000)  total_loss: 10.3499 (10.3960)  dino_local_crops_loss: 7.3937 (7.4224)  dino_global_crops_loss: 0.9242 (0.9281)  koleo_loss: -0.0475 (-0.0425)  ibot_loss: 2.0795 (2.0879)  time: 6.940877  data: 3.952938  max mem: 59418Training  [ 4570/20000]  eta: 1 day, 11:41:51  lr: 0.0000 (0.0000)  wd: 0.0842 (0.0551)  mom: 0.9930 (0.9923)  last_layer_lr: 0.0000 (0.0000)  current_batch_size: 2.0000 (2.0000)  total_loss: 10.3488 (10.3959)  dino_local_crops_loss: 7.3937 (7.4224)  dino_global_crops_loss: 0.9242 (0.9281)  koleo_loss: -0.0486 (-0.0425)  ibot_loss: 2.0795 (2.0879)  time: 8.379767  data: 5.374038  max mem: 59418Training  [ 4580/20000]  eta: 1 day, 11:40:47  lr: 0.0000 (0.0000)  wd: 0.0844 (0.0551)  mom: 0.9930 (0.9923)  last_layer_lr: 0.0000 (0.0000)  current_batch_size: 2.0000 (2.0000)  total_loss: 10.3507 (10.3958)  dino_local_crops_loss: 7.3937 (7.4223)  dino_global_crops_loss: 0.9242 (0.9281)  koleo_loss: -0.0467 (-0.0425)  ibot_loss: 2.0795 (2.0879)  time: 9.607123  data: 6.601757  max mem: 59418Training  [ 4590/20000]  eta: 1 day, 11:37:29  lr: 0.0000 (0.0000)  wd: 0.0846 (0.0552)  mom: 0.9930 (0.9923)  last_layer_lr: 0.0000 (0.0000)  current_batch_size: 2.0000 (2.0000)  total_loss: 10.3506 (10.3957)  dino_local_crops_loss: 7.3937 (7.4222)  dino_global_crops_loss: 0.9242 (0.9281)  koleo_loss: -0.0467 (-0.0425)  ibot_loss: 2.0795 (2.0879)  time: 6.909637  data: 3.921305  max mem: 59418Training  [ 4600/20000]  eta: 1 day, 11:35:05  lr: 0.0000 (0.0000)  wd: 0.0848 (0.0553)  mom: 0.9930 (0.9923)  last_layer_lr: 0.0000 (0.0000)  current_batch_size: 2.0000 (2.0000)  total_loss: 10.3489 (10.3956)  dino_local_crops_loss: 7.3937 (7.4222)  dino_global_crops_loss: 0.9242 (0.9281)  koleo_loss: -0.0485 (-0.0425)  ibot_loss: 2.0795 (2.0879)  time: 5.707707  data: 2.702126  max mem: 59418Training  [ 4610/20000]  eta: 1 day, 11:33:09  lr: 0.0000 (0.0000)  wd: 0.0850 (0.0553)  mom: 0.9930 (0.9923)  last_layer_lr: 0.0000 (0.0000)  current_batch_size: 2.0000 (2.0000)  total_loss: 10.3514 (10.3955)  dino_local_crops_loss: 7.3937 (7.4221)  dino_global_crops_loss: 0.9242 (0.9281)  koleo_loss: -0.0460 (-0.0425)  ibot_loss: 2.0795 (2.0878)  time: 6.922486  data: 3.915239  max mem: 59418Training  [ 4620/20000]  eta: 1 day, 11:30:36  lr: 0.0000 (0.0000)  wd: 0.0852 (0.0554)  mom: 0.9930 (0.9923)  last_layer_lr: 0.0000 (0.0000)  current_batch_size: 2.0000 (2.0000)  total_loss: 10.3524 (10.3954)  dino_local_crops_loss: 7.3937 (7.4220)  dino_global_crops_loss: 0.9242 (0.9281)  koleo_loss: -0.0450 (-0.0425)  ibot_loss: 2.0795 (2.0878)  time: 6.784049  data: 3.792386  max mem: 59418Training  [ 4630/20000]  eta: 1 day, 11:28:53  lr: 0.0000 (0.0000)  wd: 0.0854 (0.0555)  mom: 0.9930 (0.9923)  last_layer_lr: 0.0000 (0.0000)  current_batch_size: 2.0000 (2.0000)  total_loss: 10.3528 (10.3953)  dino_local_crops_loss: 7.3937 (7.4220)  dino_global_crops_loss: 0.9242 (0.9280)  koleo_loss: -0.0446 (-0.0426)  ibot_loss: 2.0795 (2.0878)  time: 6.969012  data: 3.979625  max mem: 59418Training  [ 4640/20000]  eta: 1 day, 11:28:50  lr: 0.0000 (0.0000)  wd: 0.0855 (0.0555)  mom: 0.9930 (0.9923)  last_layer_lr: 0.0000 (0.0000)  current_batch_size: 2.0000 (2.0000)  total_loss: 10.3527 (10.3952)  dino_local_crops_loss: 7.3937 (7.4219)  dino_global_crops_loss: 0.9242 (0.9280)  koleo_loss: -0.0446 (-0.0426)  ibot_loss: 2.0795 (2.0878)  time: 9.225940  data: 6.237178  max mem: 59418Training  [ 4650/20000]  eta: 1 day, 11:27:01  lr: 0.0000 (0.0000)  wd: 0.0857 (0.0556)  mom: 0.9930 (0.9923)  last_layer_lr: 0.0000 (0.0000)  current_batch_size: 2.0000 (2.0000)  total_loss: 10.3524 (10.3951)  dino_local_crops_loss: 7.3937 (7.4219)  dino_global_crops_loss: 0.9242 (0.9280)  koleo_loss: -0.0449 (-0.0426)  ibot_loss: 2.0795 (2.0878)  time: 9.136736  data: 6.148529  max mem: 59418Training  [ 4660/20000]  eta: 1 day, 11:24:54  lr: 0.0000 (0.0000)  wd: 0.0859 (0.0557)  mom: 0.9930 (0.9923)  last_layer_lr: 0.0000 (0.0000)  current_batch_size: 2.0000 (2.0000)  total_loss: 10.3516 (10.3950)  dino_local_crops_loss: 7.3937 (7.4218)  dino_global_crops_loss: 0.9242 (0.9280)  koleo_loss: -0.0457 (-0.0426)  ibot_loss: 2.0795 (2.0878)  time: 7.247116  data: 4.246741  max mem: 59418Training  [ 4670/20000]  eta: 1 day, 11:24:03  lr: 0.0000 (0.0000)  wd: 0.0861 (0.0557)  mom: 0.9930 (0.9923)  last_layer_lr: 0.0000 (0.0000)  current_batch_size: 2.0000 (2.0000)  total_loss: 10.3511 (10.3949)  dino_local_crops_loss: 7.3936 (7.4217)  dino_global_crops_loss: 0.9242 (0.9280)  koleo_loss: -0.0462 (-0.0426)  ibot_loss: 2.0795 (2.0877)  time: 8.133565  data: 5.132020  max mem: 59418Training  [ 4680/20000]  eta: 1 day, 11:22:14  lr: 0.0000 (0.0000)  wd: 0.0863 (0.0558)  mom: 0.9930 (0.9924)  last_layer_lr: 0.0000 (0.0000)  current_batch_size: 2.0000 (2.0000)  total_loss: 10.3518 (10.3948)  dino_local_crops_loss: 7.3936 (7.4217)  dino_global_crops_loss: 0.9242 (0.9280)  koleo_loss: -0.0455 (-0.0426)  ibot_loss: 2.0795 (2.0877)  time: 8.410404  data: 5.421499  max mem: 59418Training  [ 4690/20000]  eta: 1 day, 11:21:33  lr: 0.0000 (0.0000)  wd: 0.0865 (0.0558)  mom: 0.9930 (0.9924)  last_layer_lr: 0.0000 (0.0000)  current_batch_size: 2.0000 (2.0000)  total_loss: 10.3525 (10.3947)  dino_local_crops_loss: 7.3936 (7.4216)  dino_global_crops_loss: 0.9242 (0.9280)  koleo_loss: -0.0448 (-0.0426)  ibot_loss: 2.0795 (2.0877)  time: 8.559410  data: 5.570991  max mem: 59418Training  [ 4700/20000]  eta: 1 day, 11:18:34  lr: 0.0000 (0.0000)  wd: 0.0867 (0.0559)  mom: 0.9930 (0.9924)  last_layer_lr: 0.0000 (0.0000)  current_batch_size: 2.0000 (2.0000)  total_loss: 10.3531 (10.3947)  dino_local_crops_loss: 7.3937 (7.4216)  dino_global_crops_loss: 0.9242 (0.9280)  koleo_loss: -0.0443 (-0.0426)  ibot_loss: 2.0795 (2.0877)  time: 7.484931  data: 4.494098  max mem: 59418Training  [ 4710/20000]  eta: 1 day, 11:17:58  lr: 0.0000 (0.0000)  wd: 0.0869 (0.0560)  mom: 0.9930 (0.9924)  last_layer_lr: 0.0000 (0.0000)  current_batch_size: 2.0000 (2.0000)  total_loss: 10.3511 (10.3946)  dino_local_crops_loss: 7.3937 (7.4215)  dino_global_crops_loss: 0.9242 (0.9280)  koleo_loss: -0.0462 (-0.0426)  ibot_loss: 2.0795 (2.0877)  time: 7.559096  data: 4.568645  max mem: 59418Training  [ 4720/20000]  eta: 1 day, 11:15:37  lr: 0.0000 (0.0000)  wd: 0.0871 (0.0560)  mom: 0.9930 (0.9924)  last_layer_lr: 0.0000 (0.0000)  current_batch_size: 2.0000 (2.0000)  total_loss: 10.3509 (10.3945)  dino_local_crops_loss: 7.3937 (7.4214)  dino_global_crops_loss: 0.9242 (0.9280)  koleo_loss: -0.0465 (-0.0426)  ibot_loss: 2.0795 (2.0877)  time: 8.134801  data: 5.147220  max mem: 59418Training  [ 4730/20000]  eta: 1 day, 11:15:27  lr: 0.0000 (0.0000)  wd: 0.0872 (0.0561)  mom: 0.9930 (0.9924)  last_layer_lr: 0.0000 (0.0000)  current_batch_size: 2.0000 (2.0000)  total_loss: 10.3489 (10.3944)  dino_local_crops_loss: 7.3937 (7.4214)  dino_global_crops_loss: 0.9242 (0.9280)  koleo_loss: -0.0485 (-0.0426)  ibot_loss: 2.0795 (2.0876)  time: 8.548651  data: 5.561244  max mem: 59418Training  [ 4740/20000]  eta: 1 day, 11:13:31  lr: 0.0000 (0.0000)  wd: 0.0874 (0.0562)  mom: 0.9931 (0.9924)  last_layer_lr: 0.0000 (0.0000)  current_batch_size: 2.0000 (2.0000)  total_loss: 10.3500 (10.3943)  dino_local_crops_loss: 7.3937 (7.4213)  dino_global_crops_loss: 0.9242 (0.9280)  koleo_loss: -0.0474 (-0.0426)  ibot_loss: 2.0795 (2.0876)  time: 8.938837  data: 5.951751  max mem: 59418Training  [ 4750/20000]  eta: 1 day, 11:13:56  lr: 0.0000 (0.0000)  wd: 0.0876 (0.0562)  mom: 0.9931 (0.9924)  last_layer_lr: 0.0000 (0.0000)  current_batch_size: 2.0000 (2.0000)  total_loss: 10.3515 (10.3942)  dino_local_crops_loss: 7.3937 (7.4213)  dino_global_crops_loss: 0.9242 (0.9280)  koleo_loss: -0.0459 (-0.0426)  ibot_loss: 2.0795 (2.0876)  time: 9.488688  data: 6.501506  max mem: 59418Training  [ 4760/20000]  eta: 1 day, 11:12:28  lr: 0.0000 (0.0000)  wd: 0.0878 (0.0563)  mom: 0.9931 (0.9924)  last_layer_lr: 0.0000 (0.0000)  current_batch_size: 2.0000 (2.0000)  total_loss: 10.3499 (10.3941)  dino_local_crops_loss: 7.3937 (7.4212)  dino_global_crops_loss: 0.9242 (0.9279)  koleo_loss: -0.0474 (-0.0426)  ibot_loss: 2.0795 (2.0876)  time: 9.918148  data: 6.907200  max mem: 59418Training  [ 4770/20000]  eta: 1 day, 11:12:03  lr: 0.0000 (0.0000)  wd: 0.0880 (0.0564)  mom: 0.9931 (0.9924)  last_layer_lr: 0.0000 (0.0000)  current_batch_size: 2.0000 (2.0000)  total_loss: 10.3497 (10.3940)  dino_local_crops_loss: 7.3937 (7.4212)  dino_global_crops_loss: 0.9242 (0.9279)  koleo_loss: -0.0477 (-0.0426)  ibot_loss: 2.0795 (2.0876)  time: 9.148057  data: 6.136819  max mem: 59418Training  [ 4780/20000]  eta: 1 day, 11:10:35  lr: 0.0000 (0.0000)  wd: 0.0882 (0.0564)  mom: 0.9931 (0.9924)  last_layer_lr: 0.0000 (0.0000)  current_batch_size: 2.0000 (2.0000)  total_loss: 10.3498 (10.3939)  dino_local_crops_loss: 7.3937 (7.4211)  dino_global_crops_loss: 0.9242 (0.9279)  koleo_loss: -0.0475 (-0.0427)  ibot_loss: 2.0795 (2.0876)  time: 9.157511  data: 6.146531  max mem: 59418Training  [ 4790/20000]  eta: 1 day, 11:07:51  lr: 0.0000 (0.0000)  wd: 0.0884 (0.0565)  mom: 0.9931 (0.9924)  last_layer_lr: 0.0000 (0.0000)  current_batch_size: 2.0000 (2.0000)  total_loss: 10.3503 (10.3938)  dino_local_crops_loss: 7.3937 (7.4210)  dino_global_crops_loss: 0.9242 (0.9279)  koleo_loss: -0.0471 (-0.0427)  ibot_loss: 2.0795 (2.0875)  time: 6.976777  data: 3.962819  max mem: 59418Training  [ 4800/20000]  eta: 1 day, 11:07:35  lr: 0.0000 (0.0000)  wd: 0.0886 (0.0566)  mom: 0.9931 (0.9924)  last_layer_lr: 0.0000 (0.0000)  current_batch_size: 2.0000 (2.0000)  total_loss: 10.3509 (10.3937)  dino_local_crops_loss: 7.3937 (7.4210)  dino_global_crops_loss: 0.9242 (0.9279)  koleo_loss: -0.0464 (-0.0427)  ibot_loss: 2.0795 (2.0875)  time: 8.108964  data: 5.118730  max mem: 59418Training  [ 4810/20000]  eta: 1 day, 11:06:43  lr: 0.0000 (0.0000)  wd: 0.0888 (0.0566)  mom: 0.9931 (0.9924)  last_layer_lr: 0.0000 (0.0000)  current_batch_size: 2.0000 (2.0000)  total_loss: 10.3508 (10.3937)  dino_local_crops_loss: 7.3937 (7.4209)  dino_global_crops_loss: 0.9242 (0.9279)  koleo_loss: -0.0465 (-0.0427)  ibot_loss: 2.0795 (2.0875)  time: 9.876266  data: 6.889436  max mem: 59418Training  [ 4820/20000]  eta: 1 day, 11:04:18  lr: 0.0000 (0.0000)  wd: 0.0890 (0.0567)  mom: 0.9931 (0.9924)  last_layer_lr: 0.0000 (0.0000)  current_batch_size: 2.0000 (2.0000)  total_loss: 10.3498 (10.3936)  dino_local_crops_loss: 7.3936 (7.4209)  dino_global_crops_loss: 0.9242 (0.9279)  koleo_loss: -0.0475 (-0.0427)  ibot_loss: 2.0795 (2.0875)  time: 7.825034  data: 4.818581  max mem: 59418Training  [ 4830/20000]  eta: 1 day, 11:03:15  lr: 0.0000 (0.0000)  wd: 0.0892 (0.0568)  mom: 0.9931 (0.9924)  last_layer_lr: 0.0000 (0.0000)  current_batch_size: 2.0000 (2.0000)  total_loss: 10.3491 (10.3935)  dino_local_crops_loss: 7.3936 (7.4208)  dino_global_crops_loss: 0.9242 (0.9279)  koleo_loss: -0.0483 (-0.0427)  ibot_loss: 2.0795 (2.0875)  time: 7.661082  data: 4.653214  max mem: 59418Training  [ 4840/20000]  eta: 1 day, 11:01:46  lr: 0.0000 (0.0000)  wd: 0.0894 (0.0568)  mom: 0.9931 (0.9924)  last_layer_lr: 0.0000 (0.0000)  current_batch_size: 2.0000 (2.0000)  total_loss: 10.3503 (10.3934)  dino_local_crops_loss: 7.3936 (7.4208)  dino_global_crops_loss: 0.9242 (0.9279)  koleo_loss: -0.0470 (-0.0427)  ibot_loss: 2.0795 (2.0875)  time: 8.555420  data: 5.548973  max mem: 59418Training  [ 4850/20000]  eta: 1 day, 11:00:19  lr: 0.0000 (0.0000)  wd: 0.0896 (0.0569)  mom: 0.9931 (0.9924)  last_layer_lr: 0.0000 (0.0000)  current_batch_size: 2.0000 (2.0000)  total_loss: 10.3517 (10.3933)  dino_local_crops_loss: 7.3937 (7.4207)  dino_global_crops_loss: 0.9242 (0.9279)  koleo_loss: -0.0456 (-0.0427)  ibot_loss: 2.0795 (2.0874)  time: 8.157443  data: 5.151543  max mem: 59418Training  [ 4860/20000]  eta: 1 day, 10:57:04  lr: 0.0000 (0.0000)  wd: 0.0898 (0.0570)  mom: 0.9931 (0.9924)  last_layer_lr: 0.0000 (0.0000)  current_batch_size: 2.0000 (2.0000)  total_loss: 10.3509 (10.3932)  dino_local_crops_loss: 7.3937 (7.4206)  dino_global_crops_loss: 0.9242 (0.9279)  koleo_loss: -0.0465 (-0.0427)  ibot_loss: 2.0795 (2.0874)  time: 6.454477  data: 3.465469  max mem: 59418Training  [ 4870/20000]  eta: 1 day, 10:56:23  lr: 0.0000 (0.0000)  wd: 0.0900 (0.0571)  mom: 0.9931 (0.9924)  last_layer_lr: 0.0000 (0.0000)  current_batch_size: 2.0000 (2.0000)  total_loss: 10.3502 (10.3931)  dino_local_crops_loss: 7.3937 (7.4206)  dino_global_crops_loss: 0.9242 (0.9279)  koleo_loss: -0.0472 (-0.0427)  ibot_loss: 2.0795 (2.0874)  time: 7.194266  data: 4.205564  max mem: 59418Training  [ 4880/20000]  eta: 1 day, 10:53:28  lr: 0.0000 (0.0000)  wd: 0.0901 (0.0571)  mom: 0.9931 (0.9924)  last_layer_lr: 0.0000 (0.0000)  current_batch_size: 2.0000 (2.0000)  total_loss: 10.3494 (10.3930)  dino_local_crops_loss: 7.3937 (7.4205)  dino_global_crops_loss: 0.9242 (0.9279)  koleo_loss: -0.0480 (-0.0427)  ibot_loss: 2.0795 (2.0874)  time: 7.502660  data: 4.496438  max mem: 59418Training  [ 4890/20000]  eta: 1 day, 10:51:44  lr: 0.0000 (0.0000)  wd: 0.0903 (0.0572)  mom: 0.9931 (0.9924)  last_layer_lr: 0.0000 (0.0000)  current_batch_size: 2.0000 (2.0000)  total_loss: 10.3502 (10.3930)  dino_local_crops_loss: 7.3937 (7.4205)  dino_global_crops_loss: 0.9242 (0.9278)  koleo_loss: -0.0472 (-0.0427)  ibot_loss: 2.0795 (2.0874)  time: 6.487564  data: 3.478776  max mem: 59418Training  [ 4900/20000]  eta: 1 day, 10:49:10  lr: 0.0000 (0.0000)  wd: 0.0905 (0.0573)  mom: 0.9931 (0.9924)  last_layer_lr: 0.0000 (0.0000)  current_batch_size: 2.0000 (2.0000)  total_loss: 10.3510 (10.3929)  dino_local_crops_loss: 7.3937 (7.4204)  dino_global_crops_loss: 0.9242 (0.9278)  koleo_loss: -0.0463 (-0.0427)  ibot_loss: 2.0795 (2.0874)  time: 6.816995  data: 3.806716  max mem: 59418Training  [ 4910/20000]  eta: 1 day, 10:47:00  lr: 0.0000 (0.0000)  wd: 0.0907 (0.0573)  mom: 0.9931 (0.9924)  last_layer_lr: 0.0000 (0.0000)  current_batch_size: 2.0000 (2.0000)  total_loss: 10.3514 (10.3928)  dino_local_crops_loss: 7.3937 (7.4204)  dino_global_crops_loss: 0.9242 (0.9278)  koleo_loss: -0.0460 (-0.0427)  ibot_loss: 2.0795 (2.0873)  time: 6.397875  data: 3.365046  max mem: 59418Training  [ 4920/20000]  eta: 1 day, 10:45:05  lr: 0.0000 (0.0000)  wd: 0.0909 (0.0574)  mom: 0.9931 (0.9924)  last_layer_lr: 0.0000 (0.0000)  current_batch_size: 2.0000 (2.0000)  total_loss: 10.3513 (10.3927)  dino_local_crops_loss: 7.3937 (7.4203)  dino_global_crops_loss: 0.9242 (0.9278)  koleo_loss: -0.0461 (-0.0428)  ibot_loss: 2.0795 (2.0873)  time: 7.016185  data: 4.001565  max mem: 59418Training  [ 4930/20000]  eta: 1 day, 10:43:26  lr: 0.0000 (0.0000)  wd: 0.0911 (0.0575)  mom: 0.9931 (0.9924)  last_layer_lr: 0.0000 (0.0000)  current_batch_size: 2.0000 (2.0000)  total_loss: 10.3498 (10.3926)  dino_local_crops_loss: 7.3937 (7.4203)  dino_global_crops_loss: 0.9242 (0.9278)  koleo_loss: -0.0477 (-0.0428)  ibot_loss: 2.0795 (2.0873)  time: 7.503819  data: 4.492205  max mem: 59418Training  [ 4940/20000]  eta: 1 day, 10:41:50  lr: 0.0000 (0.0000)  wd: 0.0913 (0.0575)  mom: 0.9931 (0.9924)  last_layer_lr: 0.0000 (0.0000)  current_batch_size: 2.0000 (2.0000)  total_loss: 10.3507 (10.3925)  dino_local_crops_loss: 7.3937 (7.4202)  dino_global_crops_loss: 0.9242 (0.9278)  koleo_loss: -0.0466 (-0.0428)  ibot_loss: 2.0795 (2.0873)  time: 7.817209  data: 4.806253  max mem: 59418Training  [ 4950/20000]  eta: 1 day, 10:39:22  lr: 0.0000 (0.0000)  wd: 0.0915 (0.0576)  mom: 0.9931 (0.9924)  last_layer_lr: 0.0000 (0.0000)  current_batch_size: 2.0000 (2.0000)  total_loss: 10.3518 (10.3925)  dino_local_crops_loss: 7.3937 (7.4202)  dino_global_crops_loss: 0.9242 (0.9278)  koleo_loss: -0.0456 (-0.0428)  ibot_loss: 2.0795 (2.0873)  time: 7.007388  data: 4.018454  max mem: 59418Training  [ 4960/20000]  eta: 1 day, 10:38:08  lr: 0.0000 (0.0000)  wd: 0.0917 (0.0577)  mom: 0.9931 (0.9924)  last_layer_lr: 0.0000 (0.0000)  current_batch_size: 2.0000 (2.0000)  total_loss: 10.3501 (10.3924)  dino_local_crops_loss: 7.3937 (7.4201)  dino_global_crops_loss: 0.9242 (0.9278)  koleo_loss: -0.0472 (-0.0428)  ibot_loss: 2.0795 (2.0873)  time: 7.371118  data: 4.383130  max mem: 59418Training  [ 4970/20000]  eta: 1 day, 10:36:28  lr: 0.0000 (0.0000)  wd: 0.0919 (0.0577)  mom: 0.9932 (0.9924)  last_layer_lr: 0.0000 (0.0000)  current_batch_size: 2.0000 (2.0000)  total_loss: 10.3492 (10.3923)  dino_local_crops_loss: 7.3936 (7.4200)  dino_global_crops_loss: 0.9242 (0.9278)  koleo_loss: -0.0482 (-0.0428)  ibot_loss: 2.0795 (2.0872)  time: 8.161632  data: 5.165705  max mem: 59418Training  [ 4980/20000]  eta: 1 day, 10:34:20  lr: 0.0000 (0.0000)  wd: 0.0921 (0.0578)  mom: 0.9932 (0.9924)  last_layer_lr: 0.0000 (0.0000)  current_batch_size: 2.0000 (2.0000)  total_loss: 10.3487 (10.3922)  dino_local_crops_loss: 7.3936 (7.4200)  dino_global_crops_loss: 0.9242 (0.9278)  koleo_loss: -0.0486 (-0.0428)  ibot_loss: 2.0795 (2.0872)  time: 7.262169  data: 4.251305  max mem: 59418Training  [ 4990/20000]  eta: 1 day, 10:32:37  lr: 0.0000 (0.0000)  wd: 0.0923 (0.0579)  mom: 0.9932 (0.9924)  last_layer_lr: 0.0000 (0.0000)  current_batch_size: 2.0000 (2.0000)  total_loss: 10.3494 (10.3921)  dino_local_crops_loss: 7.3936 (7.4199)  dino_global_crops_loss: 0.9242 (0.9278)  koleo_loss: -0.0479 (-0.0428)  ibot_loss: 2.0795 (2.0872)  time: 7.206634  data: 4.187063  max mem: 59418Training  [ 5000/20000]  eta: 1 day, 10:30:28  lr: 0.0000 (0.0000)  wd: 0.0925 (0.0579)  mom: 0.9932 (0.9924)  last_layer_lr: 0.0000 (0.0000)  current_batch_size: 2.0000 (2.0000)  total_loss: 10.3493 (10.3920)  dino_local_crops_loss: 7.3936 (7.4199)  dino_global_crops_loss: 0.9242 (0.9278)  koleo_loss: -0.0480 (-0.0428)  ibot_loss: 2.0795 (2.0872)  time: 7.184162  data: 4.180911  max mem: 59418Training  [ 5010/20000]  eta: 1 day, 10:28:47  lr: 0.0000 (0.0000)  wd: 0.0927 (0.0580)  mom: 0.9932 (0.9924)  last_layer_lr: 0.0000 (0.0000)  current_batch_size: 2.0000 (2.0000)  total_loss: 10.3493 (10.3919)  dino_local_crops_loss: 7.3936 (7.4198)  dino_global_crops_loss: 0.9242 (0.9278)  koleo_loss: -0.0480 (-0.0428)  ibot_loss: 2.0795 (2.0872)  time: 7.199277  data: 4.212991  max mem: 59418Training  [ 5020/20000]  eta: 1 day, 10:26:52  lr: 0.0000 (0.0000)  wd: 0.0929 (0.0581)  mom: 0.9932 (0.9924)  last_layer_lr: 0.0000 (0.0000)  current_batch_size: 2.0000 (2.0000)  total_loss: 10.3508 (10.3919)  dino_local_crops_loss: 7.3936 (7.4198)  dino_global_crops_loss: 0.9242 (0.9278)  koleo_loss: -0.0466 (-0.0428)  ibot_loss: 2.0795 (2.0872)  time: 7.442825  data: 4.454752  max mem: 59418Training  [ 5030/20000]  eta: 1 day, 10:25:27  lr: 0.0000 (0.0000)  wd: 0.0931 (0.0582)  mom: 0.9932 (0.9924)  last_layer_lr: 0.0000 (0.0000)  current_batch_size: 2.0000 (2.0000)  total_loss: 10.3471 (10.3918)  dino_local_crops_loss: 7.3936 (7.4197)  dino_global_crops_loss: 0.9242 (0.9277)  koleo_loss: -0.0502 (-0.0429)  ibot_loss: 2.0795 (2.0871)  time: 7.710146  data: 4.721089  max mem: 59418Training  [ 5040/20000]  eta: 1 day, 10:23:04  lr: 0.0000 (0.0000)  wd: 0.0933 (0.0582)  mom: 0.9932 (0.9924)  last_layer_lr: 0.0000 (0.0000)  current_batch_size: 2.0000 (2.0000)  total_loss: 10.3474 (10.3917)  dino_local_crops_loss: 7.3936 (7.4197)  dino_global_crops_loss: 0.9242 (0.9277)  koleo_loss: -0.0500 (-0.0429)  ibot_loss: 2.0795 (2.0871)  time: 7.210938  data: 4.221123  max mem: 59418Training  [ 5050/20000]  eta: 1 day, 10:22:19  lr: 0.0000 (0.0000)  wd: 0.0935 (0.0583)  mom: 0.9932 (0.9924)  last_layer_lr: 0.0000 (0.0000)  current_batch_size: 2.0000 (2.0000)  total_loss: 10.3491 (10.3916)  dino_local_crops_loss: 7.3936 (7.4196)  dino_global_crops_loss: 0.9242 (0.9277)  koleo_loss: -0.0483 (-0.0429)  ibot_loss: 2.0795 (2.0871)  time: 7.894704  data: 4.875165  max mem: 59418Training  [ 5060/20000]  eta: 1 day, 10:20:29  lr: 0.0000 (0.0000)  wd: 0.0937 (0.0584)  mom: 0.9932 (0.9924)  last_layer_lr: 0.0000 (0.0000)  current_batch_size: 2.0000 (2.0000)  total_loss: 10.3523 (10.3915)  dino_local_crops_loss: 7.3937 (7.4196)  dino_global_crops_loss: 0.9242 (0.9277)  koleo_loss: -0.0451 (-0.0429)  ibot_loss: 2.0795 (2.0871)  time: 8.456522  data: 5.438291  max mem: 59418Training  [ 5070/20000]  eta: 1 day, 10:19:55  lr: 0.0000 (0.0000)  wd: 0.0939 (0.0584)  mom: 0.9932 (0.9924)  last_layer_lr: 0.0000 (0.0000)  current_batch_size: 2.0000 (2.0000)  total_loss: 10.3523 (10.3915)  dino_local_crops_loss: 7.3937 (7.4195)  dino_global_crops_loss: 0.9242 (0.9277)  koleo_loss: -0.0451 (-0.0429)  ibot_loss: 2.0795 (2.0871)  time: 8.648959  data: 5.661149  max mem: 59418Training  [ 5080/20000]  eta: 1 day, 10:17:52  lr: 0.0000 (0.0000)  wd: 0.0941 (0.0585)  mom: 0.9932 (0.9924)  last_layer_lr: 0.0000 (0.0000)  current_batch_size: 2.0000 (2.0000)  total_loss: 10.3519 (10.3914)  dino_local_crops_loss: 7.3937 (7.4195)  dino_global_crops_loss: 0.9242 (0.9277)  koleo_loss: -0.0454 (-0.0429)  ibot_loss: 2.0795 (2.0871)  time: 8.425019  data: 5.436234  max mem: 59418Training  [ 5090/20000]  eta: 1 day, 10:16:46  lr: 0.0000 (0.0000)  wd: 0.0943 (0.0586)  mom: 0.9932 (0.9924)  last_layer_lr: 0.0000 (0.0000)  current_batch_size: 2.0000 (2.0000)  total_loss: 10.3519 (10.3913)  dino_local_crops_loss: 7.3936 (7.4194)  dino_global_crops_loss: 0.9242 (0.9277)  koleo_loss: -0.0454 (-0.0429)  ibot_loss: 2.0795 (2.0871)  time: 7.869864  data: 4.880116  max mem: 59418Training  [ 5100/20000]  eta: 1 day, 10:14:33  lr: 0.0000 (0.0000)  wd: 0.0945 (0.0586)  mom: 0.9932 (0.9924)  last_layer_lr: 0.0000 (0.0000)  current_batch_size: 2.0000 (2.0000)  total_loss: 10.3511 (10.3912)  dino_local_crops_loss: 7.3936 (7.4194)  dino_global_crops_loss: 0.9242 (0.9277)  koleo_loss: -0.0462 (-0.0429)  ibot_loss: 2.0795 (2.0870)  time: 7.696152  data: 4.705518  max mem: 59418Training  [ 5110/20000]  eta: 1 day, 10:13:22  lr: 0.0000 (0.0000)  wd: 0.0947 (0.0587)  mom: 0.9932 (0.9924)  last_layer_lr: 0.0000 (0.0000)  current_batch_size: 2.0000 (2.0000)  total_loss: 10.3520 (10.3912)  dino_local_crops_loss: 7.3936 (7.4193)  dino_global_crops_loss: 0.9242 (0.9277)  koleo_loss: -0.0454 (-0.0429)  ibot_loss: 2.0795 (2.0870)  time: 7.625554  data: 4.636104  max mem: 59418Training  [ 5120/20000]  eta: 1 day, 10:11:55  lr: 0.0000 (0.0000)  wd: 0.0949 (0.0588)  mom: 0.9932 (0.9924)  last_layer_lr: 0.0000 (0.0000)  current_batch_size: 2.0000 (2.0000)  total_loss: 10.3510 (10.3911)  dino_local_crops_loss: 7.3937 (7.4193)  dino_global_crops_loss: 0.9242 (0.9277)  koleo_loss: -0.0463 (-0.0429)  ibot_loss: 2.0795 (2.0870)  time: 8.402342  data: 5.415082  max mem: 59418Training  [ 5130/20000]  eta: 1 day, 10:10:09  lr: 0.0000 (0.0000)  wd: 0.0951 (0.0589)  mom: 0.9932 (0.9924)  last_layer_lr: 0.0000 (0.0000)  current_batch_size: 2.0000 (2.0000)  total_loss: 10.3508 (10.3910)  dino_local_crops_loss: 7.3937 (7.4192)  dino_global_crops_loss: 0.9242 (0.9277)  koleo_loss: -0.0465 (-0.0429)  ibot_loss: 2.0795 (2.0870)  time: 7.798431  data: 4.811586  max mem: 59418Training  [ 5140/20000]  eta: 1 day, 10:08:20  lr: 0.0000 (0.0000)  wd: 0.0953 (0.0589)  mom: 0.9932 (0.9924)  last_layer_lr: 0.0000 (0.0000)  current_batch_size: 2.0000 (2.0000)  total_loss: 10.3513 (10.3909)  dino_local_crops_loss: 7.3937 (7.4192)  dino_global_crops_loss: 0.9242 (0.9277)  koleo_loss: -0.0461 (-0.0429)  ibot_loss: 2.0795 (2.0870)  time: 7.422414  data: 4.434302  max mem: 59418Training  [ 5150/20000]  eta: 1 day, 10:07:53  lr: 0.0000 (0.0000)  wd: 0.0956 (0.0590)  mom: 0.9932 (0.9924)  last_layer_lr: 0.0000 (0.0000)  current_batch_size: 2.0000 (2.0000)  total_loss: 10.3512 (10.3909)  dino_local_crops_loss: 7.3937 (7.4191)  dino_global_crops_loss: 0.9242 (0.9277)  koleo_loss: -0.0462 (-0.0429)  ibot_loss: 2.0795 (2.0870)  time: 8.790041  data: 5.799494  max mem: 59418Training  [ 5160/20000]  eta: 1 day, 10:05:08  lr: 0.0000 (0.0000)  wd: 0.0958 (0.0591)  mom: 0.9932 (0.9924)  last_layer_lr: 0.0000 (0.0000)  current_batch_size: 2.0000 (2.0000)  total_loss: 10.3507 (10.3908)  dino_local_crops_loss: 7.3937 (7.4191)  dino_global_crops_loss: 0.9242 (0.9277)  koleo_loss: -0.0467 (-0.0429)  ibot_loss: 2.0795 (2.0870)  time: 7.814819  data: 4.823739  max mem: 59418Training  [ 5170/20000]  eta: 1 day, 10:03:01  lr: 0.0000 (0.0000)  wd: 0.0960 (0.0591)  mom: 0.9932 (0.9924)  last_layer_lr: 0.0000 (0.0000)  current_batch_size: 2.0000 (2.0000)  total_loss: 10.3487 (10.3907)  dino_local_crops_loss: 7.3937 (7.4190)  dino_global_crops_loss: 0.9242 (0.9276)  koleo_loss: -0.0486 (-0.0429)  ibot_loss: 2.0795 (2.0869)  time: 6.058803  data: 3.065526  max mem: 59418Training  [ 5180/20000]  eta: 1 day, 10:02:05  lr: 0.0000 (0.0000)  wd: 0.0962 (0.0592)  mom: 0.9932 (0.9924)  last_layer_lr: 0.0000 (0.0000)  current_batch_size: 2.0000 (2.0000)  total_loss: 10.3482 (10.3906)  dino_local_crops_loss: 7.3936 (7.4190)  dino_global_crops_loss: 0.9242 (0.9276)  koleo_loss: -0.0491 (-0.0429)  ibot_loss: 2.0795 (2.0869)  time: 7.951516  data: 4.944844  max mem: 59418Training  [ 5190/20000]  eta: 1 day, 10:00:23  lr: 0.0000 (0.0000)  wd: 0.0964 (0.0593)  mom: 0.9933 (0.9924)  last_layer_lr: 0.0000 (0.0000)  current_batch_size: 2.0000 (2.0000)  total_loss: 10.3491 (10.3905)  dino_local_crops_loss: 7.3936 (7.4189)  dino_global_crops_loss: 0.9242 (0.9276)  koleo_loss: -0.0482 (-0.0429)  ibot_loss: 2.0795 (2.0869)  time: 8.389255  data: 5.373351  max mem: 59418Training  [ 5200/20000]  eta: 1 day, 9:59:08  lr: 0.0000 (0.0000)  wd: 0.0966 (0.0594)  mom: 0.9933 (0.9924)  last_layer_lr: 0.0000 (0.0000)  current_batch_size: 2.0000 (2.0000)  total_loss: 10.3518 (10.3905)  dino_local_crops_loss: 7.3936 (7.4189)  dino_global_crops_loss: 0.9242 (0.9276)  koleo_loss: -0.0456 (-0.0429)  ibot_loss: 2.0795 (2.0869)  time: 8.060137  data: 5.057223  max mem: 59418Training  [ 5210/20000]  eta: 1 day, 9:56:28  lr: 0.0000 (0.0000)  wd: 0.0968 (0.0594)  mom: 0.9933 (0.9924)  last_layer_lr: 0.0000 (0.0000)  current_batch_size: 2.0000 (2.0000)  total_loss: 10.3494 (10.3904)  dino_local_crops_loss: 7.3936 (7.4188)  dino_global_crops_loss: 0.9242 (0.9276)  koleo_loss: -0.0480 (-0.0429)  ibot_loss: 2.0795 (2.0869)  time: 7.040923  data: 4.050376  max mem: 59418Training  [ 5220/20000]  eta: 1 day, 9:54:49  lr: 0.0000 (0.0000)  wd: 0.0970 (0.0595)  mom: 0.9933 (0.9924)  last_layer_lr: 0.0000 (0.0000)  current_batch_size: 2.0000 (2.0000)  total_loss: 10.3485 (10.3903)  dino_local_crops_loss: 7.3936 (7.4188)  dino_global_crops_loss: 0.9242 (0.9276)  koleo_loss: -0.0488 (-0.0429)  ibot_loss: 2.0795 (2.0869)  time: 6.609596  data: 3.613381  max mem: 59418Training  [ 5230/20000]  eta: 1 day, 9:54:31  lr: 0.0000 (0.0000)  wd: 0.0972 (0.0596)  mom: 0.9933 (0.9924)  last_layer_lr: 0.0000 (0.0000)  current_batch_size: 2.0000 (2.0000)  total_loss: 10.3492 (10.3902)  dino_local_crops_loss: 7.3936 (7.4187)  dino_global_crops_loss: 0.9242 (0.9276)  koleo_loss: -0.0482 (-0.0430)  ibot_loss: 2.0795 (2.0869)  time: 9.122783  data: 6.109828  max mem: 59418Training  [ 5240/20000]  eta: 1 day, 9:52:48  lr: 0.0000 (0.0000)  wd: 0.0974 (0.0596)  mom: 0.9933 (0.9924)  last_layer_lr: 0.0000 (0.0000)  current_batch_size: 2.0000 (2.0000)  total_loss: 10.3505 (10.3902)  dino_local_crops_loss: 7.3936 (7.4187)  dino_global_crops_loss: 0.9242 (0.9276)  koleo_loss: -0.0468 (-0.0430)  ibot_loss: 2.0795 (2.0868)  time: 9.050541  data: 6.024973  max mem: 59418Training  [ 5250/20000]  eta: 1 day, 9:50:53  lr: 0.0000 (0.0000)  wd: 0.0976 (0.0597)  mom: 0.9933 (0.9924)  last_layer_lr: 0.0000 (0.0000)  current_batch_size: 2.0000 (2.0000)  total_loss: 10.3495 (10.3901)  dino_local_crops_loss: 7.3936 (7.4186)  dino_global_crops_loss: 0.9242 (0.9276)  koleo_loss: -0.0479 (-0.0430)  ibot_loss: 2.0795 (2.0868)  time: 7.323396  data: 4.290183  max mem: 59418Training  [ 5260/20000]  eta: 1 day, 9:49:21  lr: 0.0000 (0.0000)  wd: 0.0978 (0.0598)  mom: 0.9933 (0.9924)  last_layer_lr: 0.0000 (0.0000)  current_batch_size: 2.0000 (2.0000)  total_loss: 10.3486 (10.3900)  dino_local_crops_loss: 7.3936 (7.4186)  dino_global_crops_loss: 0.9242 (0.9276)  koleo_loss: -0.0488 (-0.0430)  ibot_loss: 2.0795 (2.0868)  time: 7.519263  data: 4.479227  max mem: 59418Training  [ 5270/20000]  eta: 1 day, 9:48:42  lr: 0.0000 (0.0000)  wd: 0.0980 (0.0599)  mom: 0.9933 (0.9924)  last_layer_lr: 0.0000 (0.0000)  current_batch_size: 2.0000 (2.0000)  total_loss: 10.3498 (10.3900)  dino_local_crops_loss: 7.3936 (7.4185)  dino_global_crops_loss: 0.9242 (0.9276)  koleo_loss: -0.0475 (-0.0430)  ibot_loss: 2.0795 (2.0868)  time: 8.883200  data: 5.842131  max mem: 59418Training  [ 5280/20000]  eta: 1 day, 9:47:10  lr: 0.0000 (0.0000)  wd: 0.0982 (0.0599)  mom: 0.9933 (0.9924)  last_layer_lr: 0.0000 (0.0000)  current_batch_size: 2.0000 (2.0000)  total_loss: 10.3507 (10.3899)  dino_local_crops_loss: 7.3936 (7.4185)  dino_global_crops_loss: 0.9242 (0.9276)  koleo_loss: -0.0466 (-0.0430)  ibot_loss: 2.0795 (2.0868)  time: 8.883311  data: 5.868956  max mem: 59418Training  [ 5290/20000]  eta: 1 day, 9:46:28  lr: 0.0000 (0.0000)  wd: 0.0984 (0.0600)  mom: 0.9933 (0.9924)  last_layer_lr: 0.0000 (0.0000)  current_batch_size: 2.0000 (2.0000)  total_loss: 10.3515 (10.3898)  dino_local_crops_loss: 7.3936 (7.4184)  dino_global_crops_loss: 0.9242 (0.9276)  koleo_loss: -0.0459 (-0.0430)  ibot_loss: 2.0795 (2.0868)  time: 8.824386  data: 5.805068  max mem: 59418Training  [ 5300/20000]  eta: 1 day, 9:44:00  lr: 0.0000 (0.0000)  wd: 0.0986 (0.0601)  mom: 0.9933 (0.9924)  last_layer_lr: 0.0000 (0.0000)  current_batch_size: 2.0000 (2.0000)  total_loss: 10.3531 (10.3897)  dino_local_crops_loss: 7.3936 (7.4184)  dino_global_crops_loss: 0.9242 (0.9276)  koleo_loss: -0.0443 (-0.0430)  ibot_loss: 2.0795 (2.0868)  time: 7.807475  data: 4.781893  max mem: 59418Training  [ 5310/20000]  eta: 1 day, 9:41:45  lr: 0.0000 (0.0000)  wd: 0.0989 (0.0602)  mom: 0.9933 (0.9924)  last_layer_lr: 0.0000 (0.0000)  current_batch_size: 2.0000 (2.0000)  total_loss: 10.3512 (10.3897)  dino_local_crops_loss: 7.3936 (7.4184)  dino_global_crops_loss: 0.9242 (0.9276)  koleo_loss: -0.0461 (-0.0430)  ibot_loss: 2.0795 (2.0867)  time: 6.129495  data: 3.134402  max mem: 59418Training  [ 5320/20000]  eta: 1 day, 9:40:39  lr: 0.0000 (0.0000)  wd: 0.0991 (0.0602)  mom: 0.9933 (0.9924)  last_layer_lr: 0.0000 (0.0000)  current_batch_size: 2.0000 (2.0000)  total_loss: 10.3499 (10.3896)  dino_local_crops_loss: 7.3936 (7.4183)  dino_global_crops_loss: 0.9242 (0.9276)  koleo_loss: -0.0474 (-0.0430)  ibot_loss: 2.0795 (2.0867)  time: 7.611425  data: 4.622439  max mem: 59418Training  [ 5330/20000]  eta: 1 day, 9:37:31  lr: 0.0000 (0.0000)  wd: 0.0993 (0.0603)  mom: 0.9933 (0.9925)  last_layer_lr: 0.0000 (0.0000)  current_batch_size: 2.0000 (2.0000)  total_loss: 10.3496 (10.3895)  dino_local_crops_loss: 7.3936 (7.4183)  dino_global_crops_loss: 0.9242 (0.9275)  koleo_loss: -0.0477 (-0.0430)  ibot_loss: 2.0795 (2.0867)  time: 6.639905  data: 3.642432  max mem: 59418Training  [ 5340/20000]  eta: 1 day, 9:35:44  lr: 0.0000 (0.0000)  wd: 0.0995 (0.0604)  mom: 0.9933 (0.9925)  last_layer_lr: 0.0000 (0.0000)  current_batch_size: 2.0000 (2.0000)  total_loss: 10.3483 (10.3894)  dino_local_crops_loss: 7.3936 (7.4182)  dino_global_crops_loss: 0.9242 (0.9275)  koleo_loss: -0.0490 (-0.0430)  ibot_loss: 2.0795 (2.0867)  time: 5.901466  data: 2.904301  max mem: 59418Training  [ 5350/20000]  eta: 1 day, 9:33:16  lr: 0.0000 (0.0000)  wd: 0.0997 (0.0605)  mom: 0.9933 (0.9925)  last_layer_lr: 0.0000 (0.0000)  current_batch_size: 2.0000 (2.0000)  total_loss: 10.3494 (10.3894)  dino_local_crops_loss: 7.3936 (7.4182)  dino_global_crops_loss: 0.9242 (0.9275)  koleo_loss: -0.0479 (-0.0430)  ibot_loss: 2.0795 (2.0867)  time: 6.616693  data: 3.626322  max mem: 59418Training  [ 5360/20000]  eta: 1 day, 9:31:38  lr: 0.0000 (0.0000)  wd: 0.0999 (0.0605)  mom: 0.9933 (0.9925)  last_layer_lr: 0.0000 (0.0000)  current_batch_size: 2.0000 (2.0000)  total_loss: 10.3497 (10.3893)  dino_local_crops_loss: 7.3936 (7.4181)  dino_global_crops_loss: 0.9242 (0.9275)  koleo_loss: -0.0477 (-0.0430)  ibot_loss: 2.0795 (2.0867)  time: 6.766079  data: 3.775682  max mem: 59418Training  [ 5370/20000]  eta: 1 day, 9:29:15  lr: 0.0000 (0.0000)  wd: 0.1001 (0.0606)  mom: 0.9933 (0.9925)  last_layer_lr: 0.0000 (0.0000)  current_batch_size: 2.0000 (2.0000)  total_loss: 10.3488 (10.3892)  dino_local_crops_loss: 7.3937 (7.4181)  dino_global_crops_loss: 0.9242 (0.9275)  koleo_loss: -0.0485 (-0.0430)  ibot_loss: 2.0795 (2.0867)  time: 6.847205  data: 3.857132  max mem: 59418Training  [ 5380/20000]  eta: 1 day, 9:28:15  lr: 0.0000 (0.0000)  wd: 0.1003 (0.0607)  mom: 0.9933 (0.9925)  last_layer_lr: 0.0000 (0.0000)  current_batch_size: 2.0000 (2.0000)  total_loss: 10.3493 (10.3892)  dino_local_crops_loss: 7.3936 (7.4180)  dino_global_crops_loss: 0.9242 (0.9275)  koleo_loss: -0.0480 (-0.0430)  ibot_loss: 2.0795 (2.0866)  time: 7.533683  data: 4.542830  max mem: 59418Training  [ 5390/20000]  eta: 1 day, 9:26:02  lr: 0.0000 (0.0000)  wd: 0.1005 (0.0607)  mom: 0.9933 (0.9925)  last_layer_lr: 0.0000 (0.0000)  current_batch_size: 2.0000 (2.0000)  total_loss: 10.3500 (10.3891)  dino_local_crops_loss: 7.3936 (7.4180)  dino_global_crops_loss: 0.9242 (0.9275)  koleo_loss: -0.0473 (-0.0430)  ibot_loss: 2.0795 (2.0866)  time: 7.714820  data: 4.698806  max mem: 59418Training  [ 5400/20000]  eta: 1 day, 9:25:12  lr: 0.0000 (0.0000)  wd: 0.1008 (0.0608)  mom: 0.9934 (0.9925)  last_layer_lr: 0.0000 (0.0000)  current_batch_size: 2.0000 (2.0000)  total_loss: 10.3506 (10.3890)  dino_local_crops_loss: 7.3936 (7.4179)  dino_global_crops_loss: 0.9242 (0.9275)  koleo_loss: -0.0467 (-0.0431)  ibot_loss: 2.0795 (2.0866)  time: 7.920103  data: 4.893415  max mem: 59418Training  [ 5410/20000]  eta: 1 day, 9:22:07  lr: 0.0000 (0.0000)  wd: 0.1010 (0.0609)  mom: 0.9934 (0.9925)  last_layer_lr: 0.0000 (0.0000)  current_batch_size: 2.0000 (2.0000)  total_loss: 10.3524 (10.3890)  dino_local_crops_loss: 7.3936 (7.4179)  dino_global_crops_loss: 0.9242 (0.9275)  koleo_loss: -0.0450 (-0.0431)  ibot_loss: 2.0795 (2.0866)  time: 6.947507  data: 3.947974  max mem: 59418Training  [ 5420/20000]  eta: 1 day, 9:20:25  lr: 0.0000 (0.0000)  wd: 0.1012 (0.0610)  mom: 0.9934 (0.9925)  last_layer_lr: 0.0000 (0.0000)  current_batch_size: 2.0000 (2.0000)  total_loss: 10.3516 (10.3889)  dino_local_crops_loss: 7.3936 (7.4179)  dino_global_crops_loss: 0.9242 (0.9275)  koleo_loss: -0.0457 (-0.0431)  ibot_loss: 2.0795 (2.0866)  time: 5.957309  data: 2.955626  max mem: 59418Training  [ 5430/20000]  eta: 1 day, 9:19:09  lr: 0.0000 (0.0000)  wd: 0.1014 (0.0610)  mom: 0.9934 (0.9925)  last_layer_lr: 0.0000 (0.0000)  current_batch_size: 2.0000 (2.0000)  total_loss: 10.3520 (10.3888)  dino_local_crops_loss: 7.3936 (7.4178)  dino_global_crops_loss: 0.9242 (0.9275)  koleo_loss: -0.0453 (-0.0431)  ibot_loss: 2.0795 (2.0866)  time: 7.984866  data: 4.982747  max mem: 59418Training  [ 5440/20000]  eta: 1 day, 9:17:26  lr: 0.0000 (0.0000)  wd: 0.1016 (0.0611)  mom: 0.9934 (0.9925)  last_layer_lr: 0.0000 (0.0000)  current_batch_size: 2.0000 (2.0000)  total_loss: 10.3522 (10.3888)  dino_local_crops_loss: 7.3936 (7.4178)  dino_global_crops_loss: 0.9242 (0.9275)  koleo_loss: -0.0452 (-0.0431)  ibot_loss: 2.0795 (2.0866)  time: 7.966559  data: 4.977751  max mem: 59418Training  [ 5450/20000]  eta: 1 day, 9:15:31  lr: 0.0000 (0.0000)  wd: 0.1018 (0.0612)  mom: 0.9934 (0.9925)  last_layer_lr: 0.0000 (0.0000)  current_batch_size: 2.0000 (2.0000)  total_loss: 10.3506 (10.3887)  dino_local_crops_loss: 7.3936 (7.4177)  dino_global_crops_loss: 0.9242 (0.9275)  koleo_loss: -0.0467 (-0.0431)  ibot_loss: 2.0795 (2.0866)  time: 7.224301  data: 4.236507  max mem: 59418Training  [ 5460/20000]  eta: 1 day, 9:14:14  lr: 0.0000 (0.0000)  wd: 0.1020 (0.0613)  mom: 0.9934 (0.9925)  last_layer_lr: 0.0000 (0.0000)  current_batch_size: 2.0000 (2.0000)  total_loss: 10.3498 (10.3886)  dino_local_crops_loss: 7.3936 (7.4177)  dino_global_crops_loss: 0.9242 (0.9275)  koleo_loss: -0.0475 (-0.0431)  ibot_loss: 2.0795 (2.0865)  time: 7.719234  data: 4.723063  max mem: 59418Training  [ 5470/20000]  eta: 1 day, 9:11:49  lr: 0.0000 (0.0000)  wd: 0.1022 (0.0613)  mom: 0.9934 (0.9925)  last_layer_lr: 0.0000 (0.0000)  current_batch_size: 2.0000 (2.0000)  total_loss: 10.3497 (10.3885)  dino_local_crops_loss: 7.3936 (7.4176)  dino_global_crops_loss: 0.9242 (0.9275)  koleo_loss: -0.0475 (-0.0431)  ibot_loss: 2.0795 (2.0865)  time: 7.158340  data: 4.143522  max mem: 59418Training  [ 5480/20000]  eta: 1 day, 9:10:44  lr: 0.0000 (0.0000)  wd: 0.1025 (0.0614)  mom: 0.9934 (0.9925)  last_layer_lr: 0.0000 (0.0000)  current_batch_size: 2.0000 (2.0000)  total_loss: 10.3488 (10.3885)  dino_local_crops_loss: 7.3936 (7.4176)  dino_global_crops_loss: 0.9242 (0.9275)  koleo_loss: -0.0485 (-0.0431)  ibot_loss: 2.0795 (2.0865)  time: 7.363750  data: 4.357865  max mem: 59418Training  [ 5490/20000]  eta: 1 day, 9:08:46  lr: 0.0000 (0.0000)  wd: 0.1027 (0.0615)  mom: 0.9934 (0.9925)  last_layer_lr: 0.0000 (0.0000)  current_batch_size: 2.0000 (2.0000)  total_loss: 10.3482 (10.3884)  dino_local_crops_loss: 7.3936 (7.4175)  dino_global_crops_loss: 0.9242 (0.9274)  koleo_loss: -0.0491 (-0.0431)  ibot_loss: 2.0795 (2.0865)  time: 7.868983  data: 4.881819  max mem: 59418Training  [ 5500/20000]  eta: 1 day, 9:08:29  lr: 0.0000 (0.0000)  wd: 0.1029 (0.0616)  mom: 0.9934 (0.9925)  last_layer_lr: 0.0000 (0.0000)  current_batch_size: 2.0000 (2.0000)  total_loss: 10.3495 (10.3883)  dino_local_crops_loss: 7.3936 (7.4175)  dino_global_crops_loss: 0.9242 (0.9274)  koleo_loss: -0.0479 (-0.0431)  ibot_loss: 2.0795 (2.0865)  time: 8.786840  data: 5.798501  max mem: 59418Training  [ 5510/20000]  eta: 1 day, 9:06:20  lr: 0.0000 (0.0000)  wd: 0.1031 (0.0616)  mom: 0.9934 (0.9925)  last_layer_lr: 0.0000 (0.0000)  current_batch_size: 2.0000 (2.0000)  total_loss: 10.3501 (10.3883)  dino_local_crops_loss: 7.3936 (7.4175)  dino_global_crops_loss: 0.9242 (0.9274)  koleo_loss: -0.0472 (-0.0431)  ibot_loss: 2.0795 (2.0865)  time: 8.565333  data: 5.575971  max mem: 59418Training  [ 5520/20000]  eta: 1 day, 9:06:43  lr: 0.0000 (0.0000)  wd: 0.1033 (0.0617)  mom: 0.9934 (0.9925)  last_layer_lr: 0.0000 (0.0000)  current_batch_size: 2.0000 (2.0000)  total_loss: 10.3501 (10.3882)  dino_local_crops_loss: 7.3936 (7.4174)  dino_global_crops_loss: 0.9242 (0.9274)  koleo_loss: -0.0472 (-0.0431)  ibot_loss: 2.0795 (2.0865)  time: 9.349742  data: 6.326401  max mem: 59418Training  [ 5530/20000]  eta: 1 day, 9:03:48  lr: 0.0000 (0.0000)  wd: 0.1035 (0.0618)  mom: 0.9934 (0.9925)  last_layer_lr: 0.0000 (0.0000)  current_batch_size: 2.0000 (2.0000)  total_loss: 10.3508 (10.3881)  dino_local_crops_loss: 7.3936 (7.4174)  dino_global_crops_loss: 0.9242 (0.9274)  koleo_loss: -0.0465 (-0.0431)  ibot_loss: 2.0795 (2.0865)  time: 8.475857  data: 5.453186  max mem: 59418Training  [ 5540/20000]  eta: 1 day, 9:02:15  lr: 0.0000 (0.0000)  wd: 0.1037 (0.0619)  mom: 0.9934 (0.9925)  last_layer_lr: 0.0000 (0.0000)  current_batch_size: 2.0000 (2.0000)  total_loss: 10.3512 (10.3881)  dino_local_crops_loss: 7.3936 (7.4173)  dino_global_crops_loss: 0.9242 (0.9274)  koleo_loss: -0.0461 (-0.0431)  ibot_loss: 2.0795 (2.0864)  time: 6.244472  data: 3.254678  max mem: 59418Training  [ 5550/20000]  eta: 1 day, 9:02:01  lr: 0.0000 (0.0000)  wd: 0.1040 (0.0620)  mom: 0.9934 (0.9925)  last_layer_lr: 0.0000 (0.0000)  current_batch_size: 2.0000 (2.0000)  total_loss: 10.3524 (10.3880)  dino_local_crops_loss: 7.3936 (7.4173)  dino_global_crops_loss: 0.9242 (0.9274)  koleo_loss: -0.0450 (-0.0431)  ibot_loss: 2.0795 (2.0864)  time: 9.328374  data: 6.337033  max mem: 59418Training  [ 5560/20000]  eta: 1 day, 9:00:30  lr: 0.0000 (0.0000)  wd: 0.1042 (0.0620)  mom: 0.9934 (0.9925)  last_layer_lr: 0.0000 (0.0000)  current_batch_size: 2.0000 (2.0000)  total_loss: 10.3522 (10.3879)  dino_local_crops_loss: 7.3937 (7.4172)  dino_global_crops_loss: 0.9242 (0.9274)  koleo_loss: -0.0452 (-0.0431)  ibot_loss: 2.0795 (2.0864)  time: 9.374066  data: 6.378791  max mem: 59418Training  [ 5570/20000]  eta: 1 day, 8:58:40  lr: 0.0000 (0.0000)  wd: 0.1044 (0.0621)  mom: 0.9934 (0.9925)  last_layer_lr: 0.0000 (0.0000)  current_batch_size: 2.0000 (2.0000)  total_loss: 10.3521 (10.3879)  dino_local_crops_loss: 7.3937 (7.4172)  dino_global_crops_loss: 0.9242 (0.9274)  koleo_loss: -0.0452 (-0.0431)  ibot_loss: 2.0795 (2.0864)  time: 7.527668  data: 4.534002  max mem: 59418Training  [ 5580/20000]  eta: 1 day, 8:56:53  lr: 0.0000 (0.0000)  wd: 0.1046 (0.0622)  mom: 0.9934 (0.9925)  last_layer_lr: 0.0000 (0.0000)  current_batch_size: 2.0000 (2.0000)  total_loss: 10.3521 (10.3878)  dino_local_crops_loss: 7.3936 (7.4172)  dino_global_crops_loss: 0.9242 (0.9274)  koleo_loss: -0.0452 (-0.0431)  ibot_loss: 2.0795 (2.0864)  time: 7.219910  data: 4.212882  max mem: 59418Training  [ 5590/20000]  eta: 1 day, 8:56:27  lr: 0.0000 (0.0000)  wd: 0.1048 (0.0623)  mom: 0.9934 (0.9925)  last_layer_lr: 0.0000 (0.0000)  current_batch_size: 2.0000 (2.0000)  total_loss: 10.3507 (10.3878)  dino_local_crops_loss: 7.3936 (7.4171)  dino_global_crops_loss: 0.9242 (0.9274)  koleo_loss: -0.0466 (-0.0431)  ibot_loss: 2.0795 (2.0864)  time: 8.828609  data: 5.821949  max mem: 59418Training  [ 5600/20000]  eta: 1 day, 8:55:01  lr: 0.0000 (0.0000)  wd: 0.1050 (0.0623)  mom: 0.9934 (0.9925)  last_layer_lr: 0.0000 (0.0000)  current_batch_size: 2.0000 (2.0000)  total_loss: 10.3522 (10.3877)  dino_local_crops_loss: 7.3936 (7.4171)  dino_global_crops_loss: 0.9242 (0.9274)  koleo_loss: -0.0451 (-0.0431)  ibot_loss: 2.0795 (2.0864)  time: 9.241354  data: 6.243674  max mem: 59418Training  [ 5610/20000]  eta: 1 day, 8:54:25  lr: 0.0000 (0.0000)  wd: 0.1053 (0.0624)  mom: 0.9935 (0.9925)  last_layer_lr: 0.0000 (0.0000)  current_batch_size: 2.0000 (2.0000)  total_loss: 10.3509 (10.3876)  dino_local_crops_loss: 7.3936 (7.4170)  dino_global_crops_loss: 0.9242 (0.9274)  koleo_loss: -0.0464 (-0.0431)  ibot_loss: 2.0795 (2.0864)  time: 9.069658  data: 6.060452  max mem: 59418Training  [ 5620/20000]  eta: 1 day, 8:51:50  lr: 0.0000 (0.0000)  wd: 0.1055 (0.0625)  mom: 0.9935 (0.9925)  last_layer_lr: 0.0000 (0.0000)  current_batch_size: 2.0000 (2.0000)  total_loss: 10.3506 (10.3876)  dino_local_crops_loss: 7.3936 (7.4170)  dino_global_crops_loss: 0.9242 (0.9274)  koleo_loss: -0.0468 (-0.0431)  ibot_loss: 2.0795 (2.0863)  time: 7.713156  data: 4.714416  max mem: 59418Training  [ 5630/20000]  eta: 1 day, 8:50:44  lr: 0.0000 (0.0000)  wd: 0.1057 (0.0626)  mom: 0.9935 (0.9925)  last_layer_lr: 0.0000 (0.0000)  current_batch_size: 2.0000 (2.0000)  total_loss: 10.3501 (10.3875)  dino_local_crops_loss: 7.3936 (7.4170)  dino_global_crops_loss: 0.9242 (0.9274)  koleo_loss: -0.0472 (-0.0431)  ibot_loss: 2.0795 (2.0863)  time: 7.136266  data: 4.133348  max mem: 59418Training  [ 5640/20000]  eta: 1 day, 8:49:11  lr: 0.0000 (0.0000)  wd: 0.1059 (0.0626)  mom: 0.9935 (0.9925)  last_layer_lr: 0.0000 (0.0000)  current_batch_size: 2.0000 (2.0000)  total_loss: 10.3504 (10.3874)  dino_local_crops_loss: 7.3936 (7.4169)  dino_global_crops_loss: 0.9242 (0.9274)  koleo_loss: -0.0469 (-0.0432)  ibot_loss: 2.0795 (2.0863)  time: 8.345858  data: 5.342373  max mem: 59418Training  [ 5650/20000]  eta: 1 day, 8:48:21  lr: 0.0000 (0.0000)  wd: 0.1061 (0.0627)  mom: 0.9935 (0.9925)  last_layer_lr: 0.0000 (0.0000)  current_batch_size: 2.0000 (2.0000)  total_loss: 10.3506 (10.3874)  dino_local_crops_loss: 7.3936 (7.4169)  dino_global_crops_loss: 0.9242 (0.9274)  koleo_loss: -0.0467 (-0.0432)  ibot_loss: 2.0795 (2.0863)  time: 8.634199  data: 5.645910  max mem: 59418Training  [ 5660/20000]  eta: 1 day, 8:46:25  lr: 0.0000 (0.0000)  wd: 0.1064 (0.0628)  mom: 0.9935 (0.9925)  last_layer_lr: 0.0000 (0.0000)  current_batch_size: 2.0000 (2.0000)  total_loss: 10.3499 (10.3873)  dino_local_crops_loss: 7.3936 (7.4168)  dino_global_crops_loss: 0.9242 (0.9274)  koleo_loss: -0.0475 (-0.0432)  ibot_loss: 2.0795 (2.0863)  time: 8.196099  data: 5.198889  max mem: 59418Training  [ 5670/20000]  eta: 1 day, 8:44:44  lr: 0.0000 (0.0000)  wd: 0.1066 (0.0629)  mom: 0.9935 (0.9925)  last_layer_lr: 0.0000 (0.0000)  current_batch_size: 2.0000 (2.0000)  total_loss: 10.3502 (10.3872)  dino_local_crops_loss: 7.3937 (7.4168)  dino_global_crops_loss: 0.9242 (0.9273)  koleo_loss: -0.0471 (-0.0432)  ibot_loss: 2.0795 (2.0863)  time: 7.196924  data: 4.198761  max mem: 59418Training  [ 5680/20000]  eta: 1 day, 8:43:43  lr: 0.0000 (0.0000)  wd: 0.1068 (0.0630)  mom: 0.9935 (0.9925)  last_layer_lr: 0.0000 (0.0000)  current_batch_size: 2.0000 (2.0000)  total_loss: 10.3506 (10.3872)  dino_local_crops_loss: 7.3937 (7.4167)  dino_global_crops_loss: 0.9242 (0.9273)  koleo_loss: -0.0468 (-0.0432)  ibot_loss: 2.0795 (2.0863)  time: 8.270369  data: 5.282174  max mem: 59418Training  [ 5690/20000]  eta: 1 day, 8:42:41  lr: 0.0000 (0.0000)  wd: 0.1070 (0.0630)  mom: 0.9935 (0.9925)  last_layer_lr: 0.0000 (0.0000)  current_batch_size: 2.0000 (2.0000)  total_loss: 10.3515 (10.3871)  dino_local_crops_loss: 7.3936 (7.4167)  dino_global_crops_loss: 0.9242 (0.9273)  koleo_loss: -0.0458 (-0.0432)  ibot_loss: 2.0795 (2.0863)  time: 9.067946  data: 6.054139  max mem: 59418Training  [ 5700/20000]  eta: 1 day, 8:41:16  lr: 0.0000 (0.0000)  wd: 0.1072 (0.0631)  mom: 0.9935 (0.9925)  last_layer_lr: 0.0000 (0.0000)  current_batch_size: 2.0000 (2.0000)  total_loss: 10.3523 (10.3871)  dino_local_crops_loss: 7.3936 (7.4167)  dino_global_crops_loss: 0.9242 (0.9273)  koleo_loss: -0.0450 (-0.0432)  ibot_loss: 2.0795 (2.0862)  time: 8.585558  data: 5.572079  max mem: 59418Training  [ 5710/20000]  eta: 1 day, 8:40:40  lr: 0.0000 (0.0000)  wd: 0.1075 (0.0632)  mom: 0.9935 (0.9925)  last_layer_lr: 0.0000 (0.0000)  current_batch_size: 2.0000 (2.0000)  total_loss: 10.3523 (10.3870)  dino_local_crops_loss: 7.3936 (7.4166)  dino_global_crops_loss: 0.9242 (0.9273)  koleo_loss: -0.0450 (-0.0432)  ibot_loss: 2.0795 (2.0862)  time: 9.090933  data: 6.100759  max mem: 59418Training  [ 5720/20000]  eta: 1 day, 8:38:08  lr: 0.0000 (0.0000)  wd: 0.1077 (0.0633)  mom: 0.9935 (0.9925)  last_layer_lr: 0.0000 (0.0000)  current_batch_size: 2.0000 (2.0000)  total_loss: 10.3506 (10.3869)  dino_local_crops_loss: 7.3936 (7.4166)  dino_global_crops_loss: 0.9242 (0.9273)  koleo_loss: -0.0467 (-0.0432)  ibot_loss: 2.0795 (2.0862)  time: 7.751257  data: 4.759384  max mem: 59418Training  [ 5730/20000]  eta: 1 day, 8:38:13  lr: 0.0000 (0.0000)  wd: 0.1079 (0.0633)  mom: 0.9935 (0.9925)  last_layer_lr: 0.0000 (0.0000)  current_batch_size: 2.0000 (2.0000)  total_loss: 10.3506 (10.3869)  dino_local_crops_loss: 7.3936 (7.4165)  dino_global_crops_loss: 0.9242 (0.9273)  koleo_loss: -0.0467 (-0.0432)  ibot_loss: 2.0795 (2.0862)  time: 8.578094  data: 5.573530  max mem: 59418Training  [ 5740/20000]  eta: 1 day, 8:36:34  lr: 0.0000 (0.0000)  wd: 0.1081 (0.0634)  mom: 0.9935 (0.9925)  last_layer_lr: 0.0000 (0.0000)  current_batch_size: 2.0000 (2.0000)  total_loss: 10.3527 (10.3868)  dino_local_crops_loss: 7.3936 (7.4165)  dino_global_crops_loss: 0.9242 (0.9273)  koleo_loss: -0.0446 (-0.0432)  ibot_loss: 2.0795 (2.0862)  time: 9.664003  data: 6.660524  max mem: 59418Training  [ 5750/20000]  eta: 1 day, 8:35:47  lr: 0.0000 (0.0000)  wd: 0.1083 (0.0635)  mom: 0.9935 (0.9925)  last_layer_lr: 0.0000 (0.0000)  current_batch_size: 2.0000 (2.0000)  total_loss: 10.3487 (10.3868)  dino_local_crops_loss: 7.3936 (7.4165)  dino_global_crops_loss: 0.9242 (0.9273)  koleo_loss: -0.0486 (-0.0432)  ibot_loss: 2.0795 (2.0862)  time: 8.615404  data: 5.628428  max mem: 59418Training  [ 5760/20000]  eta: 1 day, 8:34:32  lr: 0.0000 (0.0000)  wd: 0.1086 (0.0636)  mom: 0.9935 (0.9925)  last_layer_lr: 0.0000 (0.0000)  current_batch_size: 2.0000 (2.0000)  total_loss: 10.3497 (10.3867)  dino_local_crops_loss: 7.3937 (7.4164)  dino_global_crops_loss: 0.9242 (0.9273)  koleo_loss: -0.0476 (-0.0432)  ibot_loss: 2.0795 (2.0862)  time: 9.096616  data: 6.109248  max mem: 59418Training  [ 5770/20000]  eta: 1 day, 8:33:47  lr: 0.0000 (0.0000)  wd: 0.1088 (0.0637)  mom: 0.9935 (0.9925)  last_layer_lr: 0.0000 (0.0000)  current_batch_size: 2.0000 (2.0000)  total_loss: 10.3511 (10.3866)  dino_local_crops_loss: 7.3936 (7.4164)  dino_global_crops_loss: 0.9242 (0.9273)  koleo_loss: -0.0462 (-0.0432)  ibot_loss: 2.0795 (2.0862)  time: 9.138252  data: 6.149978  max mem: 59418Training  [ 5780/20000]  eta: 1 day, 8:31:53  lr: 0.0000 (0.0000)  wd: 0.1090 (0.0637)  mom: 0.9935 (0.9925)  last_layer_lr: 0.0000 (0.0000)  current_batch_size: 2.0000 (2.0000)  total_loss: 10.3506 (10.3866)  dino_local_crops_loss: 7.3936 (7.4163)  dino_global_crops_loss: 0.9242 (0.9273)  koleo_loss: -0.0467 (-0.0432)  ibot_loss: 2.0795 (2.0862)  time: 8.339695  data: 5.351794  max mem: 59418Training  [ 5790/20000]  eta: 1 day, 8:31:43  lr: 0.0000 (0.0000)  wd: 0.1092 (0.0638)  mom: 0.9935 (0.9925)  last_layer_lr: 0.0000 (0.0000)  current_batch_size: 2.0000 (2.0000)  total_loss: 10.3496 (10.3865)  dino_local_crops_loss: 7.3936 (7.4163)  dino_global_crops_loss: 0.9242 (0.9273)  koleo_loss: -0.0477 (-0.0432)  ibot_loss: 2.0795 (2.0861)  time: 9.077433  data: 6.069702  max mem: 59418Training  [ 5800/20000]  eta: 1 day, 8:29:39  lr: 0.0000 (0.0000)  wd: 0.1095 (0.0639)  mom: 0.9935 (0.9925)  last_layer_lr: 0.0000 (0.0000)  current_batch_size: 2.0000 (2.0000)  total_loss: 10.3501 (10.3865)  dino_local_crops_loss: 7.3936 (7.4163)  dino_global_crops_loss: 0.9242 (0.9273)  koleo_loss: -0.0472 (-0.0432)  ibot_loss: 2.0795 (2.0861)  time: 8.866977  data: 5.845284  max mem: 59418Training  [ 5810/20000]  eta: 1 day, 8:28:52  lr: 0.0000 (0.0000)  wd: 0.1097 (0.0640)  mom: 0.9935 (0.9925)  last_layer_lr: 0.0000 (0.0000)  current_batch_size: 2.0000 (2.0000)  total_loss: 10.3532 (10.3864)  dino_local_crops_loss: 7.3936 (7.4162)  dino_global_crops_loss: 0.9242 (0.9273)  koleo_loss: -0.0441 (-0.0432)  ibot_loss: 2.0795 (2.0861)  time: 8.110510  data: 5.108542  max mem: 59418Training  [ 5820/20000]  eta: 1 day, 8:26:21  lr: 0.0000 (0.0000)  wd: 0.1099 (0.0640)  mom: 0.9936 (0.9925)  last_layer_lr: 0.0000 (0.0000)  current_batch_size: 2.0000 (2.0000)  total_loss: 10.3520 (10.3863)  dino_local_crops_loss: 7.3936 (7.4162)  dino_global_crops_loss: 0.9242 (0.9273)  koleo_loss: -0.0453 (-0.0432)  ibot_loss: 2.0795 (2.0861)  time: 7.557173  data: 4.567000  max mem: 59418Training  [ 5830/20000]  eta: 1 day, 8:26:22  lr: 0.0000 (0.0000)  wd: 0.1101 (0.0641)  mom: 0.9936 (0.9925)  last_layer_lr: 0.0000 (0.0000)  current_batch_size: 2.0000 (2.0000)  total_loss: 10.3514 (10.3863)  dino_local_crops_loss: 7.3936 (7.4162)  dino_global_crops_loss: 0.9242 (0.9273)  koleo_loss: -0.0459 (-0.0432)  ibot_loss: 2.0795 (2.0861)  time: 8.546354  data: 5.557182  max mem: 59418Training  [ 5840/20000]  eta: 1 day, 8:24:10  lr: 0.0000 (0.0000)  wd: 0.1103 (0.0642)  mom: 0.9936 (0.9925)  last_layer_lr: 0.0000 (0.0000)  current_batch_size: 2.0000 (2.0000)  total_loss: 10.3515 (10.3862)  dino_local_crops_loss: 7.3936 (7.4161)  dino_global_crops_loss: 0.9242 (0.9273)  koleo_loss: -0.0458 (-0.0432)  ibot_loss: 2.0795 (2.0861)  time: 8.920150  data: 5.931260  max mem: 59418Training  [ 5850/20000]  eta: 1 day, 8:22:47  lr: 0.0000 (0.0000)  wd: 0.1106 (0.0643)  mom: 0.9936 (0.9925)  last_layer_lr: 0.0000 (0.0000)  current_batch_size: 2.0000 (2.0000)  total_loss: 10.3510 (10.3862)  dino_local_crops_loss: 7.3936 (7.4161)  dino_global_crops_loss: 0.9242 (0.9273)  koleo_loss: -0.0463 (-0.0432)  ibot_loss: 2.0795 (2.0861)  time: 7.213118  data: 4.211916  max mem: 59418Training  [ 5860/20000]  eta: 1 day, 8:21:28  lr: 0.0000 (0.0000)  wd: 0.1108 (0.0644)  mom: 0.9936 (0.9925)  last_layer_lr: 0.0000 (0.0000)  current_batch_size: 2.0000 (2.0000)  total_loss: 10.3513 (10.3861)  dino_local_crops_loss: 7.3936 (7.4160)  dino_global_crops_loss: 0.9242 (0.9272)  koleo_loss: -0.0460 (-0.0432)  ibot_loss: 2.0795 (2.0861)  time: 8.295843  data: 5.296285  max mem: 59418Training  [ 5870/20000]  eta: 1 day, 8:20:01  lr: 0.0000 (0.0000)  wd: 0.1110 (0.0644)  mom: 0.9936 (0.9925)  last_layer_lr: 0.0000 (0.0000)  current_batch_size: 2.0000 (2.0000)  total_loss: 10.3498 (10.3860)  dino_local_crops_loss: 7.3936 (7.4160)  dino_global_crops_loss: 0.9242 (0.9272)  koleo_loss: -0.0475 (-0.0433)  ibot_loss: 2.0795 (2.0861)  time: 8.194478  data: 5.206775  max mem: 59418Training  [ 5880/20000]  eta: 1 day, 8:18:42  lr: 0.0000 (0.0000)  wd: 0.1112 (0.0645)  mom: 0.9936 (0.9925)  last_layer_lr: 0.0000 (0.0000)  current_batch_size: 2.0000 (2.0000)  total_loss: 10.3494 (10.3860)  dino_local_crops_loss: 7.3936 (7.4160)  dino_global_crops_loss: 0.9242 (0.9272)  koleo_loss: -0.0479 (-0.0433)  ibot_loss: 2.0795 (2.0860)  time: 8.227496  data: 5.239494  max mem: 59418Training  [ 5890/20000]  eta: 1 day, 8:17:46  lr: 0.0000 (0.0000)  wd: 0.1115 (0.0646)  mom: 0.9936 (0.9925)  last_layer_lr: 0.0000 (0.0000)  current_batch_size: 2.0000 (2.0000)  total_loss: 10.3505 (10.3859)  dino_local_crops_loss: 7.3936 (7.4159)  dino_global_crops_loss: 0.9242 (0.9272)  koleo_loss: -0.0468 (-0.0433)  ibot_loss: 2.0795 (2.0860)  time: 8.859897  data: 5.871629  max mem: 59418Training  [ 5900/20000]  eta: 1 day, 8:15:21  lr: 0.0000 (0.0000)  wd: 0.1117 (0.0647)  mom: 0.9936 (0.9925)  last_layer_lr: 0.0000 (0.0000)  current_batch_size: 2.0000 (2.0000)  total_loss: 10.3516 (10.3859)  dino_local_crops_loss: 7.3936 (7.4159)  dino_global_crops_loss: 0.9242 (0.9272)  koleo_loss: -0.0457 (-0.0433)  ibot_loss: 2.0795 (2.0860)  time: 7.463190  data: 4.474597  max mem: 59418Training  [ 5910/20000]  eta: 1 day, 8:14:29  lr: 0.0000 (0.0000)  wd: 0.1119 (0.0648)  mom: 0.9936 (0.9926)  last_layer_lr: 0.0000 (0.0000)  current_batch_size: 2.0000 (2.0000)  total_loss: 10.3517 (10.3858)  dino_local_crops_loss: 7.3936 (7.4158)  dino_global_crops_loss: 0.9242 (0.9272)  koleo_loss: -0.0456 (-0.0433)  ibot_loss: 2.0795 (2.0860)  time: 7.573228  data: 4.584750  max mem: 59418Training  [ 5920/20000]  eta: 1 day, 8:14:52  lr: 0.0000 (0.0000)  wd: 0.1122 (0.0648)  mom: 0.9936 (0.9926)  last_layer_lr: 0.0000 (0.0000)  current_batch_size: 2.0000 (2.0000)  total_loss: 10.3496 (10.3857)  dino_local_crops_loss: 7.3936 (7.4158)  dino_global_crops_loss: 0.9242 (0.9272)  koleo_loss: -0.0478 (-0.0433)  ibot_loss: 2.0795 (2.0860)  time: 11.098712  data: 8.111712  max mem: 59418Training  [ 5930/20000]  eta: 1 day, 8:12:49  lr: 0.0000 (0.0000)  wd: 0.1124 (0.0649)  mom: 0.9936 (0.9926)  last_layer_lr: 0.0000 (0.0000)  current_batch_size: 2.0000 (2.0000)  total_loss: 10.3494 (10.3857)  dino_local_crops_loss: 7.3936 (7.4158)  dino_global_crops_loss: 0.9242 (0.9272)  koleo_loss: -0.0479 (-0.0433)  ibot_loss: 2.0795 (2.0860)  time: 9.607686  data: 6.620950  max mem: 59418Training  [ 5940/20000]  eta: 1 day, 8:11:35  lr: 0.0000 (0.0000)  wd: 0.1126 (0.0650)  mom: 0.9936 (0.9926)  last_layer_lr: 0.0000 (0.0000)  current_batch_size: 2.0000 (2.0000)  total_loss: 10.3502 (10.3856)  dino_local_crops_loss: 7.3936 (7.4157)  dino_global_crops_loss: 0.9242 (0.9272)  koleo_loss: -0.0471 (-0.0433)  ibot_loss: 2.0795 (2.0860)  time: 7.567225  data: 4.579119  max mem: 59418Training  [ 5950/20000]  eta: 1 day, 8:09:47  lr: 0.0000 (0.0000)  wd: 0.1128 (0.0651)  mom: 0.9936 (0.9926)  last_layer_lr: 0.0000 (0.0000)  current_batch_size: 2.0000 (2.0000)  total_loss: 10.3503 (10.3856)  dino_local_crops_loss: 7.3936 (7.4157)  dino_global_crops_loss: 0.9242 (0.9272)  koleo_loss: -0.0470 (-0.0433)  ibot_loss: 2.0795 (2.0860)  time: 7.866683  data: 4.876958  max mem: 59418Training  [ 5960/20000]  eta: 1 day, 8:08:10  lr: 0.0000 (0.0000)  wd: 0.1131 (0.0652)  mom: 0.9936 (0.9926)  last_layer_lr: 0.0000 (0.0000)  current_batch_size: 2.0000 (2.0000)  total_loss: 10.3494 (10.3855)  dino_local_crops_loss: 7.3936 (7.4157)  dino_global_crops_loss: 0.9242 (0.9272)  koleo_loss: -0.0479 (-0.0433)  ibot_loss: 2.0795 (2.0860)  time: 7.400510  data: 4.411991  max mem: 59418Training  [ 5970/20000]  eta: 1 day, 8:06:04  lr: 0.0000 (0.0000)  wd: 0.1133 (0.0652)  mom: 0.9936 (0.9926)  last_layer_lr: 0.0000 (0.0000)  current_batch_size: 2.0000 (2.0000)  total_loss: 10.3515 (10.3854)  dino_local_crops_loss: 7.3936 (7.4156)  dino_global_crops_loss: 0.9242 (0.9272)  koleo_loss: -0.0458 (-0.0433)  ibot_loss: 2.0795 (2.0859)  time: 7.003203  data: 4.013610  max mem: 59418Training  [ 5980/20000]  eta: 1 day, 8:04:24  lr: 0.0000 (0.0000)  wd: 0.1135 (0.0653)  mom: 0.9936 (0.9926)  last_layer_lr: 0.0000 (0.0000)  current_batch_size: 2.0000 (2.0000)  total_loss: 10.3508 (10.3854)  dino_local_crops_loss: 7.3936 (7.4156)  dino_global_crops_loss: 0.9242 (0.9272)  koleo_loss: -0.0464 (-0.0433)  ibot_loss: 2.0795 (2.0859)  time: 6.931008  data: 3.938720  max mem: 59418Training  [ 5990/20000]  eta: 1 day, 8:03:56  lr: 0.0000 (0.0000)  wd: 0.1137 (0.0654)  mom: 0.9936 (0.9926)  last_layer_lr: 0.0000 (0.0000)  current_batch_size: 2.0000 (2.0000)  total_loss: 10.3504 (10.3853)  dino_local_crops_loss: 7.3936 (7.4156)  dino_global_crops_loss: 0.9242 (0.9272)  koleo_loss: -0.0468 (-0.0433)  ibot_loss: 2.0795 (2.0859)  time: 9.035588  data: 6.045358  max mem: 59418I20260520 10:55:28 279768 fvcore.common.checkpoint __init__.py:109] Saving checkpoint to /sci/labs/arieljaffe/dan.abergel1/repos/FAIR_official/outputs/dinov2_fmri_20260519_211051/model_0005999.rank_0.pth
Training  [ 6000/20000]  eta: 1 day, 8:02:55  lr: 0.0000 (0.0000)  wd: 0.1140 (0.0655)  mom: 0.9936 (0.9926)  last_layer_lr: 0.0000 (0.0000)  current_batch_size: 2.0000 (2.0000)  total_loss: 10.3519 (10.3853)  dino_local_crops_loss: 7.3936 (7.4155)  dino_global_crops_loss: 0.9242 (0.9272)  koleo_loss: -0.0454 (-0.0433)  ibot_loss: 2.0795 (2.0859)  time: 9.850004  data: 6.765568  max mem: 59418Training  [ 6010/20000]  eta: 1 day, 8:01:17  lr: 0.0000 (0.0000)  wd: 0.1142 (0.0656)  mom: 0.9936 (0.9926)  last_layer_lr: 0.0000 (0.0000)  current_batch_size: 2.0000 (2.0000)  total_loss: 10.3517 (10.3852)  dino_local_crops_loss: 7.3936 (7.4155)  dino_global_crops_loss: 0.9242 (0.9272)  koleo_loss: -0.0457 (-0.0433)  ibot_loss: 2.0795 (2.0859)  time: 8.356534  data: 5.271961  max mem: 59418Training  [ 6020/20000]  eta: 1 day, 7:59:43  lr: 0.0000 (0.0000)  wd: 0.1144 (0.0657)  mom: 0.9937 (0.9926)  last_layer_lr: 0.0000 (0.0000)  current_batch_size: 2.0000 (2.0000)  total_loss: 10.3506 (10.3852)  dino_local_crops_loss: 7.3936 (7.4154)  dino_global_crops_loss: 0.9242 (0.9272)  koleo_loss: -0.0467 (-0.0433)  ibot_loss: 2.0795 (2.0859)  time: 7.663751  data: 4.671538  max mem: 59418Training  [ 6030/20000]  eta: 1 day, 7:59:01  lr: 0.0000 (0.0000)  wd: 0.1147 (0.0657)  mom: 0.9937 (0.9926)  last_layer_lr: 0.0000 (0.0000)  current_batch_size: 2.0000 (2.0000)  total_loss: 10.3509 (10.3851)  dino_local_crops_loss: 7.3936 (7.4154)  dino_global_crops_loss: 0.9242 (0.9272)  koleo_loss: -0.0464 (-0.0433)  ibot_loss: 2.0795 (2.0859)  time: 8.870955  data: 5.869235  max mem: 59418Training  [ 6040/20000]  eta: 1 day, 7:57:03  lr: 0.0000 (0.0000)  wd: 0.1149 (0.0658)  mom: 0.9937 (0.9926)  last_layer_lr: 0.0000 (0.0000)  current_batch_size: 2.0000 (2.0000)  total_loss: 10.3501 (10.3850)  dino_local_crops_loss: 7.3936 (7.4154)  dino_global_crops_loss: 0.9242 (0.9272)  koleo_loss: -0.0471 (-0.0433)  ibot_loss: 2.0795 (2.0859)  time: 8.347815  data: 5.350545  max mem: 59418Training  [ 6050/20000]  eta: 1 day, 7:55:19  lr: 0.0000 (0.0000)  wd: 0.1151 (0.0659)  mom: 0.9937 (0.9926)  last_layer_lr: 0.0000 (0.0000)  current_batch_size: 2.0000 (2.0000)  total_loss: 10.3501 (10.3850)  dino_local_crops_loss: 7.3936 (7.4153)  dino_global_crops_loss: 0.9242 (0.9272)  koleo_loss: -0.0472 (-0.0433)  ibot_loss: 2.0795 (2.0859)  time: 6.985873  data: 3.996541  max mem: 59418Training  [ 6060/20000]  eta: 1 day, 7:54:09  lr: 0.0000 (0.0000)  wd: 0.1153 (0.0660)  mom: 0.9937 (0.9926)  last_layer_lr: 0.0000 (0.0000)  current_batch_size: 2.0000 (2.0000)  total_loss: 10.3501 (10.3849)  dino_local_crops_loss: 7.3936 (7.4153)  dino_global_crops_loss: 0.9242 (0.9271)  koleo_loss: -0.0472 (-0.0433)  ibot_loss: 2.0795 (2.0858)  time: 8.030210  data: 5.039103  max mem: 59418Training  [ 6070/20000]  eta: 1 day, 7:52:55  lr: 0.0000 (0.0000)  wd: 0.1156 (0.0661)  mom: 0.9937 (0.9926)  last_layer_lr: 0.0000 (0.0000)  current_batch_size: 2.0000 (2.0000)  total_loss: 10.3508 (10.3849)  dino_local_crops_loss: 7.3936 (7.4153)  dino_global_crops_loss: 0.9242 (0.9271)  koleo_loss: -0.0465 (-0.0434)  ibot_loss: 2.0795 (2.0858)  time: 8.691095  data: 5.692155  max mem: 59418Training  [ 6080/20000]  eta: 1 day, 7:51:25  lr: 0.0000 (0.0000)  wd: 0.1158 (0.0661)  mom: 0.9937 (0.9926)  last_layer_lr: 0.0000 (0.0000)  current_batch_size: 2.0000 (2.0000)  total_loss: 10.3513 (10.3848)  dino_local_crops_loss: 7.3936 (7.4152)  dino_global_crops_loss: 0.9242 (0.9271)  koleo_loss: -0.0460 (-0.0434)  ibot_loss: 2.0795 (2.0858)  time: 8.247582  data: 5.250023  max mem: 59418Training  [ 6090/20000]  eta: 1 day, 7:49:56  lr: 0.0000 (0.0000)  wd: 0.1160 (0.0662)  mom: 0.9937 (0.9926)  last_layer_lr: 0.0000 (0.0000)  current_batch_size: 2.0000 (2.0000)  total_loss: 10.3527 (10.3848)  dino_local_crops_loss: 7.3936 (7.4152)  dino_global_crops_loss: 0.9242 (0.9271)  koleo_loss: -0.0446 (-0.0434)  ibot_loss: 2.0795 (2.0858)  time: 7.946210  data: 4.956601  max mem: 59418Training  [ 6100/20000]  eta: 1 day, 7:48:59  lr: 0.0000 (0.0000)  wd: 0.1163 (0.0663)  mom: 0.9937 (0.9926)  last_layer_lr: 0.0000 (0.0000)  current_batch_size: 2.0000 (2.0000)  total_loss: 10.3507 (10.3847)  dino_local_crops_loss: 7.3936 (7.4152)  dino_global_crops_loss: 0.9242 (0.9271)  koleo_loss: -0.0466 (-0.0434)  ibot_loss: 2.0795 (2.0858)  time: 8.655752  data: 5.663986  max mem: 59418Training  [ 6110/20000]  eta: 1 day, 7:46:51  lr: 0.0000 (0.0000)  wd: 0.1165 (0.0664)  mom: 0.9937 (0.9926)  last_layer_lr: 0.0000 (0.0000)  current_batch_size: 2.0000 (2.0000)  total_loss: 10.3507 (10.3847)  dino_local_crops_loss: 7.3936 (7.4151)  dino_global_crops_loss: 0.9242 (0.9271)  koleo_loss: -0.0466 (-0.0434)  ibot_loss: 2.0795 (2.0858)  time: 7.779886  data: 4.789809  max mem: 59418Training  [ 6120/20000]  eta: 1 day, 7:45:46  lr: 0.0000 (0.0000)  wd: 0.1167 (0.0665)  mom: 0.9937 (0.9926)  last_layer_lr: 0.0000 (0.0000)  current_batch_size: 2.0000 (2.0000)  total_loss: 10.3507 (10.3846)  dino_local_crops_loss: 7.3936 (7.4151)  dino_global_crops_loss: 0.9242 (0.9271)  koleo_loss: -0.0466 (-0.0434)  ibot_loss: 2.0795 (2.0858)  time: 7.620730  data: 4.633152  max mem: 59418Training  [ 6130/20000]  eta: 1 day, 7:44:09  lr: 0.0000 (0.0000)  wd: 0.1170 (0.0666)  mom: 0.9937 (0.9926)  last_layer_lr: 0.0000 (0.0000)  current_batch_size: 2.0000 (2.0000)  total_loss: 10.3500 (10.3846)  dino_local_crops_loss: 7.3936 (7.4151)  dino_global_crops_loss: 0.9242 (0.9271)  koleo_loss: -0.0473 (-0.0434)  ibot_loss: 2.0795 (2.0858)  time: 8.308828  data: 5.318604  max mem: 59418Training  [ 6140/20000]  eta: 1 day, 7:43:07  lr: 0.0000 (0.0000)  wd: 0.1172 (0.0666)  mom: 0.9937 (0.9926)  last_layer_lr: 0.0000 (0.0000)  current_batch_size: 2.0000 (2.0000)  total_loss: 10.3498 (10.3845)  dino_local_crops_loss: 7.3936 (7.4150)  dino_global_crops_loss: 0.9242 (0.9271)  koleo_loss: -0.0475 (-0.0434)  ibot_loss: 2.0795 (2.0858)  time: 8.361970  data: 5.363880  max mem: 59418Training  [ 6150/20000]  eta: 1 day, 7:41:26  lr: 0.0000 (0.0000)  wd: 0.1174 (0.0667)  mom: 0.9937 (0.9926)  last_layer_lr: 0.0000 (0.0000)  current_batch_size: 2.0000 (2.0000)  total_loss: 10.3498 (10.3844)  dino_local_crops_loss: 7.3936 (7.4150)  dino_global_crops_loss: 0.9242 (0.9271)  koleo_loss: -0.0475 (-0.0434)  ibot_loss: 2.0795 (2.0858)  time: 8.261415  data: 5.247634  max mem: 59418Training  [ 6160/20000]  eta: 1 day, 7:40:48  lr: 0.0000 (0.0000)  wd: 0.1177 (0.0668)  mom: 0.9937 (0.9926)  last_layer_lr: 0.0000 (0.0000)  current_batch_size: 2.0000 (2.0000)  total_loss: 10.3482 (10.3844)  dino_local_crops_loss: 7.3936 (7.4149)  dino_global_crops_loss: 0.9242 (0.9271)  koleo_loss: -0.0491 (-0.0434)  ibot_loss: 2.0795 (2.0857)  time: 8.808223  data: 5.801499  max mem: 59418Training  [ 6170/20000]  eta: 1 day, 7:38:47  lr: 0.0000 (0.0000)  wd: 0.1179 (0.0669)  mom: 0.9937 (0.9926)  last_layer_lr: 0.0000 (0.0000)  current_batch_size: 2.0000 (2.0000)  total_loss: 10.3494 (10.3843)  dino_local_crops_loss: 7.3936 (7.4149)  dino_global_crops_loss: 0.9242 (0.9271)  koleo_loss: -0.0479 (-0.0434)  ibot_loss: 2.0795 (2.0857)  time: 8.362981  data: 5.374340  max mem: 59418Training  [ 6180/20000]  eta: 1 day, 7:38:25  lr: 0.0000 (0.0000)  wd: 0.1181 (0.0670)  mom: 0.9937 (0.9926)  last_layer_lr: 0.0000 (0.0000)  current_batch_size: 2.0000 (2.0000)  total_loss: 10.3505 (10.3843)  dino_local_crops_loss: 7.3936 (7.4149)  dino_global_crops_loss: 0.9242 (0.9271)  koleo_loss: -0.0468 (-0.0434)  ibot_loss: 2.0795 (2.0857)  time: 8.745507  data: 5.757064  max mem: 59418Training  [ 6190/20000]  eta: 1 day, 7:37:18  lr: 0.0000 (0.0000)  wd: 0.1184 (0.0671)  mom: 0.9937 (0.9926)  last_layer_lr: 0.0000 (0.0000)  current_batch_size: 2.0000 (2.0000)  total_loss: 10.3505 (10.3842)  dino_local_crops_loss: 7.3936 (7.4148)  dino_global_crops_loss: 0.9242 (0.9271)  koleo_loss: -0.0468 (-0.0434)  ibot_loss: 2.0795 (2.0857)  time: 9.936679  data: 6.948541  max mem: 59418Training  [ 6200/20000]  eta: 1 day, 7:35:39  lr: 0.0000 (0.0000)  wd: 0.1186 (0.0671)  mom: 0.9937 (0.9926)  last_layer_lr: 0.0000 (0.0000)  current_batch_size: 2.0000 (2.0000)  total_loss: 10.3511 (10.3842)  dino_local_crops_loss: 7.3936 (7.4148)  dino_global_crops_loss: 0.9242 (0.9271)  koleo_loss: -0.0462 (-0.0434)  ibot_loss: 2.0795 (2.0857)  time: 8.211645  data: 5.223052  max mem: 59418Training  [ 6210/20000]  eta: 1 day, 7:35:57  lr: 0.0000 (0.0000)  wd: 0.1188 (0.0672)  mom: 0.9938 (0.9926)  last_layer_lr: 0.0000 (0.0000)  current_batch_size: 2.0000 (2.0000)  total_loss: 10.3508 (10.3841)  dino_local_crops_loss: 7.3936 (7.4148)  dino_global_crops_loss: 0.9242 (0.9271)  koleo_loss: -0.0465 (-0.0434)  ibot_loss: 2.0795 (2.0857)  time: 10.145749  data: 7.120049  max mem: 59418Training  [ 6220/20000]  eta: 1 day, 7:33:45  lr: 0.0000 (0.0000)  wd: 0.1191 (0.0673)  mom: 0.9938 (0.9926)  last_layer_lr: 0.0000 (0.0000)  current_batch_size: 2.0000 (2.0000)  total_loss: 10.3508 (10.3841)  dino_local_crops_loss: 7.3936 (7.4147)  dino_global_crops_loss: 0.9242 (0.9271)  koleo_loss: -0.0465 (-0.0434)  ibot_loss: 2.0795 (2.0857)  time: 9.386436  data: 6.358024  max mem: 59418Training  [ 6230/20000]  eta: 1 day, 7:32:04  lr: 0.0000 (0.0000)  wd: 0.1193 (0.0674)  mom: 0.9938 (0.9926)  last_layer_lr: 0.0000 (0.0000)  current_batch_size: 2.0000 (2.0000)  total_loss: 10.3491 (10.3840)  dino_local_crops_loss: 7.3936 (7.4147)  dino_global_crops_loss: 0.9242 (0.9271)  koleo_loss: -0.0482 (-0.0434)  ibot_loss: 2.0795 (2.0857)  time: 6.704133  data: 3.709829  max mem: 59418Training  [ 6240/20000]  eta: 1 day, 7:30:59  lr: 0.0000 (0.0000)  wd: 0.1195 (0.0675)  mom: 0.9938 (0.9926)  last_layer_lr: 0.0000 (0.0000)  current_batch_size: 2.0000 (2.0000)  total_loss: 10.3496 (10.3840)  dino_local_crops_loss: 7.3936 (7.4147)  dino_global_crops_loss: 0.9242 (0.9271)  koleo_loss: -0.0476 (-0.0434)  ibot_loss: 2.0795 (2.0857)  time: 8.209459  data: 5.216962  max mem: 59418Training  [ 6250/20000]  eta: 1 day, 7:30:16  lr: 0.0000 (0.0000)  wd: 0.1198 (0.0676)  mom: 0.9938 (0.9926)  last_layer_lr: 0.0000 (0.0000)  current_batch_size: 2.0000 (2.0000)  total_loss: 10.3522 (10.3839)  dino_local_crops_loss: 7.3936 (7.4146)  dino_global_crops_loss: 0.9242 (0.9271)  koleo_loss: -0.0451 (-0.0434)  ibot_loss: 2.0795 (2.0856)  time: 9.540517  data: 6.548501  max mem: 59418Training  [ 6260/20000]  eta: 1 day, 7:28:57  lr: 0.0000 (0.0000)  wd: 0.1200 (0.0676)  mom: 0.9938 (0.9926)  last_layer_lr: 0.0000 (0.0000)  current_batch_size: 2.0000 (2.0000)  total_loss: 10.3507 (10.3839)  dino_local_crops_loss: 7.3936 (7.4146)  dino_global_crops_loss: 0.9242 (0.9271)  koleo_loss: -0.0466 (-0.0434)  ibot_loss: 2.0795 (2.0856)  time: 9.227475  data: 6.235334  max mem: 59418Training  [ 6270/20000]  eta: 1 day, 7:26:33  lr: 0.0000 (0.0000)  wd: 0.1202 (0.0677)  mom: 0.9938 (0.9926)  last_layer_lr: 0.0000 (0.0000)  current_batch_size: 2.0000 (2.0000)  total_loss: 10.3512 (10.3838)  dino_local_crops_loss: 7.3936 (7.4146)  dino_global_crops_loss: 0.9242 (0.9270)  koleo_loss: -0.0461 (-0.0434)  ibot_loss: 2.0795 (2.0856)  time: 6.920999  data: 3.920952  max mem: 59418Training  [ 6280/20000]  eta: 1 day, 7:25:45  lr: 0.0000 (0.0000)  wd: 0.1205 (0.0678)  mom: 0.9938 (0.9926)  last_layer_lr: 0.0000 (0.0000)  current_batch_size: 2.0000 (2.0000)  total_loss: 10.3493 (10.3837)  dino_local_crops_loss: 7.3936 (7.4145)  dino_global_crops_loss: 0.9242 (0.9270)  koleo_loss: -0.0480 (-0.0435)  ibot_loss: 2.0795 (2.0856)  time: 7.646558  data: 4.646707  max mem: 59418Training  [ 6290/20000]  eta: 1 day, 7:24:15  lr: 0.0000 (0.0000)  wd: 0.1207 (0.0679)  mom: 0.9938 (0.9926)  last_layer_lr: 0.0000 (0.0000)  current_batch_size: 2.0000 (2.0000)  total_loss: 10.3486 (10.3837)  dino_local_crops_loss: 7.3936 (7.4145)  dino_global_crops_loss: 0.9242 (0.9270)  koleo_loss: -0.0486 (-0.0435)  ibot_loss: 2.0795 (2.0856)  time: 8.851931  data: 5.857709  max mem: 59418Training  [ 6300/20000]  eta: 1 day, 7:22:31  lr: 0.0000 (0.0000)  wd: 0.1209 (0.0680)  mom: 0.9938 (0.9926)  last_layer_lr: 0.0000 (0.0000)  current_batch_size: 2.0000 (2.0000)  total_loss: 10.3497 (10.3836)  dino_local_crops_loss: 7.3936 (7.4145)  dino_global_crops_loss: 0.9242 (0.9270)  koleo_loss: -0.0476 (-0.0435)  ibot_loss: 2.0795 (2.0856)  time: 7.566039  data: 4.573934  max mem: 59418Training  [ 6310/20000]  eta: 1 day, 7:20:43  lr: 0.0000 (0.0000)  wd: 0.1212 (0.0681)  mom: 0.9938 (0.9926)  last_layer_lr: 0.0000 (0.0000)  current_batch_size: 2.0000 (2.0000)  total_loss: 10.3488 (10.3836)  dino_local_crops_loss: 7.3936 (7.4144)  dino_global_crops_loss: 0.9242 (0.9270)  koleo_loss: -0.0484 (-0.0435)  ibot_loss: 2.0795 (2.0856)  time: 7.162291  data: 4.173781  max mem: 59418Training  [ 6320/20000]  eta: 1 day, 7:19:09  lr: 0.0000 (0.0000)  wd: 0.1214 (0.0681)  mom: 0.9938 (0.9926)  last_layer_lr: 0.0000 (0.0000)  current_batch_size: 2.0000 (2.0000)  total_loss: 10.3488 (10.3835)  dino_local_crops_loss: 7.3936 (7.4144)  dino_global_crops_loss: 0.9242 (0.9270)  koleo_loss: -0.0485 (-0.0435)  ibot_loss: 2.0795 (2.0856)  time: 7.387286  data: 4.398289  max mem: 59418Training  [ 6330/20000]  eta: 1 day, 7:18:47  lr: 0.0000 (0.0000)  wd: 0.1216 (0.0682)  mom: 0.9938 (0.9926)  last_layer_lr: 0.0000 (0.0000)  current_batch_size: 2.0000 (2.0000)  total_loss: 10.3491 (10.3835)  dino_local_crops_loss: 7.3936 (7.4144)  dino_global_crops_loss: 0.9242 (0.9270)  koleo_loss: -0.0482 (-0.0435)  ibot_loss: 2.0795 (2.0856)  time: 9.391074  data: 6.398873  max mem: 59418Training  [ 6340/20000]  eta: 1 day, 7:16:44  lr: 0.0000 (0.0000)  wd: 0.1219 (0.0683)  mom: 0.9938 (0.9926)  last_layer_lr: 0.0000 (0.0000)  current_batch_size: 2.0000 (2.0000)  total_loss: 10.3490 (10.3834)  dino_local_crops_loss: 7.3936 (7.4143)  dino_global_crops_loss: 0.9242 (0.9270)  koleo_loss: -0.0483 (-0.0435)  ibot_loss: 2.0795 (2.0856)  time: 8.693793  data: 5.700717  max mem: 59418Training  [ 6350/20000]  eta: 1 day, 7:15:56  lr: 0.0000 (0.0000)  wd: 0.1221 (0.0684)  mom: 0.9938 (0.9926)  last_layer_lr: 0.0000 (0.0000)  current_batch_size: 2.0000 (2.0000)  total_loss: 10.3501 (10.3834)  dino_local_crops_loss: 7.3936 (7.4143)  dino_global_crops_loss: 0.9242 (0.9270)  koleo_loss: -0.0472 (-0.0435)  ibot_loss: 2.0795 (2.0856)  time: 8.099793  data: 5.111870  max mem: 59418Training  [ 6360/20000]  eta: 1 day, 7:14:23  lr: 0.0000 (0.0000)  wd: 0.1224 (0.0685)  mom: 0.9938 (0.9926)  last_layer_lr: 0.0000 (0.0000)  current_batch_size: 2.0000 (2.0000)  total_loss: 10.3510 (10.3833)  dino_local_crops_loss: 7.3936 (7.4143)  dino_global_crops_loss: 0.9242 (0.9270)  koleo_loss: -0.0463 (-0.0435)  ibot_loss: 2.0795 (2.0855)  time: 8.812207  data: 5.811531  max mem: 59418Training  [ 6370/20000]  eta: 1 day, 7:13:27  lr: 0.0000 (0.0000)  wd: 0.1226 (0.0686)  mom: 0.9938 (0.9926)  last_layer_lr: 0.0000 (0.0000)  current_batch_size: 2.0000 (2.0000)  total_loss: 10.3505 (10.3833)  dino_local_crops_loss: 7.3936 (7.4142)  dino_global_crops_loss: 0.9242 (0.9270)  koleo_loss: -0.0468 (-0.0435)  ibot_loss: 2.0795 (2.0855)  time: 8.613562  data: 5.603646  max mem: 59418Training  [ 6380/20000]  eta: 1 day, 7:12:25  lr: 0.0000 (0.0000)  wd: 0.1228 (0.0687)  mom: 0.9938 (0.9926)  last_layer_lr: 0.0000 (0.0000)  current_batch_size: 2.0000 (2.0000)  total_loss: 10.3498 (10.3832)  dino_local_crops_loss: 7.3936 (7.4142)  dino_global_crops_loss: 0.9242 (0.9270)  koleo_loss: -0.0475 (-0.0435)  ibot_loss: 2.0795 (2.0855)  time: 9.329721  data: 6.333486  max mem: 59418Training  [ 6390/20000]  eta: 1 day, 7:11:27  lr: 0.0000 (0.0000)  wd: 0.1231 (0.0687)  mom: 0.9938 (0.9926)  last_layer_lr: 0.0000 (0.0000)  current_batch_size: 2.0000 (2.0000)  total_loss: 10.3497 (10.3832)  dino_local_crops_loss: 7.3936 (7.4142)  dino_global_crops_loss: 0.9242 (0.9270)  koleo_loss: -0.0475 (-0.0435)  ibot_loss: 2.0795 (2.0855)  time: 9.301311  data: 6.314279  max mem: 59418Training  [ 6400/20000]  eta: 1 day, 7:09:16  lr: 0.0000 (0.0000)  wd: 0.1233 (0.0688)  mom: 0.9939 (0.9926)  last_layer_lr: 0.0000 (0.0000)  current_batch_size: 2.0000 (2.0000)  total_loss: 10.3497 (10.3831)  dino_local_crops_loss: 7.3936 (7.4141)  dino_global_crops_loss: 0.9242 (0.9270)  koleo_loss: -0.0475 (-0.0435)  ibot_loss: 2.0795 (2.0855)  time: 7.704856  data: 4.715542  max mem: 59418Training  [ 6410/20000]  eta: 1 day, 7:08:29  lr: 0.0000 (0.0000)  wd: 0.1236 (0.0689)  mom: 0.9939 (0.9926)  last_layer_lr: 0.0000 (0.0000)  current_batch_size: 2.0000 (2.0000)  total_loss: 10.3501 (10.3831)  dino_local_crops_loss: 7.3936 (7.4141)  dino_global_crops_loss: 0.9242 (0.9270)  koleo_loss: -0.0472 (-0.0435)  ibot_loss: 2.0795 (2.0855)  time: 7.934645  data: 4.943192  max mem: 59418Training  [ 6420/20000]  eta: 1 day, 7:07:35  lr: 0.0000 (0.0000)  wd: 0.1238 (0.0690)  mom: 0.9939 (0.9926)  last_layer_lr: 0.0000 (0.0000)  current_batch_size: 2.0000 (2.0000)  total_loss: 10.3493 (10.3830)  dino_local_crops_loss: 7.3936 (7.4141)  dino_global_crops_loss: 0.9242 (0.9270)  koleo_loss: -0.0480 (-0.0435)  ibot_loss: 2.0795 (2.0855)  time: 9.739324  data: 6.738602  max mem: 59418Training  [ 6430/20000]  eta: 1 day, 7:06:16  lr: 0.0000 (0.0000)  wd: 0.1240 (0.0691)  mom: 0.9939 (0.9926)  last_layer_lr: 0.0000 (0.0000)  current_batch_size: 2.0000 (2.0000)  total_loss: 10.3493 (10.3830)  dino_local_crops_loss: 7.3936 (7.4141)  dino_global_crops_loss: 0.9242 (0.9270)  koleo_loss: -0.0480 (-0.0435)  ibot_loss: 2.0795 (2.0855)  time: 9.010880  data: 6.011701  max mem: 59418Training  [ 6440/20000]  eta: 1 day, 7:05:12  lr: 0.0000 (0.0000)  wd: 0.1243 (0.0692)  mom: 0.9939 (0.9926)  last_layer_lr: 0.0000 (0.0000)  current_batch_size: 2.0000 (2.0000)  total_loss: 10.3489 (10.3829)  dino_local_crops_loss: 7.3936 (7.4140)  dino_global_crops_loss: 0.9242 (0.9270)  koleo_loss: -0.0484 (-0.0435)  ibot_loss: 2.0795 (2.0855)  time: 8.794634  data: 5.807273  max mem: 59418Training  [ 6450/20000]  eta: 1 day, 7:05:24  lr: 0.0000 (0.0000)  wd: 0.1245 (0.0693)  mom: 0.9939 (0.9927)  last_layer_lr: 0.0000 (0.0000)  current_batch_size: 2.0000 (2.0000)  total_loss: 10.3497 (10.3829)  dino_local_crops_loss: 7.3936 (7.4140)  dino_global_crops_loss: 0.9242 (0.9270)  koleo_loss: -0.0476 (-0.0435)  ibot_loss: 2.0795 (2.0855)  time: 10.944700  data: 7.955118  max mem: 59418Training  [ 6460/20000]  eta: 1 day, 7:03:46  lr: 0.0000 (0.0000)  wd: 0.1247 (0.0693)  mom: 0.9939 (0.9927)  last_layer_lr: 0.0000 (0.0000)  current_batch_size: 2.0000 (2.0000)  total_loss: 10.3503 (10.3828)  dino_local_crops_loss: 7.3936 (7.4140)  dino_global_crops_loss: 0.9242 (0.9270)  koleo_loss: -0.0469 (-0.0435)  ibot_loss: 2.0795 (2.0854)  time: 10.119074  data: 7.129004  max mem: 59418Training  [ 6470/20000]  eta: 1 day, 7:02:02  lr: 0.0000 (0.0000)  wd: 0.1250 (0.0694)  mom: 0.9939 (0.9927)  last_layer_lr: 0.0000 (0.0000)  current_batch_size: 2.0000 (2.0000)  total_loss: 10.3512 (10.3828)  dino_local_crops_loss: 7.3936 (7.4139)  dino_global_crops_loss: 0.9242 (0.9270)  koleo_loss: -0.0461 (-0.0435)  ibot_loss: 2.0795 (2.0854)  time: 7.396043  data: 4.408885  max mem: 59418Training  [ 6480/20000]  eta: 1 day, 7:01:52  lr: 0.0000 (0.0000)  wd: 0.1252 (0.0695)  mom: 0.9939 (0.9927)  last_layer_lr: 0.0000 (0.0000)  current_batch_size: 2.0000 (2.0000)  total_loss: 10.3501 (10.3827)  dino_local_crops_loss: 7.3936 (7.4139)  dino_global_crops_loss: 0.9242 (0.9270)  koleo_loss: -0.0472 (-0.0435)  ibot_loss: 2.0795 (2.0854)  time: 9.494188  data: 6.507075  max mem: 59418Training  [ 6490/20000]  eta: 1 day, 7:00:13  lr: 0.0000 (0.0000)  wd: 0.1255 (0.0696)  mom: 0.9939 (0.9927)  last_layer_lr: 0.0000 (0.0000)  current_batch_size: 2.0000 (2.0000)  total_loss: 10.3500 (10.3827)  dino_local_crops_loss: 7.3936 (7.4139)  dino_global_crops_loss: 0.9242 (0.9270)  koleo_loss: -0.0473 (-0.0436)  ibot_loss: 2.0795 (2.0854)  time: 9.593074  data: 6.597822  max mem: 59418Training  [ 6500/20000]  eta: 1 day, 7:00:22  lr: 0.0000 (0.0000)  wd: 0.1257 (0.0697)  mom: 0.9939 (0.9927)  last_layer_lr: 0.0000 (0.0000)  current_batch_size: 2.0000 (2.0000)  total_loss: 10.3500 (10.3826)  dino_local_crops_loss: 7.3936 (7.4138)  dino_global_crops_loss: 0.9242 (0.9269)  koleo_loss: -0.0473 (-0.0436)  ibot_loss: 2.0795 (2.0854)  time: 10.081887  data: 7.086794  max mem: 59418Training  [ 6510/20000]  eta: 1 day, 6:59:07  lr: 0.0000 (0.0000)  wd: 0.1260 (0.0698)  mom: 0.9939 (0.9927)  last_layer_lr: 0.0000 (0.0000)  current_batch_size: 2.0000 (2.0000)  total_loss: 10.3500 (10.3826)  dino_local_crops_loss: 7.3936 (7.4138)  dino_global_crops_loss: 0.9242 (0.9269)  koleo_loss: -0.0473 (-0.0436)  ibot_loss: 2.0795 (2.0854)  time: 10.645963  data: 7.658983  max mem: 59418Training  [ 6520/20000]  eta: 1 day, 6:58:34  lr: 0.0000 (0.0000)  wd: 0.1262 (0.0699)  mom: 0.9939 (0.9927)  last_layer_lr: 0.0000 (0.0000)  current_batch_size: 2.0000 (2.0000)  total_loss: 10.3502 (10.3825)  dino_local_crops_loss: 7.3936 (7.4138)  dino_global_crops_loss: 0.9242 (0.9269)  koleo_loss: -0.0471 (-0.0436)  ibot_loss: 2.0795 (2.0854)  time: 9.642842  data: 6.655538  max mem: 59418Training  [ 6530/20000]  eta: 1 day, 6:57:25  lr: 0.0000 (0.0000)  wd: 0.1264 (0.0699)  mom: 0.9939 (0.9927)  last_layer_lr: 0.0000 (0.0000)  current_batch_size: 2.0000 (2.0000)  total_loss: 10.3498 (10.3825)  dino_local_crops_loss: 7.3936 (7.4137)  dino_global_crops_loss: 0.9242 (0.9269)  koleo_loss: -0.0475 (-0.0436)  ibot_loss: 2.0795 (2.0854)  time: 9.814630  data: 6.826849  max mem: 59418Training  [ 6540/20000]  eta: 1 day, 6:56:47  lr: 0.0000 (0.0000)  wd: 0.1267 (0.0700)  mom: 0.9939 (0.9927)  last_layer_lr: 0.0000 (0.0000)  current_batch_size: 2.0000 (2.0000)  total_loss: 10.3506 (10.3824)  dino_local_crops_loss: 7.3936 (7.4137)  dino_global_crops_loss: 0.9242 (0.9269)  koleo_loss: -0.0467 (-0.0436)  ibot_loss: 2.0795 (2.0854)  time: 9.702192  data: 6.714662  max mem: 59418Training  [ 6550/20000]  eta: 1 day, 6:55:36  lr: 0.0000 (0.0000)  wd: 0.1269 (0.0701)  mom: 0.9939 (0.9927)  last_layer_lr: 0.0000 (0.0000)  current_batch_size: 2.0000 (2.0000)  total_loss: 10.3512 (10.3824)  dino_local_crops_loss: 7.3936 (7.4137)  dino_global_crops_loss: 0.9242 (0.9269)  koleo_loss: -0.0461 (-0.0436)  ibot_loss: 2.0795 (2.0854)  time: 9.651222  data: 6.663572  max mem: 59418Training  [ 6560/20000]  eta: 1 day, 6:56:11  lr: 0.0000 (0.0000)  wd: 0.1272 (0.0702)  mom: 0.9939 (0.9927)  last_layer_lr: 0.0000 (0.0000)  current_batch_size: 2.0000 (2.0000)  total_loss: 10.3511 (10.3823)  dino_local_crops_loss: 7.3936 (7.4136)  dino_global_crops_loss: 0.9242 (0.9269)  koleo_loss: -0.0462 (-0.0436)  ibot_loss: 2.0795 (2.0854)  time: 11.430136  data: 8.442880  max mem: 59418Training  [ 6570/20000]  eta: 1 day, 6:54:08  lr: 0.0000 (0.0000)  wd: 0.1274 (0.0703)  mom: 0.9939 (0.9927)  last_layer_lr: 0.0000 (0.0000)  current_batch_size: 2.0000 (2.0000)  total_loss: 10.3502 (10.3823)  dino_local_crops_loss: 7.3936 (7.4136)  dino_global_crops_loss: 0.9242 (0.9269)  koleo_loss: -0.0471 (-0.0436)  ibot_loss: 2.0795 (2.0853)  time: 10.179752  data: 7.193263  max mem: 59418Training  [ 6580/20000]  eta: 1 day, 6:53:57  lr: 0.0000 (0.0000)  wd: 0.1276 (0.0704)  mom: 0.9939 (0.9927)  last_layer_lr: 0.0000 (0.0000)  current_batch_size: 2.0000 (2.0000)  total_loss: 10.3486 (10.3822)  dino_local_crops_loss: 7.3936 (7.4136)  dino_global_crops_loss: 0.9242 (0.9269)  koleo_loss: -0.0487 (-0.0436)  ibot_loss: 2.0795 (2.0853)  time: 9.058496  data: 6.072008  max mem: 59418Training  [ 6590/20000]  eta: 1 day, 6:52:07  lr: 0.0000 (0.0000)  wd: 0.1279 (0.0705)  mom: 0.9940 (0.9927)  last_layer_lr: 0.0000 (0.0000)  current_batch_size: 2.0000 (2.0000)  total_loss: 10.3489 (10.3822)  dino_local_crops_loss: 7.3936 (7.4136)  dino_global_crops_loss: 0.9242 (0.9269)  koleo_loss: -0.0484 (-0.0436)  ibot_loss: 2.0795 (2.0853)  time: 9.383807  data: 6.374454  max mem: 59418Training  [ 6600/20000]  eta: 1 day, 6:51:57  lr: 0.0000 (0.0000)  wd: 0.1281 (0.0706)  mom: 0.9940 (0.9927)  last_layer_lr: 0.0000 (0.0000)  current_batch_size: 2.0000 (2.0000)  total_loss: 10.3489 (10.3821)  dino_local_crops_loss: 7.3936 (7.4135)  dino_global_crops_loss: 0.9242 (0.9269)  koleo_loss: -0.0484 (-0.0436)  ibot_loss: 2.0795 (2.0853)  time: 9.426737  data: 6.417698  max mem: 59418Training  [ 6610/20000]  eta: 1 day, 6:51:11  lr: 0.0000 (0.0000)  wd: 0.1284 (0.0706)  mom: 0.9940 (0.9927)  last_layer_lr: 0.0000 (0.0000)  current_batch_size: 2.0000 (2.0000)  total_loss: 10.3489 (10.3821)  dino_local_crops_loss: 7.3936 (7.4135)  dino_global_crops_loss: 0.9242 (0.9269)  koleo_loss: -0.0484 (-0.0436)  ibot_loss: 2.0795 (2.0853)  time: 10.983147  data: 7.996230  max mem: 59418Training  [ 6620/20000]  eta: 1 day, 6:50:29  lr: 0.0000 (0.0000)  wd: 0.1286 (0.0707)  mom: 0.9940 (0.9927)  last_layer_lr: 0.0000 (0.0000)  current_batch_size: 2.0000 (2.0000)  total_loss: 10.3505 (10.3821)  dino_local_crops_loss: 7.3936 (7.4135)  dino_global_crops_loss: 0.9242 (0.9269)  koleo_loss: -0.0467 (-0.0436)  ibot_loss: 2.0795 (2.0853)  time: 10.211944  data: 7.224538  max mem: 59418Training  [ 6630/20000]  eta: 1 day, 6:49:34  lr: 0.0000 (0.0000)  wd: 0.1289 (0.0708)  mom: 0.9940 (0.9927)  last_layer_lr: 0.0000 (0.0000)  current_batch_size: 2.0000 (2.0000)  total_loss: 10.3505 (10.3820)  dino_local_crops_loss: 7.3936 (7.4134)  dino_global_crops_loss: 0.9242 (0.9269)  koleo_loss: -0.0467 (-0.0436)  ibot_loss: 2.0795 (2.0853)  time: 10.018120  data: 7.029320  max mem: 59418Training  [ 6640/20000]  eta: 1 day, 6:49:38  lr: 0.0000 (0.0000)  wd: 0.1291 (0.0709)  mom: 0.9940 (0.9927)  last_layer_lr: 0.0000 (0.0000)  current_batch_size: 2.0000 (2.0000)  total_loss: 10.3505 (10.3820)  dino_local_crops_loss: 7.3936 (7.4134)  dino_global_crops_loss: 0.9242 (0.9269)  koleo_loss: -0.0468 (-0.0436)  ibot_loss: 2.0795 (2.0853)  time: 11.159812  data: 8.166185  max mem: 59418Training  [ 6650/20000]  eta: 1 day, 6:48:02  lr: 0.0000 (0.0000)  wd: 0.1293 (0.0710)  mom: 0.9940 (0.9927)  last_layer_lr: 0.0000 (0.0000)  current_batch_size: 2.0000 (2.0000)  total_loss: 10.3505 (10.3819)  dino_local_crops_loss: 7.3936 (7.4134)  dino_global_crops_loss: 0.9242 (0.9269)  koleo_loss: -0.0468 (-0.0436)  ibot_loss: 2.0795 (2.0853)  time: 10.142313  data: 7.144778  max mem: 59418Training  [ 6660/20000]  eta: 1 day, 6:46:49  lr: 0.0000 (0.0000)  wd: 0.1296 (0.0711)  mom: 0.9940 (0.9927)  last_layer_lr: 0.0000 (0.0000)  current_batch_size: 2.0000 (2.0000)  total_loss: 10.3489 (10.3819)  dino_local_crops_loss: 7.3936 (7.4133)  dino_global_crops_loss: 0.9242 (0.9269)  koleo_loss: -0.0484 (-0.0436)  ibot_loss: 2.0795 (2.0853)  time: 8.240932  data: 5.247962  max mem: 59418Training  [ 6670/20000]  eta: 1 day, 6:45:17  lr: 0.0000 (0.0000)  wd: 0.1298 (0.0712)  mom: 0.9940 (0.9927)  last_layer_lr: 0.0000 (0.0000)  current_batch_size: 2.0000 (2.0000)  total_loss: 10.3479 (10.3818)  dino_local_crops_loss: 7.3936 (7.4133)  dino_global_crops_loss: 0.9242 (0.9269)  koleo_loss: -0.0494 (-0.0436)  ibot_loss: 2.0795 (2.0853)  time: 8.339127  data: 5.351445  max mem: 59418Training  [ 6680/20000]  eta: 1 day, 6:43:49  lr: 0.0000 (0.0000)  wd: 0.1301 (0.0713)  mom: 0.9940 (0.9927)  last_layer_lr: 0.0000 (0.0000)  current_batch_size: 2.0000 (2.0000)  total_loss: 10.3480 (10.3818)  dino_local_crops_loss: 7.3936 (7.4133)  dino_global_crops_loss: 0.9242 (0.9269)  koleo_loss: -0.0492 (-0.0436)  ibot_loss: 2.0795 (2.0853)  time: 7.956164  data: 4.968946  max mem: 59418Training  [ 6690/20000]  eta: 1 day, 6:42:49  lr: 0.0000 (0.0000)  wd: 0.1303 (0.0713)  mom: 0.9940 (0.9927)  last_layer_lr: 0.0000 (0.0000)  current_batch_size: 2.0000 (2.0000)  total_loss: 10.3498 (10.3817)  dino_local_crops_loss: 7.3936 (7.4133)  dino_global_crops_loss: 0.9242 (0.9269)  koleo_loss: -0.0475 (-0.0436)  ibot_loss: 2.0795 (2.0852)  time: 8.759802  data: 5.773087  max mem: 59418Training  [ 6700/20000]  eta: 1 day, 6:42:49  lr: 0.0000 (0.0000)  wd: 0.1306 (0.0714)  mom: 0.9940 (0.9927)  last_layer_lr: 0.0000 (0.0000)  current_batch_size: 2.0000 (2.0000)  total_loss: 10.3508 (10.3817)  dino_local_crops_loss: 7.3936 (7.4132)  dino_global_crops_loss: 0.9242 (0.9269)  koleo_loss: -0.0464 (-0.0436)  ibot_loss: 2.0795 (2.0852)  time: 10.990575  data: 8.004161  max mem: 59418Training  [ 6710/20000]  eta: 1 day, 6:41:45  lr: 0.0000 (0.0000)  wd: 0.1308 (0.0715)  mom: 0.9940 (0.9927)  last_layer_lr: 0.0000 (0.0000)  current_batch_size: 2.0000 (2.0000)  total_loss: 10.3508 (10.3816)  dino_local_crops_loss: 7.3936 (7.4132)  dino_global_crops_loss: 0.9242 (0.9269)  koleo_loss: -0.0464 (-0.0436)  ibot_loss: 2.0795 (2.0852)  time: 10.873193  data: 7.866241  max mem: 59418Training  [ 6720/20000]  eta: 1 day, 6:39:56  lr: 0.0000 (0.0000)  wd: 0.1311 (0.0716)  mom: 0.9940 (0.9927)  last_layer_lr: 0.0000 (0.0000)  current_batch_size: 2.0000 (2.0000)  total_loss: 10.3519 (10.3816)  dino_local_crops_loss: 7.3936 (7.4132)  dino_global_crops_loss: 0.9242 (0.9269)  koleo_loss: -0.0454 (-0.0436)  ibot_loss: 2.0795 (2.0852)  time: 8.127251  data: 5.118366  max mem: 59418Training  [ 6730/20000]  eta: 1 day, 6:40:07  lr: 0.0000 (0.0000)  wd: 0.1313 (0.0717)  mom: 0.9940 (0.9927)  last_layer_lr: 0.0000 (0.0000)  current_batch_size: 2.0000 (2.0000)  total_loss: 10.3490 (10.3815)  dino_local_crops_loss: 7.3936 (7.4131)  dino_global_crops_loss: 0.9242 (0.9269)  koleo_loss: -0.0483 (-0.0437)  ibot_loss: 2.0795 (2.0852)  time: 10.060887  data: 7.069705  max mem: 59418Training  [ 6740/20000]  eta: 1 day, 6:39:29  lr: 0.0000 (0.0000)  wd: 0.1316 (0.0718)  mom: 0.9940 (0.9927)  last_layer_lr: 0.0000 (0.0000)  current_batch_size: 2.0000 (2.0000)  total_loss: 10.3490 (10.3815)  dino_local_crops_loss: 7.3936 (7.4131)  dino_global_crops_loss: 0.9242 (0.9268)  koleo_loss: -0.0483 (-0.0437)  ibot_loss: 2.0795 (2.0852)  time: 11.845634  data: 8.844292  max mem: 59418Training  [ 6750/20000]  eta: 1 day, 6:38:43  lr: 0.0000 (0.0000)  wd: 0.1318 (0.0719)  mom: 0.9940 (0.9927)  last_layer_lr: 0.0000 (0.0000)  current_batch_size: 2.0000 (2.0000)  total_loss: 10.3503 (10.3815)  dino_local_crops_loss: 7.3936 (7.4131)  dino_global_crops_loss: 0.9242 (0.9268)  koleo_loss: -0.0470 (-0.0437)  ibot_loss: 2.0795 (2.0852)  time: 10.395825  data: 7.397344  max mem: 59418Training  [ 6760/20000]  eta: 1 day, 6:37:42  lr: 0.0000 (0.0000)  wd: 0.1320 (0.0720)  mom: 0.9940 (0.9927)  last_layer_lr: 0.0000 (0.0000)  current_batch_size: 2.0000 (2.0000)  total_loss: 10.3523 (10.3814)  dino_local_crops_loss: 7.3936 (7.4131)  dino_global_crops_loss: 0.9242 (0.9268)  koleo_loss: -0.0449 (-0.0437)  ibot_loss: 2.0795 (2.0852)  time: 9.853357  data: 6.849766  max mem: 59418Training  [ 6770/20000]  eta: 1 day, 6:37:23  lr: 0.0000 (0.0000)  wd: 0.1323 (0.0721)  mom: 0.9941 (0.9927)  last_layer_lr: 0.0000 (0.0000)  current_batch_size: 2.0000 (2.0000)  total_loss: 10.3499 (10.3814)  dino_local_crops_loss: 7.3936 (7.4130)  dino_global_crops_loss: 0.9242 (0.9268)  koleo_loss: -0.0474 (-0.0437)  ibot_loss: 2.0795 (2.0852)  time: 10.563391  data: 7.557315  max mem: 59418Training  [ 6780/20000]  eta: 1 day, 6:36:32  lr: 0.0000 (0.0000)  wd: 0.1325 (0.0722)  mom: 0.9941 (0.9927)  last_layer_lr: 0.0000 (0.0000)  current_batch_size: 2.0000 (2.0000)  total_loss: 10.3493 (10.3813)  dino_local_crops_loss: 7.3936 (7.4130)  dino_global_crops_loss: 0.9242 (0.9268)  koleo_loss: -0.0480 (-0.0437)  ibot_loss: 2.0795 (2.0852)  time: 10.798101  data: 7.809170  max mem: 59418Training  [ 6790/20000]  eta: 1 day, 6:34:52  lr: 0.0000 (0.0000)  wd: 0.1328 (0.0722)  mom: 0.9941 (0.9927)  last_layer_lr: 0.0000 (0.0000)  current_batch_size: 2.0000 (2.0000)  total_loss: 10.3490 (10.3813)  dino_local_crops_loss: 7.3936 (7.4130)  dino_global_crops_loss: 0.9242 (0.9268)  koleo_loss: -0.0482 (-0.0437)  ibot_loss: 2.0795 (2.0852)  time: 8.736972  data: 5.750507  max mem: 59418Training  [ 6800/20000]  eta: 1 day, 6:34:26  lr: 0.0000 (0.0000)  wd: 0.1330 (0.0723)  mom: 0.9941 (0.9927)  last_layer_lr: 0.0000 (0.0000)  current_batch_size: 2.0000 (2.0000)  total_loss: 10.3501 (10.3812)  dino_local_crops_loss: 7.3936 (7.4129)  dino_global_crops_loss: 0.9242 (0.9268)  koleo_loss: -0.0471 (-0.0437)  ibot_loss: 2.0795 (2.0851)  time: 9.403097  data: 6.415747  max mem: 59418Training  [ 6810/20000]  eta: 1 day, 6:34:53  lr: 0.0000 (0.0000)  wd: 0.1333 (0.0724)  mom: 0.9941 (0.9927)  last_layer_lr: 0.0000 (0.0000)  current_batch_size: 2.0000 (2.0000)  total_loss: 10.3497 (10.3812)  dino_local_crops_loss: 7.3936 (7.4129)  dino_global_crops_loss: 0.9242 (0.9268)  koleo_loss: -0.0475 (-0.0437)  ibot_loss: 2.0795 (2.0851)  time: 12.642800  data: 9.637465  max mem: 59418Training  [ 6820/20000]  eta: 1 day, 6:33:37  lr: 0.0000 (0.0000)  wd: 0.1335 (0.0725)  mom: 0.9941 (0.9927)  last_layer_lr: 0.0000 (0.0000)  current_batch_size: 2.0000 (2.0000)  total_loss: 10.3493 (10.3811)  dino_local_crops_loss: 7.3936 (7.4129)  dino_global_crops_loss: 0.9242 (0.9268)  koleo_loss: -0.0480 (-0.0437)  ibot_loss: 2.0795 (2.0851)  time: 11.378950  data: 8.335695  max mem: 59418Training  [ 6830/20000]  eta: 1 day, 6:33:05  lr: 0.0000 (0.0000)  wd: 0.1338 (0.0726)  mom: 0.9941 (0.9927)  last_layer_lr: 0.0000 (0.0000)  current_batch_size: 2.0000 (2.0000)  total_loss: 10.3507 (10.3811)  dino_local_crops_loss: 7.3936 (7.4129)  dino_global_crops_loss: 0.9242 (0.9268)  koleo_loss: -0.0465 (-0.0437)  ibot_loss: 2.0795 (2.0851)  time: 9.889746  data: 6.864496  max mem: 59418Training  [ 6840/20000]  eta: 1 day, 6:31:37  lr: 0.0000 (0.0000)  wd: 0.1340 (0.0727)  mom: 0.9941 (0.9927)  last_layer_lr: 0.0000 (0.0000)  current_batch_size: 2.0000 (2.0000)  total_loss: 10.3499 (10.3811)  dino_local_crops_loss: 7.3936 (7.4128)  dino_global_crops_loss: 0.9242 (0.9268)  koleo_loss: -0.0474 (-0.0437)  ibot_loss: 2.0795 (2.0851)  time: 9.566314  data: 6.566422  max mem: 59418Training  [ 6850/20000]  eta: 1 day, 6:31:44  lr: 0.0000 (0.0000)  wd: 0.1343 (0.0728)  mom: 0.9941 (0.9927)  last_layer_lr: 0.0000 (0.0000)  current_batch_size: 2.0000 (2.0000)  total_loss: 10.3499 (10.3810)  dino_local_crops_loss: 7.3936 (7.4128)  dino_global_crops_loss: 0.9242 (0.9268)  koleo_loss: -0.0474 (-0.0437)  ibot_loss: 2.0795 (2.0851)  time: 10.594870  data: 7.594409  max mem: 59418Training  [ 6860/20000]  eta: 1 day, 6:30:38  lr: 0.0000 (0.0000)  wd: 0.1345 (0.0729)  mom: 0.9941 (0.9927)  last_layer_lr: 0.0000 (0.0000)  current_batch_size: 2.0000 (2.0000)  total_loss: 10.3497 (10.3810)  dino_local_crops_loss: 7.3936 (7.4128)  dino_global_crops_loss: 0.9242 (0.9268)  koleo_loss: -0.0475 (-0.0437)  ibot_loss: 2.0795 (2.0851)  time: 11.158224  data: 8.171350  max mem: 59418Training  [ 6870/20000]  eta: 1 day, 6:29:44  lr: 0.0000 (0.0000)  wd: 0.1348 (0.0730)  mom: 0.9941 (0.9927)  last_layer_lr: 0.0000 (0.0000)  current_batch_size: 2.0000 (2.0000)  total_loss: 10.3485 (10.3809)  dino_local_crops_loss: 7.3936 (7.4127)  dino_global_crops_loss: 0.9242 (0.9268)  koleo_loss: -0.0488 (-0.0437)  ibot_loss: 2.0795 (2.0851)  time: 9.589653  data: 6.602576  max mem: 59418Training  [ 6880/20000]  eta: 1 day, 6:28:39  lr: 0.0000 (0.0000)  wd: 0.1350 (0.0730)  mom: 0.9941 (0.9927)  last_layer_lr: 0.0000 (0.0000)  current_batch_size: 2.0000 (2.0000)  total_loss: 10.3494 (10.3809)  dino_local_crops_loss: 7.3936 (7.4127)  dino_global_crops_loss: 0.9242 (0.9268)  koleo_loss: -0.0478 (-0.0437)  ibot_loss: 2.0795 (2.0851)  time: 9.630933  data: 6.642416  max mem: 59418Training  [ 6890/20000]  eta: 1 day, 6:27:56  lr: 0.0000 (0.0000)  wd: 0.1353 (0.0731)  mom: 0.9941 (0.9927)  last_layer_lr: 0.0000 (0.0000)  current_batch_size: 2.0000 (2.0000)  total_loss: 10.3501 (10.3808)  dino_local_crops_loss: 7.3936 (7.4127)  dino_global_crops_loss: 0.9242 (0.9268)  koleo_loss: -0.0472 (-0.0437)  ibot_loss: 2.0795 (2.0851)  time: 9.900751  data: 6.911466  max mem: 59418Training  [ 6900/20000]  eta: 1 day, 6:26:33  lr: 0.0000 (0.0000)  wd: 0.1355 (0.0732)  mom: 0.9941 (0.9927)  last_layer_lr: 0.0000 (0.0000)  current_batch_size: 2.0000 (2.0000)  total_loss: 10.3504 (10.3808)  dino_local_crops_loss: 7.3936 (7.4127)  dino_global_crops_loss: 0.9242 (0.9268)  koleo_loss: -0.0468 (-0.0437)  ibot_loss: 2.0795 (2.0851)  time: 9.442410  data: 6.452966  max mem: 59418Training  [ 6910/20000]  eta: 1 day, 6:25:28  lr: 0.0000 (0.0000)  wd: 0.1358 (0.0733)  mom: 0.9941 (0.9927)  last_layer_lr: 0.0000 (0.0000)  current_batch_size: 2.0000 (2.0000)  total_loss: 10.3496 (10.3807)  dino_local_crops_loss: 7.3936 (7.4126)  dino_global_crops_loss: 0.9242 (0.9268)  koleo_loss: -0.0476 (-0.0437)  ibot_loss: 2.0795 (2.0851)  time: 8.893564  data: 5.903948  max mem: 59418Training  [ 6920/20000]  eta: 1 day, 6:26:03  lr: 0.0000 (0.0000)  wd: 0.1360 (0.0734)  mom: 0.9941 (0.9927)  last_layer_lr: 0.0000 (0.0000)  current_batch_size: 2.0000 (2.0000)  total_loss: 10.3498 (10.3807)  dino_local_crops_loss: 7.3936 (7.4126)  dino_global_crops_loss: 0.9242 (0.9268)  koleo_loss: -0.0475 (-0.0437)  ibot_loss: 2.0795 (2.0851)  time: 12.007090  data: 8.999402  max mem: 59418Training  [ 6930/20000]  eta: 1 day, 6:24:12  lr: 0.0000 (0.0000)  wd: 0.1363 (0.0735)  mom: 0.9941 (0.9927)  last_layer_lr: 0.0000 (0.0000)  current_batch_size: 2.0000 (2.0000)  total_loss: 10.3494 (10.3807)  dino_local_crops_loss: 7.3936 (7.4126)  dino_global_crops_loss: 0.9242 (0.9268)  koleo_loss: -0.0479 (-0.0437)  ibot_loss: 2.0795 (2.0850)  time: 10.791149  data: 7.783823  max mem: 59418Training  [ 6940/20000]  eta: 1 day, 6:22:54  lr: 0.0000 (0.0000)  wd: 0.1365 (0.0736)  mom: 0.9941 (0.9927)  last_layer_lr: 0.0000 (0.0000)  current_batch_size: 2.0000 (2.0000)  total_loss: 10.3500 (10.3806)  dino_local_crops_loss: 7.3936 (7.4125)  dino_global_crops_loss: 0.9242 (0.9268)  koleo_loss: -0.0472 (-0.0437)  ibot_loss: 2.0795 (2.0850)  time: 7.812987  data: 4.821982  max mem: 59418Training  [ 6950/20000]  eta: 1 day, 6:22:20  lr: 0.0000 (0.0000)  wd: 0.1368 (0.0737)  mom: 0.9942 (0.9927)  last_layer_lr: 0.0000 (0.0000)  current_batch_size: 2.0000 (2.0000)  total_loss: 10.3506 (10.3806)  dino_local_crops_loss: 7.3936 (7.4125)  dino_global_crops_loss: 0.9242 (0.9268)  koleo_loss: -0.0467 (-0.0437)  ibot_loss: 2.0795 (2.0850)  time: 9.834802  data: 6.843786  max mem: 59418Training  [ 6960/20000]  eta: 1 day, 6:21:09  lr: 0.0000 (0.0000)  wd: 0.1370 (0.0738)  mom: 0.9942 (0.9928)  last_layer_lr: 0.0000 (0.0000)  current_batch_size: 2.0000 (2.0000)  total_loss: 10.3504 (10.3805)  dino_local_crops_loss: 7.3936 (7.4125)  dino_global_crops_loss: 0.9242 (0.9268)  koleo_loss: -0.0469 (-0.0438)  ibot_loss: 2.0795 (2.0850)  time: 10.034797  data: 7.046932  max mem: 59418Training  [ 6970/20000]  eta: 1 day, 6:19:46  lr: 0.0000 (0.0000)  wd: 0.1373 (0.0739)  mom: 0.9942 (0.9928)  last_layer_lr: 0.0000 (0.0000)  current_batch_size: 2.0000 (2.0000)  total_loss: 10.3503 (10.3805)  dino_local_crops_loss: 7.3936 (7.4125)  dino_global_crops_loss: 0.9242 (0.9268)  koleo_loss: -0.0470 (-0.0438)  ibot_loss: 2.0795 (2.0850)  time: 8.754282  data: 5.767157  max mem: 59418Training  [ 6980/20000]  eta: 1 day, 6:18:08  lr: 0.0000 (0.0000)  wd: 0.1375 (0.0740)  mom: 0.9942 (0.9928)  last_layer_lr: 0.0000 (0.0000)  current_batch_size: 2.0000 (2.0000)  total_loss: 10.3513 (10.3804)  dino_local_crops_loss: 7.3936 (7.4124)  dino_global_crops_loss: 0.9242 (0.9268)  koleo_loss: -0.0461 (-0.0438)  ibot_loss: 2.0795 (2.0850)  time: 8.019217  data: 5.032029  max mem: 59418Training  [ 6990/20000]  eta: 1 day, 6:17:03  lr: 0.0000 (0.0000)  wd: 0.1378 (0.0741)  mom: 0.9942 (0.9928)  last_layer_lr: 0.0000 (0.0000)  current_batch_size: 2.0000 (2.0000)  total_loss: 10.3516 (10.3804)  dino_local_crops_loss: 7.3936 (7.4124)  dino_global_crops_loss: 0.9242 (0.9268)  koleo_loss: -0.0457 (-0.0438)  ibot_loss: 2.0795 (2.0850)  time: 8.507630  data: 5.504241  max mem: 59418Training  [ 7000/20000]  eta: 1 day, 6:17:25  lr: 0.0000 (0.0000)  wd: 0.1380 (0.0741)  mom: 0.9942 (0.9928)  last_layer_lr: 0.0000 (0.0000)  current_batch_size: 2.0000 (2.0000)  total_loss: 10.3516 (10.3804)  dino_local_crops_loss: 7.3936 (7.4124)  dino_global_crops_loss: 0.9242 (0.9268)  koleo_loss: -0.0457 (-0.0438)  ibot_loss: 2.0795 (2.0850)  time: 11.722011  data: 8.718188  max mem: 59418Training  [ 7010/20000]  eta: 1 day, 6:16:10  lr: 0.0000 (0.0000)  wd: 0.1383 (0.0742)  mom: 0.9942 (0.9928)  last_layer_lr: 0.0000 (0.0000)  current_batch_size: 2.0000 (2.0000)  total_loss: 10.3492 (10.3803)  dino_local_crops_loss: 7.3936 (7.4124)  dino_global_crops_loss: 0.9242 (0.9267)  koleo_loss: -0.0480 (-0.0438)  ibot_loss: 2.0795 (2.0850)  time: 11.454306  data: 8.466317  max mem: 59418Training  [ 7020/20000]  eta: 1 day, 6:16:13  lr: 0.0000 (0.0000)  wd: 0.1385 (0.0743)  mom: 0.9942 (0.9928)  last_layer_lr: 0.0000 (0.0000)  current_batch_size: 2.0000 (2.0000)  total_loss: 10.3511 (10.3803)  dino_local_crops_loss: 7.3936 (7.4123)  dino_global_crops_loss: 0.9242 (0.9267)  koleo_loss: -0.0461 (-0.0438)  ibot_loss: 2.0795 (2.0850)  time: 10.988625  data: 8.000726  max mem: 59418Training  [ 7030/20000]  eta: 1 day, 6:15:19  lr: 0.0000 (0.0000)  wd: 0.1388 (0.0744)  mom: 0.9942 (0.9928)  last_layer_lr: 0.0000 (0.0000)  current_batch_size: 2.0000 (2.0000)  total_loss: 10.3481 (10.3802)  dino_local_crops_loss: 7.3936 (7.4123)  dino_global_crops_loss: 0.9242 (0.9267)  koleo_loss: -0.0492 (-0.0438)  ibot_loss: 2.0795 (2.0850)  time: 11.574369  data: 8.584940  max mem: 59418Training  [ 7040/20000]  eta: 1 day, 6:13:46  lr: 0.0000 (0.0000)  wd: 0.1390 (0.0745)  mom: 0.9942 (0.9928)  last_layer_lr: 0.0000 (0.0000)  current_batch_size: 2.0000 (2.0000)  total_loss: 10.3483 (10.3802)  dino_local_crops_loss: 7.3936 (7.4123)  dino_global_crops_loss: 0.9242 (0.9267)  koleo_loss: -0.0490 (-0.0438)  ibot_loss: 2.0795 (2.0850)  time: 8.951224  data: 5.962471  max mem: 59418Training  [ 7050/20000]  eta: 1 day, 6:13:40  lr: 0.0000 (0.0000)  wd: 0.1393 (0.0746)  mom: 0.9942 (0.9928)  last_layer_lr: 0.0000 (0.0000)  current_batch_size: 2.0000 (2.0000)  total_loss: 10.3493 (10.3801)  dino_local_crops_loss: 7.3936 (7.4123)  dino_global_crops_loss: 0.9242 (0.9267)  koleo_loss: -0.0480 (-0.0438)  ibot_loss: 2.0795 (2.0849)  time: 10.255588  data: 7.269345  max mem: 59418Training  [ 7060/20000]  eta: 1 day, 6:12:10  lr: 0.0000 (0.0000)  wd: 0.1395 (0.0747)  mom: 0.9942 (0.9928)  last_layer_lr: 0.0000 (0.0000)  current_batch_size: 2.0000 (2.0000)  total_loss: 10.3499 (10.3801)  dino_local_crops_loss: 7.3936 (7.4122)  dino_global_crops_loss: 0.9242 (0.9267)  koleo_loss: -0.0474 (-0.0438)  ibot_loss: 2.0795 (2.0849)  time: 10.378073  data: 7.390264  max mem: 59418Training  [ 7070/20000]  eta: 1 day, 6:11:44  lr: 0.0000 (0.0000)  wd: 0.1398 (0.0748)  mom: 0.9942 (0.9928)  last_layer_lr: 0.0000 (0.0000)  current_batch_size: 2.0000 (2.0000)  total_loss: 10.3503 (10.3801)  dino_local_crops_loss: 7.3936 (7.4122)  dino_global_crops_loss: 0.9242 (0.9267)  koleo_loss: -0.0469 (-0.0438)  ibot_loss: 2.0795 (2.0849)  time: 9.821683  data: 6.831421  max mem: 59418Training  [ 7080/20000]  eta: 1 day, 6:09:43  lr: 0.0000 (0.0000)  wd: 0.1401 (0.0749)  mom: 0.9942 (0.9928)  last_layer_lr: 0.0000 (0.0000)  current_batch_size: 2.0000 (2.0000)  total_loss: 10.3508 (10.3800)  dino_local_crops_loss: 7.3936 (7.4122)  dino_global_crops_loss: 0.9242 (0.9267)  koleo_loss: -0.0464 (-0.0438)  ibot_loss: 2.0795 (2.0849)  time: 8.972070  data: 5.983214  max mem: 59418Training  [ 7090/20000]  eta: 1 day, 6:09:27  lr: 0.0000 (0.0000)  wd: 0.1403 (0.0750)  mom: 0.9942 (0.9928)  last_layer_lr: 0.0000 (0.0000)  current_batch_size: 2.0000 (2.0000)  total_loss: 10.3505 (10.3800)  dino_local_crops_loss: 7.3936 (7.4121)  dino_global_crops_loss: 0.9242 (0.9267)  koleo_loss: -0.0468 (-0.0438)  ibot_loss: 2.0795 (2.0849)  time: 9.272189  data: 6.285241  max mem: 59418Training  [ 7100/20000]  eta: 1 day, 6:08:37  lr: 0.0000 (0.0000)  wd: 0.1406 (0.0751)  mom: 0.9942 (0.9928)  last_layer_lr: 0.0000 (0.0000)  current_batch_size: 2.0000 (2.0000)  total_loss: 10.3502 (10.3799)  dino_local_crops_loss: 7.3936 (7.4121)  dino_global_crops_loss: 0.9242 (0.9267)  koleo_loss: -0.0471 (-0.0438)  ibot_loss: 2.0795 (2.0849)  time: 11.208080  data: 8.220149  max mem: 59418Training  [ 7110/20000]  eta: 1 day, 6:07:34  lr: 0.0000 (0.0000)  wd: 0.1408 (0.0752)  mom: 0.9942 (0.9928)  last_layer_lr: 0.0000 (0.0000)  current_batch_size: 2.0000 (2.0000)  total_loss: 10.3502 (10.3799)  dino_local_crops_loss: 7.3936 (7.4121)  dino_global_crops_loss: 0.9242 (0.9267)  koleo_loss: -0.0470 (-0.0438)  ibot_loss: 2.0795 (2.0849)  time: 9.928776  data: 6.940890  max mem: 59418Training  [ 7120/20000]  eta: 1 day, 6:06:39  lr: 0.0000 (0.0000)  wd: 0.1411 (0.0752)  mom: 0.9942 (0.9928)  last_layer_lr: 0.0000 (0.0000)  current_batch_size: 2.0000 (2.0000)  total_loss: 10.3500 (10.3799)  dino_local_crops_loss: 7.3936 (7.4121)  dino_global_crops_loss: 0.9242 (0.9267)  koleo_loss: -0.0472 (-0.0438)  ibot_loss: 2.0795 (2.0849)  time: 9.802928  data: 6.815968  max mem: 59418Training  [ 7130/20000]  eta: 1 day, 6:06:10  lr: 0.0000 (0.0000)  wd: 0.1413 (0.0753)  mom: 0.9943 (0.9928)  last_layer_lr: 0.0000 (0.0000)  current_batch_size: 2.0000 (2.0000)  total_loss: 10.3490 (10.3798)  dino_local_crops_loss: 7.3936 (7.4120)  dino_global_crops_loss: 0.9242 (0.9267)  koleo_loss: -0.0482 (-0.0438)  ibot_loss: 2.0795 (2.0849)  time: 10.757512  data: 7.770976  max mem: 59418Training  [ 7140/20000]  eta: 1 day, 6:04:44  lr: 0.0000 (0.0000)  wd: 0.1416 (0.0754)  mom: 0.9943 (0.9928)  last_layer_lr: 0.0000 (0.0000)  current_batch_size: 2.0000 (2.0000)  total_loss: 10.3490 (10.3798)  dino_local_crops_loss: 7.3936 (7.4120)  dino_global_crops_loss: 0.9242 (0.9267)  koleo_loss: -0.0482 (-0.0438)  ibot_loss: 2.0795 (2.0849)  time: 9.892700  data: 6.904890  max mem: 59418Training  [ 7150/20000]  eta: 1 day, 6:03:56  lr: 0.0000 (0.0000)  wd: 0.1418 (0.0755)  mom: 0.9943 (0.9928)  last_layer_lr: 0.0000 (0.0000)  current_batch_size: 2.0000 (2.0000)  total_loss: 10.3496 (10.3797)  dino_local_crops_loss: 7.3936 (7.4120)  dino_global_crops_loss: 0.9242 (0.9267)  koleo_loss: -0.0477 (-0.0438)  ibot_loss: 2.0795 (2.0849)  time: 9.370799  data: 6.382999  max mem: 59418Training  [ 7160/20000]  eta: 1 day, 6:02:33  lr: 0.0000 (0.0000)  wd: 0.1421 (0.0756)  mom: 0.9943 (0.9928)  last_layer_lr: 0.0000 (0.0000)  current_batch_size: 2.0000 (2.0000)  total_loss: 10.3493 (10.3797)  dino_local_crops_loss: 7.3936 (7.4120)  dino_global_crops_loss: 0.9242 (0.9267)  koleo_loss: -0.0479 (-0.0438)  ibot_loss: 2.0795 (2.0849)  time: 9.463291  data: 6.474536  max mem: 59418Training  [ 7170/20000]  eta: 1 day, 6:01:38  lr: 0.0000 (0.0000)  wd: 0.1423 (0.0757)  mom: 0.9943 (0.9928)  last_layer_lr: 0.0000 (0.0000)  current_batch_size: 2.0000 (2.0000)  total_loss: 10.3491 (10.3796)  dino_local_crops_loss: 7.3936 (7.4119)  dino_global_crops_loss: 0.9242 (0.9267)  koleo_loss: -0.0482 (-0.0438)  ibot_loss: 2.0795 (2.0849)  time: 9.268834  data: 6.280294  max mem: 59418Training  [ 7180/20000]  eta: 1 day, 6:01:09  lr: 0.0000 (0.0000)  wd: 0.1426 (0.0758)  mom: 0.9943 (0.9928)  last_layer_lr: 0.0000 (0.0000)  current_batch_size: 2.0000 (2.0000)  total_loss: 10.3503 (10.3796)  dino_local_crops_loss: 7.3936 (7.4119)  dino_global_crops_loss: 0.9242 (0.9267)  koleo_loss: -0.0469 (-0.0438)  ibot_loss: 2.0795 (2.0848)  time: 10.807450  data: 7.820859  max mem: 59418Training  [ 7190/20000]  eta: 1 day, 6:00:08  lr: 0.0000 (0.0000)  wd: 0.1428 (0.0759)  mom: 0.9943 (0.9928)  last_layer_lr: 0.0000 (0.0000)  current_batch_size: 2.0000 (2.0000)  total_loss: 10.3511 (10.3796)  dino_local_crops_loss: 7.3936 (7.4119)  dino_global_crops_loss: 0.9242 (0.9267)  koleo_loss: -0.0462 (-0.0438)  ibot_loss: 2.0795 (2.0848)  time: 10.642771  data: 7.627725  max mem: 59418Training  [ 7200/20000]  eta: 1 day, 5:58:26  lr: 0.0000 (0.0000)  wd: 0.1431 (0.0760)  mom: 0.9943 (0.9928)  last_layer_lr: 0.0000 (0.0000)  current_batch_size: 2.0000 (2.0000)  total_loss: 10.3495 (10.3795)  dino_local_crops_loss: 7.3936 (7.4119)  dino_global_crops_loss: 0.9242 (0.9267)  koleo_loss: -0.0477 (-0.0439)  ibot_loss: 2.0795 (2.0848)  time: 8.567503  data: 5.551742  max mem: 59418Training  [ 7210/20000]  eta: 1 day, 5:58:00  lr: 0.0000 (0.0000)  wd: 0.1434 (0.0761)  mom: 0.9943 (0.9928)  last_layer_lr: 0.0000 (0.0000)  current_batch_size: 2.0000 (2.0000)  total_loss: 10.3495 (10.3795)  dino_local_crops_loss: 7.3936 (7.4118)  dino_global_crops_loss: 0.9242 (0.9267)  koleo_loss: -0.0477 (-0.0439)  ibot_loss: 2.0795 (2.0848)  time: 9.575165  data: 6.569893  max mem: 59418Training  [ 7220/20000]  eta: 1 day, 5:56:55  lr: 0.0000 (0.0000)  wd: 0.1436 (0.0762)  mom: 0.9943 (0.9928)  last_layer_lr: 0.0000 (0.0000)  current_batch_size: 2.0000 (2.0000)  total_loss: 10.3494 (10.3794)  dino_local_crops_loss: 7.3936 (7.4118)  dino_global_crops_loss: 0.9242 (0.9267)  koleo_loss: -0.0479 (-0.0439)  ibot_loss: 2.0795 (2.0848)  time: 10.634119  data: 7.622774  max mem: 59418Training  [ 7230/20000]  eta: 1 day, 5:55:33  lr: 0.0000 (0.0000)  wd: 0.1439 (0.0763)  mom: 0.9943 (0.9928)  last_layer_lr: 0.0000 (0.0000)  current_batch_size: 2.0000 (2.0000)  total_loss: 10.3494 (10.3794)  dino_local_crops_loss: 7.3936 (7.4118)  dino_global_crops_loss: 0.9242 (0.9267)  koleo_loss: -0.0478 (-0.0439)  ibot_loss: 2.0795 (2.0848)  time: 9.036117  data: 6.042747  max mem: 59418Training  [ 7240/20000]  eta: 1 day, 5:54:59  lr: 0.0000 (0.0000)  wd: 0.1441 (0.0764)  mom: 0.9943 (0.9928)  last_layer_lr: 0.0000 (0.0000)  current_batch_size: 2.0000 (2.0000)  total_loss: 10.3483 (10.3794)  dino_local_crops_loss: 7.3936 (7.4118)  dino_global_crops_loss: 0.9242 (0.9267)  koleo_loss: -0.0489 (-0.0439)  ibot_loss: 2.0795 (2.0848)  time: 9.923178  data: 6.936752  max mem: 59418Training  [ 7250/20000]  eta: 1 day, 5:53:21  lr: 0.0000 (0.0000)  wd: 0.1444 (0.0765)  mom: 0.9943 (0.9928)  last_layer_lr: 0.0000 (0.0000)  current_batch_size: 2.0000 (2.0000)  total_loss: 10.3483 (10.3793)  dino_local_crops_loss: 7.3936 (7.4117)  dino_global_crops_loss: 0.9242 (0.9267)  koleo_loss: -0.0490 (-0.0439)  ibot_loss: 2.0795 (2.0848)  time: 9.503912  data: 6.515278  max mem: 59418Training  [ 7260/20000]  eta: 1 day, 5:52:34  lr: 0.0000 (0.0000)  wd: 0.1446 (0.0766)  mom: 0.9943 (0.9928)  last_layer_lr: 0.0000 (0.0000)  current_batch_size: 2.0000 (2.0000)  total_loss: 10.3516 (10.3793)  dino_local_crops_loss: 7.3936 (7.4117)  dino_global_crops_loss: 0.9242 (0.9267)  koleo_loss: -0.0456 (-0.0439)  ibot_loss: 2.0795 (2.0848)  time: 9.116530  data: 6.127377  max mem: 59418Training  [ 7270/20000]  eta: 1 day, 5:50:36  lr: 0.0000 (0.0000)  wd: 0.1449 (0.0767)  mom: 0.9943 (0.9928)  last_layer_lr: 0.0000 (0.0000)  current_batch_size: 2.0000 (2.0000)  total_loss: 10.3505 (10.3793)  dino_local_crops_loss: 7.3936 (7.4117)  dino_global_crops_loss: 0.9242 (0.9267)  koleo_loss: -0.0467 (-0.0439)  ibot_loss: 2.0795 (2.0848)  time: 8.535433  data: 5.544833  max mem: 59418Training  [ 7280/20000]  eta: 1 day, 5:49:05  lr: 0.0000 (0.0000)  wd: 0.1452 (0.0767)  mom: 0.9943 (0.9928)  last_layer_lr: 0.0000 (0.0000)  current_batch_size: 2.0000 (2.0000)  total_loss: 10.3505 (10.3792)  dino_local_crops_loss: 7.3936 (7.4117)  dino_global_crops_loss: 0.9242 (0.9267)  koleo_loss: -0.0468 (-0.0439)  ibot_loss: 2.0795 (2.0848)  time: 7.310960  data: 4.318878  max mem: 59418Training  [ 7290/20000]  eta: 1 day, 5:47:19  lr: 0.0000 (0.0000)  wd: 0.1454 (0.0768)  mom: 0.9943 (0.9928)  last_layer_lr: 0.0000 (0.0000)  current_batch_size: 2.0000 (2.0000)  total_loss: 10.3518 (10.3792)  dino_local_crops_loss: 7.3936 (7.4116)  dino_global_crops_loss: 0.9242 (0.9266)  koleo_loss: -0.0455 (-0.0439)  ibot_loss: 2.0795 (2.0848)  time: 7.633435  data: 4.643003  max mem: 59418Training  [ 7300/20000]  eta: 1 day, 5:46:48  lr: 0.0000 (0.0000)  wd: 0.1457 (0.0769)  mom: 0.9943 (0.9928)  last_layer_lr: 0.0000 (0.0000)  current_batch_size: 2.0000 (2.0000)  total_loss: 10.3523 (10.3791)  dino_local_crops_loss: 7.3936 (7.4116)  dino_global_crops_loss: 0.9242 (0.9266)  koleo_loss: -0.0450 (-0.0439)  ibot_loss: 2.0795 (2.0848)  time: 9.342138  data: 6.353557  max mem: 59418Training  [ 7310/20000]  eta: 1 day, 5:45:21  lr: 0.0000 (0.0000)  wd: 0.1459 (0.0770)  mom: 0.9944 (0.9928)  last_layer_lr: 0.0000 (0.0000)  current_batch_size: 2.0000 (2.0000)  total_loss: 10.3501 (10.3791)  dino_local_crops_loss: 7.3936 (7.4116)  dino_global_crops_loss: 0.9242 (0.9266)  koleo_loss: -0.0472 (-0.0439)  ibot_loss: 2.0795 (2.0848)  time: 9.891497  data: 6.888699  max mem: 59418Training  [ 7320/20000]  eta: 1 day, 5:44:18  lr: 0.0000 (0.0000)  wd: 0.1462 (0.0771)  mom: 0.9944 (0.9928)  last_layer_lr: 0.0000 (0.0000)  current_batch_size: 2.0000 (2.0000)  total_loss: 10.3490 (10.3791)  dino_local_crops_loss: 7.3936 (7.4116)  dino_global_crops_loss: 0.9242 (0.9266)  koleo_loss: -0.0482 (-0.0439)  ibot_loss: 2.0795 (2.0847)  time: 8.987446  data: 5.985061  max mem: 59418Training  [ 7330/20000]  eta: 1 day, 5:42:14  lr: 0.0000 (0.0000)  wd: 0.1464 (0.0772)  mom: 0.9944 (0.9928)  last_layer_lr: 0.0000 (0.0000)  current_batch_size: 2.0000 (2.0000)  total_loss: 10.3483 (10.3790)  dino_local_crops_loss: 7.3936 (7.4115)  dino_global_crops_loss: 0.9242 (0.9266)  koleo_loss: -0.0489 (-0.0439)  ibot_loss: 2.0795 (2.0847)  time: 7.927522  data: 4.940890  max mem: 59418Training  [ 7340/20000]  eta: 1 day, 5:41:13  lr: 0.0000 (0.0000)  wd: 0.1467 (0.0773)  mom: 0.9944 (0.9928)  last_layer_lr: 0.0000 (0.0000)  current_batch_size: 2.0000 (2.0000)  total_loss: 10.3488 (10.3790)  dino_local_crops_loss: 7.3936 (7.4115)  dino_global_crops_loss: 0.9242 (0.9266)  koleo_loss: -0.0484 (-0.0439)  ibot_loss: 2.0795 (2.0847)  time: 7.985200  data: 4.998366  max mem: 59418Training  [ 7350/20000]  eta: 1 day, 5:39:51  lr: 0.0000 (0.0000)  wd: 0.1470 (0.0774)  mom: 0.9944 (0.9928)  last_layer_lr: 0.0000 (0.0000)  current_batch_size: 2.0000 (2.0000)  total_loss: 10.3504 (10.3789)  dino_local_crops_loss: 7.3936 (7.4115)  dino_global_crops_loss: 0.9242 (0.9266)  koleo_loss: -0.0468 (-0.0439)  ibot_loss: 2.0795 (2.0847)  time: 9.170480  data: 6.183196  max mem: 59418Training  [ 7360/20000]  eta: 1 day, 5:38:34  lr: 0.0000 (0.0000)  wd: 0.1472 (0.0775)  mom: 0.9944 (0.9928)  last_layer_lr: 0.0000 (0.0000)  current_batch_size: 2.0000 (2.0000)  total_loss: 10.3508 (10.3789)  dino_local_crops_loss: 7.3936 (7.4115)  dino_global_crops_loss: 0.9242 (0.9266)  koleo_loss: -0.0465 (-0.0439)  ibot_loss: 2.0795 (2.0847)  time: 8.733624  data: 5.743928  max mem: 59418Training  [ 7370/20000]  eta: 1 day, 5:37:08  lr: 0.0000 (0.0000)  wd: 0.1475 (0.0776)  mom: 0.9944 (0.9928)  last_layer_lr: 0.0000 (0.0000)  current_batch_size: 2.0000 (2.0000)  total_loss: 10.3508 (10.3789)  dino_local_crops_loss: 7.3936 (7.4114)  dino_global_crops_loss: 0.9242 (0.9266)  koleo_loss: -0.0465 (-0.0439)  ibot_loss: 2.0795 (2.0847)  time: 8.629774  data: 5.640893  max mem: 59418Training  [ 7380/20000]  eta: 1 day, 5:36:25  lr: 0.0000 (0.0000)  wd: 0.1477 (0.0777)  mom: 0.9944 (0.9928)  last_layer_lr: 0.0000 (0.0000)  current_batch_size: 2.0000 (2.0000)  total_loss: 10.3522 (10.3788)  dino_local_crops_loss: 7.3936 (7.4114)  dino_global_crops_loss: 0.9242 (0.9266)  koleo_loss: -0.0451 (-0.0439)  ibot_loss: 2.0795 (2.0847)  time: 9.591756  data: 6.601583  max mem: 59418Training  [ 7390/20000]  eta: 1 day, 5:35:26  lr: 0.0000 (0.0000)  wd: 0.1480 (0.0778)  mom: 0.9944 (0.9928)  last_layer_lr: 0.0000 (0.0000)  current_batch_size: 2.0000 (2.0000)  total_loss: 10.3522 (10.3788)  dino_local_crops_loss: 7.3936 (7.4114)  dino_global_crops_loss: 0.9242 (0.9266)  koleo_loss: -0.0451 (-0.0439)  ibot_loss: 2.0795 (2.0847)  time: 10.404471  data: 7.414426  max mem: 59418Training  [ 7400/20000]  eta: 1 day, 5:34:20  lr: 0.0000 (0.0000)  wd: 0.1483 (0.0779)  mom: 0.9944 (0.9928)  last_layer_lr: 0.0000 (0.0000)  current_batch_size: 2.0000 (2.0000)  total_loss: 10.3517 (10.3788)  dino_local_crops_loss: 7.3936 (7.4114)  dino_global_crops_loss: 0.9242 (0.9266)  koleo_loss: -0.0455 (-0.0439)  ibot_loss: 2.0795 (2.0847)  time: 9.734243  data: 6.745065  max mem: 59418Training  [ 7410/20000]  eta: 1 day, 5:33:14  lr: 0.0000 (0.0000)  wd: 0.1485 (0.0780)  mom: 0.9944 (0.9928)  last_layer_lr: 0.0000 (0.0000)  current_batch_size: 2.0000 (2.0000)  total_loss: 10.3497 (10.3787)  dino_local_crops_loss: 7.3936 (7.4113)  dino_global_crops_loss: 0.9242 (0.9266)  koleo_loss: -0.0476 (-0.0439)  ibot_loss: 2.0795 (2.0847)  time: 9.527929  data: 6.536510  max mem: 59418Training  [ 7420/20000]  eta: 1 day, 5:32:37  lr: 0.0000 (0.0000)  wd: 0.1488 (0.0781)  mom: 0.9944 (0.9928)  last_layer_lr: 0.0000 (0.0000)  current_batch_size: 2.0000 (2.0000)  total_loss: 10.3493 (10.3787)  dino_local_crops_loss: 7.3936 (7.4113)  dino_global_crops_loss: 0.9242 (0.9266)  koleo_loss: -0.0479 (-0.0439)  ibot_loss: 2.0795 (2.0847)  time: 10.392350  data: 7.379166  max mem: 59418Training  [ 7430/20000]  eta: 1 day, 5:32:28  lr: 0.0000 (0.0000)  wd: 0.1490 (0.0782)  mom: 0.9944 (0.9928)  last_layer_lr: 0.0000 (0.0000)  current_batch_size: 2.0000 (2.0000)  total_loss: 10.3497 (10.3786)  dino_local_crops_loss: 7.3936 (7.4113)  dino_global_crops_loss: 0.9242 (0.9266)  koleo_loss: -0.0475 (-0.0439)  ibot_loss: 2.0795 (2.0847)  time: 12.091111  data: 9.080144  max mem: 59418Training  [ 7440/20000]  eta: 1 day, 5:32:54  lr: 0.0000 (0.0000)  wd: 0.1493 (0.0783)  mom: 0.9944 (0.9929)  last_layer_lr: 0.0000 (0.0000)  current_batch_size: 2.0000 (2.0000)  total_loss: 10.3498 (10.3786)  dino_local_crops_loss: 7.3936 (7.4113)  dino_global_crops_loss: 0.9242 (0.9266)  koleo_loss: -0.0475 (-0.0439)  ibot_loss: 2.0795 (2.0847)  time: 13.982071  data: 10.995955  max mem: 59418Training  [ 7450/20000]  eta: 1 day, 5:33:35  lr: 0.0000 (0.0000)  wd: 0.1496 (0.0784)  mom: 0.9944 (0.9929)  last_layer_lr: 0.0000 (0.0000)  current_batch_size: 2.0000 (2.0000)  total_loss: 10.3481 (10.3786)  dino_local_crops_loss: 7.3936 (7.4113)  dino_global_crops_loss: 0.9242 (0.9266)  koleo_loss: -0.0492 (-0.0439)  ibot_loss: 2.0795 (2.0847)  time: 15.481755  data: 12.496210  max mem: 59418Training  [ 7460/20000]  eta: 1 day, 5:33:25  lr: 0.0000 (0.0000)  wd: 0.1498 (0.0785)  mom: 0.9944 (0.9929)  last_layer_lr: 0.0000 (0.0000)  current_batch_size: 2.0000 (2.0000)  total_loss: 10.3495 (10.3785)  dino_local_crops_loss: 7.3936 (7.4112)  dino_global_crops_loss: 0.9242 (0.9266)  koleo_loss: -0.0478 (-0.0439)  ibot_loss: 2.0795 (2.0846)  time: 14.435183  data: 11.440538  max mem: 59418Training  [ 7470/20000]  eta: 1 day, 5:33:26  lr: 0.0000 (0.0000)  wd: 0.1501 (0.0786)  mom: 0.9944 (0.9929)  last_layer_lr: 0.0000 (0.0000)  current_batch_size: 2.0000 (2.0000)  total_loss: 10.3515 (10.3785)  dino_local_crops_loss: 7.3936 (7.4112)  dino_global_crops_loss: 0.9242 (0.9266)  koleo_loss: -0.0458 (-0.0439)  ibot_loss: 2.0795 (2.0846)  time: 13.263718  data: 10.266878  max mem: 59418Training  [ 7480/20000]  eta: 1 day, 5:33:25  lr: 0.0000 (0.0000)  wd: 0.1503 (0.0787)  mom: 0.9945 (0.9929)  last_layer_lr: 0.0000 (0.0000)  current_batch_size: 2.0000 (2.0000)  total_loss: 10.3509 (10.3785)  dino_local_crops_loss: 7.3936 (7.4112)  dino_global_crops_loss: 0.9242 (0.9266)  koleo_loss: -0.0464 (-0.0439)  ibot_loss: 2.0795 (2.0846)  time: 13.532845  data: 10.545328  max mem: 59418Training  [ 7490/20000]  eta: 1 day, 5:33:29  lr: 0.0000 (0.0000)  wd: 0.1506 (0.0787)  mom: 0.9945 (0.9929)  last_layer_lr: 0.0000 (0.0000)  current_batch_size: 2.0000 (2.0000)  total_loss: 10.3494 (10.3784)  dino_local_crops_loss: 7.3936 (7.4112)  dino_global_crops_loss: 0.9242 (0.9266)  koleo_loss: -0.0478 (-0.0439)  ibot_loss: 2.0795 (2.0846)  time: 13.646307  data: 10.660597  max mem: 59418Training  [ 7500/20000]  eta: 1 day, 5:34:19  lr: 0.0000 (0.0000)  wd: 0.1509 (0.0788)  mom: 0.9945 (0.9929)  last_layer_lr: 0.0000 (0.0000)  current_batch_size: 2.0000 (2.0000)  total_loss: 10.3494 (10.3784)  dino_local_crops_loss: 7.3936 (7.4111)  dino_global_crops_loss: 0.9242 (0.9266)  koleo_loss: -0.0478 (-0.0440)  ibot_loss: 2.0795 (2.0846)  time: 15.230646  data: 12.244574  max mem: 59418Training  [ 7510/20000]  eta: 1 day, 5:33:24  lr: 0.0000 (0.0000)  wd: 0.1511 (0.0789)  mom: 0.9945 (0.9929)  last_layer_lr: 0.0000 (0.0000)  current_batch_size: 2.0000 (2.0000)  total_loss: 10.3490 (10.3783)  dino_local_crops_loss: 7.3936 (7.4111)  dino_global_crops_loss: 0.9242 (0.9266)  koleo_loss: -0.0483 (-0.0440)  ibot_loss: 2.0794 (2.0846)  time: 13.476786  data: 10.490605  max mem: 59418Training  [ 7520/20000]  eta: 1 day, 5:36:15  lr: 0.0000 (0.0000)  wd: 0.1514 (0.0790)  mom: 0.9945 (0.9929)  last_layer_lr: 0.0000 (0.0000)  current_batch_size: 2.0000 (2.0000)  total_loss: 10.3488 (10.3783)  dino_local_crops_loss: 7.3936 (7.4111)  dino_global_crops_loss: 0.9242 (0.9266)  koleo_loss: -0.0485 (-0.0440)  ibot_loss: 2.0794 (2.0846)  time: 17.154991  data: 14.169103  max mem: 59418Training  [ 7530/20000]  eta: 1 day, 5:37:40  lr: 0.0000 (0.0000)  wd: 0.1516 (0.0791)  mom: 0.9945 (0.9929)  last_layer_lr: 0.0000 (0.0000)  current_batch_size: 2.0000 (2.0000)  total_loss: 10.3483 (10.3783)  dino_local_crops_loss: 7.3936 (7.4111)  dino_global_crops_loss: 0.9242 (0.9266)  koleo_loss: -0.0490 (-0.0440)  ibot_loss: 2.0795 (2.0846)  time: 21.397144  data: 18.411358  max mem: 59418Training  [ 7540/20000]  eta: 1 day, 5:38:18  lr: 0.0000 (0.0000)  wd: 0.1519 (0.0792)  mom: 0.9945 (0.9929)  last_layer_lr: 0.0000 (0.0000)  current_batch_size: 2.0000 (2.0000)  total_loss: 10.3481 (10.3782)  dino_local_crops_loss: 7.3936 (7.4110)  dino_global_crops_loss: 0.9242 (0.9266)  koleo_loss: -0.0491 (-0.0440)  ibot_loss: 2.0795 (2.0846)  time: 17.412741  data: 14.426145  max mem: 59418Training  [ 7550/20000]  eta: 1 day, 5:38:11  lr: 0.0000 (0.0000)  wd: 0.1522 (0.0793)  mom: 0.9945 (0.9929)  last_layer_lr: 0.0000 (0.0000)  current_batch_size: 2.0000 (2.0000)  total_loss: 10.3485 (10.3782)  dino_local_crops_loss: 7.3936 (7.4110)  dino_global_crops_loss: 0.9242 (0.9266)  koleo_loss: -0.0488 (-0.0440)  ibot_loss: 2.0795 (2.0846)  time: 14.679210  data: 11.682349  max mem: 59418Training  [ 7560/20000]  eta: 1 day, 5:36:35  lr: 0.0000 (0.0000)  wd: 0.1524 (0.0794)  mom: 0.9945 (0.9929)  last_layer_lr: 0.0000 (0.0000)  current_batch_size: 2.0000 (2.0000)  total_loss: 10.3489 (10.3782)  dino_local_crops_loss: 7.3936 (7.4110)  dino_global_crops_loss: 0.9242 (0.9266)  koleo_loss: -0.0483 (-0.0440)  ibot_loss: 2.0795 (2.0846)  time: 10.634408  data: 7.635460  max mem: 59418Training  [ 7570/20000]  eta: 1 day, 5:35:20  lr: 0.0000 (0.0000)  wd: 0.1527 (0.0795)  mom: 0.9945 (0.9929)  last_layer_lr: 0.0000 (0.0000)  current_batch_size: 2.0000 (2.0000)  total_loss: 10.3495 (10.3781)  dino_local_crops_loss: 7.3936 (7.4110)  dino_global_crops_loss: 0.9242 (0.9266)  koleo_loss: -0.0478 (-0.0440)  ibot_loss: 2.0795 (2.0846)  time: 8.579496  data: 5.589171  max mem: 59418Training  [ 7580/20000]  eta: 1 day, 5:34:13  lr: 0.0000 (0.0000)  wd: 0.1529 (0.0796)  mom: 0.9945 (0.9929)  last_layer_lr: 0.0000 (0.0000)  current_batch_size: 2.0000 (2.0000)  total_loss: 10.3502 (10.3781)  dino_local_crops_loss: 7.3936 (7.4109)  dino_global_crops_loss: 0.9242 (0.9266)  koleo_loss: -0.0471 (-0.0440)  ibot_loss: 2.0794 (2.0846)  time: 9.485750  data: 6.470715  max mem: 59418Training  [ 7590/20000]  eta: 1 day, 5:33:23  lr: 0.0000 (0.0000)  wd: 0.1532 (0.0797)  mom: 0.9945 (0.9929)  last_layer_lr: 0.0000 (0.0000)  current_batch_size: 2.0000 (2.0000)  total_loss: 10.3500 (10.3780)  dino_local_crops_loss: 7.3936 (7.4109)  dino_global_crops_loss: 0.9242 (0.9266)  koleo_loss: -0.0473 (-0.0440)  ibot_loss: 2.0795 (2.0846)  time: 10.228495  data: 7.202701  max mem: 59418Training  [ 7600/20000]  eta: 1 day, 5:32:09  lr: 0.0000 (0.0000)  wd: 0.1535 (0.0798)  mom: 0.9945 (0.9929)  last_layer_lr: 0.0000 (0.0000)  current_batch_size: 2.0000 (2.0000)  total_loss: 10.3493 (10.3780)  dino_local_crops_loss: 7.3936 (7.4109)  dino_global_crops_loss: 0.9242 (0.9266)  koleo_loss: -0.0480 (-0.0440)  ibot_loss: 2.0795 (2.0845)  time: 10.014288  data: 7.015594  max mem: 59418Training  [ 7610/20000]  eta: 1 day, 5:30:53  lr: 0.0000 (0.0000)  wd: 0.1537 (0.0799)  mom: 0.9945 (0.9929)  last_layer_lr: 0.0000 (0.0000)  current_batch_size: 2.0000 (2.0000)  total_loss: 10.3495 (10.3780)  dino_local_crops_loss: 7.3936 (7.4109)  dino_global_crops_loss: 0.9242 (0.9265)  koleo_loss: -0.0478 (-0.0440)  ibot_loss: 2.0794 (2.0845)  time: 9.250012  data: 6.241704  max mem: 59418Training  [ 7620/20000]  eta: 1 day, 5:29:41  lr: 0.0000 (0.0000)  wd: 0.1540 (0.0800)  mom: 0.9945 (0.9929)  last_layer_lr: 0.0000 (0.0000)  current_batch_size: 2.0000 (2.0000)  total_loss: 10.3485 (10.3779)  dino_local_crops_loss: 7.3936 (7.4109)  dino_global_crops_loss: 0.9242 (0.9265)  koleo_loss: -0.0488 (-0.0440)  ibot_loss: 2.0794 (2.0845)  time: 9.288488  data: 6.280417  max mem: 59418Training  [ 7630/20000]  eta: 1 day, 5:28:17  lr: 0.0000 (0.0000)  wd: 0.1543 (0.0801)  mom: 0.9945 (0.9929)  last_layer_lr: 0.0000 (0.0000)  current_batch_size: 2.0000 (2.0000)  total_loss: 10.3485 (10.3779)  dino_local_crops_loss: 7.3936 (7.4108)  dino_global_crops_loss: 0.9242 (0.9265)  koleo_loss: -0.0488 (-0.0440)  ibot_loss: 2.0795 (2.0845)  time: 9.048728  data: 6.057899  max mem: 59418Training  [ 7640/20000]  eta: 1 day, 5:26:59  lr: 0.0000 (0.0000)  wd: 0.1545 (0.0802)  mom: 0.9945 (0.9929)  last_layer_lr: 0.0000 (0.0000)  current_batch_size: 2.0000 (2.0000)  total_loss: 10.3511 (10.3779)  dino_local_crops_loss: 7.3936 (7.4108)  dino_global_crops_loss: 0.9242 (0.9265)  koleo_loss: -0.0462 (-0.0440)  ibot_loss: 2.0795 (2.0845)  time: 8.873090  data: 5.881319  max mem: 59418Training  [ 7650/20000]  eta: 1 day, 5:26:09  lr: 0.0000 (0.0000)  wd: 0.1548 (0.0803)  mom: 0.9946 (0.9929)  last_layer_lr: 0.0000 (0.0000)  current_batch_size: 2.0000 (2.0000)  total_loss: 10.3502 (10.3778)  dino_local_crops_loss: 7.3936 (7.4108)  dino_global_crops_loss: 0.9242 (0.9265)  koleo_loss: -0.0471 (-0.0440)  ibot_loss: 2.0795 (2.0845)  time: 9.935456  data: 6.948016  max mem: 59418Training  [ 7660/20000]  eta: 1 day, 5:24:50  lr: 0.0000 (0.0000)  wd: 0.1551 (0.0804)  mom: 0.9946 (0.9929)  last_layer_lr: 0.0000 (0.0000)  current_batch_size: 2.0000 (2.0000)  total_loss: 10.3496 (10.3778)  dino_local_crops_loss: 7.3936 (7.4108)  dino_global_crops_loss: 0.9242 (0.9265)  koleo_loss: -0.0477 (-0.0440)  ibot_loss: 2.0795 (2.0845)  time: 9.907860  data: 6.913663  max mem: 59418Training  [ 7670/20000]  eta: 1 day, 5:24:07  lr: 0.0000 (0.0000)  wd: 0.1553 (0.0805)  mom: 0.9946 (0.9929)  last_layer_lr: 0.0000 (0.0000)  current_batch_size: 2.0000 (2.0000)  total_loss: 10.3503 (10.3778)  dino_local_crops_loss: 7.3936 (7.4107)  dino_global_crops_loss: 0.9242 (0.9265)  koleo_loss: -0.0469 (-0.0440)  ibot_loss: 2.0795 (2.0845)  time: 10.118013  data: 7.123988  max mem: 59418Training  [ 7680/20000]  eta: 1 day, 5:22:36  lr: 0.0000 (0.0000)  wd: 0.1556 (0.0806)  mom: 0.9946 (0.9929)  last_layer_lr: 0.0000 (0.0000)  current_batch_size: 2.0000 (2.0000)  total_loss: 10.3490 (10.3777)  dino_local_crops_loss: 7.3936 (7.4107)  dino_global_crops_loss: 0.9242 (0.9265)  koleo_loss: -0.0483 (-0.0440)  ibot_loss: 2.0795 (2.0845)  time: 9.765989  data: 6.758717  max mem: 59418Training  [ 7690/20000]  eta: 1 day, 5:23:13  lr: 0.0000 (0.0000)  wd: 0.1558 (0.0807)  mom: 0.9946 (0.9929)  last_layer_lr: 0.0000 (0.0000)  current_batch_size: 2.0000 (2.0000)  total_loss: 10.3500 (10.3777)  dino_local_crops_loss: 7.3936 (7.4107)  dino_global_crops_loss: 0.9242 (0.9265)  koleo_loss: -0.0473 (-0.0440)  ibot_loss: 2.0795 (2.0845)  time: 12.248600  data: 9.241776  max mem: 59418Training  [ 7700/20000]  eta: 1 day, 5:21:20  lr: 0.0000 (0.0000)  wd: 0.1561 (0.0808)  mom: 0.9946 (0.9929)  last_layer_lr: 0.0000 (0.0000)  current_batch_size: 2.0000 (2.0000)  total_loss: 10.3498 (10.3777)  dino_local_crops_loss: 7.3936 (7.4107)  dino_global_crops_loss: 0.9242 (0.9265)  koleo_loss: -0.0475 (-0.0440)  ibot_loss: 2.0795 (2.0845)  time: 11.550945  data: 8.565258  max mem: 59418Training  [ 7710/20000]  eta: 1 day, 5:20:20  lr: 0.0000 (0.0000)  wd: 0.1564 (0.0809)  mom: 0.9946 (0.9929)  last_layer_lr: 0.0000 (0.0000)  current_batch_size: 2.0000 (2.0000)  total_loss: 10.3492 (10.3776)  dino_local_crops_loss: 7.3936 (7.4107)  dino_global_crops_loss: 0.9242 (0.9265)  koleo_loss: -0.0481 (-0.0440)  ibot_loss: 2.0794 (2.0845)  time: 8.575965  data: 5.583481  max mem: 59418Training  [ 7720/20000]  eta: 1 day, 5:18:31  lr: 0.0000 (0.0000)  wd: 0.1566 (0.0810)  mom: 0.9946 (0.9929)  last_layer_lr: 0.0000 (0.0000)  current_batch_size: 2.0000 (2.0000)  total_loss: 10.3494 (10.3776)  dino_local_crops_loss: 7.3936 (7.4106)  dino_global_crops_loss: 0.9242 (0.9265)  koleo_loss: -0.0478 (-0.0440)  ibot_loss: 2.0794 (2.0845)  time: 8.694131  data: 5.699799  max mem: 59418Training  [ 7730/20000]  eta: 1 day, 5:17:38  lr: 0.0000 (0.0000)  wd: 0.1569 (0.0811)  mom: 0.9946 (0.9929)  last_layer_lr: 0.0000 (0.0000)  current_batch_size: 2.0000 (2.0000)  total_loss: 10.3500 (10.3775)  dino_local_crops_loss: 7.3936 (7.4106)  dino_global_crops_loss: 0.9242 (0.9265)  koleo_loss: -0.0472 (-0.0440)  ibot_loss: 2.0794 (2.0845)  time: 8.894199  data: 5.904982  max mem: 59418Training  [ 7740/20000]  eta: 1 day, 5:16:08  lr: 0.0000 (0.0000)  wd: 0.1572 (0.0812)  mom: 0.9946 (0.9929)  last_layer_lr: 0.0000 (0.0000)  current_batch_size: 2.0000 (2.0000)  total_loss: 10.3500 (10.3775)  dino_local_crops_loss: 7.3936 (7.4106)  dino_global_crops_loss: 0.9242 (0.9265)  koleo_loss: -0.0473 (-0.0440)  ibot_loss: 2.0795 (2.0845)  time: 9.516809  data: 6.528554  max mem: 59418Training  [ 7750/20000]  eta: 1 day, 5:15:28  lr: 0.0000 (0.0000)  wd: 0.1574 (0.0813)  mom: 0.9946 (0.9929)  last_layer_lr: 0.0000 (0.0000)  current_batch_size: 2.0000 (2.0000)  total_loss: 10.3490 (10.3775)  dino_local_crops_loss: 7.3936 (7.4106)  dino_global_crops_loss: 0.9242 (0.9265)  koleo_loss: -0.0482 (-0.0440)  ibot_loss: 2.0795 (2.0845)  time: 9.929964  data: 6.942315  max mem: 59418Training  [ 7760/20000]  eta: 1 day, 5:14:04  lr: 0.0000 (0.0000)  wd: 0.1577 (0.0814)  mom: 0.9946 (0.9929)  last_layer_lr: 0.0000 (0.0000)  current_batch_size: 2.0000 (2.0000)  total_loss: 10.3490 (10.3774)  dino_local_crops_loss: 7.3936 (7.4105)  dino_global_crops_loss: 0.9242 (0.9265)  koleo_loss: -0.0482 (-0.0441)  ibot_loss: 2.0795 (2.0844)  time: 10.103273  data: 7.108909  max mem: 59418Training  [ 7770/20000]  eta: 1 day, 5:12:25  lr: 0.0000 (0.0000)  wd: 0.1580 (0.0815)  mom: 0.9946 (0.9929)  last_layer_lr: 0.0000 (0.0000)  current_batch_size: 2.0000 (2.0000)  total_loss: 10.3488 (10.3774)  dino_local_crops_loss: 7.3936 (7.4105)  dino_global_crops_loss: 0.9242 (0.9265)  koleo_loss: -0.0484 (-0.0441)  ibot_loss: 2.0795 (2.0844)  time: 8.239486  data: 5.245343  max mem: 59418Training  [ 7780/20000]  eta: 1 day, 5:10:32  lr: 0.0000 (0.0000)  wd: 0.1582 (0.0816)  mom: 0.9946 (0.9929)  last_layer_lr: 0.0000 (0.0000)  current_batch_size: 2.0000 (2.0000)  total_loss: 10.3484 (10.3774)  dino_local_crops_loss: 7.3936 (7.4105)  dino_global_crops_loss: 0.9242 (0.9265)  koleo_loss: -0.0489 (-0.0441)  ibot_loss: 2.0795 (2.0844)  time: 7.308982  data: 4.320321  max mem: 59418Training  [ 7790/20000]  eta: 1 day, 5:10:12  lr: 0.0000 (0.0000)  wd: 0.1585 (0.0817)  mom: 0.9946 (0.9929)  last_layer_lr: 0.0000 (0.0000)  current_batch_size: 2.0000 (2.0000)  total_loss: 10.3479 (10.3773)  dino_local_crops_loss: 7.3936 (7.4105)  dino_global_crops_loss: 0.9242 (0.9265)  koleo_loss: -0.0494 (-0.0441)  ibot_loss: 2.0795 (2.0844)  time: 9.831645  data: 6.843114  max mem: 59418Training  [ 7800/20000]  eta: 1 day, 5:08:43  lr: 0.0000 (0.0000)  wd: 0.1588 (0.0818)  mom: 0.9946 (0.9929)  last_layer_lr: 0.0000 (0.0000)  current_batch_size: 2.0000 (2.0000)  total_loss: 10.3487 (10.3773)  dino_local_crops_loss: 7.3936 (7.4105)  dino_global_crops_loss: 0.9242 (0.9265)  koleo_loss: -0.0485 (-0.0441)  ibot_loss: 2.0795 (2.0844)  time: 10.611208  data: 7.614015  max mem: 59418Training  [ 7810/20000]  eta: 1 day, 5:07:22  lr: 0.0000 (0.0000)  wd: 0.1590 (0.0819)  mom: 0.9946 (0.9929)  last_layer_lr: 0.0000 (0.0000)  current_batch_size: 2.0000 (2.0000)  total_loss: 10.3513 (10.3773)  dino_local_crops_loss: 7.3936 (7.4104)  dino_global_crops_loss: 0.9242 (0.9265)  koleo_loss: -0.0460 (-0.0441)  ibot_loss: 2.0795 (2.0844)  time: 8.685463  data: 5.687994  max mem: 59418Training  [ 7820/20000]  eta: 1 day, 5:06:04  lr: 0.0000 (0.0000)  wd: 0.1593 (0.0820)  mom: 0.9947 (0.9929)  last_layer_lr: 0.0000 (0.0000)  current_batch_size: 2.0000 (2.0000)  total_loss: 10.3513 (10.3772)  dino_local_crops_loss: 7.3936 (7.4104)  dino_global_crops_loss: 0.9242 (0.9265)  koleo_loss: -0.0460 (-0.0441)  ibot_loss: 2.0795 (2.0844)  time: 9.024145  data: 6.036256  max mem: 59418Training  [ 7830/20000]  eta: 1 day, 5:05:19  lr: 0.0000 (0.0000)  wd: 0.1596 (0.0821)  mom: 0.9947 (0.9929)  last_layer_lr: 0.0000 (0.0000)  current_batch_size: 2.0000 (2.0000)  total_loss: 10.3478 (10.3772)  dino_local_crops_loss: 7.3936 (7.4104)  dino_global_crops_loss: 0.9242 (0.9265)  koleo_loss: -0.0494 (-0.0441)  ibot_loss: 2.0794 (2.0844)  time: 10.165193  data: 7.175585  max mem: 59418Training  [ 7840/20000]  eta: 1 day, 5:03:45  lr: 0.0000 (0.0000)  wd: 0.1598 (0.0822)  mom: 0.9947 (0.9929)  last_layer_lr: 0.0000 (0.0000)  current_batch_size: 2.0000 (2.0000)  total_loss: 10.3500 (10.3772)  dino_local_crops_loss: 7.3936 (7.4104)  dino_global_crops_loss: 0.9242 (0.9265)  koleo_loss: -0.0473 (-0.0441)  ibot_loss: 2.0795 (2.0844)  time: 9.664480  data: 6.674668  max mem: 59418Training  [ 7850/20000]  eta: 1 day, 5:02:43  lr: 0.0000 (0.0000)  wd: 0.1601 (0.0823)  mom: 0.9947 (0.9929)  last_layer_lr: 0.0000 (0.0000)  current_batch_size: 2.0000 (2.0000)  total_loss: 10.3517 (10.3771)  dino_local_crops_loss: 7.3936 (7.4104)  dino_global_crops_loss: 0.9242 (0.9265)  koleo_loss: -0.0456 (-0.0441)  ibot_loss: 2.0795 (2.0844)  time: 9.117968  data: 6.114077  max mem: 59418Training  [ 7860/20000]  eta: 1 day, 5:00:56  lr: 0.0000 (0.0000)  wd: 0.1604 (0.0824)  mom: 0.9947 (0.9929)  last_layer_lr: 0.0000 (0.0000)  current_batch_size: 2.0000 (2.0000)  total_loss: 10.3501 (10.3771)  dino_local_crops_loss: 7.3936 (7.4103)  dino_global_crops_loss: 0.9242 (0.9265)  koleo_loss: -0.0471 (-0.0441)  ibot_loss: 2.0795 (2.0844)  time: 8.709249  data: 5.690235  max mem: 59418Training  [ 7870/20000]  eta: 1 day, 5:00:46  lr: 0.0000 (0.0000)  wd: 0.1606 (0.0825)  mom: 0.9947 (0.9929)  last_layer_lr: 0.0000 (0.0000)  current_batch_size: 2.0000 (2.0000)  total_loss: 10.3496 (10.3771)  dino_local_crops_loss: 7.3936 (7.4103)  dino_global_crops_loss: 0.9242 (0.9265)  koleo_loss: -0.0477 (-0.0441)  ibot_loss: 2.0794 (2.0844)  time: 10.394917  data: 7.390578  max mem: 59418Training  [ 7880/20000]  eta: 1 day, 4:59:10  lr: 0.0000 (0.0000)  wd: 0.1609 (0.0826)  mom: 0.9947 (0.9929)  last_layer_lr: 0.0000 (0.0000)  current_batch_size: 2.0000 (2.0000)  total_loss: 10.3490 (10.3770)  dino_local_crops_loss: 7.3936 (7.4103)  dino_global_crops_loss: 0.9242 (0.9265)  koleo_loss: -0.0482 (-0.0441)  ibot_loss: 2.0795 (2.0844)  time: 10.749660  data: 7.760635  max mem: 59418Training  [ 7890/20000]  eta: 1 day, 4:57:29  lr: 0.0000 (0.0000)  wd: 0.1612 (0.0827)  mom: 0.9947 (0.9929)  last_layer_lr: 0.0000 (0.0000)  current_batch_size: 2.0000 (2.0000)  total_loss: 10.3499 (10.3770)  dino_local_crops_loss: 7.3936 (7.4103)  dino_global_crops_loss: 0.9242 (0.9265)  koleo_loss: -0.0473 (-0.0441)  ibot_loss: 2.0794 (2.0844)  time: 7.793706  data: 4.805570  max mem: 59418Training  [ 7900/20000]  eta: 1 day, 4:55:58  lr: 0.0000 (0.0000)  wd: 0.1614 (0.0828)  mom: 0.9947 (0.9930)  last_layer_lr: 0.0000 (0.0000)  current_batch_size: 2.0000 (2.0000)  total_loss: 10.3505 (10.3770)  dino_local_crops_loss: 7.3936 (7.4102)  dino_global_crops_loss: 0.9242 (0.9265)  koleo_loss: -0.0467 (-0.0441)  ibot_loss: 2.0794 (2.0844)  time: 7.954388  data: 4.964821  max mem: 59418Training  [ 7910/20000]  eta: 1 day, 4:55:01  lr: 0.0000 (0.0000)  wd: 0.1617 (0.0829)  mom: 0.9947 (0.9930)  last_layer_lr: 0.0000 (0.0000)  current_batch_size: 2.0000 (2.0000)  total_loss: 10.3482 (10.3769)  dino_local_crops_loss: 7.3936 (7.4102)  dino_global_crops_loss: 0.9242 (0.9265)  koleo_loss: -0.0490 (-0.0441)  ibot_loss: 2.0794 (2.0843)  time: 9.406600  data: 6.415803  max mem: 59418Training  [ 7920/20000]  eta: 1 day, 4:53:12  lr: 0.0000 (0.0000)  wd: 0.1620 (0.0830)  mom: 0.9947 (0.9930)  last_layer_lr: 0.0000 (0.0000)  current_batch_size: 2.0000 (2.0000)  total_loss: 10.3482 (10.3769)  dino_local_crops_loss: 7.3936 (7.4102)  dino_global_crops_loss: 0.9242 (0.9265)  koleo_loss: -0.0490 (-0.0441)  ibot_loss: 2.0794 (2.0843)  time: 8.823240  data: 5.825848  max mem: 59418Training  [ 7930/20000]  eta: 1 day, 4:52:02  lr: 0.0000 (0.0000)  wd: 0.1622 (0.0831)  mom: 0.9947 (0.9930)  last_layer_lr: 0.0000 (0.0000)  current_batch_size: 2.0000 (2.0000)  total_loss: 10.3484 (10.3769)  dino_local_crops_loss: 7.3936 (7.4102)  dino_global_crops_loss: 0.9242 (0.9265)  koleo_loss: -0.0488 (-0.0441)  ibot_loss: 2.0795 (2.0843)  time: 8.405728  data: 5.407791  max mem: 59418Training  [ 7940/20000]  eta: 1 day, 4:50:31  lr: 0.0000 (0.0000)  wd: 0.1625 (0.0832)  mom: 0.9947 (0.9930)  last_layer_lr: 0.0000 (0.0000)  current_batch_size: 2.0000 (2.0000)  total_loss: 10.3478 (10.3768)  dino_local_crops_loss: 7.3936 (7.4102)  dino_global_crops_loss: 0.9242 (0.9264)  koleo_loss: -0.0494 (-0.0441)  ibot_loss: 2.0795 (2.0843)  time: 8.981571  data: 5.992757  max mem: 59418Training  [ 7950/20000]  eta: 1 day, 4:49:05  lr: 0.0000 (0.0000)  wd: 0.1628 (0.0833)  mom: 0.9947 (0.9930)  last_layer_lr: 0.0000 (0.0000)  current_batch_size: 2.0000 (2.0000)  total_loss: 10.3515 (10.3768)  dino_local_crops_loss: 7.3936 (7.4101)  dino_global_crops_loss: 0.9242 (0.9264)  koleo_loss: -0.0457 (-0.0441)  ibot_loss: 2.0795 (2.0843)  time: 8.437389  data: 5.421831  max mem: 59418Training  [ 7960/20000]  eta: 1 day, 4:48:01  lr: 0.0000 (0.0000)  wd: 0.1630 (0.0834)  mom: 0.9947 (0.9930)  last_layer_lr: 0.0000 (0.0000)  current_batch_size: 2.0000 (2.0000)  total_loss: 10.3515 (10.3768)  dino_local_crops_loss: 7.3936 (7.4101)  dino_global_crops_loss: 0.9242 (0.9264)  koleo_loss: -0.0457 (-0.0441)  ibot_loss: 2.0795 (2.0843)  time: 9.337895  data: 6.320880  max mem: 59418Training  [ 7970/20000]  eta: 1 day, 4:46:16  lr: 0.0000 (0.0000)  wd: 0.1633 (0.0835)  mom: 0.9947 (0.9930)  last_layer_lr: 0.0000 (0.0000)  current_batch_size: 2.0000 (2.0000)  total_loss: 10.3497 (10.3768)  dino_local_crops_loss: 7.3936 (7.4101)  dino_global_crops_loss: 0.9242 (0.9264)  koleo_loss: -0.0475 (-0.0441)  ibot_loss: 2.0795 (2.0843)  time: 8.732459  data: 5.744639  max mem: 59418Training  [ 7980/20000]  eta: 1 day, 4:45:57  lr: 0.0000 (0.0000)  wd: 0.1636 (0.0836)  mom: 0.9947 (0.9930)  last_layer_lr: 0.0000 (0.0000)  current_batch_size: 2.0000 (2.0000)  total_loss: 10.3481 (10.3767)  dino_local_crops_loss: 7.3936 (7.4101)  dino_global_crops_loss: 0.9242 (0.9264)  koleo_loss: -0.0492 (-0.0441)  ibot_loss: 2.0794 (2.0843)  time: 10.223454  data: 7.235963  max mem: 59418Training  [ 7990/20000]  eta: 1 day, 4:44:19  lr: 0.0000 (0.0000)  wd: 0.1638 (0.0837)  mom: 0.9948 (0.9930)  last_layer_lr: 0.0000 (0.0000)  current_batch_size: 2.0000 (2.0000)  total_loss: 10.3471 (10.3767)  dino_local_crops_loss: 7.3936 (7.4101)  dino_global_crops_loss: 0.9242 (0.9264)  koleo_loss: -0.0501 (-0.0441)  ibot_loss: 2.0795 (2.0843)  time: 10.430331  data: 7.439948  max mem: 59418Training  [ 8000/20000]  eta: 1 day, 4:43:04  lr: 0.0000 (0.0000)  wd: 0.1641 (0.0838)  mom: 0.9948 (0.9930)  last_layer_lr: 0.0000 (0.0000)  current_batch_size: 2.0000 (2.0000)  total_loss: 10.3491 (10.3767)  dino_local_crops_loss: 7.3936 (7.4100)  dino_global_crops_loss: 0.9242 (0.9264)  koleo_loss: -0.0482 (-0.0441)  ibot_loss: 2.0795 (2.0843)  time: 8.561628  data: 5.570950  max mem: 59418Training  [ 8010/20000]  eta: 1 day, 4:42:08  lr: 0.0000 (0.0000)  wd: 0.1644 (0.0839)  mom: 0.9948 (0.9930)  last_layer_lr: 0.0000 (0.0000)  current_batch_size: 2.0000 (2.0000)  total_loss: 10.3494 (10.3766)  dino_local_crops_loss: 7.3936 (7.4100)  dino_global_crops_loss: 0.9242 (0.9264)  koleo_loss: -0.0479 (-0.0441)  ibot_loss: 2.0795 (2.0843)  time: 9.996408  data: 7.007778  max mem: 59418Training  [ 8020/20000]  eta: 1 day, 4:40:41  lr: 0.0000 (0.0000)  wd: 0.1646 (0.0840)  mom: 0.9948 (0.9930)  last_layer_lr: 0.0000 (0.0000)  current_batch_size: 2.0000 (2.0000)  total_loss: 10.3496 (10.3766)  dino_local_crops_loss: 7.3936 (7.4100)  dino_global_crops_loss: 0.9242 (0.9264)  koleo_loss: -0.0477 (-0.0441)  ibot_loss: 2.0795 (2.0843)  time: 9.619108  data: 6.616617  max mem: 59418Training  [ 8030/20000]  eta: 1 day, 4:39:29  lr: 0.0000 (0.0000)  wd: 0.1649 (0.0841)  mom: 0.9948 (0.9930)  last_layer_lr: 0.0000 (0.0000)  current_batch_size: 2.0000 (2.0000)  total_loss: 10.3507 (10.3766)  dino_local_crops_loss: 7.3936 (7.4100)  dino_global_crops_loss: 0.9242 (0.9264)  koleo_loss: -0.0466 (-0.0441)  ibot_loss: 2.0795 (2.0843)  time: 9.067933  data: 6.065681  max mem: 59418Training  [ 8040/20000]  eta: 1 day, 4:37:58  lr: 0.0000 (0.0000)  wd: 0.1652 (0.0842)  mom: 0.9948 (0.9930)  last_layer_lr: 0.0000 (0.0000)  current_batch_size: 2.0000 (2.0000)  total_loss: 10.3503 (10.3765)  dino_local_crops_loss: 7.3936 (7.4100)  dino_global_crops_loss: 0.9242 (0.9264)  koleo_loss: -0.0470 (-0.0441)  ibot_loss: 2.0794 (2.0843)  time: 8.918074  data: 5.931220  max mem: 59418Training  [ 8050/20000]  eta: 1 day, 4:36:42  lr: 0.0000 (0.0000)  wd: 0.1655 (0.0843)  mom: 0.9948 (0.9930)  last_layer_lr: 0.0000 (0.0000)  current_batch_size: 2.0000 (2.0000)  total_loss: 10.3486 (10.3765)  dino_local_crops_loss: 7.3936 (7.4099)  dino_global_crops_loss: 0.9242 (0.9264)  koleo_loss: -0.0487 (-0.0441)  ibot_loss: 2.0794 (2.0843)  time: 8.809851  data: 5.811291  max mem: 59418Training  [ 8060/20000]  eta: 1 day, 4:35:45  lr: 0.0000 (0.0000)  wd: 0.1657 (0.0844)  mom: 0.9948 (0.9930)  last_layer_lr: 0.0000 (0.0000)  current_batch_size: 2.0000 (2.0000)  total_loss: 10.3508 (10.3765)  dino_local_crops_loss: 7.3936 (7.4099)  dino_global_crops_loss: 0.9242 (0.9264)  koleo_loss: -0.0465 (-0.0441)  ibot_loss: 2.0794 (2.0843)  time: 9.950851  data: 6.944778  max mem: 59418Training  [ 8070/20000]  eta: 1 day, 4:34:33  lr: 0.0000 (0.0000)  wd: 0.1660 (0.0845)  mom: 0.9948 (0.9930)  last_layer_lr: 0.0000 (0.0000)  current_batch_size: 2.0000 (2.0000)  total_loss: 10.3511 (10.3764)  dino_local_crops_loss: 7.3936 (7.4099)  dino_global_crops_loss: 0.9242 (0.9264)  koleo_loss: -0.0461 (-0.0441)  ibot_loss: 2.0794 (2.0843)  time: 10.077934  data: 7.084785  max mem: 59418Training  [ 8080/20000]  eta: 1 day, 4:33:46  lr: 0.0000 (0.0000)  wd: 0.1663 (0.0846)  mom: 0.9948 (0.9930)  last_layer_lr: 0.0000 (0.0000)  current_batch_size: 2.0000 (2.0000)  total_loss: 10.3502 (10.3764)  dino_local_crops_loss: 7.3936 (7.4099)  dino_global_crops_loss: 0.9242 (0.9264)  koleo_loss: -0.0471 (-0.0441)  ibot_loss: 2.0795 (2.0842)  time: 10.435859  data: 7.444223  max mem: 59418Training  [ 8090/20000]  eta: 1 day, 4:32:45  lr: 0.0000 (0.0000)  wd: 0.1665 (0.0847)  mom: 0.9948 (0.9930)  last_layer_lr: 0.0000 (0.0000)  current_batch_size: 2.0000 (2.0000)  total_loss: 10.3489 (10.3764)  dino_local_crops_loss: 7.3936 (7.4099)  dino_global_crops_loss: 0.9242 (0.9264)  koleo_loss: -0.0483 (-0.0441)  ibot_loss: 2.0794 (2.0842)  time: 10.795817  data: 7.803374  max mem: 59418Training  [ 8100/20000]  eta: 1 day, 4:31:46  lr: 0.0000 (0.0000)  wd: 0.1668 (0.0848)  mom: 0.9948 (0.9930)  last_layer_lr: 0.0000 (0.0000)  current_batch_size: 2.0000 (2.0000)  total_loss: 10.3475 (10.3763)  dino_local_crops_loss: 7.3936 (7.4098)  dino_global_crops_loss: 0.9242 (0.9264)  koleo_loss: -0.0498 (-0.0441)  ibot_loss: 2.0794 (2.0842)  time: 10.420782  data: 7.411809  max mem: 59418Training  [ 8110/20000]  eta: 1 day, 4:30:10  lr: 0.0000 (0.0000)  wd: 0.1671 (0.0849)  mom: 0.9948 (0.9930)  last_layer_lr: 0.0000 (0.0000)  current_batch_size: 2.0000 (2.0000)  total_loss: 10.3478 (10.3763)  dino_local_crops_loss: 7.3936 (7.4098)  dino_global_crops_loss: 0.9242 (0.9264)  koleo_loss: -0.0495 (-0.0442)  ibot_loss: 2.0795 (2.0842)  time: 9.254230  data: 6.245020  max mem: 59418Training  [ 8120/20000]  eta: 1 day, 4:28:32  lr: 0.0000 (0.0000)  wd: 0.1673 (0.0850)  mom: 0.9948 (0.9930)  last_layer_lr: 0.0000 (0.0000)  current_batch_size: 2.0000 (2.0000)  total_loss: 10.3492 (10.3763)  dino_local_crops_loss: 7.3936 (7.4098)  dino_global_crops_loss: 0.9242 (0.9264)  koleo_loss: -0.0480 (-0.0442)  ibot_loss: 2.0795 (2.0842)  time: 7.887141  data: 4.900611  max mem: 59418Training  [ 8130/20000]  eta: 1 day, 4:27:21  lr: 0.0000 (0.0000)  wd: 0.1676 (0.0851)  mom: 0.9948 (0.9930)  last_layer_lr: 0.0000 (0.0000)  current_batch_size: 2.0000 (2.0000)  total_loss: 10.3496 (10.3762)  dino_local_crops_loss: 7.3936 (7.4098)  dino_global_crops_loss: 0.9242 (0.9264)  koleo_loss: -0.0477 (-0.0442)  ibot_loss: 2.0795 (2.0842)  time: 8.742916  data: 5.755403  max mem: 59418Training  [ 8140/20000]  eta: 1 day, 4:26:35  lr: 0.0000 (0.0000)  wd: 0.1679 (0.0852)  mom: 0.9948 (0.9930)  last_layer_lr: 0.0000 (0.0000)  current_batch_size: 2.0000 (2.0000)  total_loss: 10.3486 (10.3762)  dino_local_crops_loss: 7.3936 (7.4098)  dino_global_crops_loss: 0.9242 (0.9264)  koleo_loss: -0.0486 (-0.0442)  ibot_loss: 2.0795 (2.0842)  time: 10.556268  data: 7.567434  max mem: 59418Training  [ 8150/20000]  eta: 1 day, 4:24:56  lr: 0.0000 (0.0000)  wd: 0.1682 (0.0853)  mom: 0.9948 (0.9930)  last_layer_lr: 0.0000 (0.0000)  current_batch_size: 2.0000 (2.0000)  total_loss: 10.3492 (10.3762)  dino_local_crops_loss: 7.3936 (7.4097)  dino_global_crops_loss: 0.9242 (0.9264)  koleo_loss: -0.0480 (-0.0442)  ibot_loss: 2.0794 (2.0842)  time: 9.561079  data: 6.544246  max mem: 59418Training  [ 8160/20000]  eta: 1 day, 4:23:34  lr: 0.0000 (0.0000)  wd: 0.1684 (0.0854)  mom: 0.9949 (0.9930)  last_layer_lr: 0.0000 (0.0000)  current_batch_size: 2.0000 (2.0000)  total_loss: 10.3495 (10.3761)  dino_local_crops_loss: 7.3936 (7.4097)  dino_global_crops_loss: 0.9242 (0.9264)  koleo_loss: -0.0478 (-0.0442)  ibot_loss: 2.0794 (2.0842)  time: 8.346992  data: 5.331187  max mem: 59418Training  [ 8170/20000]  eta: 1 day, 4:22:10  lr: 0.0000 (0.0000)  wd: 0.1687 (0.0855)  mom: 0.9949 (0.9930)  last_layer_lr: 0.0000 (0.0000)  current_batch_size: 2.0000 (2.0000)  total_loss: 10.3485 (10.3761)  dino_local_crops_loss: 7.3936 (7.4097)  dino_global_crops_loss: 0.9242 (0.9264)  koleo_loss: -0.0487 (-0.0442)  ibot_loss: 2.0794 (2.0842)  time: 8.867708  data: 5.879397  max mem: 59418Training  [ 8180/20000]  eta: 1 day, 4:21:03  lr: 0.0000 (0.0000)  wd: 0.1690 (0.0856)  mom: 0.9949 (0.9930)  last_layer_lr: 0.0000 (0.0000)  current_batch_size: 2.0000 (2.0000)  total_loss: 10.3506 (10.3761)  dino_local_crops_loss: 7.3936 (7.4097)  dino_global_crops_loss: 0.9242 (0.9264)  koleo_loss: -0.0467 (-0.0442)  ibot_loss: 2.0795 (2.0842)  time: 9.360711  data: 6.371439  max mem: 59418Training  [ 8190/20000]  eta: 1 day, 4:19:19  lr: 0.0000 (0.0000)  wd: 0.1692 (0.0857)  mom: 0.9949 (0.9930)  last_layer_lr: 0.0000 (0.0000)  current_batch_size: 2.0000 (2.0000)  total_loss: 10.3510 (10.3760)  dino_local_crops_loss: 7.3936 (7.4097)  dino_global_crops_loss: 0.9242 (0.9264)  koleo_loss: -0.0462 (-0.0442)  ibot_loss: 2.0795 (2.0842)  time: 8.701060  data: 5.693558  max mem: 59418Training  [ 8200/20000]  eta: 1 day, 4:18:32  lr: 0.0000 (0.0000)  wd: 0.1695 (0.0858)  mom: 0.9949 (0.9930)  last_layer_lr: 0.0000 (0.0000)  current_batch_size: 2.0000 (2.0000)  total_loss: 10.3520 (10.3760)  dino_local_crops_loss: 7.3936 (7.4096)  dino_global_crops_loss: 0.9242 (0.9264)  koleo_loss: -0.0453 (-0.0442)  ibot_loss: 2.0795 (2.0842)  time: 9.408205  data: 6.400782  max mem: 59418Training  [ 8210/20000]  eta: 1 day, 4:16:42  lr: 0.0000 (0.0000)  wd: 0.1698 (0.0859)  mom: 0.9949 (0.9930)  last_layer_lr: 0.0000 (0.0000)  current_batch_size: 2.0000 (2.0000)  total_loss: 10.3502 (10.3760)  dino_local_crops_loss: 7.3936 (7.4096)  dino_global_crops_loss: 0.9242 (0.9264)  koleo_loss: -0.0470 (-0.0442)  ibot_loss: 2.0795 (2.0842)  time: 9.194240  data: 6.207032  max mem: 59418Training  [ 8220/20000]  eta: 1 day, 4:15:35  lr: 0.0000 (0.0000)  wd: 0.1701 (0.0860)  mom: 0.9949 (0.9930)  last_layer_lr: 0.0000 (0.0000)  current_batch_size: 2.0000 (2.0000)  total_loss: 10.3504 (10.3760)  dino_local_crops_loss: 7.3936 (7.4096)  dino_global_crops_loss: 0.9242 (0.9264)  koleo_loss: -0.0468 (-0.0442)  ibot_loss: 2.0794 (2.0842)  time: 8.485765  data: 5.484227  max mem: 59418Training  [ 8230/20000]  eta: 1 day, 4:13:44  lr: 0.0000 (0.0000)  wd: 0.1703 (0.0861)  mom: 0.9949 (0.9930)  last_layer_lr: 0.0000 (0.0000)  current_batch_size: 2.0000 (2.0000)  total_loss: 10.3501 (10.3759)  dino_local_crops_loss: 7.3936 (7.4096)  dino_global_crops_loss: 0.9242 (0.9264)  koleo_loss: -0.0471 (-0.0442)  ibot_loss: 2.0794 (2.0842)  time: 8.452578  data: 5.450994  max mem: 59418Training  [ 8240/20000]  eta: 1 day, 4:12:54  lr: 0.0000 (0.0000)  wd: 0.1706 (0.0862)  mom: 0.9949 (0.9930)  last_layer_lr: 0.0000 (0.0000)  current_batch_size: 2.0000 (2.0000)  total_loss: 10.3501 (10.3759)  dino_local_crops_loss: 7.3936 (7.4096)  dino_global_crops_loss: 0.9242 (0.9264)  koleo_loss: -0.0472 (-0.0442)  ibot_loss: 2.0794 (2.0842)  time: 9.035845  data: 6.049459  max mem: 59418Training  [ 8250/20000]  eta: 1 day, 4:10:50  lr: 0.0000 (0.0000)  wd: 0.1709 (0.0863)  mom: 0.9949 (0.9930)  last_layer_lr: 0.0000 (0.0000)  current_batch_size: 2.0000 (2.0000)  total_loss: 10.3509 (10.3759)  dino_local_crops_loss: 7.3936 (7.4095)  dino_global_crops_loss: 0.9242 (0.9264)  koleo_loss: -0.0463 (-0.0442)  ibot_loss: 2.0795 (2.0841)  time: 8.555256  data: 5.551744  max mem: 59418Training  [ 8260/20000]  eta: 1 day, 4:10:09  lr: 0.0000 (0.0000)  wd: 0.1711 (0.0864)  mom: 0.9949 (0.9930)  last_layer_lr: 0.0000 (0.0000)  current_batch_size: 2.0000 (2.0000)  total_loss: 10.3506 (10.3758)  dino_local_crops_loss: 7.3936 (7.4095)  dino_global_crops_loss: 0.9242 (0.9264)  koleo_loss: -0.0466 (-0.0442)  ibot_loss: 2.0795 (2.0841)  time: 8.926271  data: 5.921944  max mem: 59418Training  [ 8270/20000]  eta: 1 day, 4:08:25  lr: 0.0000 (0.0000)  wd: 0.1714 (0.0865)  mom: 0.9949 (0.9930)  last_layer_lr: 0.0000 (0.0000)  current_batch_size: 2.0000 (2.0000)  total_loss: 10.3506 (10.3758)  dino_local_crops_loss: 7.3936 (7.4095)  dino_global_crops_loss: 0.9242 (0.9264)  koleo_loss: -0.0467 (-0.0442)  ibot_loss: 2.0795 (2.0841)  time: 9.615023  data: 6.619371  max mem: 59418Training  [ 8280/20000]  eta: 1 day, 4:07:33  lr: 0.0000 (0.0000)  wd: 0.1717 (0.0866)  mom: 0.9949 (0.9930)  last_layer_lr: 0.0000 (0.0000)  current_batch_size: 2.0000 (2.0000)  total_loss: 10.3496 (10.3758)  dino_local_crops_loss: 7.3936 (7.4095)  dino_global_crops_loss: 0.9242 (0.9264)  koleo_loss: -0.0477 (-0.0442)  ibot_loss: 2.0795 (2.0841)  time: 9.215810  data: 6.219118  max mem: 59418Training  [ 8290/20000]  eta: 1 day, 4:05:28  lr: 0.0000 (0.0000)  wd: 0.1720 (0.0867)  mom: 0.9949 (0.9930)  last_layer_lr: 0.0000 (0.0000)  current_batch_size: 2.0000 (2.0000)  total_loss: 10.3486 (10.3757)  dino_local_crops_loss: 7.3936 (7.4095)  dino_global_crops_loss: 0.9242 (0.9264)  koleo_loss: -0.0487 (-0.0442)  ibot_loss: 2.0794 (2.0841)  time: 8.493258  data: 5.491531  max mem: 59418Training  [ 8300/20000]  eta: 1 day, 4:04:31  lr: 0.0000 (0.0000)  wd: 0.1722 (0.0868)  mom: 0.9949 (0.9930)  last_layer_lr: 0.0000 (0.0000)  current_batch_size: 2.0000 (2.0000)  total_loss: 10.3486 (10.3757)  dino_local_crops_loss: 7.3936 (7.4094)  dino_global_crops_loss: 0.9242 (0.9264)  koleo_loss: -0.0487 (-0.0442)  ibot_loss: 2.0794 (2.0841)  time: 8.304463  data: 5.289332  max mem: 59418Training  [ 8310/20000]  eta: 1 day, 4:02:42  lr: 0.0000 (0.0000)  wd: 0.1725 (0.0869)  mom: 0.9949 (0.9930)  last_layer_lr: 0.0000 (0.0000)  current_batch_size: 2.0000 (2.0000)  total_loss: 10.3474 (10.3757)  dino_local_crops_loss: 7.3936 (7.4094)  dino_global_crops_loss: 0.9242 (0.9263)  koleo_loss: -0.0498 (-0.0442)  ibot_loss: 2.0795 (2.0841)  time: 8.886412  data: 5.883902  max mem: 59418Training  [ 8320/20000]  eta: 1 day, 4:01:35  lr: 0.0000 (0.0000)  wd: 0.1728 (0.0870)  mom: 0.9950 (0.9930)  last_layer_lr: 0.0000 (0.0000)  current_batch_size: 2.0000 (2.0000)  total_loss: 10.3478 (10.3757)  dino_local_crops_loss: 7.3936 (7.4094)  dino_global_crops_loss: 0.9242 (0.9263)  koleo_loss: -0.0494 (-0.0442)  ibot_loss: 2.0795 (2.0841)  time: 8.532769  data: 5.543127  max mem: 59418Training  [ 8330/20000]  eta: 1 day, 3:59:25  lr: 0.0000 (0.0000)  wd: 0.1730 (0.0871)  mom: 0.9950 (0.9930)  last_layer_lr: 0.0000 (0.0000)  current_batch_size: 2.0000 (2.0000)  total_loss: 10.3487 (10.3756)  dino_local_crops_loss: 7.3936 (7.4094)  dino_global_crops_loss: 0.9242 (0.9263)  koleo_loss: -0.0485 (-0.0442)  ibot_loss: 2.0794 (2.0841)  time: 7.751575  data: 4.742414  max mem: 59418Training  [ 8340/20000]  eta: 1 day, 3:58:09  lr: 0.0000 (0.0000)  wd: 0.1733 (0.0872)  mom: 0.9950 (0.9930)  last_layer_lr: 0.0000 (0.0000)  current_batch_size: 2.0000 (2.0000)  total_loss: 10.3488 (10.3756)  dino_local_crops_loss: 7.3936 (7.4094)  dino_global_crops_loss: 0.9242 (0.9263)  koleo_loss: -0.0484 (-0.0442)  ibot_loss: 2.0795 (2.0841)  time: 7.446113  data: 4.431245  max mem: 59418Training  [ 8350/20000]  eta: 1 day, 3:56:56  lr: 0.0000 (0.0000)  wd: 0.1736 (0.0874)  mom: 0.9950 (0.9931)  last_layer_lr: 0.0000 (0.0000)  current_batch_size: 2.0000 (2.0000)  total_loss: 10.3499 (10.3756)  dino_local_crops_loss: 7.3936 (7.4093)  dino_global_crops_loss: 0.9242 (0.9263)  koleo_loss: -0.0474 (-0.0442)  ibot_loss: 2.0795 (2.0841)  time: 9.505851  data: 6.511297  max mem: 59418Training  [ 8360/20000]  eta: 1 day, 3:55:38  lr: 0.0000 (0.0000)  wd: 0.1739 (0.0875)  mom: 0.9950 (0.9931)  last_layer_lr: 0.0000 (0.0000)  current_batch_size: 2.0000 (2.0000)  total_loss: 10.3500 (10.3755)  dino_local_crops_loss: 7.3936 (7.4093)  dino_global_crops_loss: 0.9242 (0.9263)  koleo_loss: -0.0473 (-0.0442)  ibot_loss: 2.0795 (2.0841)  time: 9.407532  data: 6.414777  max mem: 59418Training  [ 8370/20000]  eta: 1 day, 3:54:16  lr: 0.0000 (0.0000)  wd: 0.1741 (0.0876)  mom: 0.9950 (0.9931)  last_layer_lr: 0.0000 (0.0000)  current_batch_size: 2.0000 (2.0000)  total_loss: 10.3491 (10.3755)  dino_local_crops_loss: 7.3936 (7.4093)  dino_global_crops_loss: 0.9242 (0.9263)  koleo_loss: -0.0482 (-0.0442)  ibot_loss: 2.0794 (2.0841)  time: 9.076961  data: 6.059867  max mem: 59418Training  [ 8380/20000]  eta: 1 day, 3:53:04  lr: 0.0000 (0.0000)  wd: 0.1744 (0.0877)  mom: 0.9950 (0.9931)  last_layer_lr: 0.0000 (0.0000)  current_batch_size: 2.0000 (2.0000)  total_loss: 10.3487 (10.3755)  dino_local_crops_loss: 7.3936 (7.4093)  dino_global_crops_loss: 0.9242 (0.9263)  koleo_loss: -0.0486 (-0.0442)  ibot_loss: 2.0794 (2.0841)  time: 9.341440  data: 6.310616  max mem: 59418Training  [ 8390/20000]  eta: 1 day, 3:51:18  lr: 0.0000 (0.0000)  wd: 0.1747 (0.0878)  mom: 0.9950 (0.9931)  last_layer_lr: 0.0000 (0.0000)  current_batch_size: 2.0000 (2.0000)  total_loss: 10.3501 (10.3754)  dino_local_crops_loss: 7.3936 (7.4093)  dino_global_crops_loss: 0.9242 (0.9263)  koleo_loss: -0.0471 (-0.0442)  ibot_loss: 2.0794 (2.0841)  time: 8.458652  data: 5.451641  max mem: 59418Training  [ 8400/20000]  eta: 1 day, 3:50:53  lr: 0.0000 (0.0000)  wd: 0.1750 (0.0879)  mom: 0.9950 (0.9931)  last_layer_lr: 0.0000 (0.0000)  current_batch_size: 2.0000 (2.0000)  total_loss: 10.3512 (10.3754)  dino_local_crops_loss: 7.3936 (7.4093)  dino_global_crops_loss: 0.9242 (0.9263)  koleo_loss: -0.0460 (-0.0442)  ibot_loss: 2.0795 (2.0841)  time: 10.127429  data: 7.139764  max mem: 59418Training  [ 8410/20000]  eta: 1 day, 3:49:13  lr: 0.0000 (0.0000)  wd: 0.1752 (0.0880)  mom: 0.9950 (0.9931)  last_layer_lr: 0.0000 (0.0000)  current_batch_size: 2.0000 (2.0000)  total_loss: 10.3504 (10.3754)  dino_local_crops_loss: 7.3936 (7.4092)  dino_global_crops_loss: 0.9242 (0.9263)  koleo_loss: -0.0468 (-0.0442)  ibot_loss: 2.0794 (2.0841)  time: 10.371303  data: 7.383124  max mem: 59418Training  [ 8420/20000]  eta: 1 day, 3:48:15  lr: 0.0000 (0.0000)  wd: 0.1755 (0.0881)  mom: 0.9950 (0.9931)  last_layer_lr: 0.0000 (0.0000)  current_batch_size: 2.0000 (2.0000)  total_loss: 10.3498 (10.3754)  dino_local_crops_loss: 7.3936 (7.4092)  dino_global_crops_loss: 0.9242 (0.9263)  koleo_loss: -0.0474 (-0.0442)  ibot_loss: 2.0794 (2.0841)  time: 9.192533  data: 6.204549  max mem: 59418Training  [ 8430/20000]  eta: 1 day, 3:46:17  lr: 0.0000 (0.0000)  wd: 0.1758 (0.0882)  mom: 0.9950 (0.9931)  last_layer_lr: 0.0000 (0.0000)  current_batch_size: 2.0000 (2.0000)  total_loss: 10.3514 (10.3753)  dino_local_crops_loss: 7.3936 (7.4092)  dino_global_crops_loss: 0.9242 (0.9263)  koleo_loss: -0.0458 (-0.0442)  ibot_loss: 2.0794 (2.0840)  time: 8.514269  data: 5.522891  max mem: 59418Training  [ 8440/20000]  eta: 1 day, 3:44:22  lr: 0.0000 (0.0000)  wd: 0.1761 (0.0883)  mom: 0.9950 (0.9931)  last_layer_lr: 0.0000 (0.0000)  current_batch_size: 2.0000 (2.0000)  total_loss: 10.3502 (10.3753)  dino_local_crops_loss: 7.3936 (7.4092)  dino_global_crops_loss: 0.9242 (0.9263)  koleo_loss: -0.0470 (-0.0442)  ibot_loss: 2.0795 (2.0840)  time: 6.453789  data: 3.439831  max mem: 59418Training  [ 8450/20000]  eta: 1 day, 3:43:05  lr: 0.0000 (0.0000)  wd: 0.1763 (0.0884)  mom: 0.9950 (0.9931)  last_layer_lr: 0.0000 (0.0000)  current_batch_size: 2.0000 (2.0000)  total_loss: 10.3498 (10.3753)  dino_local_crops_loss: 7.3936 (7.4092)  dino_global_crops_loss: 0.9242 (0.9263)  koleo_loss: -0.0475 (-0.0442)  ibot_loss: 2.0795 (2.0840)  time: 7.929559  data: 4.900071  max mem: 59418Training  [ 8460/20000]  eta: 1 day, 3:41:52  lr: 0.0000 (0.0000)  wd: 0.1766 (0.0885)  mom: 0.9950 (0.9931)  last_layer_lr: 0.0000 (0.0000)  current_batch_size: 2.0000 (2.0000)  total_loss: 10.3496 (10.3752)  dino_local_crops_loss: 7.3936 (7.4091)  dino_global_crops_loss: 0.9242 (0.9263)  koleo_loss: -0.0477 (-0.0442)  ibot_loss: 2.0795 (2.0840)  time: 9.458840  data: 6.450993  max mem: 59418Training  [ 8470/20000]  eta: 1 day, 3:40:17  lr: 0.0000 (0.0000)  wd: 0.1769 (0.0886)  mom: 0.9950 (0.9931)  last_layer_lr: 0.0000 (0.0000)  current_batch_size: 2.0000 (2.0000)  total_loss: 10.3498 (10.3752)  dino_local_crops_loss: 7.3936 (7.4091)  dino_global_crops_loss: 0.9242 (0.9263)  koleo_loss: -0.0475 (-0.0443)  ibot_loss: 2.0794 (2.0840)  time: 8.825195  data: 5.836170  max mem: 59418Training  [ 8480/20000]  eta: 1 day, 3:38:58  lr: 0.0000 (0.0000)  wd: 0.1772 (0.0887)  mom: 0.9950 (0.9931)  last_layer_lr: 0.0000 (0.0000)  current_batch_size: 2.0000 (2.0000)  total_loss: 10.3498 (10.3752)  dino_local_crops_loss: 7.3936 (7.4091)  dino_global_crops_loss: 0.9242 (0.9263)  koleo_loss: -0.0475 (-0.0443)  ibot_loss: 2.0794 (2.0840)  time: 8.585817  data: 5.596325  max mem: 59418Training  [ 8490/20000]  eta: 1 day, 3:38:09  lr: 0.0000 (0.0000)  wd: 0.1774 (0.0888)  mom: 0.9951 (0.9931)  last_layer_lr: 0.0000 (0.0000)  current_batch_size: 2.0000 (2.0000)  total_loss: 10.3486 (10.3752)  dino_local_crops_loss: 7.3936 (7.4091)  dino_global_crops_loss: 0.9242 (0.9263)  koleo_loss: -0.0487 (-0.0443)  ibot_loss: 2.0794 (2.0840)  time: 10.279584  data: 7.267158  max mem: 59418Training  [ 8500/20000]  eta: 1 day, 3:36:54  lr: 0.0000 (0.0000)  wd: 0.1777 (0.0889)  mom: 0.9951 (0.9931)  last_layer_lr: 0.0000 (0.0000)  current_batch_size: 2.0000 (2.0000)  total_loss: 10.3495 (10.3751)  dino_local_crops_loss: 7.3936 (7.4091)  dino_global_crops_loss: 0.9242 (0.9263)  koleo_loss: -0.0478 (-0.0443)  ibot_loss: 2.0795 (2.0840)  time: 10.451443  data: 7.432737  max mem: 59418Training  [ 8510/20000]  eta: 1 day, 3:35:43  lr: 0.0000 (0.0000)  wd: 0.1780 (0.0890)  mom: 0.9951 (0.9931)  last_layer_lr: 0.0000 (0.0000)  current_batch_size: 2.0000 (2.0000)  total_loss: 10.3509 (10.3751)  dino_local_crops_loss: 7.3936 (7.4091)  dino_global_crops_loss: 0.9242 (0.9263)  koleo_loss: -0.0464 (-0.0443)  ibot_loss: 2.0794 (2.0840)  time: 9.642760  data: 6.646726  max mem: 59418Training  [ 8520/20000]  eta: 1 day, 3:34:22  lr: 0.0000 (0.0000)  wd: 0.1783 (0.0891)  mom: 0.9951 (0.9931)  last_layer_lr: 0.0000 (0.0000)  current_batch_size: 2.0000 (2.0000)  total_loss: 10.3506 (10.3751)  dino_local_crops_loss: 7.3936 (7.4090)  dino_global_crops_loss: 0.9242 (0.9263)  koleo_loss: -0.0467 (-0.0443)  ibot_loss: 2.0794 (2.0840)  time: 9.439633  data: 6.431304  max mem: 59418Training  [ 8530/20000]  eta: 1 day, 3:33:23  lr: 0.0000 (0.0000)  wd: 0.1785 (0.0892)  mom: 0.9951 (0.9931)  last_layer_lr: 0.0000 (0.0000)  current_batch_size: 2.0000 (2.0000)  total_loss: 10.3485 (10.3750)  dino_local_crops_loss: 7.3936 (7.4090)  dino_global_crops_loss: 0.9242 (0.9263)  koleo_loss: -0.0487 (-0.0443)  ibot_loss: 2.0794 (2.0840)  time: 9.877268  data: 6.869499  max mem: 59418Training  [ 8540/20000]  eta: 1 day, 3:32:56  lr: 0.0000 (0.0000)  wd: 0.1788 (0.0893)  mom: 0.9951 (0.9931)  last_layer_lr: 0.0000 (0.0000)  current_batch_size: 2.0000 (2.0000)  total_loss: 10.3503 (10.3750)  dino_local_crops_loss: 7.3936 (7.4090)  dino_global_crops_loss: 0.9242 (0.9263)  koleo_loss: -0.0470 (-0.0443)  ibot_loss: 2.0794 (2.0840)  time: 11.891747  data: 8.904495  max mem: 59418Training  [ 8550/20000]  eta: 1 day, 3:31:05  lr: 0.0000 (0.0000)  wd: 0.1791 (0.0894)  mom: 0.9951 (0.9931)  last_layer_lr: 0.0000 (0.0000)  current_batch_size: 2.0000 (2.0000)  total_loss: 10.3512 (10.3750)  dino_local_crops_loss: 7.3936 (7.4090)  dino_global_crops_loss: 0.9242 (0.9263)  koleo_loss: -0.0460 (-0.0443)  ibot_loss: 2.0794 (2.0840)  time: 9.962981  data: 6.974556  max mem: 59418Training  [ 8560/20000]  eta: 1 day, 3:29:46  lr: 0.0000 (0.0000)  wd: 0.1794 (0.0895)  mom: 0.9951 (0.9931)  last_layer_lr: 0.0000 (0.0000)  current_batch_size: 2.0000 (2.0000)  total_loss: 10.3481 (10.3749)  dino_local_crops_loss: 7.3936 (7.4090)  dino_global_crops_loss: 0.9242 (0.9263)  koleo_loss: -0.0491 (-0.0443)  ibot_loss: 2.0795 (2.0840)  time: 7.999383  data: 5.009856  max mem: 59418Training  [ 8570/20000]  eta: 1 day, 3:28:52  lr: 0.0000 (0.0000)  wd: 0.1796 (0.0896)  mom: 0.9951 (0.9931)  last_layer_lr: 0.0000 (0.0000)  current_batch_size: 2.0000 (2.0000)  total_loss: 10.3473 (10.3749)  dino_local_crops_loss: 7.3936 (7.4089)  dino_global_crops_loss: 0.9242 (0.9263)  koleo_loss: -0.0500 (-0.0443)  ibot_loss: 2.0794 (2.0840)  time: 10.162545  data: 7.174493  max mem: 59418Training  [ 8580/20000]  eta: 1 day, 3:27:30  lr: 0.0000 (0.0000)  wd: 0.1799 (0.0898)  mom: 0.9951 (0.9931)  last_layer_lr: 0.0000 (0.0000)  current_batch_size: 2.0000 (2.0000)  total_loss: 10.3482 (10.3749)  dino_local_crops_loss: 7.3936 (7.4089)  dino_global_crops_loss: 0.9242 (0.9263)  koleo_loss: -0.0491 (-0.0443)  ibot_loss: 2.0794 (2.0840)  time: 10.049857  data: 7.059821  max mem: 59418Training  [ 8590/20000]  eta: 1 day, 3:27:01  lr: 0.0000 (0.0000)  wd: 0.1802 (0.0899)  mom: 0.9951 (0.9931)  last_layer_lr: 0.0000 (0.0000)  current_batch_size: 2.0000 (2.0000)  total_loss: 10.3506 (10.3749)  dino_local_crops_loss: 7.3936 (7.4089)  dino_global_crops_loss: 0.9242 (0.9263)  koleo_loss: -0.0467 (-0.0443)  ibot_loss: 2.0794 (2.0840)  time: 10.968009  data: 7.978652  max mem: 59418Training  [ 8600/20000]  eta: 1 day, 3:25:10  lr: 0.0000 (0.0000)  wd: 0.1805 (0.0900)  mom: 0.9951 (0.9931)  last_layer_lr: 0.0000 (0.0000)  current_batch_size: 2.0000 (2.0000)  total_loss: 10.3498 (10.3748)  dino_local_crops_loss: 7.3936 (7.4089)  dino_global_crops_loss: 0.9242 (0.9263)  koleo_loss: -0.0474 (-0.0443)  ibot_loss: 2.0794 (2.0840)  time: 9.912568  data: 6.923968  max mem: 59418Training  [ 8610/20000]  eta: 1 day, 3:24:38  lr: 0.0000 (0.0000)  wd: 0.1807 (0.0901)  mom: 0.9951 (0.9931)  last_layer_lr: 0.0000 (0.0000)  current_batch_size: 2.0000 (2.0000)  total_loss: 10.3484 (10.3748)  dino_local_crops_loss: 7.3936 (7.4089)  dino_global_crops_loss: 0.9242 (0.9263)  koleo_loss: -0.0488 (-0.0443)  ibot_loss: 2.0794 (2.0840)  time: 9.801227  data: 6.811463  max mem: 59418Training  [ 8620/20000]  eta: 1 day, 3:23:07  lr: 0.0000 (0.0000)  wd: 0.1810 (0.0902)  mom: 0.9951 (0.9931)  last_layer_lr: 0.0000 (0.0000)  current_batch_size: 2.0000 (2.0000)  total_loss: 10.3484 (10.3748)  dino_local_crops_loss: 7.3936 (7.4089)  dino_global_crops_loss: 0.9242 (0.9263)  koleo_loss: -0.0488 (-0.0443)  ibot_loss: 2.0795 (2.0839)  time: 10.558910  data: 7.571222  max mem: 59418Training  [ 8630/20000]  eta: 1 day, 3:21:32  lr: 0.0000 (0.0000)  wd: 0.1813 (0.0903)  mom: 0.9951 (0.9931)  last_layer_lr: 0.0000 (0.0000)  current_batch_size: 2.0000 (2.0000)  total_loss: 10.3484 (10.3747)  dino_local_crops_loss: 7.3936 (7.4088)  dino_global_crops_loss: 0.9242 (0.9263)  koleo_loss: -0.0489 (-0.0443)  ibot_loss: 2.0795 (2.0839)  time: 8.184752  data: 5.196198  max mem: 59418Training  [ 8640/20000]  eta: 1 day, 3:19:53  lr: 0.0000 (0.0000)  wd: 0.1816 (0.0904)  mom: 0.9951 (0.9931)  last_layer_lr: 0.0000 (0.0000)  current_batch_size: 2.0000 (2.0000)  total_loss: 10.3496 (10.3747)  dino_local_crops_loss: 7.3936 (7.4088)  dino_global_crops_loss: 0.9242 (0.9263)  koleo_loss: -0.0476 (-0.0443)  ibot_loss: 2.0794 (2.0839)  time: 7.878966  data: 4.889987  max mem: 59418Training  [ 8650/20000]  eta: 1 day, 3:18:49  lr: 0.0000 (0.0000)  wd: 0.1818 (0.0905)  mom: 0.9952 (0.9931)  last_layer_lr: 0.0000 (0.0000)  current_batch_size: 2.0000 (2.0000)  total_loss: 10.3514 (10.3747)  dino_local_crops_loss: 7.3936 (7.4088)  dino_global_crops_loss: 0.9242 (0.9263)  koleo_loss: -0.0459 (-0.0443)  ibot_loss: 2.0794 (2.0839)  time: 9.073364  data: 6.071871  max mem: 59418Training  [ 8660/20000]  eta: 1 day, 3:17:38  lr: 0.0000 (0.0000)  wd: 0.1821 (0.0906)  mom: 0.9952 (0.9931)  last_layer_lr: 0.0000 (0.0000)  current_batch_size: 2.0000 (2.0000)  total_loss: 10.3513 (10.3747)  dino_local_crops_loss: 7.3936 (7.4088)  dino_global_crops_loss: 0.9242 (0.9263)  koleo_loss: -0.0460 (-0.0443)  ibot_loss: 2.0794 (2.0839)  time: 10.114779  data: 7.107217  max mem: 59418Training  [ 8670/20000]  eta: 1 day, 3:15:45  lr: 0.0000 (0.0000)  wd: 0.1824 (0.0907)  mom: 0.9952 (0.9931)  last_layer_lr: 0.0000 (0.0000)  current_batch_size: 2.0000 (2.0000)  total_loss: 10.3500 (10.3746)  dino_local_crops_loss: 7.3936 (7.4088)  dino_global_crops_loss: 0.9242 (0.9263)  koleo_loss: -0.0472 (-0.0443)  ibot_loss: 2.0795 (2.0839)  time: 8.260074  data: 5.267301  max mem: 59418Training  [ 8680/20000]  eta: 1 day, 3:14:21  lr: 0.0000 (0.0000)  wd: 0.1827 (0.0908)  mom: 0.9952 (0.9931)  last_layer_lr: 0.0000 (0.0000)  current_batch_size: 2.0000 (2.0000)  total_loss: 10.3515 (10.3746)  dino_local_crops_loss: 7.3936 (7.4088)  dino_global_crops_loss: 0.9242 (0.9263)  koleo_loss: -0.0457 (-0.0443)  ibot_loss: 2.0795 (2.0839)  time: 7.751552  data: 4.765262  max mem: 59418Training  [ 8690/20000]  eta: 1 day, 3:13:24  lr: 0.0000 (0.0000)  wd: 0.1829 (0.0909)  mom: 0.9952 (0.9931)  last_layer_lr: 0.0000 (0.0000)  current_batch_size: 2.0000 (2.0000)  total_loss: 10.3515 (10.3746)  dino_local_crops_loss: 7.3936 (7.4087)  dino_global_crops_loss: 0.9242 (0.9263)  koleo_loss: -0.0457 (-0.0443)  ibot_loss: 2.0794 (2.0839)  time: 9.887964  data: 6.900945  max mem: 59418Training  [ 8700/20000]  eta: 1 day, 3:11:57  lr: 0.0000 (0.0000)  wd: 0.1832 (0.0910)  mom: 0.9952 (0.9931)  last_layer_lr: 0.0000 (0.0000)  current_batch_size: 2.0000 (2.0000)  total_loss: 10.3493 (10.3746)  dino_local_crops_loss: 7.3936 (7.4087)  dino_global_crops_loss: 0.9242 (0.9263)  koleo_loss: -0.0479 (-0.0443)  ibot_loss: 2.0794 (2.0839)  time: 9.782133  data: 6.771892  max mem: 59418Training  [ 8710/20000]  eta: 1 day, 3:10:21  lr: 0.0000 (0.0000)  wd: 0.1835 (0.0911)  mom: 0.9952 (0.9931)  last_layer_lr: 0.0000 (0.0000)  current_batch_size: 2.0000 (2.0000)  total_loss: 10.3483 (10.3745)  dino_local_crops_loss: 7.3936 (7.4087)  dino_global_crops_loss: 0.9242 (0.9263)  koleo_loss: -0.0490 (-0.0443)  ibot_loss: 2.0795 (2.0839)  time: 8.276085  data: 5.242954  max mem: 59418Training  [ 8720/20000]  eta: 1 day, 3:08:22  lr: 0.0000 (0.0000)  wd: 0.1838 (0.0912)  mom: 0.9952 (0.9931)  last_layer_lr: 0.0000 (0.0000)  current_batch_size: 2.0000 (2.0000)  total_loss: 10.3483 (10.3745)  dino_local_crops_loss: 7.3936 (7.4087)  dino_global_crops_loss: 0.9242 (0.9262)  koleo_loss: -0.0490 (-0.0443)  ibot_loss: 2.0795 (2.0839)  time: 7.051572  data: 4.038346  max mem: 59418Training  [ 8730/20000]  eta: 1 day, 3:07:22  lr: 0.0000 (0.0000)  wd: 0.1841 (0.0913)  mom: 0.9952 (0.9931)  last_layer_lr: 0.0000 (0.0000)  current_batch_size: 2.0000 (2.0000)  total_loss: 10.3503 (10.3745)  dino_local_crops_loss: 7.3936 (7.4087)  dino_global_crops_loss: 0.9242 (0.9262)  koleo_loss: -0.0470 (-0.0443)  ibot_loss: 2.0794 (2.0839)  time: 8.457522  data: 5.467075  max mem: 59418Training  [ 8740/20000]  eta: 1 day, 3:05:43  lr: 0.0000 (0.0000)  wd: 0.1843 (0.0915)  mom: 0.9952 (0.9931)  last_layer_lr: 0.0000 (0.0000)  current_batch_size: 2.0000 (2.0000)  total_loss: 10.3512 (10.3744)  dino_local_crops_loss: 7.3936 (7.4086)  dino_global_crops_loss: 0.9242 (0.9262)  koleo_loss: -0.0461 (-0.0443)  ibot_loss: 2.0794 (2.0839)  time: 9.220373  data: 6.226789  max mem: 59418Training  [ 8750/20000]  eta: 1 day, 3:04:16  lr: 0.0000 (0.0000)  wd: 0.1846 (0.0916)  mom: 0.9952 (0.9931)  last_layer_lr: 0.0000 (0.0000)  current_batch_size: 2.0000 (2.0000)  total_loss: 10.3512 (10.3744)  dino_local_crops_loss: 7.3936 (7.4086)  dino_global_crops_loss: 0.9242 (0.9262)  koleo_loss: -0.0461 (-0.0443)  ibot_loss: 2.0794 (2.0839)  time: 8.172565  data: 5.179493  max mem: 59418Training  [ 8760/20000]  eta: 1 day, 3:03:30  lr: 0.0000 (0.0000)  wd: 0.1849 (0.0917)  mom: 0.9952 (0.9931)  last_layer_lr: 0.0000 (0.0000)  current_batch_size: 2.0000 (2.0000)  total_loss: 10.3513 (10.3744)  dino_local_crops_loss: 7.3936 (7.4086)  dino_global_crops_loss: 0.9242 (0.9262)  koleo_loss: -0.0460 (-0.0443)  ibot_loss: 2.0794 (2.0839)  time: 10.218721  data: 7.231669  max mem: 59418Training  [ 8770/20000]  eta: 1 day, 3:02:17  lr: 0.0000 (0.0000)  wd: 0.1852 (0.0918)  mom: 0.9952 (0.9932)  last_layer_lr: 0.0000 (0.0000)  current_batch_size: 2.0000 (2.0000)  total_loss: 10.3500 (10.3744)  dino_local_crops_loss: 7.3936 (7.4086)  dino_global_crops_loss: 0.9242 (0.9262)  koleo_loss: -0.0472 (-0.0443)  ibot_loss: 2.0794 (2.0839)  time: 10.764547  data: 7.776782  max mem: 59418Training  [ 8780/20000]  eta: 1 day, 3:00:40  lr: 0.0000 (0.0000)  wd: 0.1854 (0.0919)  mom: 0.9952 (0.9932)  last_layer_lr: 0.0000 (0.0000)  current_batch_size: 2.0000 (2.0000)  total_loss: 10.3491 (10.3743)  dino_local_crops_loss: 7.3936 (7.4086)  dino_global_crops_loss: 0.9242 (0.9262)  koleo_loss: -0.0482 (-0.0443)  ibot_loss: 2.0794 (2.0839)  time: 8.833694  data: 5.835215  max mem: 59418Training  [ 8790/20000]  eta: 1 day, 2:58:39  lr: 0.0000 (0.0000)  wd: 0.1857 (0.0920)  mom: 0.9952 (0.9932)  last_layer_lr: 0.0000 (0.0000)  current_batch_size: 2.0000 (2.0000)  total_loss: 10.3512 (10.3743)  dino_local_crops_loss: 7.3936 (7.4086)  dino_global_crops_loss: 0.9242 (0.9262)  koleo_loss: -0.0460 (-0.0443)  ibot_loss: 2.0794 (2.0839)  time: 6.942975  data: 3.945823  max mem: 59418Training  [ 8800/20000]  eta: 1 day, 2:57:29  lr: 0.0000 (0.0000)  wd: 0.1860 (0.0921)  mom: 0.9952 (0.9932)  last_layer_lr: 0.0000 (0.0000)  current_batch_size: 2.0000 (2.0000)  total_loss: 10.3508 (10.3743)  dino_local_crops_loss: 7.3936 (7.4085)  dino_global_crops_loss: 0.9242 (0.9262)  koleo_loss: -0.0464 (-0.0443)  ibot_loss: 2.0794 (2.0839)  time: 7.966456  data: 4.977436  max mem: 59418Training  [ 8810/20000]  eta: 1 day, 2:56:32  lr: 0.0000 (0.0000)  wd: 0.1863 (0.0922)  mom: 0.9953 (0.9932)  last_layer_lr: 0.0000 (0.0000)  current_batch_size: 2.0000 (2.0000)  total_loss: 10.3502 (10.3743)  dino_local_crops_loss: 7.3936 (7.4085)  dino_global_crops_loss: 0.9242 (0.9262)  koleo_loss: -0.0471 (-0.0443)  ibot_loss: 2.0794 (2.0838)  time: 10.474386  data: 7.483197  max mem: 59418Training  [ 8820/20000]  eta: 1 day, 2:55:18  lr: 0.0000 (0.0000)  wd: 0.1865 (0.0923)  mom: 0.9953 (0.9932)  last_layer_lr: 0.0000 (0.0000)  current_batch_size: 2.0000 (2.0000)  total_loss: 10.3485 (10.3742)  dino_local_crops_loss: 7.3936 (7.4085)  dino_global_crops_loss: 0.9242 (0.9262)  koleo_loss: -0.0488 (-0.0443)  ibot_loss: 2.0794 (2.0838)  time: 10.330223  data: 7.342031  max mem: 59418Training  [ 8830/20000]  eta: 1 day, 2:54:08  lr: 0.0000 (0.0000)  wd: 0.1868 (0.0924)  mom: 0.9953 (0.9932)  last_layer_lr: 0.0000 (0.0000)  current_batch_size: 2.0000 (2.0000)  total_loss: 10.3485 (10.3742)  dino_local_crops_loss: 7.3936 (7.4085)  dino_global_crops_loss: 0.9242 (0.9262)  koleo_loss: -0.0488 (-0.0443)  ibot_loss: 2.0794 (2.0838)  time: 9.838646  data: 6.852386  max mem: 59418Training  [ 8840/20000]  eta: 1 day, 2:53:38  lr: 0.0000 (0.0000)  wd: 0.1871 (0.0925)  mom: 0.9953 (0.9932)  last_layer_lr: 0.0000 (0.0000)  current_batch_size: 2.0000 (2.0000)  total_loss: 10.3484 (10.3742)  dino_local_crops_loss: 7.3936 (7.4085)  dino_global_crops_loss: 0.9242 (0.9262)  koleo_loss: -0.0488 (-0.0444)  ibot_loss: 2.0794 (2.0838)  time: 11.561682  data: 8.574499  max mem: 59418Training  [ 8850/20000]  eta: 1 day, 2:52:00  lr: 0.0000 (0.0000)  wd: 0.1874 (0.0926)  mom: 0.9953 (0.9932)  last_layer_lr: 0.0000 (0.0000)  current_batch_size: 2.0000 (2.0000)  total_loss: 10.3490 (10.3742)  dino_local_crops_loss: 7.3936 (7.4085)  dino_global_crops_loss: 0.9242 (0.9262)  koleo_loss: -0.0482 (-0.0444)  ibot_loss: 2.0794 (2.0838)  time: 10.448985  data: 7.460373  max mem: 59418Training  [ 8860/20000]  eta: 1 day, 2:50:44  lr: 0.0000 (0.0000)  wd: 0.1877 (0.0927)  mom: 0.9953 (0.9932)  last_layer_lr: 0.0000 (0.0000)  current_batch_size: 2.0000 (2.0000)  total_loss: 10.3479 (10.3741)  dino_local_crops_loss: 7.3936 (7.4084)  dino_global_crops_loss: 0.9242 (0.9262)  koleo_loss: -0.0493 (-0.0444)  ibot_loss: 2.0795 (2.0838)  time: 8.645411  data: 5.641029  max mem: 59418Training  [ 8870/20000]  eta: 1 day, 2:48:50  lr: 0.0000 (0.0000)  wd: 0.1879 (0.0928)  mom: 0.9953 (0.9932)  last_layer_lr: 0.0000 (0.0000)  current_batch_size: 2.0000 (2.0000)  total_loss: 10.3478 (10.3741)  dino_local_crops_loss: 7.3936 (7.4084)  dino_global_crops_loss: 0.9242 (0.9262)  koleo_loss: -0.0494 (-0.0444)  ibot_loss: 2.0794 (2.0838)  time: 8.023248  data: 5.020212  max mem: 59418Training  [ 8880/20000]  eta: 1 day, 2:48:18  lr: 0.0000 (0.0000)  wd: 0.1882 (0.0929)  mom: 0.9953 (0.9932)  last_layer_lr: 0.0000 (0.0000)  current_batch_size: 2.0000 (2.0000)  total_loss: 10.3495 (10.3741)  dino_local_crops_loss: 7.3936 (7.4084)  dino_global_crops_loss: 0.9242 (0.9262)  koleo_loss: -0.0478 (-0.0444)  ibot_loss: 2.0794 (2.0838)  time: 9.799747  data: 6.813509  max mem: 59418Training  [ 8890/20000]  eta: 1 day, 2:46:55  lr: 0.0000 (0.0000)  wd: 0.1885 (0.0931)  mom: 0.9953 (0.9932)  last_layer_lr: 0.0000 (0.0000)  current_batch_size: 2.0000 (2.0000)  total_loss: 10.3488 (10.3740)  dino_local_crops_loss: 7.3936 (7.4084)  dino_global_crops_loss: 0.9242 (0.9262)  koleo_loss: -0.0485 (-0.0444)  ibot_loss: 2.0794 (2.0838)  time: 11.017872  data: 8.011161  max mem: 59418Training  [ 8900/20000]  eta: 1 day, 2:45:27  lr: 0.0000 (0.0000)  wd: 0.1888 (0.0932)  mom: 0.9953 (0.9932)  last_layer_lr: 0.0000 (0.0000)  current_batch_size: 2.0000 (2.0000)  total_loss: 10.3500 (10.3740)  dino_local_crops_loss: 7.3936 (7.4084)  dino_global_crops_loss: 0.9242 (0.9262)  koleo_loss: -0.0472 (-0.0444)  ibot_loss: 2.0794 (2.0838)  time: 8.787439  data: 5.741247  max mem: 59418Training  [ 8910/20000]  eta: 1 day, 2:43:25  lr: 0.0000 (0.0000)  wd: 0.1891 (0.0933)  mom: 0.9953 (0.9932)  last_layer_lr: 0.0000 (0.0000)  current_batch_size: 2.0000 (2.0000)  total_loss: 10.3497 (10.3740)  dino_local_crops_loss: 7.3936 (7.4084)  dino_global_crops_loss: 0.9242 (0.9262)  koleo_loss: -0.0475 (-0.0444)  ibot_loss: 2.0794 (2.0838)  time: 7.219106  data: 4.190831  max mem: 59418Training  [ 8920/20000]  eta: 1 day, 2:41:55  lr: 0.0000 (0.0000)  wd: 0.1893 (0.0934)  mom: 0.9953 (0.9932)  last_layer_lr: 0.0000 (0.0000)  current_batch_size: 2.0000 (2.0000)  total_loss: 10.3483 (10.3740)  dino_local_crops_loss: 7.3936 (7.4083)  dino_global_crops_loss: 0.9242 (0.9262)  koleo_loss: -0.0489 (-0.0444)  ibot_loss: 2.0794 (2.0838)  time: 7.116449  data: 4.114104  max mem: 59418Training  [ 8930/20000]  eta: 1 day, 2:41:09  lr: 0.0000 (0.0000)  wd: 0.1896 (0.0935)  mom: 0.9953 (0.9932)  last_layer_lr: 0.0000 (0.0000)  current_batch_size: 2.0000 (2.0000)  total_loss: 10.3502 (10.3739)  dino_local_crops_loss: 7.3936 (7.4083)  dino_global_crops_loss: 0.9242 (0.9262)  koleo_loss: -0.0470 (-0.0444)  ibot_loss: 2.0794 (2.0838)  time: 10.172037  data: 7.166457  max mem: 59418Training  [ 8940/20000]  eta: 1 day, 2:39:00  lr: 0.0000 (0.0000)  wd: 0.1899 (0.0936)  mom: 0.9953 (0.9932)  last_layer_lr: 0.0000 (0.0000)  current_batch_size: 2.0000 (2.0000)  total_loss: 10.3510 (10.3739)  dino_local_crops_loss: 7.3936 (7.4083)  dino_global_crops_loss: 0.9242 (0.9262)  koleo_loss: -0.0462 (-0.0444)  ibot_loss: 2.0794 (2.0838)  time: 8.591481  data: 5.599483  max mem: 59418Training  [ 8950/20000]  eta: 1 day, 2:37:58  lr: 0.0000 (0.0000)  wd: 0.1902 (0.0937)  mom: 0.9953 (0.9932)  last_layer_lr: 0.0000 (0.0000)  current_batch_size: 2.0000 (2.0000)  total_loss: 10.3512 (10.3739)  dino_local_crops_loss: 7.3936 (7.4083)  dino_global_crops_loss: 0.9242 (0.9262)  koleo_loss: -0.0461 (-0.0444)  ibot_loss: 2.0794 (2.0838)  time: 7.988159  data: 5.000199  max mem: 59418Training  [ 8960/20000]  eta: 1 day, 2:36:24  lr: 0.0000 (0.0000)  wd: 0.1904 (0.0938)  mom: 0.9953 (0.9932)  last_layer_lr: 0.0000 (0.0000)  current_batch_size: 2.0000 (2.0000)  total_loss: 10.3496 (10.3739)  dino_local_crops_loss: 7.3936 (7.4083)  dino_global_crops_loss: 0.9242 (0.9262)  koleo_loss: -0.0477 (-0.0444)  ibot_loss: 2.0794 (2.0838)  time: 9.392487  data: 6.403361  max mem: 59418Training  [ 8970/20000]  eta: 1 day, 2:34:54  lr: 0.0000 (0.0000)  wd: 0.1907 (0.0939)  mom: 0.9953 (0.9932)  last_layer_lr: 0.0000 (0.0000)  current_batch_size: 2.0000 (2.0000)  total_loss: 10.3495 (10.3738)  dino_local_crops_loss: 7.3936 (7.4083)  dino_global_crops_loss: 0.9242 (0.9262)  koleo_loss: -0.0478 (-0.0444)  ibot_loss: 2.0794 (2.0838)  time: 8.237049  data: 5.249160  max mem: 59418Training  [ 8980/20000]  eta: 1 day, 2:33:16  lr: 0.0000 (0.0000)  wd: 0.1910 (0.0940)  mom: 0.9954 (0.9932)  last_layer_lr: 0.0000 (0.0000)  current_batch_size: 2.0000 (2.0000)  total_loss: 10.3497 (10.3738)  dino_local_crops_loss: 7.3936 (7.4082)  dino_global_crops_loss: 0.9242 (0.9262)  koleo_loss: -0.0475 (-0.0444)  ibot_loss: 2.0794 (2.0838)  time: 8.091759  data: 5.091670  max mem: 59418Training  [ 8990/20000]  eta: 1 day, 2:32:08  lr: 0.0000 (0.0000)  wd: 0.1913 (0.0941)  mom: 0.9954 (0.9932)  last_layer_lr: 0.0000 (0.0000)  current_batch_size: 2.0000 (2.0000)  total_loss: 10.3493 (10.3738)  dino_local_crops_loss: 7.3936 (7.4082)  dino_global_crops_loss: 0.9242 (0.9262)  koleo_loss: -0.0479 (-0.0444)  ibot_loss: 2.0794 (2.0838)  time: 8.990225  data: 5.989955  max mem: 59418I20260520 18:52:22 279768 fvcore.common.checkpoint __init__.py:109] Saving checkpoint to /sci/labs/arieljaffe/dan.abergel1/repos/FAIR_official/outputs/dinov2_fmri_20260519_211051/model_0008999.rank_0.pth
Training  [ 9000/20000]  eta: 1 day, 2:30:04  lr: 0.0000 (0.0000)  wd: 0.1916 (0.0942)  mom: 0.9954 (0.9932)  last_layer_lr: 0.0000 (0.0000)  current_batch_size: 2.0000 (2.0000)  total_loss: 10.3484 (10.3738)  dino_local_crops_loss: 7.3936 (7.4082)  dino_global_crops_loss: 0.9242 (0.9262)  koleo_loss: -0.0488 (-0.0444)  ibot_loss: 2.0794 (2.0838)  time: 7.926395  data: 4.832738  max mem: 59418Training  [ 9010/20000]  eta: 1 day, 2:28:36  lr: 0.0000 (0.0000)  wd: 0.1918 (0.0944)  mom: 0.9954 (0.9932)  last_layer_lr: 0.0000 (0.0000)  current_batch_size: 2.0000 (2.0000)  total_loss: 10.3489 (10.3737)  dino_local_crops_loss: 7.3936 (7.4082)  dino_global_crops_loss: 0.9242 (0.9262)  koleo_loss: -0.0483 (-0.0444)  ibot_loss: 2.0794 (2.0838)  time: 7.092825  data: 3.999454  max mem: 59418Training  [ 9020/20000]  eta: 1 day, 2:27:04  lr: 0.0000 (0.0000)  wd: 0.1921 (0.0945)  mom: 0.9954 (0.9932)  last_layer_lr: 0.0000 (0.0000)  current_batch_size: 2.0000 (2.0000)  total_loss: 10.3479 (10.3737)  dino_local_crops_loss: 7.3936 (7.4082)  dino_global_crops_loss: 0.9242 (0.9262)  koleo_loss: -0.0493 (-0.0444)  ibot_loss: 2.0794 (2.0837)  time: 8.390791  data: 5.404448  max mem: 59418Training  [ 9030/20000]  eta: 1 day, 2:25:47  lr: 0.0000 (0.0000)  wd: 0.1924 (0.0946)  mom: 0.9954 (0.9932)  last_layer_lr: 0.0000 (0.0000)  current_batch_size: 2.0000 (2.0000)  total_loss: 10.3488 (10.3737)  dino_local_crops_loss: 7.3936 (7.4082)  dino_global_crops_loss: 0.9242 (0.9262)  koleo_loss: -0.0484 (-0.0444)  ibot_loss: 2.0794 (2.0837)  time: 8.860062  data: 5.871301  max mem: 59418Training  [ 9040/20000]  eta: 1 day, 2:24:15  lr: 0.0000 (0.0000)  wd: 0.1927 (0.0947)  mom: 0.9954 (0.9932)  last_layer_lr: 0.0000 (0.0000)  current_batch_size: 2.0000 (2.0000)  total_loss: 10.3500 (10.3736)  dino_local_crops_loss: 7.3936 (7.4081)  dino_global_crops_loss: 0.9242 (0.9262)  koleo_loss: -0.0473 (-0.0444)  ibot_loss: 2.0794 (2.0837)  time: 8.860044  data: 5.869544  max mem: 59418Training  [ 9050/20000]  eta: 1 day, 2:22:54  lr: 0.0000 (0.0000)  wd: 0.1930 (0.0948)  mom: 0.9954 (0.9932)  last_layer_lr: 0.0000 (0.0000)  current_batch_size: 2.0000 (2.0000)  total_loss: 10.3502 (10.3736)  dino_local_crops_loss: 7.3936 (7.4081)  dino_global_crops_loss: 0.9242 (0.9262)  koleo_loss: -0.0470 (-0.0444)  ibot_loss: 2.0794 (2.0837)  time: 8.699083  data: 5.710595  max mem: 59418Training  [ 9060/20000]  eta: 1 day, 2:21:45  lr: 0.0000 (0.0000)  wd: 0.1932 (0.0949)  mom: 0.9954 (0.9932)  last_layer_lr: 0.0000 (0.0000)  current_batch_size: 2.0000 (2.0000)  total_loss: 10.3499 (10.3736)  dino_local_crops_loss: 7.3936 (7.4081)  dino_global_crops_loss: 0.9242 (0.9262)  koleo_loss: -0.0474 (-0.0444)  ibot_loss: 2.0794 (2.0837)  time: 9.639170  data: 6.651597  max mem: 59418Training  [ 9070/20000]  eta: 1 day, 2:21:08  lr: 0.0000 (0.0000)  wd: 0.1935 (0.0950)  mom: 0.9954 (0.9932)  last_layer_lr: 0.0000 (0.0000)  current_batch_size: 2.0000 (2.0000)  total_loss: 10.3499 (10.3736)  dino_local_crops_loss: 7.3936 (7.4081)  dino_global_crops_loss: 0.9242 (0.9262)  koleo_loss: -0.0474 (-0.0444)  ibot_loss: 2.0795 (2.0837)  time: 11.464377  data: 8.477148  max mem: 59418Training  [ 9080/20000]  eta: 1 day, 2:20:02  lr: 0.0000 (0.0000)  wd: 0.1938 (0.0951)  mom: 0.9954 (0.9932)  last_layer_lr: 0.0000 (0.0000)  current_batch_size: 2.0000 (2.0000)  total_loss: 10.3495 (10.3735)  dino_local_crops_loss: 7.3936 (7.4081)  dino_global_crops_loss: 0.9242 (0.9262)  koleo_loss: -0.0478 (-0.0444)  ibot_loss: 2.0794 (2.0837)  time: 11.637472  data: 8.650247  max mem: 59418Training  [ 9090/20000]  eta: 1 day, 2:19:04  lr: 0.0000 (0.0000)  wd: 0.1941 (0.0952)  mom: 0.9954 (0.9932)  last_layer_lr: 0.0000 (0.0000)  current_batch_size: 2.0000 (2.0000)  total_loss: 10.3509 (10.3735)  dino_local_crops_loss: 7.3936 (7.4081)  dino_global_crops_loss: 0.9242 (0.9262)  koleo_loss: -0.0464 (-0.0444)  ibot_loss: 2.0794 (2.0837)  time: 10.744524  data: 7.755785  max mem: 59418Training  [ 9100/20000]  eta: 1 day, 2:17:18  lr: 0.0000 (0.0000)  wd: 0.1944 (0.0953)  mom: 0.9954 (0.9932)  last_layer_lr: 0.0000 (0.0000)  current_batch_size: 2.0000 (2.0000)  total_loss: 10.3488 (10.3735)  dino_local_crops_loss: 7.3936 (7.4081)  dino_global_crops_loss: 0.9242 (0.9262)  koleo_loss: -0.0484 (-0.0444)  ibot_loss: 2.0794 (2.0837)  time: 9.064310  data: 6.074731  max mem: 59418Training  [ 9110/20000]  eta: 1 day, 2:16:09  lr: 0.0000 (0.0000)  wd: 0.1946 (0.0954)  mom: 0.9954 (0.9932)  last_layer_lr: 0.0000 (0.0000)  current_batch_size: 2.0000 (2.0000)  total_loss: 10.3483 (10.3735)  dino_local_crops_loss: 7.3936 (7.4080)  dino_global_crops_loss: 0.9242 (0.9262)  koleo_loss: -0.0489 (-0.0444)  ibot_loss: 2.0794 (2.0837)  time: 8.629239  data: 5.638124  max mem: 59418Training  [ 9120/20000]  eta: 1 day, 2:14:36  lr: 0.0000 (0.0000)  wd: 0.1949 (0.0956)  mom: 0.9954 (0.9932)  last_layer_lr: 0.0000 (0.0000)  current_batch_size: 2.0000 (2.0000)  total_loss: 10.3510 (10.3734)  dino_local_crops_loss: 7.3936 (7.4080)  dino_global_crops_loss: 0.9242 (0.9262)  koleo_loss: -0.0462 (-0.0444)  ibot_loss: 2.0794 (2.0837)  time: 9.191736  data: 6.197055  max mem: 59418Training  [ 9130/20000]  eta: 1 day, 2:14:00  lr: 0.0000 (0.0000)  wd: 0.1952 (0.0957)  mom: 0.9954 (0.9932)  last_layer_lr: 0.0000 (0.0000)  current_batch_size: 2.0000 (2.0000)  total_loss: 10.3499 (10.3734)  dino_local_crops_loss: 7.3936 (7.4080)  dino_global_crops_loss: 0.9242 (0.9262)  koleo_loss: -0.0473 (-0.0444)  ibot_loss: 2.0794 (2.0837)  time: 10.582419  data: 7.589724  max mem: 59418Training  [ 9140/20000]  eta: 1 day, 2:12:44  lr: 0.0000 (0.0000)  wd: 0.1955 (0.0958)  mom: 0.9955 (0.9932)  last_layer_lr: 0.0000 (0.0000)  current_batch_size: 2.0000 (2.0000)  total_loss: 10.3502 (10.3734)  dino_local_crops_loss: 7.3936 (7.4080)  dino_global_crops_loss: 0.9242 (0.9262)  koleo_loss: -0.0471 (-0.0444)  ibot_loss: 2.0794 (2.0837)  time: 11.276449  data: 8.288885  max mem: 59418Training  [ 9150/20000]  eta: 1 day, 2:11:28  lr: 0.0000 (0.0000)  wd: 0.1958 (0.0959)  mom: 0.9955 (0.9932)  last_layer_lr: 0.0000 (0.0000)  current_batch_size: 2.0000 (2.0000)  total_loss: 10.3502 (10.3734)  dino_local_crops_loss: 7.3936 (7.4080)  dino_global_crops_loss: 0.9242 (0.9262)  koleo_loss: -0.0471 (-0.0444)  ibot_loss: 2.0794 (2.0837)  time: 9.594685  data: 6.606654  max mem: 59418Training  [ 9160/20000]  eta: 1 day, 2:10:12  lr: 0.0000 (0.0000)  wd: 0.1960 (0.0960)  mom: 0.9955 (0.9932)  last_layer_lr: 0.0000 (0.0000)  current_batch_size: 2.0000 (2.0000)  total_loss: 10.3490 (10.3733)  dino_local_crops_loss: 7.3936 (7.4080)  dino_global_crops_loss: 0.9242 (0.9262)  koleo_loss: -0.0483 (-0.0445)  ibot_loss: 2.0794 (2.0837)  time: 9.580000  data: 6.585771  max mem: 59418Training  [ 9170/20000]  eta: 1 day, 2:09:27  lr: 0.0000 (0.0000)  wd: 0.1963 (0.0961)  mom: 0.9955 (0.9932)  last_layer_lr: 0.0000 (0.0000)  current_batch_size: 2.0000 (2.0000)  total_loss: 10.3481 (10.3733)  dino_local_crops_loss: 7.3936 (7.4079)  dino_global_crops_loss: 0.9242 (0.9261)  koleo_loss: -0.0491 (-0.0445)  ibot_loss: 2.0794 (2.0837)  time: 10.944637  data: 7.951962  max mem: 59418Training  [ 9180/20000]  eta: 1 day, 2:07:29  lr: 0.0000 (0.0000)  wd: 0.1966 (0.0962)  mom: 0.9955 (0.9932)  last_layer_lr: 0.0000 (0.0000)  current_batch_size: 2.0000 (2.0000)  total_loss: 10.3496 (10.3733)  dino_local_crops_loss: 7.3936 (7.4079)  dino_global_crops_loss: 0.9242 (0.9261)  koleo_loss: -0.0476 (-0.0445)  ibot_loss: 2.0794 (2.0837)  time: 9.154409  data: 6.165130  max mem: 59418Training  [ 9190/20000]  eta: 1 day, 2:06:09  lr: 0.0000 (0.0000)  wd: 0.1969 (0.0963)  mom: 0.9955 (0.9933)  last_layer_lr: 0.0000 (0.0000)  current_batch_size: 2.0000 (2.0000)  total_loss: 10.3493 (10.3733)  dino_local_crops_loss: 7.3936 (7.4079)  dino_global_crops_loss: 0.9242 (0.9261)  koleo_loss: -0.0479 (-0.0445)  ibot_loss: 2.0794 (2.0837)  time: 7.650044  data: 4.659484  max mem: 59418Training  [ 9200/20000]  eta: 1 day, 2:04:11  lr: 0.0000 (0.0000)  wd: 0.1972 (0.0964)  mom: 0.9955 (0.9933)  last_layer_lr: 0.0000 (0.0000)  current_batch_size: 2.0000 (2.0000)  total_loss: 10.3490 (10.3732)  dino_local_crops_loss: 7.3936 (7.4079)  dino_global_crops_loss: 0.9242 (0.9261)  koleo_loss: -0.0483 (-0.0445)  ibot_loss: 2.0794 (2.0837)  time: 7.657772  data: 4.668001  max mem: 59418Training  [ 9210/20000]  eta: 1 day, 2:02:43  lr: 0.0000 (0.0000)  wd: 0.1974 (0.0965)  mom: 0.9955 (0.9933)  last_layer_lr: 0.0000 (0.0000)  current_batch_size: 2.0000 (2.0000)  total_loss: 10.3493 (10.3732)  dino_local_crops_loss: 7.3936 (7.4079)  dino_global_crops_loss: 0.9242 (0.9261)  koleo_loss: -0.0480 (-0.0445)  ibot_loss: 2.0794 (2.0837)  time: 7.301198  data: 4.305162  max mem: 59418Training  [ 9220/20000]  eta: 1 day, 2:00:46  lr: 0.0000 (0.0000)  wd: 0.1977 (0.0966)  mom: 0.9955 (0.9933)  last_layer_lr: 0.0000 (0.0000)  current_batch_size: 2.0000 (2.0000)  total_loss: 10.3513 (10.3732)  dino_local_crops_loss: 7.3936 (7.4079)  dino_global_crops_loss: 0.9242 (0.9261)  koleo_loss: -0.0460 (-0.0445)  ibot_loss: 2.0794 (2.0837)  time: 7.361909  data: 4.367012  max mem: 59418Training  [ 9230/20000]  eta: 1 day, 1:59:24  lr: 0.0000 (0.0000)  wd: 0.1980 (0.0968)  mom: 0.9955 (0.9933)  last_layer_lr: 0.0000 (0.0000)  current_batch_size: 2.0000 (2.0000)  total_loss: 10.3500 (10.3732)  dino_local_crops_loss: 7.3936 (7.4078)  dino_global_crops_loss: 0.9242 (0.9261)  koleo_loss: -0.0473 (-0.0445)  ibot_loss: 2.0794 (2.0836)  time: 7.632973  data: 4.644344  max mem: 59418Training  [ 9240/20000]  eta: 1 day, 1:58:13  lr: 0.0000 (0.0000)  wd: 0.1983 (0.0969)  mom: 0.9955 (0.9933)  last_layer_lr: 0.0000 (0.0000)  current_batch_size: 2.0000 (2.0000)  total_loss: 10.3490 (10.3731)  dino_local_crops_loss: 7.3936 (7.4078)  dino_global_crops_loss: 0.9242 (0.9261)  koleo_loss: -0.0483 (-0.0445)  ibot_loss: 2.0794 (2.0836)  time: 9.598393  data: 6.605987  max mem: 59418Training  [ 9250/20000]  eta: 1 day, 1:57:19  lr: 0.0000 (0.0000)  wd: 0.1986 (0.0970)  mom: 0.9955 (0.9933)  last_layer_lr: 0.0000 (0.0000)  current_batch_size: 2.0000 (2.0000)  total_loss: 10.3495 (10.3731)  dino_local_crops_loss: 7.3936 (7.4078)  dino_global_crops_loss: 0.9242 (0.9261)  koleo_loss: -0.0478 (-0.0445)  ibot_loss: 2.0794 (2.0836)  time: 10.766193  data: 7.765707  max mem: 59418Training  [ 9260/20000]  eta: 1 day, 1:55:47  lr: 0.0000 (0.0000)  wd: 0.1988 (0.0971)  mom: 0.9955 (0.9933)  last_layer_lr: 0.0000 (0.0000)  current_batch_size: 2.0000 (2.0000)  total_loss: 10.3503 (10.3731)  dino_local_crops_loss: 7.3936 (7.4078)  dino_global_crops_loss: 0.9242 (0.9261)  koleo_loss: -0.0469 (-0.0445)  ibot_loss: 2.0794 (2.0836)  time: 9.861291  data: 6.863736  max mem: 59418Training  [ 9270/20000]  eta: 1 day, 1:54:23  lr: 0.0000 (0.0000)  wd: 0.1991 (0.0972)  mom: 0.9955 (0.9933)  last_layer_lr: 0.0000 (0.0000)  current_batch_size: 2.0000 (2.0000)  total_loss: 10.3485 (10.3731)  dino_local_crops_loss: 7.3936 (7.4078)  dino_global_crops_loss: 0.9242 (0.9261)  koleo_loss: -0.0488 (-0.0445)  ibot_loss: 2.0794 (2.0836)  time: 8.611563  data: 5.623358  max mem: 59418Training  [ 9280/20000]  eta: 1 day, 1:53:00  lr: 0.0000 (0.0000)  wd: 0.1994 (0.0973)  mom: 0.9955 (0.9933)  last_layer_lr: 0.0000 (0.0000)  current_batch_size: 2.0000 (2.0000)  total_loss: 10.3483 (10.3730)  dino_local_crops_loss: 7.3936 (7.4078)  dino_global_crops_loss: 0.9242 (0.9261)  koleo_loss: -0.0490 (-0.0445)  ibot_loss: 2.0794 (2.0836)  time: 9.019815  data: 6.032812  max mem: 59418Training  [ 9290/20000]  eta: 1 day, 1:52:11  lr: 0.0000 (0.0000)  wd: 0.1997 (0.0974)  mom: 0.9955 (0.9933)  last_layer_lr: 0.0000 (0.0000)  current_batch_size: 2.0000 (2.0000)  total_loss: 10.3487 (10.3730)  dino_local_crops_loss: 7.3936 (7.4078)  dino_global_crops_loss: 0.9242 (0.9261)  koleo_loss: -0.0486 (-0.0445)  ibot_loss: 2.0794 (2.0836)  time: 10.518964  data: 7.529901  max mem: 59418Training  [ 9300/20000]  eta: 1 day, 1:50:32  lr: 0.0000 (0.0000)  wd: 0.2000 (0.0975)  mom: 0.9956 (0.9933)  last_layer_lr: 0.0000 (0.0000)  current_batch_size: 2.0000 (2.0000)  total_loss: 10.3515 (10.3730)  dino_local_crops_loss: 7.3936 (7.4077)  dino_global_crops_loss: 0.9242 (0.9261)  koleo_loss: -0.0457 (-0.0445)  ibot_loss: 2.0794 (2.0836)  time: 9.793426  data: 6.804493  max mem: 59418Training  [ 9310/20000]  eta: 1 day, 1:49:20  lr: 0.0000 (0.0000)  wd: 0.2002 (0.0976)  mom: 0.9956 (0.9933)  last_layer_lr: 0.0000 (0.0000)  current_batch_size: 2.0000 (2.0000)  total_loss: 10.3520 (10.3730)  dino_local_crops_loss: 7.3936 (7.4077)  dino_global_crops_loss: 0.9242 (0.9261)  koleo_loss: -0.0453 (-0.0445)  ibot_loss: 2.0794 (2.0836)  time: 8.795290  data: 5.807342  max mem: 59418Training  [ 9320/20000]  eta: 1 day, 1:48:18  lr: 0.0000 (0.0000)  wd: 0.2005 (0.0978)  mom: 0.9956 (0.9933)  last_layer_lr: 0.0000 (0.0000)  current_batch_size: 2.0000 (2.0000)  total_loss: 10.3527 (10.3729)  dino_local_crops_loss: 7.3936 (7.4077)  dino_global_crops_loss: 0.9242 (0.9261)  koleo_loss: -0.0445 (-0.0445)  ibot_loss: 2.0794 (2.0836)  time: 10.445577  data: 7.457289  max mem: 59418Training  [ 9330/20000]  eta: 1 day, 1:46:34  lr: 0.0000 (0.0000)  wd: 0.2008 (0.0979)  mom: 0.9956 (0.9933)  last_layer_lr: 0.0000 (0.0000)  current_batch_size: 2.0000 (2.0000)  total_loss: 10.3500 (10.3729)  dino_local_crops_loss: 7.3936 (7.4077)  dino_global_crops_loss: 0.9242 (0.9261)  koleo_loss: -0.0472 (-0.0445)  ibot_loss: 2.0794 (2.0836)  time: 9.048108  data: 6.060297  max mem: 59418Training  [ 9340/20000]  eta: 1 day, 1:45:19  lr: 0.0000 (0.0000)  wd: 0.2011 (0.0980)  mom: 0.9956 (0.9933)  last_layer_lr: 0.0000 (0.0000)  current_batch_size: 2.0000 (2.0000)  total_loss: 10.3492 (10.3729)  dino_local_crops_loss: 7.3936 (7.4077)  dino_global_crops_loss: 0.9242 (0.9261)  koleo_loss: -0.0481 (-0.0445)  ibot_loss: 2.0794 (2.0836)  time: 8.464443  data: 5.477284  max mem: 59418Training  [ 9350/20000]  eta: 1 day, 1:44:19  lr: 0.0000 (0.0000)  wd: 0.2014 (0.0981)  mom: 0.9956 (0.9933)  last_layer_lr: 0.0000 (0.0000)  current_batch_size: 2.0000 (2.0000)  total_loss: 10.3488 (10.3729)  dino_local_crops_loss: 7.3936 (7.4077)  dino_global_crops_loss: 0.9242 (0.9261)  koleo_loss: -0.0485 (-0.0445)  ibot_loss: 2.0794 (2.0836)  time: 10.437976  data: 7.451387  max mem: 59418Training  [ 9360/20000]  eta: 1 day, 1:42:20  lr: 0.0000 (0.0000)  wd: 0.2017 (0.0982)  mom: 0.9956 (0.9933)  last_layer_lr: 0.0000 (0.0000)  current_batch_size: 2.0000 (2.0000)  total_loss: 10.3489 (10.3728)  dino_local_crops_loss: 7.3936 (7.4077)  dino_global_crops_loss: 0.9242 (0.9261)  koleo_loss: -0.0483 (-0.0445)  ibot_loss: 2.0794 (2.0836)  time: 8.487291  data: 5.496657  max mem: 59418Training  [ 9370/20000]  eta: 1 day, 1:41:11  lr: 0.0000 (0.0000)  wd: 0.2019 (0.0983)  mom: 0.9956 (0.9933)  last_layer_lr: 0.0000 (0.0000)  current_batch_size: 2.0000 (2.0000)  total_loss: 10.3493 (10.3728)  dino_local_crops_loss: 7.3936 (7.4076)  dino_global_crops_loss: 0.9242 (0.9261)  koleo_loss: -0.0479 (-0.0445)  ibot_loss: 2.0794 (2.0836)  time: 8.077503  data: 5.086553  max mem: 59418Training  [ 9380/20000]  eta: 1 day, 1:40:51  lr: 0.0000 (0.0000)  wd: 0.2022 (0.0984)  mom: 0.9956 (0.9933)  last_layer_lr: 0.0000 (0.0000)  current_batch_size: 2.0000 (2.0000)  total_loss: 10.3492 (10.3728)  dino_local_crops_loss: 7.3936 (7.4076)  dino_global_crops_loss: 0.9242 (0.9261)  koleo_loss: -0.0481 (-0.0445)  ibot_loss: 2.0794 (2.0836)  time: 12.448348  data: 9.460895  max mem: 59418Training  [ 9390/20000]  eta: 1 day, 1:39:20  lr: 0.0000 (0.0000)  wd: 0.2025 (0.0985)  mom: 0.9956 (0.9933)  last_layer_lr: 0.0000 (0.0000)  current_batch_size: 2.0000 (2.0000)  total_loss: 10.3490 (10.3728)  dino_local_crops_loss: 7.3936 (7.4076)  dino_global_crops_loss: 0.9242 (0.9261)  koleo_loss: -0.0483 (-0.0445)  ibot_loss: 2.0794 (2.0836)  time: 11.453437  data: 8.466482  max mem: 59418Training  [ 9400/20000]  eta: 1 day, 1:38:13  lr: 0.0000 (0.0000)  wd: 0.2028 (0.0986)  mom: 0.9956 (0.9933)  last_layer_lr: 0.0000 (0.0000)  current_batch_size: 2.0000 (2.0000)  total_loss: 10.3490 (10.3727)  dino_local_crops_loss: 7.3936 (7.4076)  dino_global_crops_loss: 0.9242 (0.9261)  koleo_loss: -0.0483 (-0.0445)  ibot_loss: 2.0794 (2.0836)  time: 9.417005  data: 6.428655  max mem: 59418Training  [ 9410/20000]  eta: 1 day, 1:36:50  lr: 0.0000 (0.0000)  wd: 0.2031 (0.0987)  mom: 0.9956 (0.9933)  last_layer_lr: 0.0000 (0.0000)  current_batch_size: 2.0000 (2.0000)  total_loss: 10.3507 (10.3727)  dino_local_crops_loss: 7.3936 (7.4076)  dino_global_crops_loss: 0.9242 (0.9261)  koleo_loss: -0.0466 (-0.0445)  ibot_loss: 2.0794 (2.0836)  time: 9.806376  data: 6.817935  max mem: 59418Training  [ 9420/20000]  eta: 1 day, 1:35:23  lr: 0.0000 (0.0000)  wd: 0.2033 (0.0989)  mom: 0.9956 (0.9933)  last_layer_lr: 0.0000 (0.0000)  current_batch_size: 2.0000 (2.0000)  total_loss: 10.3506 (10.3727)  dino_local_crops_loss: 7.3936 (7.4076)  dino_global_crops_loss: 0.9242 (0.9261)  koleo_loss: -0.0466 (-0.0445)  ibot_loss: 2.0794 (2.0836)  time: 8.889071  data: 5.881984  max mem: 59418Training  [ 9430/20000]  eta: 1 day, 1:33:57  lr: 0.0000 (0.0000)  wd: 0.2036 (0.0990)  mom: 0.9956 (0.9933)  last_layer_lr: 0.0000 (0.0000)  current_batch_size: 2.0000 (2.0000)  total_loss: 10.3505 (10.3727)  dino_local_crops_loss: 7.3936 (7.4075)  dino_global_crops_loss: 0.9242 (0.9261)  koleo_loss: -0.0468 (-0.0445)  ibot_loss: 2.0794 (2.0836)  time: 8.756310  data: 5.742872  max mem: 59418Training  [ 9440/20000]  eta: 1 day, 1:32:27  lr: 0.0000 (0.0000)  wd: 0.2039 (0.0991)  mom: 0.9956 (0.9933)  last_layer_lr: 0.0000 (0.0000)  current_batch_size: 2.0000 (2.0000)  total_loss: 10.3490 (10.3727)  dino_local_crops_loss: 7.3936 (7.4075)  dino_global_crops_loss: 0.9242 (0.9261)  koleo_loss: -0.0483 (-0.0445)  ibot_loss: 2.0794 (2.0836)  time: 8.603444  data: 5.597323  max mem: 59418Training  [ 9450/20000]  eta: 1 day, 1:31:31  lr: 0.0000 (0.0000)  wd: 0.2042 (0.0992)  mom: 0.9956 (0.9933)  last_layer_lr: 0.0000 (0.0000)  current_batch_size: 2.0000 (2.0000)  total_loss: 10.3490 (10.3726)  dino_local_crops_loss: 7.3936 (7.4075)  dino_global_crops_loss: 0.9242 (0.9261)  koleo_loss: -0.0483 (-0.0445)  ibot_loss: 2.0794 (2.0836)  time: 9.949251  data: 6.948119  max mem: 59418Training  [ 9460/20000]  eta: 1 day, 1:29:45  lr: 0.0000 (0.0000)  wd: 0.2045 (0.0993)  mom: 0.9957 (0.9933)  last_layer_lr: 0.0000 (0.0000)  current_batch_size: 2.0000 (2.0000)  total_loss: 10.3501 (10.3726)  dino_local_crops_loss: 7.3936 (7.4075)  dino_global_crops_loss: 0.9242 (0.9261)  koleo_loss: -0.0472 (-0.0445)  ibot_loss: 2.0794 (2.0835)  time: 9.286798  data: 6.298091  max mem: 59418Training  [ 9470/20000]  eta: 1 day, 1:28:50  lr: 0.0000 (0.0000)  wd: 0.2048 (0.0994)  mom: 0.9957 (0.9933)  last_layer_lr: 0.0000 (0.0000)  current_batch_size: 2.0000 (2.0000)  total_loss: 10.3489 (10.3726)  dino_local_crops_loss: 7.3936 (7.4075)  dino_global_crops_loss: 0.9242 (0.9261)  koleo_loss: -0.0483 (-0.0445)  ibot_loss: 2.0794 (2.0835)  time: 9.313094  data: 6.324936  max mem: 59418Training  [ 9480/20000]  eta: 1 day, 1:27:04  lr: 0.0000 (0.0000)  wd: 0.2050 (0.0995)  mom: 0.9957 (0.9933)  last_layer_lr: 0.0000 (0.0000)  current_batch_size: 2.0000 (2.0000)  total_loss: 10.3490 (10.3726)  dino_local_crops_loss: 7.3936 (7.4075)  dino_global_crops_loss: 0.9242 (0.9261)  koleo_loss: -0.0482 (-0.0445)  ibot_loss: 2.0794 (2.0835)  time: 9.288935  data: 6.282498  max mem: 59418Training  [ 9490/20000]  eta: 1 day, 1:26:09  lr: 0.0000 (0.0000)  wd: 0.2053 (0.0996)  mom: 0.9957 (0.9933)  last_layer_lr: 0.0000 (0.0000)  current_batch_size: 2.0000 (2.0000)  total_loss: 10.3502 (10.3725)  dino_local_crops_loss: 7.3936 (7.4075)  dino_global_crops_loss: 0.9242 (0.9261)  koleo_loss: -0.0471 (-0.0445)  ibot_loss: 2.0794 (2.0835)  time: 9.307174  data: 6.274168  max mem: 59418Training  [ 9500/20000]  eta: 1 day, 1:24:47  lr: 0.0000 (0.0000)  wd: 0.2056 (0.0998)  mom: 0.9957 (0.9933)  last_layer_lr: 0.0000 (0.0000)  current_batch_size: 2.0000 (2.0000)  total_loss: 10.3490 (10.3725)  dino_local_crops_loss: 7.3936 (7.4074)  dino_global_crops_loss: 0.9242 (0.9261)  koleo_loss: -0.0483 (-0.0445)  ibot_loss: 2.0794 (2.0835)  time: 10.396429  data: 7.382195  max mem: 59418Training  [ 9510/20000]  eta: 1 day, 1:23:17  lr: 0.0000 (0.0000)  wd: 0.2059 (0.0999)  mom: 0.9957 (0.9933)  last_layer_lr: 0.0000 (0.0000)  current_batch_size: 2.0000 (2.0000)  total_loss: 10.3490 (10.3725)  dino_local_crops_loss: 7.3936 (7.4074)  dino_global_crops_loss: 0.9242 (0.9261)  koleo_loss: -0.0483 (-0.0445)  ibot_loss: 2.0794 (2.0835)  time: 8.798306  data: 5.811569  max mem: 59418Training  [ 9520/20000]  eta: 1 day, 1:21:52  lr: 0.0000 (0.0000)  wd: 0.2062 (0.1000)  mom: 0.9957 (0.9933)  last_layer_lr: 0.0000 (0.0000)  current_batch_size: 2.0000 (2.0000)  total_loss: 10.3504 (10.3725)  dino_local_crops_loss: 7.3936 (7.4074)  dino_global_crops_loss: 0.9242 (0.9261)  koleo_loss: -0.0468 (-0.0445)  ibot_loss: 2.0794 (2.0835)  time: 8.672310  data: 5.683183  max mem: 59418Training  [ 9530/20000]  eta: 1 day, 1:20:32  lr: 0.0000 (0.0000)  wd: 0.2064 (0.1001)  mom: 0.9957 (0.9933)  last_layer_lr: 0.0000 (0.0000)  current_batch_size: 2.0000 (2.0000)  total_loss: 10.3488 (10.3724)  dino_local_crops_loss: 7.3936 (7.4074)  dino_global_crops_loss: 0.9242 (0.9261)  koleo_loss: -0.0484 (-0.0445)  ibot_loss: 2.0794 (2.0835)  time: 9.130271  data: 6.140676  max mem: 59418Training  [ 9540/20000]  eta: 1 day, 1:18:47  lr: 0.0000 (0.0000)  wd: 0.2067 (0.1002)  mom: 0.9957 (0.9933)  last_layer_lr: 0.0000 (0.0000)  current_batch_size: 2.0000 (2.0000)  total_loss: 10.3490 (10.3724)  dino_local_crops_loss: 7.3936 (7.4074)  dino_global_crops_loss: 0.9242 (0.9261)  koleo_loss: -0.0483 (-0.0445)  ibot_loss: 2.0794 (2.0835)  time: 8.244529  data: 5.249687  max mem: 59418Training  [ 9550/20000]  eta: 1 day, 1:17:54  lr: 0.0000 (0.0000)  wd: 0.2070 (0.1003)  mom: 0.9957 (0.9933)  last_layer_lr: 0.0000 (0.0000)  current_batch_size: 2.0000 (2.0000)  total_loss: 10.3496 (10.3724)  dino_local_crops_loss: 7.3936 (7.4074)  dino_global_crops_loss: 0.9242 (0.9261)  koleo_loss: -0.0477 (-0.0445)  ibot_loss: 2.0794 (2.0835)  time: 9.478873  data: 6.483956  max mem: 59418Training  [ 9560/20000]  eta: 1 day, 1:16:14  lr: 0.0000 (0.0000)  wd: 0.2073 (0.1004)  mom: 0.9957 (0.9933)  last_layer_lr: 0.0000 (0.0000)  current_batch_size: 2.0000 (2.0000)  total_loss: 10.3496 (10.3724)  dino_local_crops_loss: 7.3936 (7.4074)  dino_global_crops_loss: 0.9242 (0.9261)  koleo_loss: -0.0477 (-0.0446)  ibot_loss: 2.0794 (2.0835)  time: 9.652451  data: 6.665068  max mem: 59418Training  [ 9570/20000]  eta: 1 day, 1:14:41  lr: 0.0000 (0.0000)  wd: 0.2076 (0.1005)  mom: 0.9957 (0.9933)  last_layer_lr: 0.0000 (0.0000)  current_batch_size: 2.0000 (2.0000)  total_loss: 10.3493 (10.3724)  dino_local_crops_loss: 7.3936 (7.4073)  dino_global_crops_loss: 0.9242 (0.9261)  koleo_loss: -0.0479 (-0.0446)  ibot_loss: 2.0794 (2.0835)  time: 7.878762  data: 4.889363  max mem: 59418Training  [ 9580/20000]  eta: 1 day, 1:13:14  lr: 0.0000 (0.0000)  wd: 0.2079 (0.1006)  mom: 0.9957 (0.9933)  last_layer_lr: 0.0000 (0.0000)  current_batch_size: 2.0000 (2.0000)  total_loss: 10.3490 (10.3723)  dino_local_crops_loss: 7.3936 (7.4073)  dino_global_crops_loss: 0.9242 (0.9261)  koleo_loss: -0.0483 (-0.0446)  ibot_loss: 2.0794 (2.0835)  time: 8.471992  data: 5.482216  max mem: 59418Training  [ 9590/20000]  eta: 1 day, 1:12:02  lr: 0.0000 (0.0000)  wd: 0.2081 (0.1008)  mom: 0.9957 (0.9934)  last_layer_lr: 0.0000 (0.0000)  current_batch_size: 2.0000 (2.0000)  total_loss: 10.3486 (10.3723)  dino_local_crops_loss: 7.3936 (7.4073)  dino_global_crops_loss: 0.9242 (0.9261)  koleo_loss: -0.0487 (-0.0446)  ibot_loss: 2.0794 (2.0835)  time: 9.415782  data: 6.427284  max mem: 59418Training  [ 9600/20000]  eta: 1 day, 1:11:04  lr: 0.0000 (0.0000)  wd: 0.2084 (0.1009)  mom: 0.9957 (0.9934)  last_layer_lr: 0.0000 (0.0000)  current_batch_size: 2.0000 (2.0000)  total_loss: 10.3479 (10.3723)  dino_local_crops_loss: 7.3936 (7.4073)  dino_global_crops_loss: 0.9242 (0.9261)  koleo_loss: -0.0494 (-0.0446)  ibot_loss: 2.0794 (2.0835)  time: 10.726592  data: 7.737064  max mem: 59418Training  [ 9610/20000]  eta: 1 day, 1:09:22  lr: 0.0000 (0.0000)  wd: 0.2087 (0.1010)  mom: 0.9957 (0.9934)  last_layer_lr: 0.0000 (0.0000)  current_batch_size: 2.0000 (2.0000)  total_loss: 10.3479 (10.3723)  dino_local_crops_loss: 7.3936 (7.4073)  dino_global_crops_loss: 0.9242 (0.9261)  koleo_loss: -0.0494 (-0.0446)  ibot_loss: 2.0794 (2.0835)  time: 9.376804  data: 6.388089  max mem: 59418Training  [ 9620/20000]  eta: 1 day, 1:08:46  lr: 0.0000 (0.0000)  wd: 0.2090 (0.1011)  mom: 0.9958 (0.9934)  last_layer_lr: 0.0000 (0.0000)  current_batch_size: 2.0000 (2.0000)  total_loss: 10.3512 (10.3722)  dino_local_crops_loss: 7.3936 (7.4073)  dino_global_crops_loss: 0.9242 (0.9261)  koleo_loss: -0.0461 (-0.0446)  ibot_loss: 2.0794 (2.0835)  time: 10.430546  data: 7.443990  max mem: 59418Training  [ 9630/20000]  eta: 1 day, 1:07:06  lr: 0.0000 (0.0000)  wd: 0.2093 (0.1012)  mom: 0.9958 (0.9934)  last_layer_lr: 0.0000 (0.0000)  current_batch_size: 2.0000 (2.0000)  total_loss: 10.3509 (10.3722)  dino_local_crops_loss: 7.3936 (7.4073)  dino_global_crops_loss: 0.9242 (0.9261)  koleo_loss: -0.0464 (-0.0446)  ibot_loss: 2.0794 (2.0835)  time: 10.454759  data: 7.466830  max mem: 59418Training  [ 9640/20000]  eta: 1 day, 1:06:21  lr: 0.0000 (0.0000)  wd: 0.2095 (0.1013)  mom: 0.9958 (0.9934)  last_layer_lr: 0.0000 (0.0000)  current_batch_size: 2.0000 (2.0000)  total_loss: 10.3498 (10.3722)  dino_local_crops_loss: 7.3936 (7.4072)  dino_global_crops_loss: 0.9242 (0.9261)  koleo_loss: -0.0475 (-0.0446)  ibot_loss: 2.0794 (2.0835)  time: 10.064417  data: 7.075709  max mem: 59418Training  [ 9650/20000]  eta: 1 day, 1:04:41  lr: 0.0000 (0.0000)  wd: 0.2098 (0.1014)  mom: 0.9958 (0.9934)  last_layer_lr: 0.0000 (0.0000)  current_batch_size: 2.0000 (2.0000)  total_loss: 10.3495 (10.3722)  dino_local_crops_loss: 7.3936 (7.4072)  dino_global_crops_loss: 0.9242 (0.9261)  koleo_loss: -0.0478 (-0.0446)  ibot_loss: 2.0794 (2.0835)  time: 10.098110  data: 7.102572  max mem: 59418Training  [ 9660/20000]  eta: 1 day, 1:03:09  lr: 0.0000 (0.0000)  wd: 0.2101 (0.1015)  mom: 0.9958 (0.9934)  last_layer_lr: 0.0000 (0.0000)  current_batch_size: 2.0000 (2.0000)  total_loss: 10.3495 (10.3721)  dino_local_crops_loss: 7.3936 (7.4072)  dino_global_crops_loss: 0.9242 (0.9260)  koleo_loss: -0.0478 (-0.0446)  ibot_loss: 2.0794 (2.0835)  time: 7.938015  data: 4.942889  max mem: 59418Training  [ 9670/20000]  eta: 1 day, 1:01:56  lr: 0.0000 (0.0000)  wd: 0.2104 (0.1017)  mom: 0.9958 (0.9934)  last_layer_lr: 0.0000 (0.0000)  current_batch_size: 2.0000 (2.0000)  total_loss: 10.3504 (10.3721)  dino_local_crops_loss: 7.3936 (7.4072)  dino_global_crops_loss: 0.9242 (0.9260)  koleo_loss: -0.0468 (-0.0446)  ibot_loss: 2.0794 (2.0835)  time: 9.183046  data: 6.179899  max mem: 59418Training  [ 9680/20000]  eta: 1 day, 1:00:54  lr: 0.0000 (0.0000)  wd: 0.2107 (0.1018)  mom: 0.9958 (0.9934)  last_layer_lr: 0.0000 (0.0000)  current_batch_size: 2.0000 (2.0000)  total_loss: 10.3512 (10.3721)  dino_local_crops_loss: 7.3936 (7.4072)  dino_global_crops_loss: 0.9242 (0.9260)  koleo_loss: -0.0461 (-0.0446)  ibot_loss: 2.0794 (2.0835)  time: 10.560794  data: 7.553030  max mem: 59418Training  [ 9690/20000]  eta: 1 day, 0:59:46  lr: 0.0000 (0.0000)  wd: 0.2110 (0.1019)  mom: 0.9958 (0.9934)  last_layer_lr: 0.0000 (0.0000)  current_batch_size: 2.0000 (2.0000)  total_loss: 10.3512 (10.3721)  dino_local_crops_loss: 7.3936 (7.4072)  dino_global_crops_loss: 0.9242 (0.9260)  koleo_loss: -0.0461 (-0.0446)  ibot_loss: 2.0794 (2.0834)  time: 10.787718  data: 7.795971  max mem: 59418Training  [ 9700/20000]  eta: 1 day, 0:58:08  lr: 0.0000 (0.0000)  wd: 0.2112 (0.1020)  mom: 0.9958 (0.9934)  last_layer_lr: 0.0000 (0.0000)  current_batch_size: 2.0000 (2.0000)  total_loss: 10.3508 (10.3721)  dino_local_crops_loss: 7.3936 (7.4072)  dino_global_crops_loss: 0.9242 (0.9260)  koleo_loss: -0.0464 (-0.0446)  ibot_loss: 2.0794 (2.0834)  time: 9.130237  data: 6.141778  max mem: 59418Training  [ 9710/20000]  eta: 1 day, 0:56:13  lr: 0.0000 (0.0000)  wd: 0.2115 (0.1021)  mom: 0.9958 (0.9934)  last_layer_lr: 0.0000 (0.0000)  current_batch_size: 2.0000 (2.0000)  total_loss: 10.3510 (10.3720)  dino_local_crops_loss: 7.3936 (7.4071)  dino_global_crops_loss: 0.9242 (0.9260)  koleo_loss: -0.0462 (-0.0446)  ibot_loss: 2.0794 (2.0834)  time: 6.952317  data: 3.963241  max mem: 59418Training  [ 9720/20000]  eta: 1 day, 0:54:43  lr: 0.0000 (0.0000)  wd: 0.2118 (0.1022)  mom: 0.9958 (0.9934)  last_layer_lr: 0.0000 (0.0000)  current_batch_size: 2.0000 (2.0000)  total_loss: 10.3510 (10.3720)  dino_local_crops_loss: 7.3936 (7.4071)  dino_global_crops_loss: 0.9242 (0.9260)  koleo_loss: -0.0462 (-0.0446)  ibot_loss: 2.0794 (2.0834)  time: 7.272035  data: 4.284020  max mem: 59418Training  [ 9730/20000]  eta: 1 day, 0:53:18  lr: 0.0000 (0.0000)  wd: 0.2121 (0.1023)  mom: 0.9958 (0.9934)  last_layer_lr: 0.0000 (0.0000)  current_batch_size: 2.0000 (2.0000)  total_loss: 10.3505 (10.3720)  dino_local_crops_loss: 7.3936 (7.4071)  dino_global_crops_loss: 0.9242 (0.9260)  koleo_loss: -0.0467 (-0.0446)  ibot_loss: 2.0794 (2.0834)  time: 8.701380  data: 5.714172  max mem: 59418Training  [ 9740/20000]  eta: 1 day, 0:51:48  lr: 0.0000 (0.0000)  wd: 0.2124 (0.1025)  mom: 0.9958 (0.9934)  last_layer_lr: 0.0000 (0.0000)  current_batch_size: 2.0000 (2.0000)  total_loss: 10.3492 (10.3720)  dino_local_crops_loss: 7.3936 (7.4071)  dino_global_crops_loss: 0.9242 (0.9260)  koleo_loss: -0.0480 (-0.0446)  ibot_loss: 2.0794 (2.0834)  time: 8.723597  data: 5.735404  max mem: 59418Training  [ 9750/20000]  eta: 1 day, 0:50:25  lr: 0.0000 (0.0000)  wd: 0.2127 (0.1026)  mom: 0.9958 (0.9934)  last_layer_lr: 0.0000 (0.0000)  current_batch_size: 2.0000 (2.0000)  total_loss: 10.3503 (10.3720)  dino_local_crops_loss: 7.3936 (7.4071)  dino_global_crops_loss: 0.9242 (0.9260)  koleo_loss: -0.0469 (-0.0446)  ibot_loss: 2.0794 (2.0834)  time: 8.758197  data: 5.770488  max mem: 59418Training  [ 9760/20000]  eta: 1 day, 0:49:04  lr: 0.0000 (0.0000)  wd: 0.2129 (0.1027)  mom: 0.9958 (0.9934)  last_layer_lr: 0.0000 (0.0000)  current_batch_size: 2.0000 (2.0000)  total_loss: 10.3503 (10.3719)  dino_local_crops_loss: 7.3936 (7.4071)  dino_global_crops_loss: 0.9242 (0.9260)  koleo_loss: -0.0469 (-0.0446)  ibot_loss: 2.0794 (2.0834)  time: 9.203173  data: 6.215871  max mem: 59418Training  [ 9770/20000]  eta: 1 day, 0:48:00  lr: 0.0000 (0.0000)  wd: 0.2132 (0.1028)  mom: 0.9958 (0.9934)  last_layer_lr: 0.0000 (0.0000)  current_batch_size: 2.0000 (2.0000)  total_loss: 10.3477 (10.3719)  dino_local_crops_loss: 7.3936 (7.4071)  dino_global_crops_loss: 0.9242 (0.9260)  koleo_loss: -0.0496 (-0.0446)  ibot_loss: 2.0794 (2.0834)  time: 10.174794  data: 7.185760  max mem: 59418Training  [ 9780/20000]  eta: 1 day, 0:46:23  lr: 0.0000 (0.0000)  wd: 0.2135 (0.1029)  mom: 0.9959 (0.9934)  last_layer_lr: 0.0000 (0.0000)  current_batch_size: 2.0000 (2.0000)  total_loss: 10.3485 (10.3719)  dino_local_crops_loss: 7.3936 (7.4070)  dino_global_crops_loss: 0.9242 (0.9260)  koleo_loss: -0.0488 (-0.0446)  ibot_loss: 2.0794 (2.0834)  time: 9.357740  data: 6.351890  max mem: 59418Training  [ 9790/20000]  eta: 1 day, 0:45:15  lr: 0.0000 (0.0000)  wd: 0.2138 (0.1030)  mom: 0.9959 (0.9934)  last_layer_lr: 0.0000 (0.0000)  current_batch_size: 2.0000 (2.0000)  total_loss: 10.3495 (10.3719)  dino_local_crops_loss: 7.3936 (7.4070)  dino_global_crops_loss: 0.9242 (0.9260)  koleo_loss: -0.0477 (-0.0446)  ibot_loss: 2.0794 (2.0834)  time: 9.159498  data: 6.133840  max mem: 59418Training  [ 9800/20000]  eta: 1 day, 0:43:34  lr: 0.0000 (0.0000)  wd: 0.2141 (0.1031)  mom: 0.9959 (0.9934)  last_layer_lr: 0.0000 (0.0000)  current_batch_size: 2.0000 (2.0000)  total_loss: 10.3507 (10.3718)  dino_local_crops_loss: 7.3936 (7.4070)  dino_global_crops_loss: 0.9242 (0.9260)  koleo_loss: -0.0465 (-0.0446)  ibot_loss: 2.0794 (2.0834)  time: 9.032035  data: 6.002868  max mem: 59418Training  [ 9810/20000]  eta: 1 day, 0:42:29  lr: 0.0000 (0.0000)  wd: 0.2143 (0.1032)  mom: 0.9959 (0.9934)  last_layer_lr: 0.0000 (0.0000)  current_batch_size: 2.0000 (2.0000)  total_loss: 10.3506 (10.3718)  dino_local_crops_loss: 7.3936 (7.4070)  dino_global_crops_loss: 0.9242 (0.9260)  koleo_loss: -0.0467 (-0.0446)  ibot_loss: 2.0794 (2.0834)  time: 9.161087  data: 6.153458  max mem: 59418Training  [ 9820/20000]  eta: 1 day, 0:40:59  lr: 0.0000 (0.0000)  wd: 0.2146 (0.1034)  mom: 0.9959 (0.9934)  last_layer_lr: 0.0000 (0.0000)  current_batch_size: 2.0000 (2.0000)  total_loss: 10.3488 (10.3718)  dino_local_crops_loss: 7.3936 (7.4070)  dino_global_crops_loss: 0.9242 (0.9260)  koleo_loss: -0.0484 (-0.0446)  ibot_loss: 2.0794 (2.0834)  time: 9.668964  data: 6.681794  max mem: 59418Training  [ 9830/20000]  eta: 1 day, 0:39:11  lr: 0.0000 (0.0000)  wd: 0.2149 (0.1035)  mom: 0.9959 (0.9934)  last_layer_lr: 0.0000 (0.0000)  current_batch_size: 2.0000 (2.0000)  total_loss: 10.3486 (10.3718)  dino_local_crops_loss: 7.3936 (7.4070)  dino_global_crops_loss: 0.9242 (0.9260)  koleo_loss: -0.0487 (-0.0446)  ibot_loss: 2.0794 (2.0834)  time: 7.565609  data: 4.577523  max mem: 59418Training  [ 9840/20000]  eta: 1 day, 0:37:50  lr: 0.0000 (0.0000)  wd: 0.2152 (0.1036)  mom: 0.9959 (0.9934)  last_layer_lr: 0.0000 (0.0000)  current_batch_size: 2.0000 (2.0000)  total_loss: 10.3484 (10.3718)  dino_local_crops_loss: 7.3936 (7.4070)  dino_global_crops_loss: 0.9242 (0.9260)  koleo_loss: -0.0489 (-0.0446)  ibot_loss: 2.0794 (2.0834)  time: 8.018301  data: 5.011233  max mem: 59418Training  [ 9850/20000]  eta: 1 day, 0:36:18  lr: 0.0000 (0.0000)  wd: 0.2155 (0.1037)  mom: 0.9959 (0.9934)  last_layer_lr: 0.0000 (0.0000)  current_batch_size: 2.0000 (2.0000)  total_loss: 10.3484 (10.3717)  dino_local_crops_loss: 7.3936 (7.4070)  dino_global_crops_loss: 0.9242 (0.9260)  koleo_loss: -0.0489 (-0.0446)  ibot_loss: 2.0794 (2.0834)  time: 8.816885  data: 5.810065  max mem: 59418Training  [ 9860/20000]  eta: 1 day, 0:34:53  lr: 0.0000 (0.0000)  wd: 0.2158 (0.1038)  mom: 0.9959 (0.9934)  last_layer_lr: 0.0000 (0.0000)  current_batch_size: 2.0000 (2.0000)  total_loss: 10.3493 (10.3717)  dino_local_crops_loss: 7.3936 (7.4069)  dino_global_crops_loss: 0.9242 (0.9260)  koleo_loss: -0.0479 (-0.0446)  ibot_loss: 2.0794 (2.0834)  time: 8.613360  data: 5.625470  max mem: 59418Training  [ 9870/20000]  eta: 1 day, 0:33:27  lr: 0.0000 (0.0000)  wd: 0.2160 (0.1039)  mom: 0.9959 (0.9934)  last_layer_lr: 0.0000 (0.0000)  current_batch_size: 2.0000 (2.0000)  total_loss: 10.3496 (10.3717)  dino_local_crops_loss: 7.3936 (7.4069)  dino_global_crops_loss: 0.9242 (0.9260)  koleo_loss: -0.0476 (-0.0446)  ibot_loss: 2.0794 (2.0834)  time: 8.911722  data: 5.923982  max mem: 59418Training  [ 9880/20000]  eta: 1 day, 0:31:52  lr: 0.0000 (0.0000)  wd: 0.2163 (0.1040)  mom: 0.9959 (0.9934)  last_layer_lr: 0.0000 (0.0000)  current_batch_size: 2.0000 (2.0000)  total_loss: 10.3496 (10.3717)  dino_local_crops_loss: 7.3936 (7.4069)  dino_global_crops_loss: 0.9242 (0.9260)  koleo_loss: -0.0476 (-0.0446)  ibot_loss: 2.0794 (2.0834)  time: 8.383924  data: 5.397266  max mem: 59418Training  [ 9890/20000]  eta: 1 day, 0:30:21  lr: 0.0000 (0.0000)  wd: 0.2166 (0.1042)  mom: 0.9959 (0.9934)  last_layer_lr: 0.0000 (0.0000)  current_batch_size: 2.0000 (2.0000)  total_loss: 10.3495 (10.3717)  dino_local_crops_loss: 7.3936 (7.4069)  dino_global_crops_loss: 0.9242 (0.9260)  koleo_loss: -0.0478 (-0.0446)  ibot_loss: 2.0794 (2.0834)  time: 8.134892  data: 5.146144  max mem: 59418Training  [ 9900/20000]  eta: 1 day, 0:28:53  lr: 0.0000 (0.0000)  wd: 0.2169 (0.1043)  mom: 0.9959 (0.9934)  last_layer_lr: 0.0000 (0.0000)  current_batch_size: 2.0000 (2.0000)  total_loss: 10.3483 (10.3716)  dino_local_crops_loss: 7.3936 (7.4069)  dino_global_crops_loss: 0.9242 (0.9260)  koleo_loss: -0.0490 (-0.0446)  ibot_loss: 2.0794 (2.0834)  time: 8.500238  data: 5.509538  max mem: 59418Training  [ 9910/20000]  eta: 1 day, 0:27:31  lr: 0.0000 (0.0000)  wd: 0.2172 (0.1044)  mom: 0.9959 (0.9934)  last_layer_lr: 0.0000 (0.0000)  current_batch_size: 2.0000 (2.0000)  total_loss: 10.3489 (10.3716)  dino_local_crops_loss: 7.3936 (7.4069)  dino_global_crops_loss: 0.9242 (0.9260)  koleo_loss: -0.0483 (-0.0446)  ibot_loss: 2.0794 (2.0834)  time: 8.988711  data: 6.000234  max mem: 59418