=== ABLATION h_lowlr : data=brain2d_hires local_global=1 local_eq_global=0 protos=2048 temp=0.02->0.02 (warmup 25) lr=0.001 cv=5  Thu Jul 23 12:43:33 IDT 2026 ===
I20260723 12:44:10 3064273 dinov2 config.py:59] git:
  sha: 1b78c3cc1a3054812424e37d9d4658a6788cfd20, status: has uncommitted changes, branch: imagenette-test

I20260723 12:44:10 3064273 dinov2 config.py:60] config_file: /sci/labs/arieljaffe/dan.abergel1/repos/FAIR_official/dinov2/configs/train/imagenette_vits.yaml
eval: 
eval_only: False
no_resume: True
opts: ['train.dataset_path=ImageFolder:root=/sci/labs/arieljaffe/dan.abergel1/brain2d_hires', 'crops.local_crops_size=224', 'crops.local_crops_scale=[0.32,1.0]', 'optim.base_lr=0.001', 'teacher.warmup_teacher_temp=0.02', 'teacher.teacher_temp=0.02', 'teacher.warmup_teacher_temp_epochs=25', 'dino.head_n_prototypes=2048', 'ibot.head_n_prototypes=2048', 'dino.koleo_loss_weight=0', 'dino.loss_weight=1', 'train.centering=centering', 'train.output_dir=/sci/labs/arieljaffe/dan.abergel1/runs/brain/h_lowlr']
output_dir: /sci/labs/arieljaffe/dan.abergel1/runs/brain/h_lowlr
I20260723 12:44:10 3064273 dinov2 config.py:26] sqrt scaling learning rate; base: 0.001, new: 0.00025
I20260723 12:44:10 3064273 dinov2 config.py:33] MODEL:
  WEIGHTS: ''
compute_precision:
  grad_scaler: true
  teacher:
    backbone:
      sharding_strategy: SHARD_GRAD_OP
      mixed_precision:
        param_dtype: fp16
        reduce_dtype: fp16
        buffer_dtype: fp32
    dino_head:
      sharding_strategy: SHARD_GRAD_OP
      mixed_precision:
        param_dtype: fp16
        reduce_dtype: fp16
        buffer_dtype: fp32
    ibot_head:
      sharding_strategy: SHARD_GRAD_OP
      mixed_precision:
        param_dtype: fp16
        reduce_dtype: fp16
        buffer_dtype: fp32
  student:
    backbone:
      sharding_strategy: SHARD_GRAD_OP
      mixed_precision:
        param_dtype: fp16
        reduce_dtype: fp16
        buffer_dtype: fp32
    dino_head:
      sharding_strategy: SHARD_GRAD_OP
      mixed_precision:
        param_dtype: fp16
        reduce_dtype: fp32
        buffer_dtype: fp32
    ibot_head:
      sharding_strategy: SHARD_GRAD_OP
      mixed_precision:
        param_dtype: fp16
        reduce_dtype: fp32
        buffer_dtype: fp32
dino:
  loss_weight: 1
  head_n_prototypes: 2048
  head_bottleneck_dim: 256
  head_nlayers: 3
  head_hidden_dim: 2048
  koleo_loss_weight: 0
ibot:
  loss_weight: 1.0
  mask_sample_probability: 0.5
  mask_ratio_min_max:
  - 0.1
  - 0.5
  separate_head: false
  head_n_prototypes: 2048
  head_bottleneck_dim: 256
  head_nlayers: 3
  head_hidden_dim: 2048
train:
  batch_size_per_gpu: 64
  dataset_path: ImageFolder:root=/sci/labs/arieljaffe/dan.abergel1/brain2d_hires
  output_dir: /sci/labs/arieljaffe/dan.abergel1/runs/brain/h_lowlr
  saveckp_freq: 20
  seed: 0
  num_workers: 8
  OFFICIAL_EPOCH_LENGTH: 150
  cache_dataset: true
  centering: centering
  cell_augmentation: false
student:
  arch: vit_small
  patch_size: 16
  drop_path_rate: 0.1
  layerscale: 1.0e-05
  drop_path_uniform: true
  pretrained_weights: ''
  ffn_layer: mlp
  block_chunks: 4
  qkv_bias: true
  proj_bias: true
  ffn_bias: true
  num_register_tokens: 0
  interpolate_antialias: false
  interpolate_offset: 0.1
  in_chans: 3
  channel_adaptive: false
teacher:
  momentum_teacher: 0.992
  final_momentum_teacher: 1
  warmup_teacher_temp: 0.02
  teacher_temp: 0.02
  warmup_teacher_temp_epochs: 25
  in_chans: 3
  channel_adaptive: false
optim:
  epochs: 50
  weight_decay: 0.04
  weight_decay_end: 0.4
  base_lr: 0.001
  lr: 0.00025
  warmup_epochs: 5
  min_lr: 1.0e-06
  clip_grad: 3.0
  freeze_last_layer_epochs: 1
  scaling_rule: sqrt_wrt_1024
  patch_embed_lr_mult: 0.2
  layerwise_decay: 0.9
  adamw_beta1: 0.9
  adamw_beta2: 0.999
crops:
  global_crops_scale:
  - 0.32
  - 1.0
  local_crops_number: 8
  local_crops_scale:
  - 0.32
  - 1.0
  global_crops_size: 224
  local_crops_size: 224
evaluation:
  eval_period_iterations: 0

I20260723 12:44:10 3064273 dinov2 vision_transformer.py:125] using MLP layer as FFN
I20260723 12:44:10 3064273 dinov2 vision_transformer.py:125] using MLP layer as FFN
I20260723 12:44:10 3064273 dinov2 ssl_meta_arch.py:44] OPTIONS -- architecture : embed_dim: 384
I20260723 12:44:10 3064273 dinov2 ssl_meta_arch.py:59] OPTIONS -- DINO
I20260723 12:44:10 3064273 dinov2 ssl_meta_arch.py:61] OPTIONS -- DINO -- loss_weight: 1
I20260723 12:44:10 3064273 dinov2 ssl_meta_arch.py:62] OPTIONS -- DINO -- head_n_prototypes: 2048
I20260723 12:44:10 3064273 dinov2 ssl_meta_arch.py:63] OPTIONS -- DINO -- head_bottleneck_dim: 256
I20260723 12:44:10 3064273 dinov2 ssl_meta_arch.py:64] OPTIONS -- DINO -- head_hidden_dim: 2048
W20260723 12:44:10 3064273 py.warnings warnings.py:109] /sci/labs/arieljaffe/dan.abergel1/torch_env/lib/python3.11/site-packages/torch/nn/utils/weight_norm.py:144: FutureWarning: `torch.nn.utils.weight_norm` is deprecated in favor of `torch.nn.utils.parametrizations.weight_norm`.
  WeightNorm.apply(module, name, dim)

I20260723 12:44:10 3064273 dinov2 ssl_meta_arch.py:86] OPTIONS -- IBOT
I20260723 12:44:10 3064273 dinov2 ssl_meta_arch.py:87] OPTIONS -- IBOT -- loss_weight: 1.0
I20260723 12:44:10 3064273 dinov2 ssl_meta_arch.py:88] OPTIONS -- IBOT masking -- ibot_mask_ratio_tuple: [0.1, 0.5]
I20260723 12:44:10 3064273 dinov2 ssl_meta_arch.py:89] OPTIONS -- IBOT masking -- ibot_mask_sample_probability: 0.5
I20260723 12:44:10 3064273 dinov2 ssl_meta_arch.py:112] OPTIONS -- IBOT -- head shared with DINO
I20260723 12:44:10 3064273 dinov2 ssl_meta_arch.py:122] Student and Teacher are built: they are both vit_small network.
I20260723 12:44:10 3064273 dinov2 ssl_meta_arch.py:408] DISTRIBUTED FSDP -- preparing model for distributed training
W20260723 12:44:10 3064273 py.warnings warnings.py:109] /sci/labs/arieljaffe/dan.abergel1/torch_env/lib/python3.11/site-packages/torch/distributed/fsdp/wrap.py:91: UserWarning: FSDP will not all-gather parameters for containers that do not implement forward: BlockChunk(
  (0-2): 3 x NestedTensorBlock(
    (norm1): LayerNorm((384,), eps=1e-06, elementwise_affine=True)
    (attn): MemEffAttention(
      (qkv): Linear(in_features=384, out_features=1152, bias=True)
      (proj): Linear(in_features=384, out_features=384, bias=True)
      (proj_drop): Dropout(p=0.0, inplace=False)
    )
    (ls1): LayerScale()
    (drop_path1): DropPath()
    (norm2): LayerNorm((384,), eps=1e-06, elementwise_affine=True)
    (mlp): Mlp(
      (fc1): Linear(in_features=384, out_features=1536, bias=True)
      (act): GELU(approximate='none')
      (fc2): Linear(in_features=1536, out_features=384, bias=True)
      (drop): Dropout(p=0.0, inplace=False)
    )
    (ls2): LayerScale()
    (drop_path2): DropPath()
  )
)
  return fsdp_fn(module, **kwargs)

W20260723 12:44:10 3064273 py.warnings warnings.py:109] /sci/labs/arieljaffe/dan.abergel1/torch_env/lib/python3.11/site-packages/torch/distributed/fsdp/fully_sharded_data_parallel.py:479: UserWarning: FSDP is switching to use `NO_SHARD` instead of ShardingStrategy.SHARD_GRAD_OP since the world size is 1.
  _init_core_state(

W20260723 12:44:10 3064273 py.warnings warnings.py:109] /sci/labs/arieljaffe/dan.abergel1/torch_env/lib/python3.11/site-packages/torch/distributed/fsdp/wrap.py:91: UserWarning: FSDP will not all-gather parameters for containers that do not implement forward: BlockChunk(
  (0-2): 3 x Identity()
  (3-5): 3 x NestedTensorBlock(
    (norm1): LayerNorm((384,), eps=1e-06, elementwise_affine=True)
    (attn): MemEffAttention(
      (qkv): Linear(in_features=384, out_features=1152, bias=True)
      (proj): Linear(in_features=384, out_features=384, bias=True)
      (proj_drop): Dropout(p=0.0, inplace=False)
    )
    (ls1): LayerScale()
    (drop_path1): DropPath()
    (norm2): LayerNorm((384,), eps=1e-06, elementwise_affine=True)
    (mlp): Mlp(
      (fc1): Linear(in_features=384, out_features=1536, bias=True)
      (act): GELU(approximate='none')
      (fc2): Linear(in_features=1536, out_features=384, bias=True)
      (drop): Dropout(p=0.0, inplace=False)
    )
    (ls2): LayerScale()
    (drop_path2): DropPath()
  )
)
  return fsdp_fn(module, **kwargs)

W20260723 12:44:10 3064273 py.warnings warnings.py:109] /sci/labs/arieljaffe/dan.abergel1/torch_env/lib/python3.11/site-packages/torch/distributed/fsdp/wrap.py:91: UserWarning: FSDP will not all-gather parameters for containers that do not implement forward: BlockChunk(
  (0-5): 6 x Identity()
  (6-8): 3 x NestedTensorBlock(
    (norm1): LayerNorm((384,), eps=1e-06, elementwise_affine=True)
    (attn): MemEffAttention(
      (qkv): Linear(in_features=384, out_features=1152, bias=True)
      (proj): Linear(in_features=384, out_features=384, bias=True)
      (proj_drop): Dropout(p=0.0, inplace=False)
    )
    (ls1): LayerScale()
    (drop_path1): DropPath()
    (norm2): LayerNorm((384,), eps=1e-06, elementwise_affine=True)
    (mlp): Mlp(
      (fc1): Linear(in_features=384, out_features=1536, bias=True)
      (act): GELU(approximate='none')
      (fc2): Linear(in_features=1536, out_features=384, bias=True)
      (drop): Dropout(p=0.0, inplace=False)
    )
    (ls2): LayerScale()
    (drop_path2): DropPath()
  )
)
  return fsdp_fn(module, **kwargs)

W20260723 12:44:10 3064273 py.warnings warnings.py:109] /sci/labs/arieljaffe/dan.abergel1/torch_env/lib/python3.11/site-packages/torch/distributed/fsdp/wrap.py:91: UserWarning: FSDP will not all-gather parameters for containers that do not implement forward: BlockChunk(
  (0-8): 9 x Identity()
  (9-11): 3 x NestedTensorBlock(
    (norm1): LayerNorm((384,), eps=1e-06, elementwise_affine=True)
    (attn): MemEffAttention(
      (qkv): Linear(in_features=384, out_features=1152, bias=True)
      (proj): Linear(in_features=384, out_features=384, bias=True)
      (proj_drop): Dropout(p=0.0, inplace=False)
    )
    (ls1): LayerScale()
    (drop_path1): DropPath()
    (norm2): LayerNorm((384,), eps=1e-06, elementwise_affine=True)
    (mlp): Mlp(
      (fc1): Linear(in_features=384, out_features=1536, bias=True)
      (act): GELU(approximate='none')
      (fc2): Linear(in_features=1536, out_features=384, bias=True)
      (drop): Dropout(p=0.0, inplace=False)
    )
    (ls2): LayerScale()
    (drop_path2): DropPath()
  )
)
  return fsdp_fn(module, **kwargs)

W20260723 12:44:10 3064273 py.warnings warnings.py:109] /sci/labs/arieljaffe/dan.abergel1/torch_env/lib/python3.11/site-packages/torch/distributed/fsdp/wrap.py:91: UserWarning: FSDP will not all-gather parameters for containers that do not implement forward: BlockChunk(
  (0-2): 3 x NestedTensorBlock(
    (norm1): LayerNorm((384,), eps=1e-06, elementwise_affine=True)
    (attn): MemEffAttention(
      (qkv): Linear(in_features=384, out_features=1152, bias=True)
      (proj): Linear(in_features=384, out_features=384, bias=True)
      (proj_drop): Dropout(p=0.0, inplace=False)
    )
    (ls1): LayerScale()
    (drop_path1): Identity()
    (norm2): LayerNorm((384,), eps=1e-06, elementwise_affine=True)
    (mlp): Mlp(
      (fc1): Linear(in_features=384, out_features=1536, bias=True)
      (act): GELU(approximate='none')
      (fc2): Linear(in_features=1536, out_features=384, bias=True)
      (drop): Dropout(p=0.0, inplace=False)
    )
    (ls2): LayerScale()
    (drop_path2): Identity()
  )
)
  return fsdp_fn(module, **kwargs)

W20260723 12:44:10 3064273 py.warnings warnings.py:109] /sci/labs/arieljaffe/dan.abergel1/torch_env/lib/python3.11/site-packages/torch/distributed/fsdp/wrap.py:91: UserWarning: FSDP will not all-gather parameters for containers that do not implement forward: BlockChunk(
  (0-2): 3 x Identity()
  (3-5): 3 x NestedTensorBlock(
    (norm1): LayerNorm((384,), eps=1e-06, elementwise_affine=True)
    (attn): MemEffAttention(
      (qkv): Linear(in_features=384, out_features=1152, bias=True)
      (proj): Linear(in_features=384, out_features=384, bias=True)
      (proj_drop): Dropout(p=0.0, inplace=False)
    )
    (ls1): LayerScale()
    (drop_path1): Identity()
    (norm2): LayerNorm((384,), eps=1e-06, elementwise_affine=True)
    (mlp): Mlp(
      (fc1): Linear(in_features=384, out_features=1536, bias=True)
      (act): GELU(approximate='none')
      (fc2): Linear(in_features=1536, out_features=384, bias=True)
      (drop): Dropout(p=0.0, inplace=False)
    )
    (ls2): LayerScale()
    (drop_path2): Identity()
  )
)
  return fsdp_fn(module, **kwargs)

W20260723 12:44:10 3064273 py.warnings warnings.py:109] /sci/labs/arieljaffe/dan.abergel1/torch_env/lib/python3.11/site-packages/torch/distributed/fsdp/wrap.py:91: UserWarning: FSDP will not all-gather parameters for containers that do not implement forward: BlockChunk(
  (0-5): 6 x Identity()
  (6-8): 3 x NestedTensorBlock(
    (norm1): LayerNorm((384,), eps=1e-06, elementwise_affine=True)
    (attn): MemEffAttention(
      (qkv): Linear(in_features=384, out_features=1152, bias=True)
      (proj): Linear(in_features=384, out_features=384, bias=True)
      (proj_drop): Dropout(p=0.0, inplace=False)
    )
    (ls1): LayerScale()
    (drop_path1): Identity()
    (norm2): LayerNorm((384,), eps=1e-06, elementwise_affine=True)
    (mlp): Mlp(
      (fc1): Linear(in_features=384, out_features=1536, bias=True)
      (act): GELU(approximate='none')
      (fc2): Linear(in_features=1536, out_features=384, bias=True)
      (drop): Dropout(p=0.0, inplace=False)
    )
    (ls2): LayerScale()
    (drop_path2): Identity()
  )
)
  return fsdp_fn(module, **kwargs)

W20260723 12:44:10 3064273 py.warnings warnings.py:109] /sci/labs/arieljaffe/dan.abergel1/torch_env/lib/python3.11/site-packages/torch/distributed/fsdp/wrap.py:91: UserWarning: FSDP will not all-gather parameters for containers that do not implement forward: BlockChunk(
  (0-8): 9 x Identity()
  (9-11): 3 x NestedTensorBlock(
    (norm1): LayerNorm((384,), eps=1e-06, elementwise_affine=True)
    (attn): MemEffAttention(
      (qkv): Linear(in_features=384, out_features=1152, bias=True)
      (proj): Linear(in_features=384, out_features=384, bias=True)
      (proj_drop): Dropout(p=0.0, inplace=False)
    )
    (ls1): LayerScale()
    (drop_path1): Identity()
    (norm2): LayerNorm((384,), eps=1e-06, elementwise_affine=True)
    (mlp): Mlp(
      (fc1): Linear(in_features=384, out_features=1536, bias=True)
      (act): GELU(approximate='none')
      (fc2): Linear(in_features=1536, out_features=384, bias=True)
      (drop): Dropout(p=0.0, inplace=False)
    )
    (ls2): LayerScale()
    (drop_path2): Identity()
  )
)
  return fsdp_fn(module, **kwargs)

I20260723 12:44:10 3064273 dinov2 train.py:337] Model:
SSLMetaArch(
  (dino_loss): DINOLoss()
  (ibot_patch_loss): iBOTPatchLoss()
  (student): ModuleDict(
    (backbone): FullyShardedDataParallel(
      (_fsdp_wrapped_module): DinoVisionTransformer(
        (patch_embed): PatchEmbed(
          (proj): Conv2d(3, 384, kernel_size=(16, 16), stride=(16, 16))
          (norm): Identity()
        )
        (blocks): ModuleList(
          (0): FullyShardedDataParallel(
            (_fsdp_wrapped_module): BlockChunk(
              (0-2): 3 x NestedTensorBlock(
                (norm1): LayerNorm((384,), eps=1e-06, elementwise_affine=True)
                (attn): MemEffAttention(
                  (qkv): Linear(in_features=384, out_features=1152, bias=True)
                  (proj): Linear(in_features=384, out_features=384, bias=True)
                  (proj_drop): Dropout(p=0.0, inplace=False)
                )
                (ls1): LayerScale()
                (drop_path1): DropPath()
                (norm2): LayerNorm((384,), eps=1e-06, elementwise_affine=True)
                (mlp): Mlp(
                  (fc1): Linear(in_features=384, out_features=1536, bias=True)
                  (act): GELU(approximate='none')
                  (fc2): Linear(in_features=1536, out_features=384, bias=True)
                  (drop): Dropout(p=0.0, inplace=False)
                )
                (ls2): LayerScale()
                (drop_path2): DropPath()
              )
            )
          )
          (1): FullyShardedDataParallel(
            (_fsdp_wrapped_module): BlockChunk(
              (0-2): 3 x Identity()
              (3-5): 3 x NestedTensorBlock(
                (norm1): LayerNorm((384,), eps=1e-06, elementwise_affine=True)
                (attn): MemEffAttention(
                  (qkv): Linear(in_features=384, out_features=1152, bias=True)
                  (proj): Linear(in_features=384, out_features=384, bias=True)
                  (proj_drop): Dropout(p=0.0, inplace=False)
                )
                (ls1): LayerScale()
                (drop_path1): DropPath()
                (norm2): LayerNorm((384,), eps=1e-06, elementwise_affine=True)
                (mlp): Mlp(
                  (fc1): Linear(in_features=384, out_features=1536, bias=True)
                  (act): GELU(approximate='none')
                  (fc2): Linear(in_features=1536, out_features=384, bias=True)
                  (drop): Dropout(p=0.0, inplace=False)
                )
                (ls2): LayerScale()
                (drop_path2): DropPath()
              )
            )
          )
          (2): FullyShardedDataParallel(
            (_fsdp_wrapped_module): BlockChunk(
              (0-5): 6 x Identity()
              (6-8): 3 x NestedTensorBlock(
                (norm1): LayerNorm((384,), eps=1e-06, elementwise_affine=True)
                (attn): MemEffAttention(
                  (qkv): Linear(in_features=384, out_features=1152, bias=True)
                  (proj): Linear(in_features=384, out_features=384, bias=True)
                  (proj_drop): Dropout(p=0.0, inplace=False)
                )
                (ls1): LayerScale()
                (drop_path1): DropPath()
                (norm2): LayerNorm((384,), eps=1e-06, elementwise_affine=True)
                (mlp): Mlp(
                  (fc1): Linear(in_features=384, out_features=1536, bias=True)
                  (act): GELU(approximate='none')
                  (fc2): Linear(in_features=1536, out_features=384, bias=True)
                  (drop): Dropout(p=0.0, inplace=False)
                )
                (ls2): LayerScale()
                (drop_path2): DropPath()
              )
            )
          )
          (3): FullyShardedDataParallel(
            (_fsdp_wrapped_module): BlockChunk(
              (0-8): 9 x Identity()
              (9-11): 3 x NestedTensorBlock(
                (norm1): LayerNorm((384,), eps=1e-06, elementwise_affine=True)
                (attn): MemEffAttention(
                  (qkv): Linear(in_features=384, out_features=1152, bias=True)
                  (proj): Linear(in_features=384, out_features=384, bias=True)
                  (proj_drop): Dropout(p=0.0, inplace=False)
                )
                (ls1): LayerScale()
                (drop_path1): DropPath()
                (norm2): LayerNorm((384,), eps=1e-06, elementwise_affine=True)
                (mlp): Mlp(
                  (fc1): Linear(in_features=384, out_features=1536, bias=True)
                  (act): GELU(approximate='none')
                  (fc2): Linear(in_features=1536, out_features=384, bias=True)
                  (drop): Dropout(p=0.0, inplace=False)
                )
                (ls2): LayerScale()
                (drop_path2): DropPath()
              )
            )
          )
        )
        (norm): LayerNorm((384,), eps=1e-06, elementwise_affine=True)
        (head): Identity()
      )
    )
    (dino_head): FullyShardedDataParallel(
      (_fsdp_wrapped_module): DINOHead(
        (mlp): Sequential(
          (0): Linear(in_features=384, out_features=2048, bias=True)
          (1): GELU(approximate='none')
          (2): Linear(in_features=2048, out_features=2048, bias=True)
          (3): GELU(approximate='none')
          (4): Linear(in_features=2048, out_features=256, bias=True)
        )
        (last_layer): Linear(in_features=256, out_features=2048, bias=False)
      )
    )
  )
  (teacher): ModuleDict(
    (backbone): FullyShardedDataParallel(
      (_fsdp_wrapped_module): DinoVisionTransformer(
        (patch_embed): PatchEmbed(
          (proj): Conv2d(3, 384, kernel_size=(16, 16), stride=(16, 16))
          (norm): Identity()
        )
        (blocks): ModuleList(
          (0): FullyShardedDataParallel(
            (_fsdp_wrapped_module): BlockChunk(
              (0-2): 3 x NestedTensorBlock(
                (norm1): LayerNorm((384,), eps=1e-06, elementwise_affine=True)
                (attn): MemEffAttention(
                  (qkv): Linear(in_features=384, out_features=1152, bias=True)
                  (proj): Linear(in_features=384, out_features=384, bias=True)
                  (proj_drop): Dropout(p=0.0, inplace=False)
                )
                (ls1): LayerScale()
                (drop_path1): Identity()
                (norm2): LayerNorm((384,), eps=1e-06, elementwise_affine=True)
                (mlp): Mlp(
                  (fc1): Linear(in_features=384, out_features=1536, bias=True)
                  (act): GELU(approximate='none')
                  (fc2): Linear(in_features=1536, out_features=384, bias=True)
                  (drop): Dropout(p=0.0, inplace=False)
                )
                (ls2): LayerScale()
                (drop_path2): Identity()
              )
            )
          )
          (1): FullyShardedDataParallel(
            (_fsdp_wrapped_module): BlockChunk(
              (0-2): 3 x Identity()
              (3-5): 3 x NestedTensorBlock(
                (norm1): LayerNorm((384,), eps=1e-06, elementwise_affine=True)
                (attn): MemEffAttention(
                  (qkv): Linear(in_features=384, out_features=1152, bias=True)
                  (proj): Linear(in_features=384, out_features=384, bias=True)
                  (proj_drop): Dropout(p=0.0, inplace=False)
                )
                (ls1): LayerScale()
                (drop_path1): Identity()
                (norm2): LayerNorm((384,), eps=1e-06, elementwise_affine=True)
                (mlp): Mlp(
                  (fc1): Linear(in_features=384, out_features=1536, bias=True)
                  (act): GELU(approximate='none')
                  (fc2): Linear(in_features=1536, out_features=384, bias=True)
                  (drop): Dropout(p=0.0, inplace=False)
                )
                (ls2): LayerScale()
                (drop_path2): Identity()
              )
            )
          )
          (2): FullyShardedDataParallel(
            (_fsdp_wrapped_module): BlockChunk(
              (0-5): 6 x Identity()
              (6-8): 3 x NestedTensorBlock(
                (norm1): LayerNorm((384,), eps=1e-06, elementwise_affine=True)
                (attn): MemEffAttention(
                  (qkv): Linear(in_features=384, out_features=1152, bias=True)
                  (proj): Linear(in_features=384, out_features=384, bias=True)
                  (proj_drop): Dropout(p=0.0, inplace=False)
                )
                (ls1): LayerScale()
                (drop_path1): Identity()
                (norm2): LayerNorm((384,), eps=1e-06, elementwise_affine=True)
                (mlp): Mlp(
                  (fc1): Linear(in_features=384, out_features=1536, bias=True)
                  (act): GELU(approximate='none')
                  (fc2): Linear(in_features=1536, out_features=384, bias=True)
                  (drop): Dropout(p=0.0, inplace=False)
                )
                (ls2): LayerScale()
                (drop_path2): Identity()
              )
            )
          )
          (3): FullyShardedDataParallel(
            (_fsdp_wrapped_module): BlockChunk(
              (0-8): 9 x Identity()
              (9-11): 3 x NestedTensorBlock(
                (norm1): LayerNorm((384,), eps=1e-06, elementwise_affine=True)
                (attn): MemEffAttention(
                  (qkv): Linear(in_features=384, out_features=1152, bias=True)
                  (proj): Linear(in_features=384, out_features=384, bias=True)
                  (proj_drop): Dropout(p=0.0, inplace=False)
                )
                (ls1): LayerScale()
                (drop_path1): Identity()
                (norm2): LayerNorm((384,), eps=1e-06, elementwise_affine=True)
                (mlp): Mlp(
                  (fc1): Linear(in_features=384, out_features=1536, bias=True)
                  (act): GELU(approximate='none')
                  (fc2): Linear(in_features=1536, out_features=384, bias=True)
                  (drop): Dropout(p=0.0, inplace=False)
                )
                (ls2): LayerScale()
                (drop_path2): Identity()
              )
            )
          )
        )
        (norm): LayerNorm((384,), eps=1e-06, elementwise_affine=True)
        (head): Identity()
      )
    )
    (dino_head): FullyShardedDataParallel(
      (_fsdp_wrapped_module): DINOHead(
        (mlp): Sequential(
          (0): Linear(in_features=384, out_features=2048, bias=True)
          (1): GELU(approximate='none')
          (2): Linear(in_features=2048, out_features=2048, bias=True)
          (3): GELU(approximate='none')
          (4): Linear(in_features=2048, out_features=256, bias=True)
        )
        (last_layer): Linear(in_features=256, out_features=2048, bias=False)
      )
    )
  )
)
I20260723 12:44:10 3064273 dinov2 param_groups.py:54] chunked fsdp
I20260723 12:44:10 3064273 dinov2 param_groups.py:87] cls_token: lr_multiplier: 0.2541865828329001, wd_multiplier: 1.0
I20260723 12:44:10 3064273 dinov2 param_groups.py:87] pos_embed: lr_multiplier: 0.2541865828329001, wd_multiplier: 1.0
I20260723 12:44:10 3064273 dinov2 param_groups.py:87] mask_token: lr_multiplier: 0.2541865828329001, wd_multiplier: 1.0
I20260723 12:44:10 3064273 dinov2 param_groups.py:87] patch_embed.proj.weight: lr_multiplier: 0.05083731656658002, wd_multiplier: 1.0
I20260723 12:44:10 3064273 dinov2 param_groups.py:87] patch_embed.proj.bias: lr_multiplier: 0.05083731656658002, wd_multiplier: 0.0
I20260723 12:44:10 3064273 dinov2 param_groups.py:87] blocks.0.0.norm1.weight: lr_multiplier: 0.2824295364810001, wd_multiplier: 0.0
I20260723 12:44:10 3064273 dinov2 param_groups.py:87] blocks.0.0.norm1.bias: lr_multiplier: 0.2824295364810001, wd_multiplier: 0.0
I20260723 12:44:10 3064273 dinov2 param_groups.py:87] blocks.0.0.attn.qkv.weight: lr_multiplier: 0.2824295364810001, wd_multiplier: 1.0
I20260723 12:44:10 3064273 dinov2 param_groups.py:87] blocks.0.0.attn.qkv.bias: lr_multiplier: 0.2824295364810001, wd_multiplier: 0.0
I20260723 12:44:10 3064273 dinov2 param_groups.py:87] blocks.0.0.attn.proj.weight: lr_multiplier: 0.2824295364810001, wd_multiplier: 1.0
I20260723 12:44:10 3064273 dinov2 param_groups.py:87] blocks.0.0.attn.proj.bias: lr_multiplier: 0.2824295364810001, wd_multiplier: 0.0
I20260723 12:44:10 3064273 dinov2 param_groups.py:87] blocks.0.0.ls1.gamma: lr_multiplier: 0.2824295364810001, wd_multiplier: 0.0
I20260723 12:44:10 3064273 dinov2 param_groups.py:87] blocks.0.0.norm2.weight: lr_multiplier: 0.2824295364810001, wd_multiplier: 0.0
I20260723 12:44:10 3064273 dinov2 param_groups.py:87] blocks.0.0.norm2.bias: lr_multiplier: 0.2824295364810001, wd_multiplier: 0.0
I20260723 12:44:10 3064273 dinov2 param_groups.py:87] blocks.0.0.mlp.fc1.weight: lr_multiplier: 0.2824295364810001, wd_multiplier: 1.0
I20260723 12:44:10 3064273 dinov2 param_groups.py:87] blocks.0.0.mlp.fc1.bias: lr_multiplier: 0.2824295364810001, wd_multiplier: 0.0
I20260723 12:44:10 3064273 dinov2 param_groups.py:87] blocks.0.0.mlp.fc2.weight: lr_multiplier: 0.2824295364810001, wd_multiplier: 1.0
I20260723 12:44:10 3064273 dinov2 param_groups.py:87] blocks.0.0.mlp.fc2.bias: lr_multiplier: 0.2824295364810001, wd_multiplier: 0.0
I20260723 12:44:10 3064273 dinov2 param_groups.py:87] blocks.0.0.ls2.gamma: lr_multiplier: 0.2824295364810001, wd_multiplier: 0.0
I20260723 12:44:10 3064273 dinov2 param_groups.py:87] blocks.0.1.norm1.weight: lr_multiplier: 0.31381059609000006, wd_multiplier: 0.0
I20260723 12:44:10 3064273 dinov2 param_groups.py:87] blocks.0.1.norm1.bias: lr_multiplier: 0.31381059609000006, wd_multiplier: 0.0
I20260723 12:44:10 3064273 dinov2 param_groups.py:87] blocks.0.1.attn.qkv.weight: lr_multiplier: 0.31381059609000006, wd_multiplier: 1.0
I20260723 12:44:10 3064273 dinov2 param_groups.py:87] blocks.0.1.attn.qkv.bias: lr_multiplier: 0.31381059609000006, wd_multiplier: 0.0
I20260723 12:44:10 3064273 dinov2 param_groups.py:87] blocks.0.1.attn.proj.weight: lr_multiplier: 0.31381059609000006, wd_multiplier: 1.0
I20260723 12:44:10 3064273 dinov2 param_groups.py:87] blocks.0.1.attn.proj.bias: lr_multiplier: 0.31381059609000006, wd_multiplier: 0.0
I20260723 12:44:10 3064273 dinov2 param_groups.py:87] blocks.0.1.ls1.gamma: lr_multiplier: 0.31381059609000006, wd_multiplier: 0.0
I20260723 12:44:10 3064273 dinov2 param_groups.py:87] blocks.0.1.norm2.weight: lr_multiplier: 0.31381059609000006, wd_multiplier: 0.0
I20260723 12:44:10 3064273 dinov2 param_groups.py:87] blocks.0.1.norm2.bias: lr_multiplier: 0.31381059609000006, wd_multiplier: 0.0
I20260723 12:44:10 3064273 dinov2 param_groups.py:87] blocks.0.1.mlp.fc1.weight: lr_multiplier: 0.31381059609000006, wd_multiplier: 1.0
I20260723 12:44:10 3064273 dinov2 param_groups.py:87] blocks.0.1.mlp.fc1.bias: lr_multiplier: 0.31381059609000006, wd_multiplier: 0.0
I20260723 12:44:10 3064273 dinov2 param_groups.py:87] blocks.0.1.mlp.fc2.weight: lr_multiplier: 0.31381059609000006, wd_multiplier: 1.0
I20260723 12:44:10 3064273 dinov2 param_groups.py:87] blocks.0.1.mlp.fc2.bias: lr_multiplier: 0.31381059609000006, wd_multiplier: 0.0
I20260723 12:44:10 3064273 dinov2 param_groups.py:87] blocks.0.1.ls2.gamma: lr_multiplier: 0.31381059609000006, wd_multiplier: 0.0
I20260723 12:44:10 3064273 dinov2 param_groups.py:87] blocks.0.2.norm1.weight: lr_multiplier: 0.3486784401000001, wd_multiplier: 0.0
I20260723 12:44:10 3064273 dinov2 param_groups.py:87] blocks.0.2.norm1.bias: lr_multiplier: 0.3486784401000001, wd_multiplier: 0.0
I20260723 12:44:10 3064273 dinov2 param_groups.py:87] blocks.0.2.attn.qkv.weight: lr_multiplier: 0.3486784401000001, wd_multiplier: 1.0
I20260723 12:44:10 3064273 dinov2 param_groups.py:87] blocks.0.2.attn.qkv.bias: lr_multiplier: 0.3486784401000001, wd_multiplier: 0.0
I20260723 12:44:10 3064273 dinov2 param_groups.py:87] blocks.0.2.attn.proj.weight: lr_multiplier: 0.3486784401000001, wd_multiplier: 1.0
I20260723 12:44:10 3064273 dinov2 param_groups.py:87] blocks.0.2.attn.proj.bias: lr_multiplier: 0.3486784401000001, wd_multiplier: 0.0
I20260723 12:44:10 3064273 dinov2 param_groups.py:87] blocks.0.2.ls1.gamma: lr_multiplier: 0.3486784401000001, wd_multiplier: 0.0
I20260723 12:44:10 3064273 dinov2 param_groups.py:87] blocks.0.2.norm2.weight: lr_multiplier: 0.3486784401000001, wd_multiplier: 0.0
I20260723 12:44:10 3064273 dinov2 param_groups.py:87] blocks.0.2.norm2.bias: lr_multiplier: 0.3486784401000001, wd_multiplier: 0.0
I20260723 12:44:10 3064273 dinov2 param_groups.py:87] blocks.0.2.mlp.fc1.weight: lr_multiplier: 0.3486784401000001, wd_multiplier: 1.0
I20260723 12:44:10 3064273 dinov2 param_groups.py:87] blocks.0.2.mlp.fc1.bias: lr_multiplier: 0.3486784401000001, wd_multiplier: 0.0
I20260723 12:44:10 3064273 dinov2 param_groups.py:87] blocks.0.2.mlp.fc2.weight: lr_multiplier: 0.3486784401000001, wd_multiplier: 1.0
I20260723 12:44:10 3064273 dinov2 param_groups.py:87] blocks.0.2.mlp.fc2.bias: lr_multiplier: 0.3486784401000001, wd_multiplier: 0.0
I20260723 12:44:10 3064273 dinov2 param_groups.py:87] blocks.0.2.ls2.gamma: lr_multiplier: 0.3486784401000001, wd_multiplier: 0.0
I20260723 12:44:10 3064273 dinov2 param_groups.py:87] blocks.1.3.norm1.weight: lr_multiplier: 0.3874204890000001, wd_multiplier: 0.0
I20260723 12:44:10 3064273 dinov2 param_groups.py:87] blocks.1.3.norm1.bias: lr_multiplier: 0.3874204890000001, wd_multiplier: 0.0
I20260723 12:44:10 3064273 dinov2 param_groups.py:87] blocks.1.3.attn.qkv.weight: lr_multiplier: 0.3874204890000001, wd_multiplier: 1.0
I20260723 12:44:10 3064273 dinov2 param_groups.py:87] blocks.1.3.attn.qkv.bias: lr_multiplier: 0.3874204890000001, wd_multiplier: 0.0
I20260723 12:44:10 3064273 dinov2 param_groups.py:87] blocks.1.3.attn.proj.weight: lr_multiplier: 0.3874204890000001, wd_multiplier: 1.0
I20260723 12:44:10 3064273 dinov2 param_groups.py:87] blocks.1.3.attn.proj.bias: lr_multiplier: 0.3874204890000001, wd_multiplier: 0.0
I20260723 12:44:10 3064273 dinov2 param_groups.py:87] blocks.1.3.ls1.gamma: lr_multiplier: 0.3874204890000001, wd_multiplier: 0.0
I20260723 12:44:10 3064273 dinov2 param_groups.py:87] blocks.1.3.norm2.weight: lr_multiplier: 0.3874204890000001, wd_multiplier: 0.0
I20260723 12:44:10 3064273 dinov2 param_groups.py:87] blocks.1.3.norm2.bias: lr_multiplier: 0.3874204890000001, wd_multiplier: 0.0
I20260723 12:44:10 3064273 dinov2 param_groups.py:87] blocks.1.3.mlp.fc1.weight: lr_multiplier: 0.3874204890000001, wd_multiplier: 1.0
I20260723 12:44:10 3064273 dinov2 param_groups.py:87] blocks.1.3.mlp.fc1.bias: lr_multiplier: 0.3874204890000001, wd_multiplier: 0.0
I20260723 12:44:10 3064273 dinov2 param_groups.py:87] blocks.1.3.mlp.fc2.weight: lr_multiplier: 0.3874204890000001, wd_multiplier: 1.0
I20260723 12:44:10 3064273 dinov2 param_groups.py:87] blocks.1.3.mlp.fc2.bias: lr_multiplier: 0.3874204890000001, wd_multiplier: 0.0
I20260723 12:44:10 3064273 dinov2 param_groups.py:87] blocks.1.3.ls2.gamma: lr_multiplier: 0.3874204890000001, wd_multiplier: 0.0
I20260723 12:44:10 3064273 dinov2 param_groups.py:87] blocks.1.4.norm1.weight: lr_multiplier: 0.4304672100000001, wd_multiplier: 0.0
I20260723 12:44:10 3064273 dinov2 param_groups.py:87] blocks.1.4.norm1.bias: lr_multiplier: 0.4304672100000001, wd_multiplier: 0.0
I20260723 12:44:10 3064273 dinov2 param_groups.py:87] blocks.1.4.attn.qkv.weight: lr_multiplier: 0.4304672100000001, wd_multiplier: 1.0
I20260723 12:44:10 3064273 dinov2 param_groups.py:87] blocks.1.4.attn.qkv.bias: lr_multiplier: 0.4304672100000001, wd_multiplier: 0.0
I20260723 12:44:10 3064273 dinov2 param_groups.py:87] blocks.1.4.attn.proj.weight: lr_multiplier: 0.4304672100000001, wd_multiplier: 1.0
I20260723 12:44:10 3064273 dinov2 param_groups.py:87] blocks.1.4.attn.proj.bias: lr_multiplier: 0.4304672100000001, wd_multiplier: 0.0
I20260723 12:44:10 3064273 dinov2 param_groups.py:87] blocks.1.4.ls1.gamma: lr_multiplier: 0.4304672100000001, wd_multiplier: 0.0
I20260723 12:44:10 3064273 dinov2 param_groups.py:87] blocks.1.4.norm2.weight: lr_multiplier: 0.4304672100000001, wd_multiplier: 0.0
I20260723 12:44:10 3064273 dinov2 param_groups.py:87] blocks.1.4.norm2.bias: lr_multiplier: 0.4304672100000001, wd_multiplier: 0.0
I20260723 12:44:10 3064273 dinov2 param_groups.py:87] blocks.1.4.mlp.fc1.weight: lr_multiplier: 0.4304672100000001, wd_multiplier: 1.0
I20260723 12:44:10 3064273 dinov2 param_groups.py:87] blocks.1.4.mlp.fc1.bias: lr_multiplier: 0.4304672100000001, wd_multiplier: 0.0
I20260723 12:44:10 3064273 dinov2 param_groups.py:87] blocks.1.4.mlp.fc2.weight: lr_multiplier: 0.4304672100000001, wd_multiplier: 1.0
I20260723 12:44:10 3064273 dinov2 param_groups.py:87] blocks.1.4.mlp.fc2.bias: lr_multiplier: 0.4304672100000001, wd_multiplier: 0.0
I20260723 12:44:10 3064273 dinov2 param_groups.py:87] blocks.1.4.ls2.gamma: lr_multiplier: 0.4304672100000001, wd_multiplier: 0.0
I20260723 12:44:10 3064273 dinov2 param_groups.py:87] blocks.1.5.norm1.weight: lr_multiplier: 0.4782969000000001, wd_multiplier: 0.0
I20260723 12:44:10 3064273 dinov2 param_groups.py:87] blocks.1.5.norm1.bias: lr_multiplier: 0.4782969000000001, wd_multiplier: 0.0
I20260723 12:44:10 3064273 dinov2 param_groups.py:87] blocks.1.5.attn.qkv.weight: lr_multiplier: 0.4782969000000001, wd_multiplier: 1.0
I20260723 12:44:10 3064273 dinov2 param_groups.py:87] blocks.1.5.attn.qkv.bias: lr_multiplier: 0.4782969000000001, wd_multiplier: 0.0
I20260723 12:44:10 3064273 dinov2 param_groups.py:87] blocks.1.5.attn.proj.weight: lr_multiplier: 0.4782969000000001, wd_multiplier: 1.0
I20260723 12:44:10 3064273 dinov2 param_groups.py:87] blocks.1.5.attn.proj.bias: lr_multiplier: 0.4782969000000001, wd_multiplier: 0.0
I20260723 12:44:10 3064273 dinov2 param_groups.py:87] blocks.1.5.ls1.gamma: lr_multiplier: 0.4782969000000001, wd_multiplier: 0.0
I20260723 12:44:10 3064273 dinov2 param_groups.py:87] blocks.1.5.norm2.weight: lr_multiplier: 0.4782969000000001, wd_multiplier: 0.0
I20260723 12:44:10 3064273 dinov2 param_groups.py:87] blocks.1.5.norm2.bias: lr_multiplier: 0.4782969000000001, wd_multiplier: 0.0
I20260723 12:44:10 3064273 dinov2 param_groups.py:87] blocks.1.5.mlp.fc1.weight: lr_multiplier: 0.4782969000000001, wd_multiplier: 1.0
I20260723 12:44:10 3064273 dinov2 param_groups.py:87] blocks.1.5.mlp.fc1.bias: lr_multiplier: 0.4782969000000001, wd_multiplier: 0.0
I20260723 12:44:10 3064273 dinov2 param_groups.py:87] blocks.1.5.mlp.fc2.weight: lr_multiplier: 0.4782969000000001, wd_multiplier: 1.0
I20260723 12:44:10 3064273 dinov2 param_groups.py:87] blocks.1.5.mlp.fc2.bias: lr_multiplier: 0.4782969000000001, wd_multiplier: 0.0
I20260723 12:44:10 3064273 dinov2 param_groups.py:87] blocks.1.5.ls2.gamma: lr_multiplier: 0.4782969000000001, wd_multiplier: 0.0
I20260723 12:44:10 3064273 dinov2 param_groups.py:87] blocks.2.6.norm1.weight: lr_multiplier: 0.531441, wd_multiplier: 0.0
I20260723 12:44:10 3064273 dinov2 param_groups.py:87] blocks.2.6.norm1.bias: lr_multiplier: 0.531441, wd_multiplier: 0.0
I20260723 12:44:10 3064273 dinov2 param_groups.py:87] blocks.2.6.attn.qkv.weight: lr_multiplier: 0.531441, wd_multiplier: 1.0
I20260723 12:44:10 3064273 dinov2 param_groups.py:87] blocks.2.6.attn.qkv.bias: lr_multiplier: 0.531441, wd_multiplier: 0.0
I20260723 12:44:10 3064273 dinov2 param_groups.py:87] blocks.2.6.attn.proj.weight: lr_multiplier: 0.531441, wd_multiplier: 1.0
I20260723 12:44:10 3064273 dinov2 param_groups.py:87] blocks.2.6.attn.proj.bias: lr_multiplier: 0.531441, wd_multiplier: 0.0
I20260723 12:44:10 3064273 dinov2 param_groups.py:87] blocks.2.6.ls1.gamma: lr_multiplier: 0.531441, wd_multiplier: 0.0
I20260723 12:44:10 3064273 dinov2 param_groups.py:87] blocks.2.6.norm2.weight: lr_multiplier: 0.531441, wd_multiplier: 0.0
I20260723 12:44:10 3064273 dinov2 param_groups.py:87] blocks.2.6.norm2.bias: lr_multiplier: 0.531441, wd_multiplier: 0.0
I20260723 12:44:10 3064273 dinov2 param_groups.py:87] blocks.2.6.mlp.fc1.weight: lr_multiplier: 0.531441, wd_multiplier: 1.0
I20260723 12:44:10 3064273 dinov2 param_groups.py:87] blocks.2.6.mlp.fc1.bias: lr_multiplier: 0.531441, wd_multiplier: 0.0
I20260723 12:44:10 3064273 dinov2 param_groups.py:87] blocks.2.6.mlp.fc2.weight: lr_multiplier: 0.531441, wd_multiplier: 1.0
I20260723 12:44:10 3064273 dinov2 param_groups.py:87] blocks.2.6.mlp.fc2.bias: lr_multiplier: 0.531441, wd_multiplier: 0.0
I20260723 12:44:10 3064273 dinov2 param_groups.py:87] blocks.2.6.ls2.gamma: lr_multiplier: 0.531441, wd_multiplier: 0.0
I20260723 12:44:10 3064273 dinov2 param_groups.py:87] blocks.2.7.norm1.weight: lr_multiplier: 0.5904900000000001, wd_multiplier: 0.0
I20260723 12:44:10 3064273 dinov2 param_groups.py:87] blocks.2.7.norm1.bias: lr_multiplier: 0.5904900000000001, wd_multiplier: 0.0
I20260723 12:44:10 3064273 dinov2 param_groups.py:87] blocks.2.7.attn.qkv.weight: lr_multiplier: 0.5904900000000001, wd_multiplier: 1.0
I20260723 12:44:10 3064273 dinov2 param_groups.py:87] blocks.2.7.attn.qkv.bias: lr_multiplier: 0.5904900000000001, wd_multiplier: 0.0
I20260723 12:44:10 3064273 dinov2 param_groups.py:87] blocks.2.7.attn.proj.weight: lr_multiplier: 0.5904900000000001, wd_multiplier: 1.0
I20260723 12:44:10 3064273 dinov2 param_groups.py:87] blocks.2.7.attn.proj.bias: lr_multiplier: 0.5904900000000001, wd_multiplier: 0.0
I20260723 12:44:10 3064273 dinov2 param_groups.py:87] blocks.2.7.ls1.gamma: lr_multiplier: 0.5904900000000001, wd_multiplier: 0.0
I20260723 12:44:10 3064273 dinov2 param_groups.py:87] blocks.2.7.norm2.weight: lr_multiplier: 0.5904900000000001, wd_multiplier: 0.0
I20260723 12:44:10 3064273 dinov2 param_groups.py:87] blocks.2.7.norm2.bias: lr_multiplier: 0.5904900000000001, wd_multiplier: 0.0
I20260723 12:44:10 3064273 dinov2 param_groups.py:87] blocks.2.7.mlp.fc1.weight: lr_multiplier: 0.5904900000000001, wd_multiplier: 1.0
I20260723 12:44:10 3064273 dinov2 param_groups.py:87] blocks.2.7.mlp.fc1.bias: lr_multiplier: 0.5904900000000001, wd_multiplier: 0.0
I20260723 12:44:10 3064273 dinov2 param_groups.py:87] blocks.2.7.mlp.fc2.weight: lr_multiplier: 0.5904900000000001, wd_multiplier: 1.0
I20260723 12:44:10 3064273 dinov2 param_groups.py:87] blocks.2.7.mlp.fc2.bias: lr_multiplier: 0.5904900000000001, wd_multiplier: 0.0
I20260723 12:44:10 3064273 dinov2 param_groups.py:87] blocks.2.7.ls2.gamma: lr_multiplier: 0.5904900000000001, wd_multiplier: 0.0
I20260723 12:44:10 3064273 dinov2 param_groups.py:87] blocks.2.8.norm1.weight: lr_multiplier: 0.6561, wd_multiplier: 0.0
I20260723 12:44:10 3064273 dinov2 param_groups.py:87] blocks.2.8.norm1.bias: lr_multiplier: 0.6561, wd_multiplier: 0.0
I20260723 12:44:10 3064273 dinov2 param_groups.py:87] blocks.2.8.attn.qkv.weight: lr_multiplier: 0.6561, wd_multiplier: 1.0
I20260723 12:44:10 3064273 dinov2 param_groups.py:87] blocks.2.8.attn.qkv.bias: lr_multiplier: 0.6561, wd_multiplier: 0.0
I20260723 12:44:10 3064273 dinov2 param_groups.py:87] blocks.2.8.attn.proj.weight: lr_multiplier: 0.6561, wd_multiplier: 1.0
I20260723 12:44:10 3064273 dinov2 param_groups.py:87] blocks.2.8.attn.proj.bias: lr_multiplier: 0.6561, wd_multiplier: 0.0
I20260723 12:44:10 3064273 dinov2 param_groups.py:87] blocks.2.8.ls1.gamma: lr_multiplier: 0.6561, wd_multiplier: 0.0
I20260723 12:44:10 3064273 dinov2 param_groups.py:87] blocks.2.8.norm2.weight: lr_multiplier: 0.6561, wd_multiplier: 0.0
I20260723 12:44:10 3064273 dinov2 param_groups.py:87] blocks.2.8.norm2.bias: lr_multiplier: 0.6561, wd_multiplier: 0.0
I20260723 12:44:10 3064273 dinov2 param_groups.py:87] blocks.2.8.mlp.fc1.weight: lr_multiplier: 0.6561, wd_multiplier: 1.0
I20260723 12:44:10 3064273 dinov2 param_groups.py:87] blocks.2.8.mlp.fc1.bias: lr_multiplier: 0.6561, wd_multiplier: 0.0
I20260723 12:44:10 3064273 dinov2 param_groups.py:87] blocks.2.8.mlp.fc2.weight: lr_multiplier: 0.6561, wd_multiplier: 1.0
I20260723 12:44:10 3064273 dinov2 param_groups.py:87] blocks.2.8.mlp.fc2.bias: lr_multiplier: 0.6561, wd_multiplier: 0.0
I20260723 12:44:10 3064273 dinov2 param_groups.py:87] blocks.2.8.ls2.gamma: lr_multiplier: 0.6561, wd_multiplier: 0.0
I20260723 12:44:10 3064273 dinov2 param_groups.py:87] blocks.3.9.norm1.weight: lr_multiplier: 0.7290000000000001, wd_multiplier: 0.0
I20260723 12:44:10 3064273 dinov2 param_groups.py:87] blocks.3.9.norm1.bias: lr_multiplier: 0.7290000000000001, wd_multiplier: 0.0
I20260723 12:44:10 3064273 dinov2 param_groups.py:87] blocks.3.9.attn.qkv.weight: lr_multiplier: 0.7290000000000001, wd_multiplier: 1.0
I20260723 12:44:10 3064273 dinov2 param_groups.py:87] blocks.3.9.attn.qkv.bias: lr_multiplier: 0.7290000000000001, wd_multiplier: 0.0
I20260723 12:44:10 3064273 dinov2 param_groups.py:87] blocks.3.9.attn.proj.weight: lr_multiplier: 0.7290000000000001, wd_multiplier: 1.0
I20260723 12:44:10 3064273 dinov2 param_groups.py:87] blocks.3.9.attn.proj.bias: lr_multiplier: 0.7290000000000001, wd_multiplier: 0.0
I20260723 12:44:10 3064273 dinov2 param_groups.py:87] blocks.3.9.ls1.gamma: lr_multiplier: 0.7290000000000001, wd_multiplier: 0.0
I20260723 12:44:10 3064273 dinov2 param_groups.py:87] blocks.3.9.norm2.weight: lr_multiplier: 0.7290000000000001, wd_multiplier: 0.0
I20260723 12:44:10 3064273 dinov2 param_groups.py:87] blocks.3.9.norm2.bias: lr_multiplier: 0.7290000000000001, wd_multiplier: 0.0
I20260723 12:44:10 3064273 dinov2 param_groups.py:87] blocks.3.9.mlp.fc1.weight: lr_multiplier: 0.7290000000000001, wd_multiplier: 1.0
I20260723 12:44:10 3064273 dinov2 param_groups.py:87] blocks.3.9.mlp.fc1.bias: lr_multiplier: 0.7290000000000001, wd_multiplier: 0.0
I20260723 12:44:10 3064273 dinov2 param_groups.py:87] blocks.3.9.mlp.fc2.weight: lr_multiplier: 0.7290000000000001, wd_multiplier: 1.0
I20260723 12:44:10 3064273 dinov2 param_groups.py:87] blocks.3.9.mlp.fc2.bias: lr_multiplier: 0.7290000000000001, wd_multiplier: 0.0
I20260723 12:44:10 3064273 dinov2 param_groups.py:87] blocks.3.9.ls2.gamma: lr_multiplier: 0.7290000000000001, wd_multiplier: 0.0
I20260723 12:44:10 3064273 dinov2 param_groups.py:87] blocks.3.10.norm1.weight: lr_multiplier: 0.81, wd_multiplier: 0.0
I20260723 12:44:10 3064273 dinov2 param_groups.py:87] blocks.3.10.norm1.bias: lr_multiplier: 0.81, wd_multiplier: 0.0
I20260723 12:44:10 3064273 dinov2 param_groups.py:87] blocks.3.10.attn.qkv.weight: lr_multiplier: 0.81, wd_multiplier: 1.0
I20260723 12:44:10 3064273 dinov2 param_groups.py:87] blocks.3.10.attn.qkv.bias: lr_multiplier: 0.81, wd_multiplier: 0.0
I20260723 12:44:10 3064273 dinov2 param_groups.py:87] blocks.3.10.attn.proj.weight: lr_multiplier: 0.81, wd_multiplier: 1.0
I20260723 12:44:10 3064273 dinov2 param_groups.py:87] blocks.3.10.attn.proj.bias: lr_multiplier: 0.81, wd_multiplier: 0.0
I20260723 12:44:10 3064273 dinov2 param_groups.py:87] blocks.3.10.ls1.gamma: lr_multiplier: 0.81, wd_multiplier: 0.0
I20260723 12:44:10 3064273 dinov2 param_groups.py:87] blocks.3.10.norm2.weight: lr_multiplier: 0.81, wd_multiplier: 0.0
I20260723 12:44:10 3064273 dinov2 param_groups.py:87] blocks.3.10.norm2.bias: lr_multiplier: 0.81, wd_multiplier: 0.0
I20260723 12:44:10 3064273 dinov2 param_groups.py:87] blocks.3.10.mlp.fc1.weight: lr_multiplier: 0.81, wd_multiplier: 1.0
I20260723 12:44:10 3064273 dinov2 param_groups.py:87] blocks.3.10.mlp.fc1.bias: lr_multiplier: 0.81, wd_multiplier: 0.0
I20260723 12:44:10 3064273 dinov2 param_groups.py:87] blocks.3.10.mlp.fc2.weight: lr_multiplier: 0.81, wd_multiplier: 1.0
I20260723 12:44:10 3064273 dinov2 param_groups.py:87] blocks.3.10.mlp.fc2.bias: lr_multiplier: 0.81, wd_multiplier: 0.0
I20260723 12:44:10 3064273 dinov2 param_groups.py:87] blocks.3.10.ls2.gamma: lr_multiplier: 0.81, wd_multiplier: 0.0
I20260723 12:44:10 3064273 dinov2 param_groups.py:87] blocks.3.11.norm1.weight: lr_multiplier: 0.9, wd_multiplier: 0.0
I20260723 12:44:10 3064273 dinov2 param_groups.py:87] blocks.3.11.norm1.bias: lr_multiplier: 0.9, wd_multiplier: 0.0
I20260723 12:44:10 3064273 dinov2 param_groups.py:87] blocks.3.11.attn.qkv.weight: lr_multiplier: 0.9, wd_multiplier: 1.0
I20260723 12:44:10 3064273 dinov2 param_groups.py:87] blocks.3.11.attn.qkv.bias: lr_multiplier: 0.9, wd_multiplier: 0.0
I20260723 12:44:10 3064273 dinov2 param_groups.py:87] blocks.3.11.attn.proj.weight: lr_multiplier: 0.9, wd_multiplier: 1.0
I20260723 12:44:10 3064273 dinov2 param_groups.py:87] blocks.3.11.attn.proj.bias: lr_multiplier: 0.9, wd_multiplier: 0.0
I20260723 12:44:10 3064273 dinov2 param_groups.py:87] blocks.3.11.ls1.gamma: lr_multiplier: 0.9, wd_multiplier: 0.0
I20260723 12:44:10 3064273 dinov2 param_groups.py:87] blocks.3.11.norm2.weight: lr_multiplier: 0.9, wd_multiplier: 0.0
I20260723 12:44:10 3064273 dinov2 param_groups.py:87] blocks.3.11.norm2.bias: lr_multiplier: 0.9, wd_multiplier: 0.0
I20260723 12:44:10 3064273 dinov2 param_groups.py:87] blocks.3.11.mlp.fc1.weight: lr_multiplier: 0.9, wd_multiplier: 1.0
I20260723 12:44:10 3064273 dinov2 param_groups.py:87] blocks.3.11.mlp.fc1.bias: lr_multiplier: 0.9, wd_multiplier: 0.0
I20260723 12:44:10 3064273 dinov2 param_groups.py:87] blocks.3.11.mlp.fc2.weight: lr_multiplier: 0.9, wd_multiplier: 1.0
I20260723 12:44:10 3064273 dinov2 param_groups.py:87] blocks.3.11.mlp.fc2.bias: lr_multiplier: 0.9, wd_multiplier: 0.0
I20260723 12:44:10 3064273 dinov2 param_groups.py:87] blocks.3.11.ls2.gamma: lr_multiplier: 0.9, wd_multiplier: 0.0
I20260723 12:44:10 3064273 dinov2 param_groups.py:87] norm.weight: lr_multiplier: 1.0, wd_multiplier: 0.0
I20260723 12:44:10 3064273 dinov2 param_groups.py:87] norm.bias: lr_multiplier: 1.0, wd_multiplier: 0.0
I20260723 12:44:10 3064273 dinov2 ssl_meta_arch.py:395] fusing param groups
I20260723 12:44:10 3064273 dinov2 param_groups.py:64] else code branch
I20260723 12:44:10 3064273 dinov2 param_groups.py:87] mlp.0.weight: lr_multiplier: 1.0, wd_multiplier: 1.0
I20260723 12:44:10 3064273 dinov2 param_groups.py:87] mlp.0.bias: lr_multiplier: 1.0, wd_multiplier: 0.0
I20260723 12:44:10 3064273 dinov2 param_groups.py:87] mlp.2.weight: lr_multiplier: 1.0, wd_multiplier: 1.0
I20260723 12:44:10 3064273 dinov2 param_groups.py:87] mlp.2.bias: lr_multiplier: 1.0, wd_multiplier: 0.0
I20260723 12:44:10 3064273 dinov2 param_groups.py:87] mlp.4.weight: lr_multiplier: 1.0, wd_multiplier: 1.0
I20260723 12:44:10 3064273 dinov2 param_groups.py:87] mlp.4.bias: lr_multiplier: 1.0, wd_multiplier: 0.0
I20260723 12:44:10 3064273 dinov2 param_groups.py:87] last_layer.weight_g: lr_multiplier: 1.0, wd_multiplier: 1.0
I20260723 12:44:10 3064273 dinov2 param_groups.py:87] last_layer.weight_v: lr_multiplier: 1.0, wd_multiplier: 1.0
I20260723 12:44:10 3064273 dinov2 ssl_meta_arch.py:395] fusing param groups
I20260723 12:44:10 3064273 dinov2 train.py:115] Schedulers ready.
W20260723 12:44:10 3064273 py.warnings warnings.py:109] /sci/labs/arieljaffe/dan.abergel1/torch_env/lib/python3.11/site-packages/torch/distributed/fsdp/fully_sharded_data_parallel.py:822: FutureWarning: FSDP.state_dict_type() and FSDP.set_state_dict_type() are being deprecated. Please use APIs, get_state_dict() and set_state_dict(), which can support different parallelisms, FSDP1, FSDP2, DDP. API doc: https://pytorch.org/docs/stable/distributed.checkpoint.html#torch.distributed.checkpoint.state_dict.get_state_dict .Tutorial: https://pytorch.org/tutorials/recipes/distributed_checkpoint_recipe.html .
  prev_state_dict_settings = FullyShardedDataParallel.set_state_dict_type(

I20260723 12:44:10 3064273 fvcore.common.checkpoint checkpoint.py:148] No checkpoint found. Initializing model from scratch
W20260723 12:44:10 3064273 py.warnings warnings.py:109] /sci/labs/arieljaffe/dan.abergel1/torch_env/lib/python3.11/site-packages/torch/distributed/fsdp/fully_sharded_data_parallel.py:829: FutureWarning: FSDP.state_dict_type() and FSDP.set_state_dict_type() are being deprecated. Please use APIs, get_state_dict() and set_state_dict(), which can support different parallelisms, FSDP1, FSDP2, DDP. API doc: https://pytorch.org/docs/stable/distributed.checkpoint.html#torch.distributed.checkpoint.state_dict.get_state_dict .Tutorial: https://pytorch.org/tutorials/recipes/distributed_checkpoint_recipe.html .
  FullyShardedDataParallel.set_state_dict_type(

I20260723 12:44:10 3064273 dinov2 augmentations.py:45] ###################################
I20260723 12:44:10 3064273 dinov2 augmentations.py:46] Using data augmentation parameters:
I20260723 12:44:10 3064273 dinov2 augmentations.py:47] global_crops_scale: [0.32, 1.0]
I20260723 12:44:10 3064273 dinov2 augmentations.py:48] local_crops_scale: [0.32, 1.0]
I20260723 12:44:10 3064273 dinov2 augmentations.py:49] local_crops_number: 8
I20260723 12:44:10 3064273 dinov2 augmentations.py:50] global_crops_size: 224
I20260723 12:44:10 3064273 dinov2 augmentations.py:51] local_crops_size: 224
I20260723 12:44:10 3064273 dinov2 augmentations.py:52] ###################################
I20260723 12:44:10 3064273 dinov2 loaders.py:98] using dataset: "ImageFolder:root=/sci/labs/arieljaffe/dan.abergel1/brain2d_hires"
I20260723 12:44:11 3064273 dinov2 image_folder.py:51] ImageFolder: 1,084 images at /sci/labs/arieljaffe/dan.abergel1/brain2d_hires
I20260723 12:44:11 3064273 dinov2 loaders.py:103] # of dataset samples: 1,084
I20260723 12:44:11 3064273 dinov2 loaders.py:136] sampler: sharded infinite
I20260723 12:44:11 3064273 dinov2 loaders.py:220] using PyTorch data loader
I20260723 12:44:11 3064273 dinov2 loaders.py:235] infinite data loader
I20260723 12:44:11 3064273 dinov2 train.py:248] Starting training from iteration 0
I20260723 12:44:29 3064273 dinov2 helpers.py:102] Training  [   0/7500]  eta: 1 day, 13:34:15  lr: 0.0000 (0.0000)  wd: 0.0400 (0.0400)  mom: 0.9920 (0.9920)  last_layer_lr: 0.0000 (0.0000)  current_batch_size: 64.0000 (64.0000)  total_loss: 8.0472 (8.0472)  teacher_entropy_ratio: 0.5268 (0.5268)  dino_local_crops_loss: 5.4649 (5.4649)  dino_global_crops_loss: 0.6831 (0.6831)  ibot_loss: 1.8992 (1.8992)  time: 18.034023  data: 5.108907  max mem: 19201
I20260723 12:44:32 3064273 dinov2 helpers.py:102] Training  [  10/7500]  eta: 4:04:28  lr: 0.0000 (0.0000)  wd: 0.0400 (0.0400)  mom: 0.9920 (0.9920)  last_layer_lr: 0.0000 (0.0000)  current_batch_size: 64.0000 (64.0000)  total_loss: 8.5382 (8.5336)  teacher_entropy_ratio: 0.7748 (0.7521)  dino_local_crops_loss: 5.8876 (5.8845)  dino_global_crops_loss: 0.7360 (0.7356)  ibot_loss: 1.9146 (1.9135)  time: 1.958364  data: 0.464551  max mem: 19412
I20260723 12:44:36 3064273 dinov2 helpers.py:102] Training  [  20/7500]  eta: 2:27:44  lr: 0.0000 (0.0000)  wd: 0.0400 (0.0400)  mom: 0.9920 (0.9920)  last_layer_lr: 0.0000 (0.0000)  current_batch_size: 64.0000 (64.0000)  total_loss: 9.0085 (8.9136)  teacher_entropy_ratio: 0.9157 (0.8549)  dino_local_crops_loss: 6.2981 (6.2173)  dino_global_crops_loss: 0.7873 (0.7772)  ibot_loss: 1.9230 (1.9191)  time: 0.342672  data: 0.000372  max mem: 19412
I20260723 12:44:39 3064273 dinov2 helpers.py:102] Training  [  30/7500]  eta: 1:54:48  lr: 0.0000 (0.0000)  wd: 0.0400 (0.0400)  mom: 0.9920 (0.9920)  last_layer_lr: 0.0000 (0.0000)  current_batch_size: 64.0000 (64.0000)  total_loss: 9.5154 (9.1385)  teacher_entropy_ratio: 0.9893 (0.9004)  dino_local_crops_loss: 6.7485 (6.4183)  dino_global_crops_loss: 0.8436 (0.8023)  ibot_loss: 1.9213 (1.9179)  time: 0.352264  data: 0.000604  max mem: 19412
I20260723 12:44:43 3064273 dinov2 helpers.py:102] Training  [  40/7500]  eta: 1:37:02  lr: 0.0000 (0.0000)  wd: 0.0400 (0.0400)  mom: 0.9920 (0.9920)  last_layer_lr: 0.0000 (0.0000)  current_batch_size: 64.0000 (64.0000)  total_loss: 9.6514 (9.2658)  teacher_entropy_ratio: 0.9986 (0.9245)  dino_local_crops_loss: 6.8874 (6.5365)  dino_global_crops_loss: 0.8609 (0.8171)  ibot_loss: 1.9058 (1.9121)  time: 0.355726  data: 0.000589  max mem: 19412
I20260723 12:44:46 3064273 dinov2 helpers.py:102] Training  [  50/7500]  eta: 1:26:33  lr: 0.0000 (0.0000)  wd: 0.0400 (0.0400)  mom: 0.9920 (0.9920)  last_layer_lr: 0.0000 (0.0000)  current_batch_size: 64.0000 (64.0000)  total_loss: 9.6431 (9.3332)  teacher_entropy_ratio: 0.9995 (0.9392)  dino_local_crops_loss: 6.8979 (6.6046)  dino_global_crops_loss: 0.8622 (0.8256)  ibot_loss: 1.8796 (1.9030)  time: 0.348438  data: 0.000519  max mem: 19412
I20260723 12:44:50 3064273 dinov2 helpers.py:102] Training  [  60/7500]  eta: 1:19:16  lr: 0.0000 (0.0000)  wd: 0.0400 (0.0400)  mom: 0.9920 (0.9920)  last_layer_lr: 0.0000 (0.0000)  current_batch_size: 64.0000 (64.0000)  total_loss: 9.5593 (9.3635)  teacher_entropy_ratio: 0.9989 (0.9488)  dino_local_crops_loss: 6.8575 (6.6421)  dino_global_crops_loss: 0.8572 (0.8303)  ibot_loss: 1.8446 (1.8912)  time: 0.349606  data: 0.000697  max mem: 19412
I20260723 12:44:53 3064273 dinov2 helpers.py:102] Training  [  70/7500]  eta: 1:14:02  lr: 0.0000 (0.0000)  wd: 0.0401 (0.0400)  mom: 0.9920 (0.9920)  last_layer_lr: 0.0000 (0.0000)  current_batch_size: 64.0000 (64.0000)  total_loss: 9.4623 (9.3720)  teacher_entropy_ratio: 0.9964 (0.9553)  dino_local_crops_loss: 6.8044 (6.6621)  dino_global_crops_loss: 0.8506 (0.8328)  ibot_loss: 1.8123 (1.8771)  time: 0.344949  data: 0.000793  max mem: 19412
I20260723 12:44:57 3064273 dinov2 helpers.py:102] Training  [  80/7500]  eta: 1:10:02  lr: 0.0000 (0.0000)  wd: 0.0401 (0.0400)  mom: 0.9920 (0.9920)  last_layer_lr: 0.0000 (0.0000)  current_batch_size: 64.0000 (64.0000)  total_loss: 9.3792 (9.3694)  teacher_entropy_ratio: 0.9932 (0.9598)  dino_local_crops_loss: 6.7613 (6.6725)  dino_global_crops_loss: 0.8452 (0.8341)  ibot_loss: 1.7728 (1.8628)  time: 0.344040  data: 0.000438  max mem: 19412
I20260723 12:45:00 3064273 dinov2 helpers.py:102] Training  [  90/7500]  eta: 1:06:53  lr: 0.0000 (0.0000)  wd: 0.0401 (0.0400)  mom: 0.9920 (0.9920)  last_layer_lr: 0.0000 (0.0000)  current_batch_size: 64.0000 (64.0000)  total_loss: 9.3062 (9.3595)  teacher_entropy_ratio: 0.9903 (0.9631)  dino_local_crops_loss: 6.7309 (6.6778)  dino_global_crops_loss: 0.8414 (0.8347)  ibot_loss: 1.7355 (1.8470)  time: 0.341749  data: 0.000632  max mem: 19412
I20260723 12:45:03 3064273 dinov2 helpers.py:102] Training  [ 100/7500]  eta: 1:04:19  lr: 0.0000 (0.0000)  wd: 0.0401 (0.0401)  mom: 0.9920 (0.9920)  last_layer_lr: 0.0000 (0.0000)  current_batch_size: 64.0000 (64.0000)  total_loss: 9.2361 (9.3448)  teacher_entropy_ratio: 0.9878 (0.9654)  dino_local_crops_loss: 6.7103 (6.6804)  dino_global_crops_loss: 0.8389 (0.8351)  ibot_loss: 1.6869 (1.8293)  time: 0.340309  data: 0.000627  max mem: 19412
I20260723 12:45:07 3064273 dinov2 helpers.py:102] Training  [ 110/7500]  eta: 1:02:19  lr: 0.0000 (0.0000)  wd: 0.0402 (0.0401)  mom: 0.9920 (0.9920)  last_layer_lr: 0.0000 (0.0000)  current_batch_size: 64.0000 (64.0000)  total_loss: 9.1666 (9.3248)  teacher_entropy_ratio: 0.9852 (0.9671)  dino_local_crops_loss: 6.6961 (6.6809)  dino_global_crops_loss: 0.8378 (0.8352)  ibot_loss: 1.6328 (1.8087)  time: 0.343724  data: 0.000612  max mem: 19412
I20260723 12:45:10 3064273 dinov2 helpers.py:102] Training  [ 120/7500]  eta: 1:00:30  lr: 0.0000 (0.0000)  wd: 0.0402 (0.0401)  mom: 0.9920 (0.9920)  last_layer_lr: 0.0000 (0.0000)  current_batch_size: 64.0000 (64.0000)  total_loss: 9.0858 (9.3023)  teacher_entropy_ratio: 0.9817 (0.9681)  dino_local_crops_loss: 6.6693 (6.6788)  dino_global_crops_loss: 0.8342 (0.8350)  ibot_loss: 1.5848 (1.7884)  time: 0.342366  data: 0.000836  max mem: 19412
I20260723 12:45:14 3064273 dinov2 helpers.py:102] Training  [ 130/7500]  eta: 0:59:07  lr: 0.0000 (0.0000)  wd: 0.0402 (0.0401)  mom: 0.9920 (0.9920)  last_layer_lr: 0.0000 (0.0000)  current_batch_size: 64.0000 (64.0000)  total_loss: 9.0129 (9.2781)  teacher_entropy_ratio: 0.9766 (0.9686)  dino_local_crops_loss: 6.6388 (6.6748)  dino_global_crops_loss: 0.8309 (0.8346)  ibot_loss: 1.5371 (1.7687)  time: 0.344506  data: 0.000496  max mem: 19412
I20260723 12:45:17 3064273 dinov2 helpers.py:102] Training  [ 140/7500]  eta: 0:57:51  lr: 0.0000 (0.0000)  wd: 0.0403 (0.0401)  mom: 0.9920 (0.9920)  last_layer_lr: 0.0000 (0.0000)  current_batch_size: 64.0000 (64.0000)  total_loss: 8.9437 (9.2523)  teacher_entropy_ratio: 0.9723 (0.9688)  dino_local_crops_loss: 6.6138 (6.6700)  dino_global_crops_loss: 0.8272 (0.8340)  ibot_loss: 1.4979 (1.7483)  time: 0.348414  data: 0.000868  max mem: 19412
I20260723 12:45:21 3064273 dinov2 helpers.py:102] Training  [ 150/7500]  eta: 0:56:47  lr: 0.0000 (0.0000)  wd: 0.0403 (0.0401)  mom: 0.9920 (0.9920)  last_layer_lr: 0.0000 (0.0000)  current_batch_size: 64.0000 (64.0000)  total_loss: 8.8675 (9.2239)  teacher_entropy_ratio: 0.9691 (0.9687)  dino_local_crops_loss: 6.6035 (6.6655)  dino_global_crops_loss: 0.8260 (0.8335)  ibot_loss: 1.4357 (1.7249)  time: 0.347865  data: 0.001004  max mem: 19412
I20260723 12:45:24 3064273 dinov2 helpers.py:102] Training  [ 160/7500]  eta: 0:55:49  lr: 0.0001 (0.0000)  wd: 0.0404 (0.0401)  mom: 0.9920 (0.9920)  last_layer_lr: 0.0001 (0.0000)  current_batch_size: 64.0000 (64.0000)  total_loss: 8.7781 (9.1942)  teacher_entropy_ratio: 0.9673 (0.9685)  dino_local_crops_loss: 6.6040 (6.6620)  dino_global_crops_loss: 0.8260 (0.8331)  ibot_loss: 1.3497 (1.6991)  time: 0.349094  data: 0.000841  max mem: 19412
I20260723 12:45:28 3064273 dinov2 helpers.py:102] Training  [ 170/7500]  eta: 0:55:00  lr: 0.0001 (0.0000)  wd: 0.0404 (0.0402)  mom: 0.9920 (0.9920)  last_layer_lr: 0.0001 (0.0000)  current_batch_size: 64.0000 (64.0000)  total_loss: 8.6643 (9.1602)  teacher_entropy_ratio: 0.9647 (0.9682)  dino_local_crops_loss: 6.6115 (6.6591)  dino_global_crops_loss: 0.8274 (0.8327)  ibot_loss: 1.2207 (1.6684)  time: 0.349444  data: 0.000886  max mem: 19412
I20260723 12:45:31 3064273 dinov2 helpers.py:102] Training  [ 180/7500]  eta: 0:54:15  lr: 0.0001 (0.0000)  wd: 0.0405 (0.0402)  mom: 0.9920 (0.9920)  last_layer_lr: 0.0001 (0.0000)  current_batch_size: 64.0000 (64.0000)  total_loss: 8.4871 (9.1203)  teacher_entropy_ratio: 0.9563 (0.9673)  dino_local_crops_loss: 6.6018 (6.6549)  dino_global_crops_loss: 0.8260 (0.8322)  ibot_loss: 1.0626 (1.6332)  time: 0.350693  data: 0.000456  max mem: 19412
I20260723 12:45:35 3064273 dinov2 helpers.py:102] Training  [ 190/7500]  eta: 0:53:37  lr: 0.0001 (0.0000)  wd: 0.0405 (0.0402)  mom: 0.9920 (0.9920)  last_layer_lr: 0.0001 (0.0000)  current_batch_size: 64.0000 (64.0000)  total_loss: 8.3654 (9.0685)  teacher_entropy_ratio: 0.9455 (0.9653)  dino_local_crops_loss: 6.5539 (6.6460)  dino_global_crops_loss: 0.8199 (0.8311)  ibot_loss: 0.9289 (1.5913)  time: 0.353108  data: 0.004072  max mem: 19412
I20260723 12:45:38 3064273 dinov2 helpers.py:102] Training  [ 200/7500]  eta: 0:53:02  lr: 0.0001 (0.0000)  wd: 0.0406 (0.0402)  mom: 0.9920 (0.9920)  last_layer_lr: 0.0001 (0.0000)  current_batch_size: 64.0000 (64.0000)  total_loss: 8.0111 (9.0119)  teacher_entropy_ratio: 0.9217 (0.9629)  dino_local_crops_loss: 6.4562 (6.6353)  dino_global_crops_loss: 0.8075 (0.8298)  ibot_loss: 0.7573 (1.5468)  time: 0.356478  data: 0.004257  max mem: 19412
I20260723 12:45:42 3064273 dinov2 helpers.py:102] Training  [ 210/7500]  eta: 0:52:30  lr: 0.0001 (0.0000)  wd: 0.0406 (0.0402)  mom: 0.9920 (0.9920)  last_layer_lr: 0.0001 (0.0000)  current_batch_size: 64.0000 (64.0000)  total_loss: 7.8159 (8.9530)  teacher_entropy_ratio: 0.9130 (0.9605)  dino_local_crops_loss: 6.4198 (6.6242)  dino_global_crops_loss: 0.8025 (0.8284)  ibot_loss: 0.6211 (1.5004)  time: 0.356559  data: 0.005710  max mem: 19412
I20260723 12:45:46 3064273 dinov2 helpers.py:102] Training  [ 220/7500]  eta: 0:52:14  lr: 0.0001 (0.0000)  wd: 0.0407 (0.0403)  mom: 0.9920 (0.9920)  last_layer_lr: 0.0001 (0.0000)  current_batch_size: 64.0000 (64.0000)  total_loss: 7.7066 (8.8940)  teacher_entropy_ratio: 0.9123 (0.9581)  dino_local_crops_loss: 6.3966 (6.6132)  dino_global_crops_loss: 0.7995 (0.8270)  ibot_loss: 0.5163 (1.4537)  time: 0.376026  data: 0.026966  max mem: 19412
I20260723 12:45:49 3064273 dinov2 helpers.py:102] Training  [ 230/7500]  eta: 0:51:44  lr: 0.0001 (0.0000)  wd: 0.0408 (0.0403)  mom: 0.9920 (0.9920)  last_layer_lr: 0.0001 (0.0000)  current_batch_size: 64.0000 (64.0000)  total_loss: 7.6501 (8.8398)  teacher_entropy_ratio: 0.9126 (0.9564)  dino_local_crops_loss: 6.3952 (6.6052)  dino_global_crops_loss: 0.7995 (0.8260)  ibot_loss: 0.4443 (1.4085)  time: 0.372230  data: 0.022082  max mem: 19412
I20260723 12:45:53 3064273 dinov2 helpers.py:102] Training  [ 240/7500]  eta: 0:51:14  lr: 0.0001 (0.0000)  wd: 0.0408 (0.0403)  mom: 0.9920 (0.9920)  last_layer_lr: 0.0001 (0.0000)  current_batch_size: 64.0000 (64.0000)  total_loss: 7.6678 (8.7931)  teacher_entropy_ratio: 0.9271 (0.9558)  dino_local_crops_loss: 6.4721 (6.6025)  dino_global_crops_loss: 0.8096 (0.8257)  ibot_loss: 0.3849 (1.3650)  time: 0.345357  data: 0.000848  max mem: 19412
I20260723 12:45:56 3064273 dinov2 helpers.py:102] Training  [ 250/7500]  eta: 0:50:45  lr: 0.0001 (0.0000)  wd: 0.0409 (0.0403)  mom: 0.9920 (0.9920)  last_layer_lr: 0.0001 (0.0000)  current_batch_size: 64.0000 (64.0000)  total_loss: 7.7335 (8.7508)  teacher_entropy_ratio: 0.9488 (0.9556)  dino_local_crops_loss: 6.5673 (6.6016)  dino_global_crops_loss: 0.8210 (0.8256)  ibot_loss: 0.3473 (1.3237)  time: 0.339318  data: 0.000477  max mem: 19412
I20260723 12:46:00 3064273 dinov2 helpers.py:102] Training  [ 260/7500]  eta: 0:50:20  lr: 0.0001 (0.0000)  wd: 0.0410 (0.0404)  mom: 0.9920 (0.9920)  last_layer_lr: 0.0001 (0.0000)  current_batch_size: 64.0000 (64.0000)  total_loss: 7.7414 (8.7123)  teacher_entropy_ratio: 0.9579 (0.9558)  dino_local_crops_loss: 6.6002 (6.6018)  dino_global_crops_loss: 0.8252 (0.8256)  ibot_loss: 0.3189 (1.2849)  time: 0.342105  data: 0.003580  max mem: 19412
I20260723 12:46:03 3064273 dinov2 helpers.py:102] Training  [ 270/7500]  eta: 0:50:01  lr: 0.0001 (0.0000)  wd: 0.0411 (0.0404)  mom: 0.9920 (0.9920)  last_layer_lr: 0.0001 (0.0000)  current_batch_size: 64.0000 (64.0000)  total_loss: 7.7383 (8.6755)  teacher_entropy_ratio: 0.9620 (0.9561)  dino_local_crops_loss: 6.6119 (6.6022)  dino_global_crops_loss: 0.8266 (0.8256)  ibot_loss: 0.3009 (1.2476)  time: 0.353899  data: 0.011214  max mem: 19412
I20260723 12:46:07 3064273 dinov2 helpers.py:102] Training  [ 280/7500]  eta: 0:49:50  lr: 0.0001 (0.0000)  wd: 0.0411 (0.0404)  mom: 0.9920 (0.9920)  last_layer_lr: 0.0001 (0.0000)  current_batch_size: 64.0000 (64.0000)  total_loss: 7.7320 (8.6414)  teacher_entropy_ratio: 0.9652 (0.9564)  dino_local_crops_loss: 6.6260 (6.6031)  dino_global_crops_loss: 0.8283 (0.8257)  ibot_loss: 0.2700 (1.2126)  time: 0.375307  data: 0.030820  max mem: 19412
I20260723 12:46:11 3064273 dinov2 helpers.py:102] Training  [ 290/7500]  eta: 0:49:28  lr: 0.0001 (0.0000)  wd: 0.0412 (0.0404)  mom: 0.9920 (0.9920)  last_layer_lr: 0.0001 (0.0000)  current_batch_size: 64.0000 (64.0000)  total_loss: 7.7003 (8.6090)  teacher_entropy_ratio: 0.9651 (0.9566)  dino_local_crops_loss: 6.6286 (6.6036)  dino_global_crops_loss: 0.8288 (0.8258)  ibot_loss: 0.2502 (1.1796)  time: 0.365457  data: 0.027585  max mem: 19412
I20260723 12:46:14 3064273 dinov2 helpers.py:102] Training  [ 300/7500]  eta: 0:49:12  lr: 0.0001 (0.0001)  wd: 0.0413 (0.0405)  mom: 0.9920 (0.9920)  last_layer_lr: 0.0001 (0.0000)  current_batch_size: 64.0000 (64.0000)  total_loss: 7.6990 (8.5789)  teacher_entropy_ratio: 0.9687 (0.9570)  dino_local_crops_loss: 6.6289 (6.6046)  dino_global_crops_loss: 0.8288 (0.8259)  ibot_loss: 0.2421 (1.1484)  time: 0.350801  data: 0.008555  max mem: 19412
I20260723 12:46:18 3064273 dinov2 helpers.py:102] Training  [ 310/7500]  eta: 0:48:53  lr: 0.0001 (0.0001)  wd: 0.0414 (0.0405)  mom: 0.9920 (0.9920)  last_layer_lr: 0.0001 (0.0000)  current_batch_size: 64.0000 (64.0000)  total_loss: 7.7070 (8.5507)  teacher_entropy_ratio: 0.9705 (0.9574)  dino_local_crops_loss: 6.6421 (6.6057)  dino_global_crops_loss: 0.8304 (0.8260)  ibot_loss: 0.2359 (1.1190)  time: 0.353782  data: 0.004367  max mem: 19412
I20260723 12:46:21 3064273 dinov2 helpers.py:102] Training  [ 320/7500]  eta: 0:48:36  lr: 0.0001 (0.0001)  wd: 0.0415 (0.0405)  mom: 0.9920 (0.9920)  last_layer_lr: 0.0001 (0.0000)  current_batch_size: 64.0000 (64.0000)  total_loss: 7.7075 (8.5250)  teacher_entropy_ratio: 0.9733 (0.9580)  dino_local_crops_loss: 6.6495 (6.6076)  dino_global_crops_loss: 0.8315 (0.8263)  ibot_loss: 0.2284 (1.0912)  time: 0.349126  data: 0.005926  max mem: 19412
I20260723 12:46:25 3064273 dinov2 helpers.py:102] Training  [ 330/7500]  eta: 0:48:20  lr: 0.0001 (0.0001)  wd: 0.0416 (0.0406)  mom: 0.9920 (0.9920)  last_layer_lr: 0.0001 (0.0000)  current_batch_size: 64.0000 (64.0000)  total_loss: 7.7381 (8.5014)  teacher_entropy_ratio: 0.9763 (0.9586)  dino_local_crops_loss: 6.6796 (6.6102)  dino_global_crops_loss: 0.8352 (0.8266)  ibot_loss: 0.2162 (1.0646)  time: 0.351273  data: 0.013098  max mem: 19412
I20260723 12:46:29 3064273 dinov2 helpers.py:102] Training  [ 340/7500]  eta: 0:48:11  lr: 0.0001 (0.0001)  wd: 0.0417 (0.0406)  mom: 0.9920 (0.9920)  last_layer_lr: 0.0001 (0.0000)  current_batch_size: 64.0000 (64.0000)  total_loss: 7.7476 (8.4794)  teacher_entropy_ratio: 0.9826 (0.9594)  dino_local_crops_loss: 6.7050 (6.6134)  dino_global_crops_loss: 0.8381 (0.8270)  ibot_loss: 0.1991 (1.0390)  time: 0.366478  data: 0.025524  max mem: 19412
I20260723 12:46:32 3064273 dinov2 helpers.py:102] Training  [ 350/7500]  eta: 0:47:56  lr: 0.0001 (0.0001)  wd: 0.0418 (0.0406)  mom: 0.9920 (0.9920)  last_layer_lr: 0.0001 (0.0000)  current_batch_size: 64.0000 (64.0000)  total_loss: 7.7600 (8.4593)  teacher_entropy_ratio: 0.9881 (0.9602)  dino_local_crops_loss: 6.7332 (6.6171)  dino_global_crops_loss: 0.8417 (0.8274)  ibot_loss: 0.1880 (1.0148)  time: 0.365681  data: 0.022220  max mem: 19412
I20260723 12:46:36 3064273 dinov2 helpers.py:102] Training  [ 360/7500]  eta: 0:47:46  lr: 0.0001 (0.0001)  wd: 0.0419 (0.0407)  mom: 0.9920 (0.9920)  last_layer_lr: 0.0001 (0.0000)  current_batch_size: 64.0000 (64.0000)  total_loss: 7.7718 (8.4402)  teacher_entropy_ratio: 0.9903 (0.9611)  dino_local_crops_loss: 6.7477 (6.6208)  dino_global_crops_loss: 0.8435 (0.8279)  ibot_loss: 0.1768 (0.9915)  time: 0.360332  data: 0.017124  max mem: 19412
I20260723 12:46:39 3064273 dinov2 helpers.py:102] Training  [ 370/7500]  eta: 0:47:31  lr: 0.0001 (0.0001)  wd: 0.0420 (0.0407)  mom: 0.9920 (0.9920)  last_layer_lr: 0.0001 (0.0001)  current_batch_size: 64.0000 (64.0000)  total_loss: 7.7695 (8.4224)  teacher_entropy_ratio: 0.9932 (0.9620)  dino_local_crops_loss: 6.7555 (6.6246)  dino_global_crops_loss: 0.8445 (0.8284)  ibot_loss: 0.1733 (0.9695)  time: 0.356120  data: 0.012995  max mem: 19412
I20260723 12:46:43 3064273 dinov2 helpers.py:102] Training  [ 380/7500]  eta: 0:47:21  lr: 0.0001 (0.0001)  wd: 0.0422 (0.0408)  mom: 0.9920 (0.9920)  last_layer_lr: 0.0001 (0.0001)  current_batch_size: 64.0000 (64.0000)  total_loss: 7.7848 (8.4057)  teacher_entropy_ratio: 0.9943 (0.9628)  dino_local_crops_loss: 6.7609 (6.6282)  dino_global_crops_loss: 0.8452 (0.8288)  ibot_loss: 0.1787 (0.9487)  time: 0.355244  data: 0.011366  max mem: 19412
I20260723 12:46:46 3064273 dinov2 helpers.py:102] Training  [ 390/7500]  eta: 0:47:09  lr: 0.0001 (0.0001)  wd: 0.0423 (0.0408)  mom: 0.9921 (0.9920)  last_layer_lr: 0.0001 (0.0001)  current_batch_size: 64.0000 (64.0000)  total_loss: 7.7948 (8.3904)  teacher_entropy_ratio: 0.9949 (0.9637)  dino_local_crops_loss: 6.7630 (6.6316)  dino_global_crops_loss: 0.8454 (0.8292)  ibot_loss: 0.1873 (0.9295)  time: 0.363687  data: 0.020633  max mem: 19412
I20260723 12:46:50 3064273 dinov2 helpers.py:102] Training  [ 400/7500]  eta: 0:47:00  lr: 0.0001 (0.0001)  wd: 0.0424 (0.0408)  mom: 0.9921 (0.9920)  last_layer_lr: 0.0001 (0.0001)  current_batch_size: 64.0000 (64.0000)  total_loss: 7.7998 (8.3756)  teacher_entropy_ratio: 0.9956 (0.9644)  dino_local_crops_loss: 6.7648 (6.6350)  dino_global_crops_loss: 0.8456 (0.8296)  ibot_loss: 0.1924 (0.9110)  time: 0.363472  data: 0.024274  max mem: 19412
I20260723 12:46:54 3064273 dinov2 helpers.py:102] Training  [ 410/7500]  eta: 0:46:49  lr: 0.0001 (0.0001)  wd: 0.0425 (0.0409)  mom: 0.9921 (0.9920)  last_layer_lr: 0.0001 (0.0001)  current_batch_size: 64.0000 (64.0000)  total_loss: 7.7999 (8.3617)  teacher_entropy_ratio: 0.9958 (0.9652)  dino_local_crops_loss: 6.7665 (6.6382)  dino_global_crops_loss: 0.8459 (0.8300)  ibot_loss: 0.1929 (0.8935)  time: 0.360682  data: 0.018486  max mem: 19412
I20260723 12:46:58 3064273 dinov2 helpers.py:102] Training  [ 420/7500]  eta: 0:46:45  lr: 0.0001 (0.0001)  wd: 0.0426 (0.0409)  mom: 0.9921 (0.9920)  last_layer_lr: 0.0001 (0.0001)  current_batch_size: 64.0000 (64.0000)  total_loss: 7.8075 (8.3484)  teacher_entropy_ratio: 0.9964 (0.9659)  dino_local_crops_loss: 6.7672 (6.6412)  dino_global_crops_loss: 0.8460 (0.8304)  ibot_loss: 0.1931 (0.8767)  time: 0.375424  data: 0.034397  max mem: 19412
I20260723 12:47:01 3064273 dinov2 helpers.py:102] Training  [ 430/7500]  eta: 0:46:33  lr: 0.0001 (0.0001)  wd: 0.0428 (0.0410)  mom: 0.9921 (0.9920)  last_layer_lr: 0.0001 (0.0001)  current_batch_size: 64.0000 (64.0000)  total_loss: 7.8050 (8.3359)  teacher_entropy_ratio: 0.9966 (0.9667)  dino_local_crops_loss: 6.7690 (6.6442)  dino_global_crops_loss: 0.8461 (0.8308)  ibot_loss: 0.1894 (0.8609)  time: 0.374390  data: 0.031184  max mem: 19412
I20260723 12:47:05 3064273 dinov2 helpers.py:102] Training  [ 440/7500]  eta: 0:46:21  lr: 0.0001 (0.0001)  wd: 0.0429 (0.0410)  mom: 0.9921 (0.9920)  last_layer_lr: 0.0001 (0.0001)  current_batch_size: 64.0000 (64.0000)  total_loss: 7.8172 (8.3244)  teacher_entropy_ratio: 0.9972 (0.9674)  dino_local_crops_loss: 6.7702 (6.6471)  dino_global_crops_loss: 0.8463 (0.8311)  ibot_loss: 0.2011 (0.8462)  time: 0.347304  data: 0.002011  max mem: 19412
W20260723 12:47:08 3064273 py.warnings warnings.py:109] /sci/labs/arieljaffe/dan.abergel1/torch_env/lib/python3.11/site-packages/torch/distributed/fsdp/fully_sharded_data_parallel.py:822: FutureWarning: FSDP.state_dict_type() and FSDP.set_state_dict_type() are being deprecated. Please use APIs, get_state_dict() and set_state_dict(), which can support different parallelisms, FSDP1, FSDP2, DDP. API doc: https://pytorch.org/docs/stable/distributed.checkpoint.html#torch.distributed.checkpoint.state_dict.get_state_dict .Tutorial: https://pytorch.org/tutorials/recipes/distributed_checkpoint_recipe.html .
  prev_state_dict_settings = FullyShardedDataParallel.set_state_dict_type(

W20260723 12:47:08 3064273 py.warnings warnings.py:109] /sci/labs/arieljaffe/dan.abergel1/torch_env/lib/python3.11/site-packages/torch/utils/_contextlib.py:124: UserWarning: When using ``NO_SHARD`` for ``ShardingStrategy``, full_state_dict will be returned.
  return func(*args, **kwargs)

W20260723 12:47:08 3064273 py.warnings warnings.py:109] /sci/labs/arieljaffe/dan.abergel1/torch_env/lib/python3.11/site-packages/torch/distributed/fsdp/fully_sharded_data_parallel.py:829: FutureWarning: FSDP.state_dict_type() and FSDP.set_state_dict_type() are being deprecated. Please use APIs, get_state_dict() and set_state_dict(), which can support different parallelisms, FSDP1, FSDP2, DDP. API doc: https://pytorch.org/docs/stable/distributed.checkpoint.html#torch.distributed.checkpoint.state_dict.get_state_dict .Tutorial: https://pytorch.org/tutorials/recipes/distributed_checkpoint_recipe.html .
  FullyShardedDataParallel.set_state_dict_type(

I20260723 12:47:08 3064273 fvcore.common.checkpoint __init__.py:109] Saving checkpoint to /sci/labs/arieljaffe/dan.abergel1/runs/brain/h_lowlr/model_0000449.rank_0.pth
W20260723 12:47:09 3064273 py.warnings warnings.py:109] /sci/labs/arieljaffe/dan.abergel1/torch_env/lib/python3.11/site-packages/torch/distributed/c10d_logger.py:83: UserWarning: barrier(): using the device under current context. You can specify `device_id` in `init_process_group` to mute this warning.
  return func(*args, **kwargs)

I20260723 12:47:09 3064273 dinov2 helpers.py:102] Training  [ 450/7500]  eta: 0:46:30  lr: 0.0001 (0.0001)  wd: 0.0430 (0.0411)  mom: 0.9921 (0.9920)  last_layer_lr: 0.0001 (0.0001)  current_batch_size: 64.0000 (64.0000)  total_loss: 7.8396 (8.3138)  teacher_entropy_ratio: 0.9975 (0.9680)  dino_local_crops_loss: 6.7717 (6.6499)  dino_global_crops_loss: 0.8465 (0.8315)  ibot_loss: 0.2215 (0.8325)  time: 0.409295  data: 0.011698  max mem: 19412
I20260723 12:47:13 3064273 dinov2 helpers.py:102] Training  [ 460/7500]  eta: 0:46:17  lr: 0.0002 (0.0001)  wd: 0.0432 (0.0411)  mom: 0.9921 (0.9920)  last_layer_lr: 0.0002 (0.0001)  current_batch_size: 64.0000 (64.0000)  total_loss: 7.8407 (8.3035)  teacher_entropy_ratio: 0.9976 (0.9686)  dino_local_crops_loss: 6.7723 (6.6525)  dino_global_crops_loss: 0.8466 (0.8318)  ibot_loss: 0.2221 (0.8192)  time: 0.406825  data: 0.010435  max mem: 19412
I20260723 12:47:16 3064273 dinov2 helpers.py:102] Training  [ 470/7500]  eta: 0:46:08  lr: 0.0002 (0.0001)  wd: 0.0433 (0.0412)  mom: 0.9921 (0.9920)  last_layer_lr: 0.0002 (0.0001)  current_batch_size: 64.0000 (64.0000)  total_loss: 7.8435 (8.2938)  teacher_entropy_ratio: 0.9977 (0.9693)  dino_local_crops_loss: 6.7736 (6.6551)  dino_global_crops_loss: 0.8468 (0.8321)  ibot_loss: 0.2239 (0.8066)  time: 0.349020  data: 0.000699  max mem: 19412
I20260723 12:47:20 3064273 dinov2 helpers.py:102] Training  [ 480/7500]  eta: 0:45:56  lr: 0.0002 (0.0001)  wd: 0.0435 (0.0412)  mom: 0.9921 (0.9920)  last_layer_lr: 0.0002 (0.0001)  current_batch_size: 64.0000 (64.0000)  total_loss: 7.8523 (8.2848)  teacher_entropy_ratio: 0.9981 (0.9699)  dino_local_crops_loss: 6.7744 (6.6576)  dino_global_crops_loss: 0.8469 (0.8324)  ibot_loss: 0.2312 (0.7947)  time: 0.349679  data: 0.000649  max mem: 19412
I20260723 12:47:23 3064273 dinov2 helpers.py:102] Training  [ 490/7500]  eta: 0:45:44  lr: 0.0002 (0.0001)  wd: 0.0436 (0.0413)  mom: 0.9921 (0.9920)  last_layer_lr: 0.0002 (0.0001)  current_batch_size: 64.0000 (64.0000)  total_loss: 7.8722 (8.2769)  teacher_entropy_ratio: 0.9982 (0.9705)  dino_local_crops_loss: 6.7751 (6.6600)  dino_global_crops_loss: 0.8469 (0.8327)  ibot_loss: 0.2502 (0.7842)  time: 0.338556  data: 0.000558  max mem: 19412
I20260723 12:47:27 3064273 dinov2 helpers.py:102] Training  [ 500/7500]  eta: 0:45:33  lr: 0.0002 (0.0001)  wd: 0.0438 (0.0413)  mom: 0.9921 (0.9920)  last_layer_lr: 0.0002 (0.0001)  current_batch_size: 64.0000 (64.0000)  total_loss: 7.9042 (8.2696)  teacher_entropy_ratio: 0.9984 (0.9710)  dino_local_crops_loss: 6.7755 (6.6623)  dino_global_crops_loss: 0.8470 (0.8330)  ibot_loss: 0.2821 (0.7743)  time: 0.338899  data: 0.000565  max mem: 19412
I20260723 12:47:30 3064273 dinov2 helpers.py:102] Training  [ 510/7500]  eta: 0:45:24  lr: 0.0002 (0.0001)  wd: 0.0439 (0.0414)  mom: 0.9921 (0.9920)  last_layer_lr: 0.0002 (0.0001)  current_batch_size: 64.0000 (64.0000)  total_loss: 7.9245 (8.2633)  teacher_entropy_ratio: 0.9986 (0.9715)  dino_local_crops_loss: 6.7760 (6.6645)  dino_global_crops_loss: 0.8470 (0.8333)  ibot_loss: 0.3013 (0.7655)  time: 0.346184  data: 0.001308  max mem: 19412
I20260723 12:47:34 3064273 dinov2 helpers.py:102] Training  [ 520/7500]  eta: 0:45:16  lr: 0.0002 (0.0001)  wd: 0.0441 (0.0414)  mom: 0.9921 (0.9920)  last_layer_lr: 0.0002 (0.0001)  current_batch_size: 64.0000 (64.0000)  total_loss: 7.9583 (8.2576)  teacher_entropy_ratio: 0.9987 (0.9721)  dino_local_crops_loss: 6.7764 (6.6667)  dino_global_crops_loss: 0.8471 (0.8336)  ibot_loss: 0.3347 (0.7573)  time: 0.354390  data: 0.001261  max mem: 19412
I20260723 12:47:37 3064273 dinov2 helpers.py:102] Training  [ 530/7500]  eta: 0:45:07  lr: 0.0002 (0.0001)  wd: 0.0443 (0.0415)  mom: 0.9921 (0.9920)  last_layer_lr: 0.0002 (0.0001)  current_batch_size: 64.0000 (64.0000)  total_loss: 7.9999 (8.2537)  teacher_entropy_ratio: 0.9988 (0.9726)  dino_local_crops_loss: 6.7765 (6.6687)  dino_global_crops_loss: 0.8471 (0.8338)  ibot_loss: 0.3757 (0.7511)  time: 0.353061  data: 0.000799  max mem: 19412
I20260723 12:47:41 3064273 dinov2 helpers.py:102] Training  [ 540/7500]  eta: 0:45:01  lr: 0.0002 (0.0001)  wd: 0.0444 (0.0415)  mom: 0.9921 (0.9920)  last_layer_lr: 0.0002 (0.0001)  current_batch_size: 64.0000 (64.0000)  total_loss: 8.0805 (8.2509)  teacher_entropy_ratio: 0.9988 (0.9730)  dino_local_crops_loss: 6.7767 (6.6707)  dino_global_crops_loss: 0.8471 (0.8341)  ibot_loss: 0.4561 (0.7461)  time: 0.360301  data: 0.010202  max mem: 19412
I20260723 12:47:44 3064273 dinov2 helpers.py:102] Training  [ 550/7500]  eta: 0:44:52  lr: 0.0002 (0.0001)  wd: 0.0446 (0.0416)  mom: 0.9921 (0.9920)  last_layer_lr: 0.0002 (0.0001)  current_batch_size: 64.0000 (64.0000)  total_loss: 8.1187 (8.2495)  teacher_entropy_ratio: 0.9987 (0.9735)  dino_local_crops_loss: 6.7767 (6.6727)  dino_global_crops_loss: 0.8472 (0.8343)  ibot_loss: 0.4948 (0.7425)  time: 0.359193  data: 0.010291  max mem: 19412
I20260723 12:47:48 3064273 dinov2 helpers.py:102] Training  [ 560/7500]  eta: 0:44:43  lr: 0.0002 (0.0001)  wd: 0.0448 (0.0416)  mom: 0.9921 (0.9920)  last_layer_lr: 0.0002 (0.0001)  current_batch_size: 64.0000 (64.0000)  total_loss: 8.2203 (8.2493)  teacher_entropy_ratio: 0.9987 (0.9740)  dino_local_crops_loss: 6.7767 (6.6745)  dino_global_crops_loss: 0.8472 (0.8345)  ibot_loss: 0.5965 (0.7403)  time: 0.349022  data: 0.000898  max mem: 19412
I20260723 12:47:52 3064273 dinov2 helpers.py:102] Training  [ 570/7500]  eta: 0:44:38  lr: 0.0002 (0.0001)  wd: 0.0449 (0.0417)  mom: 0.9921 (0.9920)  last_layer_lr: 0.0002 (0.0001)  current_batch_size: 64.0000 (64.0000)  total_loss: 8.2610 (8.2499)  teacher_entropy_ratio: 0.9986 (0.9744)  dino_local_crops_loss: 6.7765 (6.6763)  dino_global_crops_loss: 0.8472 (0.8348)  ibot_loss: 0.6375 (0.7388)  time: 0.364588  data: 0.021816  max mem: 19412
I20260723 12:47:55 3064273 dinov2 helpers.py:102] Training  [ 580/7500]  eta: 0:44:30  lr: 0.0002 (0.0001)  wd: 0.0451 (0.0418)  mom: 0.9921 (0.9920)  last_layer_lr: 0.0002 (0.0001)  current_batch_size: 64.0000 (64.0000)  total_loss: 8.3003 (8.2514)  teacher_entropy_ratio: 0.9987 (0.9748)  dino_local_crops_loss: 6.7767 (6.6780)  dino_global_crops_loss: 0.8472 (0.8350)  ibot_loss: 0.6765 (0.7384)  time: 0.362138  data: 0.024654  max mem: 19412
I20260723 12:47:59 3064273 dinov2 helpers.py:102] Training  [ 590/7500]  eta: 0:44:24  lr: 0.0002 (0.0001)  wd: 0.0453 (0.0418)  mom: 0.9921 (0.9920)  last_layer_lr: 0.0002 (0.0001)  current_batch_size: 64.0000 (64.0000)  total_loss: 8.4017 (8.2550)  teacher_entropy_ratio: 0.9987 (0.9752)  dino_local_crops_loss: 6.7768 (6.6797)  dino_global_crops_loss: 0.8472 (0.8352)  ibot_loss: 0.7771 (0.7401)  time: 0.357178  data: 0.007682  max mem: 19412
I20260723 12:48:02 3064273 dinov2 helpers.py:102] Training  [ 600/7500]  eta: 0:44:18  lr: 0.0002 (0.0001)  wd: 0.0455 (0.0419)  mom: 0.9921 (0.9920)  last_layer_lr: 0.0002 (0.0001)  current_batch_size: 64.0000 (64.0000)  total_loss: 8.4914 (8.2592)  teacher_entropy_ratio: 0.9987 (0.9756)  dino_local_crops_loss: 6.7767 (6.6813)  dino_global_crops_loss: 0.8472 (0.8354)  ibot_loss: 0.8686 (0.7426)  time: 0.366746  data: 0.019514  max mem: 19412
I20260723 12:48:06 3064273 dinov2 helpers.py:102] Training  [ 610/7500]  eta: 0:44:08  lr: 0.0002 (0.0001)  wd: 0.0457 (0.0420)  mom: 0.9921 (0.9920)  last_layer_lr: 0.0002 (0.0001)  current_batch_size: 64.0000 (64.0000)  total_loss: 8.5431 (8.2645)  teacher_entropy_ratio: 0.9987 (0.9760)  dino_local_crops_loss: 6.7768 (6.6829)  dino_global_crops_loss: 0.8472 (0.8356)  ibot_loss: 0.9181 (0.7460)  time: 0.350707  data: 0.015318  max mem: 19412
I20260723 12:48:09 3064273 dinov2 helpers.py:102] Training  [ 620/7500]  eta: 0:44:02  lr: 0.0002 (0.0001)  wd: 0.0458 (0.0420)  mom: 0.9921 (0.9920)  last_layer_lr: 0.0002 (0.0001)  current_batch_size: 64.0000 (64.0000)  total_loss: 8.5751 (8.2692)  teacher_entropy_ratio: 0.9985 (0.9763)  dino_local_crops_loss: 6.7768 (6.6844)  dino_global_crops_loss: 0.8472 (0.8358)  ibot_loss: 0.9509 (0.7491)  time: 0.348593  data: 0.003669  max mem: 19412
I20260723 12:48:13 3064273 dinov2 helpers.py:102] Training  [ 630/7500]  eta: 0:43:56  lr: 0.0002 (0.0001)  wd: 0.0460 (0.0421)  mom: 0.9921 (0.9920)  last_layer_lr: 0.0002 (0.0001)  current_batch_size: 64.0000 (64.0000)  total_loss: 8.5996 (8.2746)  teacher_entropy_ratio: 0.9985 (0.9767)  dino_local_crops_loss: 6.7768 (6.6859)  dino_global_crops_loss: 0.8472 (0.8359)  ibot_loss: 0.9754 (0.7528)  time: 0.363888  data: 0.012657  max mem: 19412
I20260723 12:48:17 3064273 dinov2 helpers.py:102] Training  [ 640/7500]  eta: 0:43:50  lr: 0.0002 (0.0001)  wd: 0.0462 (0.0421)  mom: 0.9921 (0.9920)  last_layer_lr: 0.0002 (0.0001)  current_batch_size: 64.0000 (64.0000)  total_loss: 8.6184 (8.2802)  teacher_entropy_ratio: 0.9986 (0.9770)  dino_local_crops_loss: 6.7767 (6.6873)  dino_global_crops_loss: 0.8472 (0.8361)  ibot_loss: 0.9949 (0.7568)  time: 0.365513  data: 0.022260  max mem: 19412
I20260723 12:48:20 3064273 dinov2 helpers.py:102] Training  [ 650/7500]  eta: 0:43:41  lr: 0.0002 (0.0001)  wd: 0.0464 (0.0422)  mom: 0.9921 (0.9920)  last_layer_lr: 0.0002 (0.0001)  current_batch_size: 64.0000 (64.0000)  total_loss: 8.6304 (8.2856)  teacher_entropy_ratio: 0.9987 (0.9774)  dino_local_crops_loss: 6.7771 (6.6887)  dino_global_crops_loss: 0.8472 (0.8363)  ibot_loss: 1.0059 (0.7607)  time: 0.351305  data: 0.013243  max mem: 19412
I20260723 12:48:24 3064273 dinov2 helpers.py:102] Training  [ 660/7500]  eta: 0:43:36  lr: 0.0002 (0.0001)  wd: 0.0466 (0.0423)  mom: 0.9921 (0.9921)  last_layer_lr: 0.0002 (0.0001)  current_batch_size: 64.0000 (64.0000)  total_loss: 8.6562 (8.2910)  teacher_entropy_ratio: 0.9988 (0.9777)  dino_local_crops_loss: 6.7772 (6.6900)  dino_global_crops_loss: 0.8472 (0.8364)  ibot_loss: 1.0318 (0.7646)  time: 0.350311  data: 0.003315  max mem: 19412
I20260723 12:48:27 3064273 dinov2 helpers.py:102] Training  [ 670/7500]  eta: 0:43:28  lr: 0.0002 (0.0001)  wd: 0.0468 (0.0424)  mom: 0.9922 (0.9921)  last_layer_lr: 0.0002 (0.0001)  current_batch_size: 64.0000 (64.0000)  total_loss: 8.6701 (8.2964)  teacher_entropy_ratio: 0.9988 (0.9780)  dino_local_crops_loss: 6.7771 (6.6913)  dino_global_crops_loss: 0.8472 (0.8366)  ibot_loss: 1.0459 (0.7685)  time: 0.354550  data: 0.003354  max mem: 19412
I20260723 12:48:31 3064273 dinov2 helpers.py:102] Training  [ 680/7500]  eta: 0:43:24  lr: 0.0002 (0.0001)  wd: 0.0470 (0.0424)  mom: 0.9922 (0.9921)  last_layer_lr: 0.0002 (0.0001)  current_batch_size: 64.0000 (64.0000)  total_loss: 8.6792 (8.3020)  teacher_entropy_ratio: 0.9988 (0.9783)  dino_local_crops_loss: 6.7772 (6.6926)  dino_global_crops_loss: 0.8472 (0.8368)  ibot_loss: 1.0547 (0.7727)  time: 0.362742  data: 0.019727  max mem: 19412
I20260723 12:48:35 3064273 dinov2 helpers.py:102] Training  [ 690/7500]  eta: 0:43:18  lr: 0.0002 (0.0001)  wd: 0.0473 (0.0425)  mom: 0.9922 (0.9921)  last_layer_lr: 0.0002 (0.0001)  current_batch_size: 64.0000 (64.0000)  total_loss: 8.6753 (8.3073)  teacher_entropy_ratio: 0.9989 (0.9786)  dino_local_crops_loss: 6.7772 (6.6938)  dino_global_crops_loss: 0.8472 (0.8369)  ibot_loss: 1.0510 (0.7766)  time: 0.368547  data: 0.027066  max mem: 19412
I20260723 12:48:38 3064273 dinov2 helpers.py:102] Training  [ 700/7500]  eta: 0:43:11  lr: 0.0002 (0.0001)  wd: 0.0475 (0.0426)  mom: 0.9922 (0.9921)  last_layer_lr: 0.0002 (0.0001)  current_batch_size: 64.0000 (64.0000)  total_loss: 8.6753 (8.3126)  teacher_entropy_ratio: 0.9989 (0.9789)  dino_local_crops_loss: 6.7773 (6.6950)  dino_global_crops_loss: 0.8472 (0.8371)  ibot_loss: 1.0510 (0.7806)  time: 0.353761  data: 0.014242  max mem: 19412
I20260723 12:48:42 3064273 dinov2 helpers.py:102] Training  [ 710/7500]  eta: 0:43:04  lr: 0.0002 (0.0001)  wd: 0.0477 (0.0426)  mom: 0.9922 (0.9921)  last_layer_lr: 0.0002 (0.0001)  current_batch_size: 64.0000 (64.0000)  total_loss: 8.6911 (8.3181)  teacher_entropy_ratio: 0.9991 (0.9792)  dino_local_crops_loss: 6.7774 (6.6961)  dino_global_crops_loss: 0.8472 (0.8372)  ibot_loss: 1.0662 (0.7847)  time: 0.350537  data: 0.006836  max mem: 19412
I20260723 12:48:45 3064273 dinov2 helpers.py:102] Training  [ 720/7500]  eta: 0:42:58  lr: 0.0002 (0.0001)  wd: 0.0479 (0.0427)  mom: 0.9922 (0.9921)  last_layer_lr: 0.0002 (0.0001)  current_batch_size: 64.0000 (64.0000)  total_loss: 8.7063 (8.3233)  teacher_entropy_ratio: 0.9991 (0.9794)  dino_local_crops_loss: 6.7774 (6.6973)  dino_global_crops_loss: 0.8472 (0.8373)  ibot_loss: 1.0821 (0.7887)  time: 0.352191  data: 0.006712  max mem: 19412
I20260723 12:48:49 3064273 dinov2 helpers.py:102] Training  [ 730/7500]  eta: 0:42:52  lr: 0.0002 (0.0001)  wd: 0.0481 (0.0428)  mom: 0.9922 (0.9921)  last_layer_lr: 0.0002 (0.0001)  current_batch_size: 64.0000 (64.0000)  total_loss: 8.7032 (8.3286)  teacher_entropy_ratio: 0.9991 (0.9797)  dino_local_crops_loss: 6.7774 (6.6984)  dino_global_crops_loss: 0.8472 (0.8375)  ibot_loss: 1.0791 (0.7927)  time: 0.353373  data: 0.013234  max mem: 19412
I20260723 12:48:52 3064273 dinov2 helpers.py:102] Training  [ 740/7500]  eta: 0:42:45  lr: 0.0002 (0.0001)  wd: 0.0483 (0.0429)  mom: 0.9922 (0.9921)  last_layer_lr: 0.0002 (0.0001)  current_batch_size: 64.0000 (64.0000)  total_loss: 8.7032 (8.3338)  teacher_entropy_ratio: 0.9992 (0.9800)  dino_local_crops_loss: 6.7774 (6.6994)  dino_global_crops_loss: 0.8472 (0.8376)  ibot_loss: 1.0791 (0.7968)  time: 0.352389  data: 0.006902  max mem: 19412
I20260723 12:48:56 3064273 dinov2 helpers.py:102] Training  [ 750/7500]  eta: 0:42:39  lr: 0.0002 (0.0001)  wd: 0.0486 (0.0429)  mom: 0.9922 (0.9921)  last_layer_lr: 0.0002 (0.0001)  current_batch_size: 64.0000 (64.0000)  total_loss: 8.7150 (8.3387)  teacher_entropy_ratio: 0.9992 (0.9802)  dino_local_crops_loss: 6.7774 (6.7005)  dino_global_crops_loss: 0.8472 (0.8377)  ibot_loss: 1.0904 (0.8005)  time: 0.349740  data: 0.000575  max mem: 19412
I20260723 12:48:59 3064273 dinov2 helpers.py:102] Training  [ 760/7500]  eta: 0:42:33  lr: 0.0002 (0.0001)  wd: 0.0488 (0.0430)  mom: 0.9922 (0.9921)  last_layer_lr: 0.0002 (0.0001)  current_batch_size: 64.0000 (64.0000)  total_loss: 8.6932 (8.3433)  teacher_entropy_ratio: 0.9992 (0.9805)  dino_local_crops_loss: 6.7774 (6.7015)  dino_global_crops_loss: 0.8472 (0.8379)  ibot_loss: 1.0685 (0.8040)  time: 0.352003  data: 0.000782  max mem: 19412
I20260723 12:49:03 3064273 dinov2 helpers.py:102] Training  [ 770/7500]  eta: 0:42:26  lr: 0.0002 (0.0001)  wd: 0.0490 (0.0431)  mom: 0.9922 (0.9921)  last_layer_lr: 0.0002 (0.0001)  current_batch_size: 64.0000 (64.0000)  total_loss: 8.6936 (8.3482)  teacher_entropy_ratio: 0.9993 (0.9807)  dino_local_crops_loss: 6.7775 (6.7025)  dino_global_crops_loss: 0.8472 (0.8380)  ibot_loss: 1.0690 (0.8077)  time: 0.352052  data: 0.004351  max mem: 19412
I20260723 12:49:06 3064273 dinov2 helpers.py:102] Training  [ 780/7500]  eta: 0:42:20  lr: 0.0002 (0.0001)  wd: 0.0493 (0.0432)  mom: 0.9922 (0.9921)  last_layer_lr: 0.0002 (0.0001)  current_batch_size: 64.0000 (64.0000)  total_loss: 8.7379 (8.3534)  teacher_entropy_ratio: 0.9993 (0.9810)  dino_local_crops_loss: 6.7775 (6.7034)  dino_global_crops_loss: 0.8472 (0.8381)  ibot_loss: 1.1133 (0.8119)  time: 0.349973  data: 0.006843  max mem: 19412
I20260723 12:49:10 3064273 dinov2 helpers.py:102] Training  [ 790/7500]  eta: 0:42:15  lr: 0.0002 (0.0001)  wd: 0.0495 (0.0433)  mom: 0.9922 (0.9921)  last_layer_lr: 0.0002 (0.0001)  current_batch_size: 64.0000 (64.0000)  total_loss: 8.7576 (8.3586)  teacher_entropy_ratio: 0.9993 (0.9812)  dino_local_crops_loss: 6.7777 (6.7044)  dino_global_crops_loss: 0.8472 (0.8382)  ibot_loss: 1.1328 (0.8160)  time: 0.354165  data: 0.003242  max mem: 19412
I20260723 12:49:14 3064273 dinov2 helpers.py:102] Training  [ 800/7500]  eta: 0:42:10  lr: 0.0002 (0.0001)  wd: 0.0498 (0.0434)  mom: 0.9922 (0.9921)  last_layer_lr: 0.0002 (0.0001)  current_batch_size: 64.0000 (64.0000)  total_loss: 8.7576 (8.3637)  teacher_entropy_ratio: 0.9993 (0.9814)  dino_local_crops_loss: 6.7776 (6.7053)  dino_global_crops_loss: 0.8472 (0.8383)  ibot_loss: 1.1328 (0.8201)  time: 0.364261  data: 0.015044  max mem: 19412
I20260723 12:49:17 3064273 dinov2 helpers.py:102] Training  [ 810/7500]  eta: 0:42:05  lr: 0.0002 (0.0001)  wd: 0.0500 (0.0434)  mom: 0.9922 (0.9921)  last_layer_lr: 0.0002 (0.0001)  current_batch_size: 64.0000 (64.0000)  total_loss: 8.7537 (8.3686)  teacher_entropy_ratio: 0.9994 (0.9816)  dino_local_crops_loss: 6.7775 (6.7062)  dino_global_crops_loss: 0.8472 (0.8384)  ibot_loss: 1.1291 (0.8240)  time: 0.363534  data: 0.022285  max mem: 19412
I20260723 12:49:21 3064273 dinov2 helpers.py:102] Training  [ 820/7500]  eta: 0:42:00  lr: 0.0002 (0.0001)  wd: 0.0503 (0.0435)  mom: 0.9922 (0.9921)  last_layer_lr: 0.0002 (0.0001)  current_batch_size: 64.0000 (64.0000)  total_loss: 8.7729 (8.3737)  teacher_entropy_ratio: 0.9994 (0.9819)  dino_local_crops_loss: 6.7775 (6.7070)  dino_global_crops_loss: 0.8472 (0.8385)  ibot_loss: 1.1482 (0.8281)  time: 0.363850  data: 0.021481  max mem: 19412
I20260723 12:49:24 3064273 dinov2 helpers.py:102] Training  [ 830/7500]  eta: 0:41:55  lr: 0.0002 (0.0001)  wd: 0.0505 (0.0436)  mom: 0.9922 (0.9921)  last_layer_lr: 0.0002 (0.0001)  current_batch_size: 64.0000 (64.0000)  total_loss: 8.7599 (8.3782)  teacher_entropy_ratio: 0.9994 (0.9821)  dino_local_crops_loss: 6.7775 (6.7079)  dino_global_crops_loss: 0.8472 (0.8386)  ibot_loss: 1.1351 (0.8317)  time: 0.362354  data: 0.014469  max mem: 19412
I20260723 12:49:28 3064273 dinov2 helpers.py:102] Training  [ 840/7500]  eta: 0:41:49  lr: 0.0002 (0.0001)  wd: 0.0508 (0.0437)  mom: 0.9922 (0.9921)  last_layer_lr: 0.0002 (0.0001)  current_batch_size: 64.0000 (64.0000)  total_loss: 8.7543 (8.3828)  teacher_entropy_ratio: 0.9994 (0.9823)  dino_local_crops_loss: 6.7775 (6.7087)  dino_global_crops_loss: 0.8472 (0.8387)  ibot_loss: 1.1296 (0.8354)  time: 0.351909  data: 0.000796  max mem: 19412
I20260723 12:49:32 3064273 dinov2 helpers.py:102] Training  [ 850/7500]  eta: 0:41:44  lr: 0.0002 (0.0001)  wd: 0.0510 (0.0438)  mom: 0.9922 (0.9921)  last_layer_lr: 0.0002 (0.0001)  current_batch_size: 64.0000 (64.0000)  total_loss: 8.7487 (8.3872)  teacher_entropy_ratio: 0.9994 (0.9825)  dino_local_crops_loss: 6.7775 (6.7095)  dino_global_crops_loss: 0.8472 (0.8388)  ibot_loss: 1.1242 (0.8388)  time: 0.357087  data: 0.012118  max mem: 19412
I20260723 12:49:35 3064273 dinov2 helpers.py:102] Training  [ 860/7500]  eta: 0:41:38  lr: 0.0002 (0.0001)  wd: 0.0513 (0.0439)  mom: 0.9923 (0.9921)  last_layer_lr: 0.0002 (0.0001)  current_batch_size: 64.0000 (64.0000)  total_loss: 8.7487 (8.3916)  teacher_entropy_ratio: 0.9994 (0.9827)  dino_local_crops_loss: 6.7775 (6.7103)  dino_global_crops_loss: 0.8472 (0.8389)  ibot_loss: 1.1242 (0.8424)  time: 0.356191  data: 0.016562  max mem: 19412
I20260723 12:49:39 3064273 dinov2 helpers.py:102] Training  [ 870/7500]  eta: 0:41:33  lr: 0.0002 (0.0001)  wd: 0.0516 (0.0440)  mom: 0.9923 (0.9921)  last_layer_lr: 0.0002 (0.0001)  current_batch_size: 64.0000 (64.0000)  total_loss: 8.7522 (8.3956)  teacher_entropy_ratio: 0.9995 (0.9829)  dino_local_crops_loss: 6.7775 (6.7111)  dino_global_crops_loss: 0.8472 (0.8390)  ibot_loss: 1.1274 (0.8455)  time: 0.356033  data: 0.005020  max mem: 19412
I20260723 12:49:42 3064273 dinov2 helpers.py:102] Training  [ 880/7500]  eta: 0:41:28  lr: 0.0002 (0.0001)  wd: 0.0518 (0.0441)  mom: 0.9923 (0.9921)  last_layer_lr: 0.0002 (0.0001)  current_batch_size: 64.0000 (64.0000)  total_loss: 8.7597 (8.3996)  teacher_entropy_ratio: 0.9995 (0.9830)  dino_local_crops_loss: 6.7774 (6.7118)  dino_global_crops_loss: 0.8472 (0.8391)  ibot_loss: 1.1350 (0.8487)  time: 0.360786  data: 0.010567  max mem: 19412
I20260723 12:49:46 3064273 dinov2 helpers.py:102] Training  [ 890/7500]  eta: 0:41:25  lr: 0.0002 (0.0001)  wd: 0.0521 (0.0441)  mom: 0.9923 (0.9921)  last_layer_lr: 0.0002 (0.0001)  current_batch_size: 64.0000 (64.0000)  total_loss: 8.7717 (8.4040)  teacher_entropy_ratio: 0.9995 (0.9832)  dino_local_crops_loss: 6.7775 (6.7126)  dino_global_crops_loss: 0.8472 (0.8392)  ibot_loss: 1.1469 (0.8522)  time: 0.369183  data: 0.030148  max mem: 19412
I20260723 12:49:49 3064273 fvcore.common.checkpoint __init__.py:109] Saving checkpoint to /sci/labs/arieljaffe/dan.abergel1/runs/brain/h_lowlr/model_0000899.rank_0.pth
I20260723 12:49:51 3064273 dinov2 helpers.py:102] Training  [ 900/7500]  eta: 0:41:29  lr: 0.0002 (0.0001)  wd: 0.0524 (0.0442)  mom: 0.9923 (0.9921)  last_layer_lr: 0.0002 (0.0001)  current_batch_size: 64.0000 (64.0000)  total_loss: 8.7745 (8.4082)  teacher_entropy_ratio: 0.9995 (0.9834)  dino_local_crops_loss: 6.7775 (6.7133)  dino_global_crops_loss: 0.8472 (0.8393)  ibot_loss: 1.1497 (0.8556)  time: 0.430748  data: 0.033881  max mem: 19412
I20260723 12:49:54 3064273 dinov2 helpers.py:102] Training  [ 910/7500]  eta: 0:41:22  lr: 0.0002 (0.0001)  wd: 0.0526 (0.0443)  mom: 0.9923 (0.9921)  last_layer_lr: 0.0002 (0.0001)  current_batch_size: 64.0000 (64.0000)  total_loss: 8.7798 (8.4123)  teacher_entropy_ratio: 0.9995 (0.9836)  dino_local_crops_loss: 6.7774 (6.7140)  dino_global_crops_loss: 0.8472 (0.8394)  ibot_loss: 1.1550 (0.8589)  time: 0.408384  data: 0.013962  max mem: 19412
I20260723 12:49:58 3064273 dinov2 helpers.py:102] Training  [ 920/7500]  eta: 0:41:16  lr: 0.0002 (0.0001)  wd: 0.0529 (0.0444)  mom: 0.9923 (0.9921)  last_layer_lr: 0.0002 (0.0001)  current_batch_size: 64.0000 (64.0000)  total_loss: 8.7648 (8.4161)  teacher_entropy_ratio: 0.9995 (0.9838)  dino_local_crops_loss: 6.7774 (6.7147)  dino_global_crops_loss: 0.8472 (0.8395)  ibot_loss: 1.1402 (0.8619)  time: 0.337696  data: 0.000424  max mem: 19412
I20260723 12:50:01 3064273 dinov2 helpers.py:102] Training  [ 930/7500]  eta: 0:41:09  lr: 0.0002 (0.0001)  wd: 0.0532 (0.0445)  mom: 0.9923 (0.9921)  last_layer_lr: 0.0002 (0.0001)  current_batch_size: 64.0000 (64.0000)  total_loss: 8.7599 (8.4196)  teacher_entropy_ratio: 0.9996 (0.9839)  dino_local_crops_loss: 6.7775 (6.7154)  dino_global_crops_loss: 0.8472 (0.8396)  ibot_loss: 1.1351 (0.8647)  time: 0.340174  data: 0.000422  max mem: 19412
I20260723 12:50:05 3064273 dinov2 helpers.py:102] Training  [ 940/7500]  eta: 0:41:04  lr: 0.0002 (0.0002)  wd: 0.0535 (0.0446)  mom: 0.9923 (0.9921)  last_layer_lr: 0.0002 (0.0001)  current_batch_size: 64.0000 (64.0000)  total_loss: 8.7629 (8.4235)  teacher_entropy_ratio: 0.9996 (0.9841)  dino_local_crops_loss: 6.7775 (6.7160)  dino_global_crops_loss: 0.8472 (0.8396)  ibot_loss: 1.1382 (0.8678)  time: 0.346848  data: 0.000766  max mem: 19412
I20260723 12:50:08 3064273 dinov2 helpers.py:102] Training  [ 950/7500]  eta: 0:40:58  lr: 0.0002 (0.0002)  wd: 0.0538 (0.0447)  mom: 0.9923 (0.9921)  last_layer_lr: 0.0002 (0.0001)  current_batch_size: 64.0000 (64.0000)  total_loss: 8.7785 (8.4272)  teacher_entropy_ratio: 0.9995 (0.9843)  dino_local_crops_loss: 6.7774 (6.7167)  dino_global_crops_loss: 0.8472 (0.8397)  ibot_loss: 1.1539 (0.8708)  time: 0.351189  data: 0.001003  max mem: 19412
I20260723 12:50:12 3064273 dinov2 helpers.py:102] Training  [ 960/7500]  eta: 0:40:53  lr: 0.0002 (0.0002)  wd: 0.0541 (0.0448)  mom: 0.9923 (0.9921)  last_layer_lr: 0.0002 (0.0001)  current_batch_size: 64.0000 (64.0000)  total_loss: 8.7566 (8.4304)  teacher_entropy_ratio: 0.9996 (0.9844)  dino_local_crops_loss: 6.7774 (6.7173)  dino_global_crops_loss: 0.8472 (0.8398)  ibot_loss: 1.1320 (0.8733)  time: 0.347938  data: 0.000496  max mem: 19412
I20260723 12:50:15 3064273 dinov2 helpers.py:102] Training  [ 970/7500]  eta: 0:40:47  lr: 0.0002 (0.0002)  wd: 0.0544 (0.0449)  mom: 0.9923 (0.9921)  last_layer_lr: 0.0002 (0.0001)  current_batch_size: 64.0000 (64.0000)  total_loss: 8.7549 (8.4339)  teacher_entropy_ratio: 0.9996 (0.9846)  dino_local_crops_loss: 6.7774 (6.7179)  dino_global_crops_loss: 0.8472 (0.8399)  ibot_loss: 1.1302 (0.8761)  time: 0.348901  data: 0.000580  max mem: 19412
I20260723 12:50:19 3064273 dinov2 helpers.py:102] Training  [ 980/7500]  eta: 0:40:42  lr: 0.0002 (0.0002)  wd: 0.0547 (0.0450)  mom: 0.9923 (0.9921)  last_layer_lr: 0.0002 (0.0002)  current_batch_size: 64.0000 (64.0000)  total_loss: 8.7601 (8.4372)  teacher_entropy_ratio: 0.9996 (0.9847)  dino_local_crops_loss: 6.7775 (6.7185)  dino_global_crops_loss: 0.8472 (0.8400)  ibot_loss: 1.1354 (0.8787)  time: 0.352573  data: 0.000839  max mem: 19412
I20260723 12:50:22 3064273 dinov2 helpers.py:102] Training  [ 990/7500]  eta: 0:40:37  lr: 0.0002 (0.0002)  wd: 0.0550 (0.0451)  mom: 0.9923 (0.9921)  last_layer_lr: 0.0002 (0.0002)  current_batch_size: 64.0000 (64.0000)  total_loss: 8.7452 (8.4404)  teacher_entropy_ratio: 0.9996 (0.9849)  dino_local_crops_loss: 6.7775 (6.7191)  dino_global_crops_loss: 0.8472 (0.8400)  ibot_loss: 1.1206 (0.8812)  time: 0.353378  data: 0.001049  max mem: 19412
I20260723 12:50:26 3064273 dinov2 helpers.py:102] Training  [1000/7500]  eta: 0:40:31  lr: 0.0002 (0.0002)  wd: 0.0553 (0.0452)  mom: 0.9923 (0.9921)  last_layer_lr: 0.0002 (0.0002)  current_batch_size: 64.0000 (64.0000)  total_loss: 8.7452 (8.4435)  teacher_entropy_ratio: 0.9996 (0.9850)  dino_local_crops_loss: 6.7774 (6.7197)  dino_global_crops_loss: 0.8472 (0.8401)  ibot_loss: 1.1206 (0.8837)  time: 0.349335  data: 0.000993  max mem: 19412
I20260723 12:50:29 3064273 dinov2 helpers.py:102] Training  [1010/7500]  eta: 0:40:27  lr: 0.0002 (0.0002)  wd: 0.0556 (0.0453)  mom: 0.9923 (0.9921)  last_layer_lr: 0.0002 (0.0002)  current_batch_size: 64.0000 (64.0000)  total_loss: 8.7620 (8.4466)  teacher_entropy_ratio: 0.9996 (0.9852)  dino_local_crops_loss: 6.7774 (6.7203)  dino_global_crops_loss: 0.8472 (0.8402)  ibot_loss: 1.1374 (0.8862)  time: 0.353941  data: 0.000646  max mem: 19412
I20260723 12:50:33 3064273 dinov2 helpers.py:102] Training  [1020/7500]  eta: 0:40:22  lr: 0.0002 (0.0002)  wd: 0.0559 (0.0454)  mom: 0.9924 (0.9921)  last_layer_lr: 0.0002 (0.0002)  current_batch_size: 64.0000 (64.0000)  total_loss: 8.7525 (8.4494)  teacher_entropy_ratio: 0.9996 (0.9853)  dino_local_crops_loss: 6.7774 (6.7208)  dino_global_crops_loss: 0.8472 (0.8402)  ibot_loss: 1.1279 (0.8883)  time: 0.362770  data: 0.000677  max mem: 19412
I20260723 12:50:36 3064273 dinov2 helpers.py:102] Training  [1030/7500]  eta: 0:40:18  lr: 0.0002 (0.0002)  wd: 0.0562 (0.0455)  mom: 0.9924 (0.9921)  last_layer_lr: 0.0002 (0.0002)  current_batch_size: 64.0000 (64.0000)  total_loss: 8.7303 (8.4521)  teacher_entropy_ratio: 0.9996 (0.9854)  dino_local_crops_loss: 6.7774 (6.7214)  dino_global_crops_loss: 0.8472 (0.8403)  ibot_loss: 1.1057 (0.8904)  time: 0.359238  data: 0.007716  max mem: 19412
I20260723 12:50:40 3064273 dinov2 helpers.py:102] Training  [1040/7500]  eta: 0:40:15  lr: 0.0002 (0.0002)  wd: 0.0565 (0.0456)  mom: 0.9924 (0.9921)  last_layer_lr: 0.0002 (0.0002)  current_batch_size: 64.0000 (64.0000)  total_loss: 8.7379 (8.4550)  teacher_entropy_ratio: 0.9996 (0.9856)  dino_local_crops_loss: 6.7774 (6.7219)  dino_global_crops_loss: 0.8472 (0.8404)  ibot_loss: 1.1133 (0.8927)  time: 0.377262  data: 0.033915  max mem: 19412
I20260723 12:50:44 3064273 dinov2 helpers.py:102] Training  [1050/7500]  eta: 0:40:10  lr: 0.0002 (0.0002)  wd: 0.0568 (0.0458)  mom: 0.9924 (0.9921)  last_layer_lr: 0.0002 (0.0002)  current_batch_size: 64.0000 (64.0000)  total_loss: 8.7466 (8.4576)  teacher_entropy_ratio: 0.9996 (0.9857)  dino_local_crops_loss: 6.7774 (6.7225)  dino_global_crops_loss: 0.8472 (0.8404)  ibot_loss: 1.1219 (0.8947)  time: 0.372226  data: 0.026707  max mem: 19412
I20260723 12:50:47 3064273 dinov2 helpers.py:102] Training  [1060/7500]  eta: 0:40:04  lr: 0.0002 (0.0002)  wd: 0.0571 (0.0459)  mom: 0.9924 (0.9921)  last_layer_lr: 0.0002 (0.0002)  current_batch_size: 64.0000 (64.0000)  total_loss: 8.7433 (8.4601)  teacher_entropy_ratio: 0.9995 (0.9858)  dino_local_crops_loss: 6.7774 (6.7230)  dino_global_crops_loss: 0.8472 (0.8405)  ibot_loss: 1.1187 (0.8967)  time: 0.342590  data: 0.000812  max mem: 19412
I20260723 12:50:51 3064273 dinov2 helpers.py:102] Training  [1070/7500]  eta: 0:39:58  lr: 0.0002 (0.0002)  wd: 0.0575 (0.0460)  mom: 0.9924 (0.9921)  last_layer_lr: 0.0002 (0.0002)  current_batch_size: 64.0000 (64.0000)  total_loss: 8.7474 (8.4630)  teacher_entropy_ratio: 0.9995 (0.9860)  dino_local_crops_loss: 6.7774 (6.7235)  dino_global_crops_loss: 0.8472 (0.8406)  ibot_loss: 1.1228 (0.8990)  time: 0.338394  data: 0.001012  max mem: 19412
I20260723 12:50:54 3064273 dinov2 helpers.py:102] Training  [1080/7500]  eta: 0:39:52  lr: 0.0002 (0.0002)  wd: 0.0578 (0.0461)  mom: 0.9924 (0.9921)  last_layer_lr: 0.0002 (0.0002)  current_batch_size: 64.0000 (64.0000)  total_loss: 8.7502 (8.4655)  teacher_entropy_ratio: 0.9995 (0.9861)  dino_local_crops_loss: 6.7774 (6.7240)  dino_global_crops_loss: 0.8472 (0.8406)  ibot_loss: 1.1256 (0.9009)  time: 0.335450  data: 0.000464  max mem: 19412
I20260723 12:50:57 3064273 dinov2 helpers.py:102] Training  [1090/7500]  eta: 0:39:47  lr: 0.0002 (0.0002)  wd: 0.0581 (0.0462)  mom: 0.9924 (0.9921)  last_layer_lr: 0.0002 (0.0002)  current_batch_size: 64.0000 (64.0000)  total_loss: 8.7277 (8.4678)  teacher_entropy_ratio: 0.9994 (0.9862)  dino_local_crops_loss: 6.7771 (6.7245)  dino_global_crops_loss: 0.8472 (0.8407)  ibot_loss: 1.1036 (0.9026)  time: 0.340037  data: 0.000521  max mem: 19412
I20260723 12:51:01 3064273 dinov2 helpers.py:102] Training  [1100/7500]  eta: 0:39:43  lr: 0.0002 (0.0002)  wd: 0.0584 (0.0463)  mom: 0.9924 (0.9921)  last_layer_lr: 0.0002 (0.0002)  current_batch_size: 64.0000 (64.0000)  total_loss: 8.7179 (8.4699)  teacher_entropy_ratio: 0.9994 (0.9863)  dino_local_crops_loss: 6.7771 (6.7249)  dino_global_crops_loss: 0.8472 (0.8407)  ibot_loss: 1.0937 (0.9043)  time: 0.356287  data: 0.006377  max mem: 19412
I20260723 12:51:05 3064273 dinov2 helpers.py:102] Training  [1110/7500]  eta: 0:39:39  lr: 0.0002 (0.0002)  wd: 0.0588 (0.0464)  mom: 0.9924 (0.9921)  last_layer_lr: 0.0002 (0.0002)  current_batch_size: 64.0000 (64.0000)  total_loss: 8.7266 (8.4724)  teacher_entropy_ratio: 0.9994 (0.9865)  dino_local_crops_loss: 6.7772 (6.7254)  dino_global_crops_loss: 0.8472 (0.8408)  ibot_loss: 1.1020 (0.9062)  time: 0.372185  data: 0.023203  max mem: 19412
I20260723 12:51:08 3064273 dinov2 helpers.py:102] Training  [1120/7500]  eta: 0:39:34  lr: 0.0002 (0.0002)  wd: 0.0591 (0.0465)  mom: 0.9924 (0.9921)  last_layer_lr: 0.0002 (0.0002)  current_batch_size: 64.0000 (64.0000)  total_loss: 8.7462 (8.4748)  teacher_entropy_ratio: 0.9995 (0.9866)  dino_local_crops_loss: 6.7773 (6.7259)  dino_global_crops_loss: 0.8472 (0.8409)  ibot_loss: 1.1220 (0.9080)  time: 0.361983  data: 0.023196  max mem: 19412
I20260723 12:51:12 3064273 dinov2 helpers.py:102] Training  [1130/7500]  eta: 0:39:29  lr: 0.0002 (0.0002)  wd: 0.0594 (0.0466)  mom: 0.9924 (0.9921)  last_layer_lr: 0.0002 (0.0002)  current_batch_size: 64.0000 (64.0000)  total_loss: 8.6923 (8.4765)  teacher_entropy_ratio: 0.9995 (0.9867)  dino_local_crops_loss: 6.7773 (6.7263)  dino_global_crops_loss: 0.8472 (0.8409)  ibot_loss: 1.0681 (0.9093)  time: 0.347422  data: 0.011005  max mem: 19412
I20260723 12:51:15 3064273 dinov2 helpers.py:102] Training  [1140/7500]  eta: 0:39:24  lr: 0.0002 (0.0002)  wd: 0.0598 (0.0468)  mom: 0.9924 (0.9922)  last_layer_lr: 0.0002 (0.0002)  current_batch_size: 64.0000 (64.0000)  total_loss: 8.6923 (8.4785)  teacher_entropy_ratio: 0.9995 (0.9868)  dino_local_crops_loss: 6.7773 (6.7268)  dino_global_crops_loss: 0.8472 (0.8410)  ibot_loss: 1.0681 (0.9107)  time: 0.349821  data: 0.010468  max mem: 19412
I20260723 12:51:19 3064273 dinov2 helpers.py:102] Training  [1150/7500]  eta: 0:39:19  lr: 0.0002 (0.0002)  wd: 0.0601 (0.0469)  mom: 0.9924 (0.9922)  last_layer_lr: 0.0002 (0.0002)  current_batch_size: 64.0000 (64.0000)  total_loss: 8.6979 (8.4805)  teacher_entropy_ratio: 0.9994 (0.9869)  dino_local_crops_loss: 6.7773 (6.7272)  dino_global_crops_loss: 0.8472 (0.8410)  ibot_loss: 1.0728 (0.9123)  time: 0.344250  data: 0.005538  max mem: 19412
I20260723 12:51:22 3064273 dinov2 helpers.py:102] Training  [1160/7500]  eta: 0:39:15  lr: 0.0002 (0.0002)  wd: 0.0605 (0.0470)  mom: 0.9925 (0.9922)  last_layer_lr: 0.0002 (0.0002)  current_batch_size: 64.0000 (64.0000)  total_loss: 8.6702 (8.4821)  teacher_entropy_ratio: 0.9994 (0.9870)  dino_local_crops_loss: 6.7772 (6.7276)  dino_global_crops_loss: 0.8472 (0.8411)  ibot_loss: 1.0458 (0.9134)  time: 0.353159  data: 0.013602  max mem: 19412
I20260723 12:51:26 3064273 dinov2 helpers.py:102] Training  [1170/7500]  eta: 0:39:09  lr: 0.0002 (0.0002)  wd: 0.0608 (0.0471)  mom: 0.9925 (0.9922)  last_layer_lr: 0.0002 (0.0002)  current_batch_size: 64.0000 (64.0000)  total_loss: 8.6702 (8.4841)  teacher_entropy_ratio: 0.9992 (0.9871)  dino_local_crops_loss: 6.7771 (6.7281)  dino_global_crops_loss: 0.8472 (0.8411)  ibot_loss: 1.0458 (0.9149)  time: 0.355146  data: 0.013826  max mem: 19412
I20260723 12:51:29 3064273 dinov2 helpers.py:102] Training  [1180/7500]  eta: 0:39:05  lr: 0.0002 (0.0002)  wd: 0.0612 (0.0472)  mom: 0.9925 (0.9922)  last_layer_lr: 0.0002 (0.0002)  current_batch_size: 64.0000 (64.0000)  total_loss: 8.7284 (8.4862)  teacher_entropy_ratio: 0.9993 (0.9872)  dino_local_crops_loss: 6.7770 (6.7285)  dino_global_crops_loss: 0.8472 (0.8412)  ibot_loss: 1.1044 (0.9165)  time: 0.347680  data: 0.008118  max mem: 19412
I20260723 12:51:33 3064273 dinov2 helpers.py:102] Training  [1190/7500]  eta: 0:39:00  lr: 0.0002 (0.0002)  wd: 0.0615 (0.0474)  mom: 0.9925 (0.9922)  last_layer_lr: 0.0002 (0.0002)  current_batch_size: 64.0000 (64.0000)  total_loss: 8.7266 (8.4880)  teacher_entropy_ratio: 0.9993 (0.9873)  dino_local_crops_loss: 6.7770 (6.7289)  dino_global_crops_loss: 0.8471 (0.8412)  ibot_loss: 1.1024 (0.9179)  time: 0.357003  data: 0.011457  max mem: 19412
I20260723 12:51:37 3064273 dinov2 helpers.py:102] Training  [1200/7500]  eta: 0:38:57  lr: 0.0002 (0.0002)  wd: 0.0619 (0.0475)  mom: 0.9925 (0.9922)  last_layer_lr: 0.0002 (0.0002)  current_batch_size: 64.0000 (64.0000)  total_loss: 8.7048 (8.4900)  teacher_entropy_ratio: 0.9993 (0.9874)  dino_local_crops_loss: 6.7770 (6.7293)  dino_global_crops_loss: 0.8472 (0.8413)  ibot_loss: 1.0804 (0.9195)  time: 0.369495  data: 0.020707  max mem: 19412
I20260723 12:51:40 3064273 dinov2 helpers.py:102] Training  [1210/7500]  eta: 0:38:53  lr: 0.0002 (0.0002)  wd: 0.0623 (0.0476)  mom: 0.9925 (0.9922)  last_layer_lr: 0.0002 (0.0002)  current_batch_size: 64.0000 (64.0000)  total_loss: 8.6973 (8.4917)  teacher_entropy_ratio: 0.9993 (0.9875)  dino_local_crops_loss: 6.7771 (6.7297)  dino_global_crops_loss: 0.8472 (0.8413)  ibot_loss: 1.0730 (0.9207)  time: 0.368241  data: 0.023723  max mem: 19412
I20260723 12:51:44 3064273 dinov2 helpers.py:102] Training  [1220/7500]  eta: 0:38:48  lr: 0.0002 (0.0002)  wd: 0.0626 (0.0477)  mom: 0.9925 (0.9922)  last_layer_lr: 0.0002 (0.0002)  current_batch_size: 64.0000 (64.0000)  total_loss: 8.6927 (8.4935)  teacher_entropy_ratio: 0.9993 (0.9876)  dino_local_crops_loss: 6.7772 (6.7301)  dino_global_crops_loss: 0.8472 (0.8414)  ibot_loss: 1.0682 (0.9220)  time: 0.356548  data: 0.016514  max mem: 19412
I20260723 12:51:48 3064273 dinov2 helpers.py:102] Training  [1230/7500]  eta: 0:38:44  lr: 0.0002 (0.0002)  wd: 0.0630 (0.0479)  mom: 0.9925 (0.9922)  last_layer_lr: 0.0002 (0.0002)  current_batch_size: 64.0000 (64.0000)  total_loss: 8.6927 (8.4952)  teacher_entropy_ratio: 0.9994 (0.9877)  dino_local_crops_loss: 6.7773 (6.7305)  dino_global_crops_loss: 0.8472 (0.8414)  ibot_loss: 1.0682 (0.9233)  time: 0.357154  data: 0.009972  max mem: 19412
I20260723 12:51:51 3064273 dinov2 helpers.py:102] Training  [1240/7500]  eta: 0:38:40  lr: 0.0002 (0.0002)  wd: 0.0634 (0.0480)  mom: 0.9925 (0.9922)  last_layer_lr: 0.0002 (0.0002)  current_batch_size: 64.0000 (64.0000)  total_loss: 8.6827 (8.4967)  teacher_entropy_ratio: 0.9994 (0.9878)  dino_local_crops_loss: 6.7772 (6.7308)  dino_global_crops_loss: 0.8472 (0.8415)  ibot_loss: 1.0588 (0.9244)  time: 0.358812  data: 0.005682  max mem: 19412
I20260723 12:51:55 3064273 dinov2 helpers.py:102] Training  [1250/7500]  eta: 0:38:35  lr: 0.0002 (0.0002)  wd: 0.0637 (0.0481)  mom: 0.9925 (0.9922)  last_layer_lr: 0.0002 (0.0002)  current_batch_size: 64.0000 (64.0000)  total_loss: 8.6902 (8.4984)  teacher_entropy_ratio: 0.9994 (0.9879)  dino_local_crops_loss: 6.7773 (6.7312)  dino_global_crops_loss: 0.8472 (0.8415)  ibot_loss: 1.0661 (0.9257)  time: 0.358715  data: 0.010531  max mem: 19412
I20260723 12:51:58 3064273 dinov2 helpers.py:102] Training  [1260/7500]  eta: 0:38:30  lr: 0.0002 (0.0002)  wd: 0.0641 (0.0482)  mom: 0.9925 (0.9922)  last_layer_lr: 0.0002 (0.0002)  current_batch_size: 64.0000 (64.0000)  total_loss: 8.6953 (8.4998)  teacher_entropy_ratio: 0.9994 (0.9880)  dino_local_crops_loss: 6.7772 (6.7316)  dino_global_crops_loss: 0.8472 (0.8416)  ibot_loss: 1.0711 (0.9267)  time: 0.351426  data: 0.005549  max mem: 19412
I20260723 12:52:02 3064273 dinov2 helpers.py:102] Training  [1270/7500]  eta: 0:38:25  lr: 0.0002 (0.0002)  wd: 0.0645 (0.0484)  mom: 0.9925 (0.9922)  last_layer_lr: 0.0002 (0.0002)  current_batch_size: 64.0000 (64.0000)  total_loss: 8.6926 (8.5012)  teacher_entropy_ratio: 0.9994 (0.9881)  dino_local_crops_loss: 6.7772 (6.7319)  dino_global_crops_loss: 0.8472 (0.8416)  ibot_loss: 1.0683 (0.9277)  time: 0.344908  data: 0.000688  max mem: 19412
I20260723 12:52:05 3064273 dinov2 helpers.py:102] Training  [1280/7500]  eta: 0:38:21  lr: 0.0002 (0.0002)  wd: 0.0649 (0.0485)  mom: 0.9926 (0.9922)  last_layer_lr: 0.0002 (0.0002)  current_batch_size: 64.0000 (64.0000)  total_loss: 8.6532 (8.5024)  teacher_entropy_ratio: 0.9995 (0.9882)  dino_local_crops_loss: 6.7774 (6.7323)  dino_global_crops_loss: 0.8472 (0.8416)  ibot_loss: 1.0286 (0.9284)  time: 0.348095  data: 0.000601  max mem: 19412
I20260723 12:52:09 3064273 dinov2 helpers.py:102] Training  [1290/7500]  eta: 0:38:16  lr: 0.0002 (0.0002)  wd: 0.0653 (0.0486)  mom: 0.9926 (0.9922)  last_layer_lr: 0.0002 (0.0002)  current_batch_size: 64.0000 (64.0000)  total_loss: 8.6559 (8.5038)  teacher_entropy_ratio: 0.9996 (0.9883)  dino_local_crops_loss: 6.7774 (6.7326)  dino_global_crops_loss: 0.8472 (0.8417)  ibot_loss: 1.0316 (0.9295)  time: 0.354320  data: 0.008295  max mem: 19412
I20260723 12:52:12 3064273 dinov2 helpers.py:102] Training  [1300/7500]  eta: 0:38:12  lr: 0.0002 (0.0002)  wd: 0.0656 (0.0488)  mom: 0.9926 (0.9922)  last_layer_lr: 0.0002 (0.0002)  current_batch_size: 64.0000 (64.0000)  total_loss: 8.6902 (8.5052)  teacher_entropy_ratio: 0.9996 (0.9883)  dino_local_crops_loss: 6.7775 (6.7330)  dino_global_crops_loss: 0.8472 (0.8417)  ibot_loss: 1.0656 (0.9305)  time: 0.353311  data: 0.014581  max mem: 19412
I20260723 12:52:16 3064273 dinov2 helpers.py:102] Training  [1310/7500]  eta: 0:38:07  lr: 0.0002 (0.0002)  wd: 0.0660 (0.0489)  mom: 0.9926 (0.9922)  last_layer_lr: 0.0002 (0.0002)  current_batch_size: 64.0000 (64.0000)  total_loss: 8.6932 (8.5066)  teacher_entropy_ratio: 0.9996 (0.9884)  dino_local_crops_loss: 6.7774 (6.7333)  dino_global_crops_loss: 0.8472 (0.8418)  ibot_loss: 1.0688 (0.9315)  time: 0.349803  data: 0.014396  max mem: 19412
I20260723 12:52:19 3064273 dinov2 helpers.py:102] Training  [1320/7500]  eta: 0:38:04  lr: 0.0002 (0.0002)  wd: 0.0664 (0.0490)  mom: 0.9926 (0.9922)  last_layer_lr: 0.0002 (0.0002)  current_batch_size: 64.0000 (64.0000)  total_loss: 8.6817 (8.5078)  teacher_entropy_ratio: 0.9995 (0.9885)  dino_local_crops_loss: 6.7774 (6.7337)  dino_global_crops_loss: 0.8472 (0.8418)  ibot_loss: 1.0572 (0.9323)  time: 0.360357  data: 0.015344  max mem: 19412
I20260723 12:52:23 3064273 dinov2 helpers.py:102] Training  [1330/7500]  eta: 0:37:59  lr: 0.0002 (0.0002)  wd: 0.0668 (0.0492)  mom: 0.9926 (0.9922)  last_layer_lr: 0.0002 (0.0002)  current_batch_size: 64.0000 (64.0000)  total_loss: 8.6817 (8.5092)  teacher_entropy_ratio: 0.9995 (0.9886)  dino_local_crops_loss: 6.7774 (6.7340)  dino_global_crops_loss: 0.8472 (0.8419)  ibot_loss: 1.0572 (0.9333)  time: 0.359380  data: 0.008046  max mem: 19412
I20260723 12:52:27 3064273 dinov2 helpers.py:102] Training  [1340/7500]  eta: 0:37:56  lr: 0.0002 (0.0002)  wd: 0.0672 (0.0493)  mom: 0.9926 (0.9922)  last_layer_lr: 0.0002 (0.0002)  current_batch_size: 64.0000 (64.0000)  total_loss: 8.6857 (8.5105)  teacher_entropy_ratio: 0.9995 (0.9887)  dino_local_crops_loss: 6.7774 (6.7343)  dino_global_crops_loss: 0.8472 (0.8419)  ibot_loss: 1.0610 (0.9343)  time: 0.363070  data: 0.012704  max mem: 19412
I20260723 12:52:30 3064273 fvcore.common.checkpoint __init__.py:109] Saving checkpoint to /sci/labs/arieljaffe/dan.abergel1/runs/brain/h_lowlr/model_0001349.rank_0.pth
I20260723 12:52:31 3064273 dinov2 helpers.py:102] Training  [1350/7500]  eta: 0:37:56  lr: 0.0002 (0.0002)  wd: 0.0676 (0.0494)  mom: 0.9926 (0.9922)  last_layer_lr: 0.0002 (0.0002)  current_batch_size: 64.0000 (64.0000)  total_loss: 8.6633 (8.5117)  teacher_entropy_ratio: 0.9995 (0.9888)  dino_local_crops_loss: 6.7774 (6.7346)  dino_global_crops_loss: 0.8472 (0.8419)  ibot_loss: 1.0385 (0.9351)  time: 0.423894  data: 0.012502  max mem: 19412
I20260723 12:52:35 3064273 dinov2 helpers.py:102] Training  [1360/7500]  eta: 0:37:51  lr: 0.0002 (0.0002)  wd: 0.0680 (0.0496)  mom: 0.9926 (0.9922)  last_layer_lr: 0.0002 (0.0002)  current_batch_size: 64.0000 (64.0000)  total_loss: 8.6610 (8.5129)  teacher_entropy_ratio: 0.9995 (0.9888)  dino_local_crops_loss: 6.7773 (6.7349)  dino_global_crops_loss: 0.8472 (0.8420)  ibot_loss: 1.0365 (0.9360)  time: 0.404711  data: 0.000490  max mem: 19412
I20260723 12:52:38 3064273 dinov2 helpers.py:102] Training  [1370/7500]  eta: 0:37:46  lr: 0.0002 (0.0002)  wd: 0.0684 (0.0497)  mom: 0.9926 (0.9922)  last_layer_lr: 0.0002 (0.0002)  current_batch_size: 64.0000 (64.0000)  total_loss: 8.6838 (8.5141)  teacher_entropy_ratio: 0.9995 (0.9889)  dino_local_crops_loss: 6.7774 (6.7353)  dino_global_crops_loss: 0.8472 (0.8420)  ibot_loss: 1.0591 (0.9368)  time: 0.340244  data: 0.000638  max mem: 19412
I20260723 12:52:42 3064273 dinov2 helpers.py:102] Training  [1380/7500]  eta: 0:37:42  lr: 0.0002 (0.0002)  wd: 0.0688 (0.0499)  mom: 0.9926 (0.9922)  last_layer_lr: 0.0002 (0.0002)  current_batch_size: 64.0000 (64.0000)  total_loss: 8.6705 (8.5153)  teacher_entropy_ratio: 0.9995 (0.9890)  dino_local_crops_loss: 6.7773 (6.7356)  dino_global_crops_loss: 0.8472 (0.8420)  ibot_loss: 1.0458 (0.9377)  time: 0.347476  data: 0.000904  max mem: 19412
I20260723 12:52:45 3064273 dinov2 helpers.py:102] Training  [1390/7500]  eta: 0:37:37  lr: 0.0002 (0.0002)  wd: 0.0692 (0.0500)  mom: 0.9926 (0.9922)  last_layer_lr: 0.0002 (0.0002)  current_batch_size: 64.0000 (64.0000)  total_loss: 8.6647 (8.5164)  teacher_entropy_ratio: 0.9995 (0.9891)  dino_local_crops_loss: 6.7773 (6.7359)  dino_global_crops_loss: 0.8472 (0.8421)  ibot_loss: 1.0402 (0.9385)  time: 0.353671  data: 0.001204  max mem: 19412
I20260723 12:52:49 3064273 dinov2 helpers.py:102] Training  [1400/7500]  eta: 0:37:32  lr: 0.0002 (0.0002)  wd: 0.0697 (0.0501)  mom: 0.9927 (0.9922)  last_layer_lr: 0.0002 (0.0002)  current_batch_size: 64.0000 (64.0000)  total_loss: 8.6503 (8.5174)  teacher_entropy_ratio: 0.9994 (0.9891)  dino_local_crops_loss: 6.7773 (6.7362)  dino_global_crops_loss: 0.8472 (0.8421)  ibot_loss: 1.0260 (0.9391)  time: 0.346098  data: 0.000797  max mem: 19412
I20260723 12:52:52 3064273 dinov2 helpers.py:102] Training  [1410/7500]  eta: 0:37:28  lr: 0.0002 (0.0002)  wd: 0.0701 (0.0503)  mom: 0.9927 (0.9922)  last_layer_lr: 0.0002 (0.0002)  current_batch_size: 64.0000 (64.0000)  total_loss: 8.6721 (8.5186)  teacher_entropy_ratio: 0.9994 (0.9892)  dino_local_crops_loss: 6.7773 (6.7364)  dino_global_crops_loss: 0.8472 (0.8422)  ibot_loss: 1.0474 (0.9400)  time: 0.344069  data: 0.000727  max mem: 19412
I20260723 12:52:56 3064273 dinov2 helpers.py:102] Training  [1420/7500]  eta: 0:37:23  lr: 0.0002 (0.0002)  wd: 0.0705 (0.0504)  mom: 0.9927 (0.9922)  last_layer_lr: 0.0002 (0.0002)  current_batch_size: 64.0000 (64.0000)  total_loss: 8.6842 (8.5198)  teacher_entropy_ratio: 0.9994 (0.9893)  dino_local_crops_loss: 6.7774 (6.7367)  dino_global_crops_loss: 0.8472 (0.8422)  ibot_loss: 1.0596 (0.9409)  time: 0.348008  data: 0.001006  max mem: 19412
I20260723 12:52:59 3064273 dinov2 helpers.py:102] Training  [1430/7500]  eta: 0:37:19  lr: 0.0002 (0.0002)  wd: 0.0709 (0.0506)  mom: 0.9927 (0.9922)  last_layer_lr: 0.0002 (0.0002)  current_batch_size: 64.0000 (64.0000)  total_loss: 8.6774 (8.5209)  teacher_entropy_ratio: 0.9994 (0.9894)  dino_local_crops_loss: 6.7773 (6.7370)  dino_global_crops_loss: 0.8472 (0.8422)  ibot_loss: 1.0525 (0.9417)  time: 0.346700  data: 0.000942  max mem: 19412
I20260723 12:53:03 3064273 dinov2 helpers.py:102] Training  [1440/7500]  eta: 0:37:14  lr: 0.0002 (0.0002)  wd: 0.0713 (0.0507)  mom: 0.9927 (0.9922)  last_layer_lr: 0.0002 (0.0002)  current_batch_size: 64.0000 (64.0000)  total_loss: 8.6642 (8.5219)  teacher_entropy_ratio: 0.9994 (0.9894)  dino_local_crops_loss: 6.7773 (6.7373)  dino_global_crops_loss: 0.8472 (0.8423)  ibot_loss: 1.0396 (0.9423)  time: 0.351256  data: 0.005135  max mem: 19412
I20260723 12:53:06 3064273 dinov2 helpers.py:102] Training  [1450/7500]  eta: 0:37:10  lr: 0.0002 (0.0002)  wd: 0.0718 (0.0509)  mom: 0.9927 (0.9922)  last_layer_lr: 0.0002 (0.0002)  current_batch_size: 64.0000 (64.0000)  total_loss: 8.6668 (8.5229)  teacher_entropy_ratio: 0.9995 (0.9895)  dino_local_crops_loss: 6.7773 (6.7376)  dino_global_crops_loss: 0.8472 (0.8423)  ibot_loss: 1.0423 (0.9430)  time: 0.357460  data: 0.011883  max mem: 19412
I20260723 12:53:10 3064273 dinov2 helpers.py:102] Training  [1460/7500]  eta: 0:37:06  lr: 0.0002 (0.0002)  wd: 0.0722 (0.0510)  mom: 0.9927 (0.9922)  last_layer_lr: 0.0002 (0.0002)  current_batch_size: 64.0000 (64.0000)  total_loss: 8.6668 (8.5238)  teacher_entropy_ratio: 0.9995 (0.9896)  dino_local_crops_loss: 6.7773 (6.7378)  dino_global_crops_loss: 0.8472 (0.8423)  ibot_loss: 1.0423 (0.9436)  time: 0.355131  data: 0.007796  max mem: 19412
I20260723 12:53:13 3064273 dinov2 helpers.py:102] Training  [1470/7500]  eta: 0:37:01  lr: 0.0002 (0.0002)  wd: 0.0726 (0.0512)  mom: 0.9927 (0.9922)  last_layer_lr: 0.0002 (0.0002)  current_batch_size: 64.0000 (64.0000)  total_loss: 8.6501 (8.5247)  teacher_entropy_ratio: 0.9994 (0.9896)  dino_local_crops_loss: 6.7772 (6.7381)  dino_global_crops_loss: 0.8472 (0.8424)  ibot_loss: 1.0257 (0.9442)  time: 0.345761  data: 0.000712  max mem: 19412
I20260723 12:53:17 3064273 dinov2 helpers.py:102] Training  [1480/7500]  eta: 0:36:56  lr: 0.0002 (0.0002)  wd: 0.0731 (0.0513)  mom: 0.9927 (0.9923)  last_layer_lr: 0.0002 (0.0002)  current_batch_size: 64.0000 (64.0000)  total_loss: 8.6501 (8.5256)  teacher_entropy_ratio: 0.9993 (0.9897)  dino_local_crops_loss: 6.7769 (6.7384)  dino_global_crops_loss: 0.8471 (0.8424)  ibot_loss: 1.0257 (0.9448)  time: 0.338532  data: 0.000436  max mem: 19412
I20260723 12:53:20 3064273 dinov2 helpers.py:102] Training  [1490/7500]  eta: 0:36:51  lr: 0.0002 (0.0002)  wd: 0.0735 (0.0515)  mom: 0.9927 (0.9923)  last_layer_lr: 0.0002 (0.0002)  current_batch_size: 64.0000 (64.0000)  total_loss: 8.6607 (8.5265)  teacher_entropy_ratio: 0.9992 (0.9898)  dino_local_crops_loss: 6.7769 (6.7386)  dino_global_crops_loss: 0.8471 (0.8424)  ibot_loss: 1.0358 (0.9455)  time: 0.338889  data: 0.000624  max mem: 19412
I20260723 12:53:23 3064273 dinov2 helpers.py:102] Training  [1500/7500]  eta: 0:36:47  lr: 0.0002 (0.0002)  wd: 0.0739 (0.0516)  mom: 0.9928 (0.9923)  last_layer_lr: 0.0002 (0.0002)  current_batch_size: 64.0000 (64.0000)  total_loss: 8.6620 (8.5274)  teacher_entropy_ratio: 0.9994 (0.9898)  dino_local_crops_loss: 6.7772 (6.7389)  dino_global_crops_loss: 0.8472 (0.8425)  ibot_loss: 1.0377 (0.9460)  time: 0.343238  data: 0.001055  max mem: 19412
I20260723 12:53:27 3064273 dinov2 helpers.py:102] Training  [1510/7500]  eta: 0:36:42  lr: 0.0002 (0.0002)  wd: 0.0744 (0.0518)  mom: 0.9928 (0.9923)  last_layer_lr: 0.0002 (0.0002)  current_batch_size: 64.0000 (64.0000)  total_loss: 8.6629 (8.5285)  teacher_entropy_ratio: 0.9996 (0.9899)  dino_local_crops_loss: 6.7774 (6.7391)  dino_global_crops_loss: 0.8472 (0.8425)  ibot_loss: 1.0386 (0.9468)  time: 0.350307  data: 0.001390  max mem: 19412
I20260723 12:53:30 3064273 dinov2 helpers.py:102] Training  [1520/7500]  eta: 0:36:38  lr: 0.0002 (0.0002)  wd: 0.0748 (0.0519)  mom: 0.9928 (0.9923)  last_layer_lr: 0.0002 (0.0002)  current_batch_size: 64.0000 (64.0000)  total_loss: 8.6759 (8.5293)  teacher_entropy_ratio: 0.9996 (0.9900)  dino_local_crops_loss: 6.7774 (6.7394)  dino_global_crops_loss: 0.8472 (0.8425)  ibot_loss: 1.0516 (0.9474)  time: 0.352044  data: 0.000761  max mem: 19412
I20260723 12:53:34 3064273 dinov2 helpers.py:102] Training  [1530/7500]  eta: 0:36:34  lr: 0.0002 (0.0002)  wd: 0.0753 (0.0521)  mom: 0.9928 (0.9923)  last_layer_lr: 0.0002 (0.0002)  current_batch_size: 64.0000 (64.0000)  total_loss: 8.6674 (8.5303)  teacher_entropy_ratio: 0.9995 (0.9900)  dino_local_crops_loss: 6.7773 (6.7396)  dino_global_crops_loss: 0.8472 (0.8426)  ibot_loss: 1.0426 (0.9481)  time: 0.349203  data: 0.000547  max mem: 19412
I20260723 12:53:38 3064273 dinov2 helpers.py:102] Training  [1540/7500]  eta: 0:36:31  lr: 0.0002 (0.0002)  wd: 0.0757 (0.0522)  mom: 0.9928 (0.9923)  last_layer_lr: 0.0002 (0.0002)  current_batch_size: 64.0000 (64.0000)  total_loss: 8.6694 (8.5312)  teacher_entropy_ratio: 0.9996 (0.9901)  dino_local_crops_loss: 6.7773 (6.7399)  dino_global_crops_loss: 0.8472 (0.8426)  ibot_loss: 1.0448 (0.9487)  time: 0.375471  data: 0.033728  max mem: 19412
I20260723 12:53:42 3064273 dinov2 helpers.py:102] Training  [1550/7500]  eta: 0:36:28  lr: 0.0002 (0.0002)  wd: 0.0762 (0.0524)  mom: 0.9928 (0.9923)  last_layer_lr: 0.0002 (0.0002)  current_batch_size: 64.0000 (64.0000)  total_loss: 8.6781 (8.5321)  teacher_entropy_ratio: 0.9996 (0.9901)  dino_local_crops_loss: 6.7774 (6.7401)  dino_global_crops_loss: 0.8472 (0.8426)  ibot_loss: 1.0534 (0.9494)  time: 0.383985  data: 0.041893  max mem: 19412
I20260723 12:53:45 3064273 dinov2 helpers.py:102] Training  [1560/7500]  eta: 0:36:23  lr: 0.0002 (0.0002)  wd: 0.0766 (0.0525)  mom: 0.9928 (0.9923)  last_layer_lr: 0.0002 (0.0002)  current_batch_size: 64.0000 (64.0000)  total_loss: 8.6591 (8.5328)  teacher_entropy_ratio: 0.9996 (0.9902)  dino_local_crops_loss: 6.7774 (6.7404)  dino_global_crops_loss: 0.8472 (0.8426)  ibot_loss: 1.0345 (0.9498)  time: 0.357371  data: 0.008922  max mem: 19412
I20260723 12:53:49 3064273 dinov2 helpers.py:102] Training  [1570/7500]  eta: 0:36:19  lr: 0.0002 (0.0002)  wd: 0.0771 (0.0527)  mom: 0.9928 (0.9923)  last_layer_lr: 0.0002 (0.0002)  current_batch_size: 64.0000 (64.0000)  total_loss: 8.6535 (8.5336)  teacher_entropy_ratio: 0.9995 (0.9903)  dino_local_crops_loss: 6.7774 (6.7406)  dino_global_crops_loss: 0.8472 (0.8427)  ibot_loss: 1.0287 (0.9504)  time: 0.352657  data: 0.000461  max mem: 19412
I20260723 12:53:52 3064273 dinov2 helpers.py:102] Training  [1580/7500]  eta: 0:36:15  lr: 0.0002 (0.0002)  wd: 0.0775 (0.0529)  mom: 0.9928 (0.9923)  last_layer_lr: 0.0002 (0.0002)  current_batch_size: 64.0000 (64.0000)  total_loss: 8.6403 (8.5344)  teacher_entropy_ratio: 0.9996 (0.9903)  dino_local_crops_loss: 6.7774 (6.7408)  dino_global_crops_loss: 0.8472 (0.8427)  ibot_loss: 1.0158 (0.9508)  time: 0.350703  data: 0.000470  max mem: 19412
I20260723 12:53:56 3064273 dinov2 helpers.py:102] Training  [1590/7500]  eta: 0:36:10  lr: 0.0002 (0.0002)  wd: 0.0780 (0.0530)  mom: 0.9928 (0.9923)  last_layer_lr: 0.0002 (0.0002)  current_batch_size: 64.0000 (64.0000)  total_loss: 8.6240 (8.5348)  teacher_entropy_ratio: 0.9996 (0.9904)  dino_local_crops_loss: 6.7774 (6.7411)  dino_global_crops_loss: 0.8472 (0.8427)  ibot_loss: 0.9992 (0.9510)  time: 0.347147  data: 0.000530  max mem: 19412
I20260723 12:53:59 3064273 dinov2 helpers.py:102] Training  [1600/7500]  eta: 0:36:06  lr: 0.0002 (0.0002)  wd: 0.0785 (0.0532)  mom: 0.9929 (0.9923)  last_layer_lr: 0.0002 (0.0002)  current_batch_size: 64.0000 (64.0000)  total_loss: 8.6353 (8.5355)  teacher_entropy_ratio: 0.9996 (0.9904)  dino_local_crops_loss: 6.7774 (6.7413)  dino_global_crops_loss: 0.8472 (0.8428)  ibot_loss: 1.0110 (0.9515)  time: 0.352729  data: 0.000490  max mem: 19412
I20260723 12:54:03 3064273 dinov2 helpers.py:102] Training  [1610/7500]  eta: 0:36:02  lr: 0.0002 (0.0002)  wd: 0.0789 (0.0533)  mom: 0.9929 (0.9923)  last_layer_lr: 0.0002 (0.0002)  current_batch_size: 64.0000 (64.0000)  total_loss: 8.6540 (8.5361)  teacher_entropy_ratio: 0.9996 (0.9905)  dino_local_crops_loss: 6.7774 (6.7415)  dino_global_crops_loss: 0.8472 (0.8428)  ibot_loss: 1.0294 (0.9518)  time: 0.356416  data: 0.000642  max mem: 19412
I20260723 12:54:06 3064273 dinov2 helpers.py:102] Training  [1620/7500]  eta: 0:35:58  lr: 0.0002 (0.0002)  wd: 0.0794 (0.0535)  mom: 0.9929 (0.9923)  last_layer_lr: 0.0002 (0.0002)  current_batch_size: 64.0000 (64.0000)  total_loss: 8.6082 (8.5366)  teacher_entropy_ratio: 0.9996 (0.9905)  dino_local_crops_loss: 6.7773 (6.7417)  dino_global_crops_loss: 0.8472 (0.8428)  ibot_loss: 0.9834 (0.9520)  time: 0.353090  data: 0.000732  max mem: 19412
I20260723 12:54:10 3064273 dinov2 helpers.py:102] Training  [1630/7500]  eta: 0:35:53  lr: 0.0002 (0.0002)  wd: 0.0799 (0.0537)  mom: 0.9929 (0.9923)  last_layer_lr: 0.0002 (0.0002)  current_batch_size: 64.0000 (64.0000)  total_loss: 8.6066 (8.5370)  teacher_entropy_ratio: 0.9996 (0.9906)  dino_local_crops_loss: 6.7773 (6.7420)  dino_global_crops_loss: 0.8472 (0.8428)  ibot_loss: 0.9823 (0.9522)  time: 0.344956  data: 0.000881  max mem: 19412
I20260723 12:54:13 3064273 dinov2 helpers.py:102] Training  [1640/7500]  eta: 0:35:50  lr: 0.0002 (0.0002)  wd: 0.0804 (0.0538)  mom: 0.9929 (0.9923)  last_layer_lr: 0.0002 (0.0002)  current_batch_size: 64.0000 (64.0000)  total_loss: 8.6039 (8.5374)  teacher_entropy_ratio: 0.9995 (0.9907)  dino_local_crops_loss: 6.7773 (6.7422)  dino_global_crops_loss: 0.8472 (0.8429)  ibot_loss: 0.9795 (0.9524)  time: 0.357281  data: 0.014472  max mem: 19412
I20260723 12:54:17 3064273 dinov2 helpers.py:102] Training  [1650/7500]  eta: 0:35:45  lr: 0.0002 (0.0002)  wd: 0.0808 (0.0540)  mom: 0.9929 (0.9923)  last_layer_lr: 0.0002 (0.0002)  current_batch_size: 64.0000 (64.0000)  total_loss: 8.6118 (8.5379)  teacher_entropy_ratio: 0.9995 (0.9907)  dino_local_crops_loss: 6.7772 (6.7424)  dino_global_crops_loss: 0.8472 (0.8429)  ibot_loss: 0.9872 (0.9526)  time: 0.361264  data: 0.014297  max mem: 19412
I20260723 12:54:20 3064273 dinov2 helpers.py:102] Training  [1660/7500]  eta: 0:35:41  lr: 0.0002 (0.0002)  wd: 0.0813 (0.0542)  mom: 0.9929 (0.9923)  last_layer_lr: 0.0002 (0.0002)  current_batch_size: 64.0000 (64.0000)  total_loss: 8.5962 (8.5382)  teacher_entropy_ratio: 0.9996 (0.9908)  dino_local_crops_loss: 6.7773 (6.7426)  dino_global_crops_loss: 0.8472 (0.8429)  ibot_loss: 0.9718 (0.9527)  time: 0.350621  data: 0.000654  max mem: 19412
I20260723 12:54:24 3064273 dinov2 helpers.py:102] Training  [1670/7500]  eta: 0:35:37  lr: 0.0002 (0.0002)  wd: 0.0818 (0.0543)  mom: 0.9929 (0.9923)  last_layer_lr: 0.0002 (0.0002)  current_batch_size: 64.0000 (64.0000)  total_loss: 8.5876 (8.5385)  teacher_entropy_ratio: 0.9996 (0.9908)  dino_local_crops_loss: 6.7773 (6.7428)  dino_global_crops_loss: 0.8472 (0.8429)  ibot_loss: 0.9631 (0.9527)  time: 0.351380  data: 0.000904  max mem: 19412
I20260723 12:54:27 3064273 dinov2 helpers.py:102] Training  [1680/7500]  eta: 0:35:33  lr: 0.0002 (0.0002)  wd: 0.0823 (0.0545)  mom: 0.9929 (0.9923)  last_layer_lr: 0.0002 (0.0002)  current_batch_size: 64.0000 (64.0000)  total_loss: 8.5893 (8.5388)  teacher_entropy_ratio: 0.9996 (0.9909)  dino_local_crops_loss: 6.7773 (6.7430)  dino_global_crops_loss: 0.8472 (0.8430)  ibot_loss: 0.9648 (0.9529)  time: 0.346925  data: 0.001129  max mem: 19412
I20260723 12:54:31 3064273 dinov2 helpers.py:102] Training  [1690/7500]  eta: 0:35:28  lr: 0.0002 (0.0002)  wd: 0.0828 (0.0547)  mom: 0.9930 (0.9923)  last_layer_lr: 0.0002 (0.0002)  current_batch_size: 64.0000 (64.0000)  total_loss: 8.5963 (8.5392)  teacher_entropy_ratio: 0.9996 (0.9909)  dino_local_crops_loss: 6.7773 (6.7432)  dino_global_crops_loss: 0.8472 (0.8430)  ibot_loss: 0.9719 (0.9530)  time: 0.342214  data: 0.000880  max mem: 19412
I20260723 12:54:34 3064273 dinov2 helpers.py:102] Training  [1700/7500]  eta: 0:35:24  lr: 0.0002 (0.0002)  wd: 0.0832 (0.0548)  mom: 0.9930 (0.9923)  last_layer_lr: 0.0002 (0.0002)  current_batch_size: 64.0000 (64.0000)  total_loss: 8.5755 (8.5395)  teacher_entropy_ratio: 0.9996 (0.9910)  dino_local_crops_loss: 6.7773 (6.7434)  dino_global_crops_loss: 0.8472 (0.8430)  ibot_loss: 0.9511 (0.9530)  time: 0.353269  data: 0.013159  max mem: 19412
I20260723 12:54:38 3064273 dinov2 helpers.py:102] Training  [1710/7500]  eta: 0:35:20  lr: 0.0002 (0.0002)  wd: 0.0837 (0.0550)  mom: 0.9930 (0.9923)  last_layer_lr: 0.0002 (0.0002)  current_batch_size: 64.0000 (64.0000)  total_loss: 8.5987 (8.5400)  teacher_entropy_ratio: 0.9995 (0.9910)  dino_local_crops_loss: 6.7772 (6.7436)  dino_global_crops_loss: 0.8472 (0.8430)  ibot_loss: 0.9744 (0.9533)  time: 0.359263  data: 0.017669  max mem: 19412
I20260723 12:54:41 3064273 dinov2 helpers.py:102] Training  [1720/7500]  eta: 0:35:16  lr: 0.0002 (0.0002)  wd: 0.0842 (0.0552)  mom: 0.9930 (0.9923)  last_layer_lr: 0.0002 (0.0002)  current_batch_size: 64.0000 (64.0000)  total_loss: 8.5906 (8.5402)  teacher_entropy_ratio: 0.9996 (0.9911)  dino_local_crops_loss: 6.7773 (6.7438)  dino_global_crops_loss: 0.8472 (0.8431)  ibot_loss: 0.9661 (0.9533)  time: 0.349983  data: 0.005468  max mem: 19412
I20260723 12:54:45 3064273 dinov2 helpers.py:102] Training  [1730/7500]  eta: 0:35:12  lr: 0.0002 (0.0002)  wd: 0.0847 (0.0553)  mom: 0.9930 (0.9923)  last_layer_lr: 0.0002 (0.0002)  current_batch_size: 64.0000 (64.0000)  total_loss: 8.5825 (8.5405)  teacher_entropy_ratio: 0.9994 (0.9911)  dino_local_crops_loss: 6.7771 (6.7440)  dino_global_crops_loss: 0.8472 (0.8431)  ibot_loss: 0.9590 (0.9534)  time: 0.347879  data: 0.000968  max mem: 19412
I20260723 12:54:49 3064273 dinov2 helpers.py:102] Training  [1740/7500]  eta: 0:35:08  lr: 0.0002 (0.0002)  wd: 0.0852 (0.0555)  mom: 0.9930 (0.9923)  last_layer_lr: 0.0002 (0.0002)  current_batch_size: 64.0000 (64.0000)  total_loss: 8.5951 (8.5409)  teacher_entropy_ratio: 0.9994 (0.9912)  dino_local_crops_loss: 6.7771 (6.7442)  dino_global_crops_loss: 0.8472 (0.8431)  ibot_loss: 0.9705 (0.9536)  time: 0.351873  data: 0.007468  max mem: 19412
I20260723 12:54:52 3064273 dinov2 helpers.py:102] Training  [1750/7500]  eta: 0:35:04  lr: 0.0002 (0.0002)  wd: 0.0857 (0.0557)  mom: 0.9930 (0.9923)  last_layer_lr: 0.0002 (0.0002)  current_batch_size: 64.0000 (64.0000)  total_loss: 8.5941 (8.5411)  teacher_entropy_ratio: 0.9996 (0.9912)  dino_local_crops_loss: 6.7772 (6.7444)  dino_global_crops_loss: 0.8472 (0.8431)  ibot_loss: 0.9695 (0.9536)  time: 0.368465  data: 0.025207  max mem: 19412
I20260723 12:54:56 3064273 dinov2 helpers.py:102] Training  [1760/7500]  eta: 0:35:01  lr: 0.0002 (0.0002)  wd: 0.0862 (0.0559)  mom: 0.9930 (0.9924)  last_layer_lr: 0.0002 (0.0002)  current_batch_size: 64.0000 (64.0000)  total_loss: 8.5660 (8.5412)  teacher_entropy_ratio: 0.9996 (0.9913)  dino_local_crops_loss: 6.7774 (6.7446)  dino_global_crops_loss: 0.8472 (0.8432)  ibot_loss: 0.9413 (0.9535)  time: 0.376610  data: 0.029391  max mem: 19412
I20260723 12:55:00 3064273 dinov2 helpers.py:102] Training  [1770/7500]  eta: 0:34:58  lr: 0.0002 (0.0002)  wd: 0.0867 (0.0560)  mom: 0.9930 (0.9924)  last_layer_lr: 0.0002 (0.0002)  current_batch_size: 64.0000 (64.0000)  total_loss: 8.5701 (8.5415)  teacher_entropy_ratio: 0.9997 (0.9913)  dino_local_crops_loss: 6.7774 (6.7447)  dino_global_crops_loss: 0.8472 (0.8432)  ibot_loss: 0.9461 (0.9536)  time: 0.373851  data: 0.027359  max mem: 19412
I20260723 12:55:03 3064273 dinov2 helpers.py:102] Training  [1780/7500]  eta: 0:34:53  lr: 0.0002 (0.0002)  wd: 0.0872 (0.0562)  mom: 0.9930 (0.9924)  last_layer_lr: 0.0002 (0.0002)  current_batch_size: 64.0000 (64.0000)  total_loss: 8.6177 (8.5419)  teacher_entropy_ratio: 0.9997 (0.9914)  dino_local_crops_loss: 6.7774 (6.7449)  dino_global_crops_loss: 0.8472 (0.8432)  ibot_loss: 0.9930 (0.9538)  time: 0.361605  data: 0.016344  max mem: 19412
I20260723 12:55:07 3064273 dinov2 helpers.py:102] Training  [1790/7500]  eta: 0:34:49  lr: 0.0002 (0.0002)  wd: 0.0878 (0.0564)  mom: 0.9931 (0.9924)  last_layer_lr: 0.0002 (0.0002)  current_batch_size: 64.0000 (64.0000)  total_loss: 8.6093 (8.5423)  teacher_entropy_ratio: 0.9996 (0.9914)  dino_local_crops_loss: 6.7774 (6.7451)  dino_global_crops_loss: 0.8472 (0.8432)  ibot_loss: 0.9858 (0.9539)  time: 0.345042  data: 0.000577  max mem: 19412
I20260723 12:55:10 3064273 fvcore.common.checkpoint __init__.py:109] Saving checkpoint to /sci/labs/arieljaffe/dan.abergel1/runs/brain/h_lowlr/model_0001799.rank_0.pth
I20260723 12:55:11 3064273 dinov2 helpers.py:102] Training  [1800/7500]  eta: 0:34:49  lr: 0.0002 (0.0002)  wd: 0.0883 (0.0566)  mom: 0.9931 (0.9924)  last_layer_lr: 0.0002 (0.0002)  current_batch_size: 64.0000 (64.0000)  total_loss: 8.5938 (8.5426)  teacher_entropy_ratio: 0.9997 (0.9914)  dino_local_crops_loss: 6.7775 (6.7453)  dino_global_crops_loss: 0.8472 (0.8432)  ibot_loss: 0.9689 (0.9540)  time: 0.407915  data: 0.008676  max mem: 19412
I20260723 12:55:15 3064273 dinov2 helpers.py:102] Training  [1810/7500]  eta: 0:34:44  lr: 0.0002 (0.0002)  wd: 0.0888 (0.0568)  mom: 0.9931 (0.9924)  last_layer_lr: 0.0002 (0.0002)  current_batch_size: 64.0000 (64.0000)  total_loss: 8.5577 (8.5426)  teacher_entropy_ratio: 0.9996 (0.9915)  dino_local_crops_loss: 6.7773 (6.7455)  dino_global_crops_loss: 0.8472 (0.8433)  ibot_loss: 0.9335 (0.9538)  time: 0.404239  data: 0.008562  max mem: 19412
I20260723 12:55:18 3064273 dinov2 helpers.py:102] Training  [1820/7500]  eta: 0:34:40  lr: 0.0002 (0.0002)  wd: 0.0893 (0.0569)  mom: 0.9931 (0.9924)  last_layer_lr: 0.0002 (0.0002)  current_batch_size: 64.0000 (64.0000)  total_loss: 8.5475 (8.5428)  teacher_entropy_ratio: 0.9995 (0.9915)  dino_local_crops_loss: 6.7773 (6.7456)  dino_global_crops_loss: 0.8472 (0.8433)  ibot_loss: 0.9232 (0.9539)  time: 0.340209  data: 0.000470  max mem: 19412
I20260723 12:55:22 3064273 dinov2 helpers.py:102] Training  [1830/7500]  eta: 0:34:35  lr: 0.0002 (0.0002)  wd: 0.0898 (0.0571)  mom: 0.9931 (0.9924)  last_layer_lr: 0.0002 (0.0002)  current_batch_size: 64.0000 (64.0000)  total_loss: 8.5475 (8.5430)  teacher_entropy_ratio: 0.9996 (0.9916)  dino_local_crops_loss: 6.7773 (6.7458)  dino_global_crops_loss: 0.8472 (0.8433)  ibot_loss: 0.9232 (0.9539)  time: 0.340635  data: 0.000803  max mem: 19412
I20260723 12:55:25 3064273 dinov2 helpers.py:102] Training  [1840/7500]  eta: 0:34:31  lr: 0.0002 (0.0002)  wd: 0.0903 (0.0573)  mom: 0.9931 (0.9924)  last_layer_lr: 0.0002 (0.0002)  current_batch_size: 64.0000 (64.0000)  total_loss: 8.5954 (8.5432)  teacher_entropy_ratio: 0.9996 (0.9916)  dino_local_crops_loss: 6.7774 (6.7460)  dino_global_crops_loss: 0.8472 (0.8433)  ibot_loss: 0.9704 (0.9539)  time: 0.340463  data: 0.002700  max mem: 19412
I20260723 12:55:29 3064273 dinov2 helpers.py:102] Training  [1850/7500]  eta: 0:34:27  lr: 0.0002 (0.0002)  wd: 0.0909 (0.0575)  mom: 0.9931 (0.9924)  last_layer_lr: 0.0002 (0.0002)  current_batch_size: 64.0000 (64.0000)  total_loss: 8.5651 (8.5434)  teacher_entropy_ratio: 0.9997 (0.9917)  dino_local_crops_loss: 6.7774 (6.7462)  dino_global_crops_loss: 0.8472 (0.8434)  ibot_loss: 0.9407 (0.9539)  time: 0.359272  data: 0.015108  max mem: 19412
I20260723 12:55:32 3064273 dinov2 helpers.py:102] Training  [1860/7500]  eta: 0:34:24  lr: 0.0002 (0.0002)  wd: 0.0914 (0.0577)  mom: 0.9931 (0.9924)  last_layer_lr: 0.0002 (0.0002)  current_batch_size: 64.0000 (64.0000)  total_loss: 8.5651 (8.5435)  teacher_entropy_ratio: 0.9998 (0.9917)  dino_local_crops_loss: 6.7775 (6.7463)  dino_global_crops_loss: 0.8472 (0.8434)  ibot_loss: 0.9407 (0.9538)  time: 0.366605  data: 0.013152  max mem: 19412
I20260723 12:55:36 3064273 dinov2 helpers.py:102] Training  [1870/7500]  eta: 0:34:19  lr: 0.0002 (0.0002)  wd: 0.0919 (0.0579)  mom: 0.9932 (0.9924)  last_layer_lr: 0.0002 (0.0002)  current_batch_size: 64.0000 (64.0000)  total_loss: 8.5859 (8.5438)  teacher_entropy_ratio: 0.9998 (0.9918)  dino_local_crops_loss: 6.7774 (6.7465)  dino_global_crops_loss: 0.8472 (0.8434)  ibot_loss: 0.9613 (0.9539)  time: 0.349754  data: 0.000685  max mem: 19412
I20260723 12:55:39 3064273 dinov2 helpers.py:102] Training  [1880/7500]  eta: 0:34:15  lr: 0.0002 (0.0002)  wd: 0.0925 (0.0580)  mom: 0.9932 (0.9924)  last_layer_lr: 0.0002 (0.0002)  current_batch_size: 64.0000 (64.0000)  total_loss: 8.5946 (8.5440)  teacher_entropy_ratio: 0.9998 (0.9918)  dino_local_crops_loss: 6.7774 (6.7467)  dino_global_crops_loss: 0.8472 (0.8434)  ibot_loss: 0.9700 (0.9540)  time: 0.347900  data: 0.004473  max mem: 19412
I20260723 12:55:43 3064273 dinov2 helpers.py:102] Training  [1890/7500]  eta: 0:34:11  lr: 0.0002 (0.0002)  wd: 0.0930 (0.0582)  mom: 0.9932 (0.9924)  last_layer_lr: 0.0002 (0.0002)  current_batch_size: 64.0000 (64.0000)  total_loss: 8.5738 (8.5442)  teacher_entropy_ratio: 0.9998 (0.9918)  dino_local_crops_loss: 6.7775 (6.7468)  dino_global_crops_loss: 0.8472 (0.8434)  ibot_loss: 0.9492 (0.9540)  time: 0.355197  data: 0.009498  max mem: 19412
I20260723 12:55:46 3064273 dinov2 helpers.py:102] Training  [1900/7500]  eta: 0:34:07  lr: 0.0002 (0.0002)  wd: 0.0935 (0.0584)  mom: 0.9932 (0.9924)  last_layer_lr: 0.0002 (0.0002)  current_batch_size: 64.0000 (64.0000)  total_loss: 8.5788 (8.5444)  teacher_entropy_ratio: 0.9998 (0.9919)  dino_local_crops_loss: 6.7774 (6.7470)  dino_global_crops_loss: 0.8472 (0.8435)  ibot_loss: 0.9542 (0.9540)  time: 0.350732  data: 0.005871  max mem: 19412
I20260723 12:55:50 3064273 dinov2 helpers.py:102] Training  [1910/7500]  eta: 0:34:03  lr: 0.0002 (0.0002)  wd: 0.0941 (0.0586)  mom: 0.9932 (0.9924)  last_layer_lr: 0.0002 (0.0002)  current_batch_size: 64.0000 (64.0000)  total_loss: 8.5899 (8.5446)  teacher_entropy_ratio: 0.9998 (0.9919)  dino_local_crops_loss: 6.7774 (6.7471)  dino_global_crops_loss: 0.8472 (0.8435)  ibot_loss: 0.9655 (0.9540)  time: 0.346858  data: 0.001000  max mem: 19412
I20260723 12:55:54 3064273 dinov2 helpers.py:102] Training  [1920/7500]  eta: 0:34:00  lr: 0.0002 (0.0002)  wd: 0.0946 (0.0588)  mom: 0.9932 (0.9924)  last_layer_lr: 0.0002 (0.0002)  current_batch_size: 64.0000 (64.0000)  total_loss: 8.5767 (8.5447)  teacher_entropy_ratio: 0.9998 (0.9920)  dino_local_crops_loss: 6.7775 (6.7473)  dino_global_crops_loss: 0.8472 (0.8435)  ibot_loss: 0.9521 (0.9539)  time: 0.366721  data: 0.025821  max mem: 19412
I20260723 12:55:57 3064273 dinov2 helpers.py:102] Training  [1930/7500]  eta: 0:33:56  lr: 0.0002 (0.0002)  wd: 0.0951 (0.0590)  mom: 0.9932 (0.9924)  last_layer_lr: 0.0002 (0.0002)  current_batch_size: 64.0000 (64.0000)  total_loss: 8.5767 (8.5448)  teacher_entropy_ratio: 0.9998 (0.9920)  dino_local_crops_loss: 6.7775 (6.7475)  dino_global_crops_loss: 0.8472 (0.8435)  ibot_loss: 0.9521 (0.9539)  time: 0.370091  data: 0.028902  max mem: 19412
I20260723 12:56:01 3064273 dinov2 helpers.py:102] Training  [1940/7500]  eta: 0:33:52  lr: 0.0002 (0.0002)  wd: 0.0957 (0.0592)  mom: 0.9932 (0.9924)  last_layer_lr: 0.0002 (0.0002)  current_batch_size: 64.0000 (64.0000)  total_loss: 8.5657 (8.5449)  teacher_entropy_ratio: 0.9998 (0.9920)  dino_local_crops_loss: 6.7775 (6.7476)  dino_global_crops_loss: 0.8472 (0.8435)  ibot_loss: 0.9412 (0.9538)  time: 0.353356  data: 0.010922  max mem: 19412
I20260723 12:56:04 3064273 dinov2 helpers.py:102] Training  [1950/7500]  eta: 0:33:48  lr: 0.0002 (0.0002)  wd: 0.0962 (0.0594)  mom: 0.9932 (0.9924)  last_layer_lr: 0.0002 (0.0002)  current_batch_size: 64.0000 (64.0000)  total_loss: 8.5443 (8.5450)  teacher_entropy_ratio: 0.9998 (0.9921)  dino_local_crops_loss: 6.7775 (6.7478)  dino_global_crops_loss: 0.8472 (0.8435)  ibot_loss: 0.9196 (0.9537)  time: 0.352741  data: 0.011401  max mem: 19412
I20260723 12:56:08 3064273 dinov2 helpers.py:102] Training  [1960/7500]  eta: 0:33:44  lr: 0.0002 (0.0002)  wd: 0.0968 (0.0596)  mom: 0.9933 (0.9924)  last_layer_lr: 0.0002 (0.0002)  current_batch_size: 64.0000 (64.0000)  total_loss: 8.5532 (8.5452)  teacher_entropy_ratio: 0.9998 (0.9921)  dino_local_crops_loss: 6.7775 (6.7479)  dino_global_crops_loss: 0.8472 (0.8436)  ibot_loss: 0.9287 (0.9537)  time: 0.363449  data: 0.022326  max mem: 19412
I20260723 12:56:12 3064273 dinov2 helpers.py:102] Training  [1970/7500]  eta: 0:33:40  lr: 0.0002 (0.0002)  wd: 0.0973 (0.0597)  mom: 0.9933 (0.9924)  last_layer_lr: 0.0002 (0.0002)  current_batch_size: 64.0000 (64.0000)  total_loss: 8.5575 (8.5452)  teacher_entropy_ratio: 0.9998 (0.9922)  dino_local_crops_loss: 6.7775 (6.7481)  dino_global_crops_loss: 0.8472 (0.8436)  ibot_loss: 0.9330 (0.9536)  time: 0.359713  data: 0.021799  max mem: 19412
I20260723 12:56:15 3064273 dinov2 helpers.py:102] Training  [1980/7500]  eta: 0:33:37  lr: 0.0002 (0.0002)  wd: 0.0979 (0.0599)  mom: 0.9933 (0.9924)  last_layer_lr: 0.0002 (0.0002)  current_batch_size: 64.0000 (64.0000)  total_loss: 8.5522 (8.5453)  teacher_entropy_ratio: 0.9998 (0.9922)  dino_local_crops_loss: 6.7775 (6.7482)  dino_global_crops_loss: 0.8472 (0.8436)  ibot_loss: 0.9276 (0.9534)  time: 0.359481  data: 0.016620  max mem: 19412
I20260723 12:56:19 3064273 dinov2 helpers.py:102] Training  [1990/7500]  eta: 0:33:32  lr: 0.0002 (0.0002)  wd: 0.0984 (0.0601)  mom: 0.9933 (0.9924)  last_layer_lr: 0.0002 (0.0002)  current_batch_size: 64.0000 (64.0000)  total_loss: 8.5522 (8.5454)  teacher_entropy_ratio: 0.9998 (0.9922)  dino_local_crops_loss: 6.7775 (6.7484)  dino_global_crops_loss: 0.8472 (0.8436)  ibot_loss: 0.9276 (0.9534)  time: 0.360433  data: 0.017630  max mem: 19412
I20260723 12:56:23 3064273 dinov2 helpers.py:102] Training  [2000/7500]  eta: 0:33:29  lr: 0.0002 (0.0002)  wd: 0.0990 (0.0603)  mom: 0.9933 (0.9925)  last_layer_lr: 0.0002 (0.0002)  current_batch_size: 64.0000 (64.0000)  total_loss: 8.5679 (8.5454)  teacher_entropy_ratio: 0.9998 (0.9923)  dino_local_crops_loss: 6.7774 (6.7485)  dino_global_crops_loss: 0.8472 (0.8436)  ibot_loss: 0.9433 (0.9533)  time: 0.362385  data: 0.013003  max mem: 19412
I20260723 12:56:26 3064273 dinov2 helpers.py:102] Training  [2010/7500]  eta: 0:33:25  lr: 0.0002 (0.0002)  wd: 0.0996 (0.0605)  mom: 0.9933 (0.9925)  last_layer_lr: 0.0002 (0.0002)  current_batch_size: 64.0000 (64.0000)  total_loss: 8.5717 (8.5457)  teacher_entropy_ratio: 0.9998 (0.9923)  dino_local_crops_loss: 6.7774 (6.7486)  dino_global_crops_loss: 0.8472 (0.8437)  ibot_loss: 0.9471 (0.9534)  time: 0.369175  data: 0.008654  max mem: 19412
I20260723 12:56:30 3064273 dinov2 helpers.py:102] Training  [2020/7500]  eta: 0:33:21  lr: 0.0002 (0.0002)  wd: 0.1001 (0.0607)  mom: 0.9933 (0.9925)  last_layer_lr: 0.0002 (0.0002)  current_batch_size: 64.0000 (64.0000)  total_loss: 8.5859 (8.5458)  teacher_entropy_ratio: 0.9998 (0.9923)  dino_local_crops_loss: 6.7774 (6.7488)  dino_global_crops_loss: 0.8472 (0.8437)  ibot_loss: 0.9612 (0.9534)  time: 0.352630  data: 0.000842  max mem: 19412
I20260723 12:56:33 3064273 dinov2 helpers.py:102] Training  [2030/7500]  eta: 0:33:17  lr: 0.0002 (0.0002)  wd: 0.1007 (0.0609)  mom: 0.9933 (0.9925)  last_layer_lr: 0.0002 (0.0002)  current_batch_size: 64.0000 (64.0000)  total_loss: 8.5761 (8.5460)  teacher_entropy_ratio: 0.9998 (0.9924)  dino_local_crops_loss: 6.7775 (6.7489)  dino_global_crops_loss: 0.8472 (0.8437)  ibot_loss: 0.9514 (0.9534)  time: 0.343671  data: 0.000688  max mem: 19412
I20260723 12:56:37 3064273 dinov2 helpers.py:102] Training  [2040/7500]  eta: 0:33:13  lr: 0.0002 (0.0002)  wd: 0.1012 (0.0611)  mom: 0.9934 (0.9925)  last_layer_lr: 0.0002 (0.0002)  current_batch_size: 64.0000 (64.0000)  total_loss: 8.5733 (8.5460)  teacher_entropy_ratio: 0.9998 (0.9924)  dino_local_crops_loss: 6.7775 (6.7491)  dino_global_crops_loss: 0.8472 (0.8437)  ibot_loss: 0.9486 (0.9532)  time: 0.356127  data: 0.000434  max mem: 19412
I20260723 12:56:40 3064273 dinov2 helpers.py:102] Training  [2050/7500]  eta: 0:33:09  lr: 0.0002 (0.0002)  wd: 0.1018 (0.0613)  mom: 0.9934 (0.9925)  last_layer_lr: 0.0002 (0.0002)  current_batch_size: 64.0000 (64.0000)  total_loss: 8.5656 (8.5461)  teacher_entropy_ratio: 0.9998 (0.9925)  dino_local_crops_loss: 6.7775 (6.7492)  dino_global_crops_loss: 0.8472 (0.8437)  ibot_loss: 0.9409 (0.9532)  time: 0.355248  data: 0.000830  max mem: 19412
I20260723 12:56:44 3064273 dinov2 helpers.py:102] Training  [2060/7500]  eta: 0:33:07  lr: 0.0002 (0.0002)  wd: 0.1024 (0.0615)  mom: 0.9934 (0.9925)  last_layer_lr: 0.0002 (0.0002)  current_batch_size: 64.0000 (64.0000)  total_loss: 8.5598 (8.5462)  teacher_entropy_ratio: 0.9998 (0.9925)  dino_local_crops_loss: 6.7775 (6.7493)  dino_global_crops_loss: 0.8472 (0.8437)  ibot_loss: 0.9351 (0.9531)  time: 0.378670  data: 0.034209  max mem: 19412
I20260723 12:56:48 3064273 dinov2 helpers.py:102] Training  [2070/7500]  eta: 0:33:03  lr: 0.0002 (0.0002)  wd: 0.1030 (0.0617)  mom: 0.9934 (0.9925)  last_layer_lr: 0.0002 (0.0002)  current_batch_size: 64.0000 (64.0000)  total_loss: 8.5598 (8.5462)  teacher_entropy_ratio: 0.9998 (0.9925)  dino_local_crops_loss: 6.7774 (6.7495)  dino_global_crops_loss: 0.8472 (0.8438)  ibot_loss: 0.9351 (0.9530)  time: 0.386480  data: 0.034028  max mem: 19412
I20260723 12:56:52 3064273 dinov2 helpers.py:102] Training  [2080/7500]  eta: 0:32:59  lr: 0.0002 (0.0002)  wd: 0.1035 (0.0619)  mom: 0.9934 (0.9925)  last_layer_lr: 0.0002 (0.0002)  current_batch_size: 64.0000 (64.0000)  total_loss: 8.5614 (8.5462)  teacher_entropy_ratio: 0.9998 (0.9926)  dino_local_crops_loss: 6.7775 (6.7496)  dino_global_crops_loss: 0.8472 (0.8438)  ibot_loss: 0.9367 (0.9528)  time: 0.356238  data: 0.000446  max mem: 19412
I20260723 12:56:55 3064273 dinov2 helpers.py:102] Training  [2090/7500]  eta: 0:32:55  lr: 0.0002 (0.0002)  wd: 0.1041 (0.0621)  mom: 0.9934 (0.9925)  last_layer_lr: 0.0002 (0.0002)  current_batch_size: 64.0000 (64.0000)  total_loss: 8.5385 (8.5461)  teacher_entropy_ratio: 0.9998 (0.9926)  dino_local_crops_loss: 6.7775 (6.7497)  dino_global_crops_loss: 0.8472 (0.8438)  ibot_loss: 0.9137 (0.9526)  time: 0.357478  data: 0.003161  max mem: 19412
I20260723 12:56:59 3064273 dinov2 helpers.py:102] Training  [2100/7500]  eta: 0:32:51  lr: 0.0002 (0.0002)  wd: 0.1047 (0.0623)  mom: 0.9934 (0.9925)  last_layer_lr: 0.0002 (0.0002)  current_batch_size: 64.0000 (64.0000)  total_loss: 8.5417 (8.5461)  teacher_entropy_ratio: 0.9997 (0.9926)  dino_local_crops_loss: 6.7774 (6.7499)  dino_global_crops_loss: 0.8472 (0.8438)  ibot_loss: 0.9171 (0.9524)  time: 0.356022  data: 0.003313  max mem: 19412
I20260723 12:57:02 3064273 dinov2 helpers.py:102] Training  [2110/7500]  eta: 0:32:47  lr: 0.0002 (0.0002)  wd: 0.1053 (0.0625)  mom: 0.9935 (0.9925)  last_layer_lr: 0.0002 (0.0002)  current_batch_size: 64.0000 (64.0000)  total_loss: 8.5622 (8.5462)  teacher_entropy_ratio: 0.9997 (0.9927)  dino_local_crops_loss: 6.7774 (6.7500)  dino_global_crops_loss: 0.8472 (0.8438)  ibot_loss: 0.9377 (0.9524)  time: 0.351952  data: 0.000703  max mem: 19412
I20260723 12:57:06 3064273 dinov2 helpers.py:102] Training  [2120/7500]  eta: 0:32:43  lr: 0.0002 (0.0002)  wd: 0.1058 (0.0627)  mom: 0.9935 (0.9925)  last_layer_lr: 0.0002 (0.0002)  current_batch_size: 64.0000 (64.0000)  total_loss: 8.5639 (8.5463)  teacher_entropy_ratio: 0.9998 (0.9927)  dino_local_crops_loss: 6.7774 (6.7501)  dino_global_crops_loss: 0.8472 (0.8438)  ibot_loss: 0.9394 (0.9523)  time: 0.350359  data: 0.004547  max mem: 19412
I20260723 12:57:09 3064273 dinov2 helpers.py:102] Training  [2130/7500]  eta: 0:32:39  lr: 0.0002 (0.0002)  wd: 0.1064 (0.0630)  mom: 0.9935 (0.9925)  last_layer_lr: 0.0002 (0.0002)  current_batch_size: 64.0000 (64.0000)  total_loss: 8.5485 (8.5463)  teacher_entropy_ratio: 0.9998 (0.9927)  dino_local_crops_loss: 6.7774 (6.7503)  dino_global_crops_loss: 0.8472 (0.8439)  ibot_loss: 0.9239 (0.9522)  time: 0.346096  data: 0.004413  max mem: 19412
I20260723 12:57:13 3064273 dinov2 helpers.py:102] Training  [2140/7500]  eta: 0:32:35  lr: 0.0002 (0.0002)  wd: 0.1070 (0.0632)  mom: 0.9935 (0.9925)  last_layer_lr: 0.0002 (0.0002)  current_batch_size: 64.0000 (64.0000)  total_loss: 8.5338 (8.5462)  teacher_entropy_ratio: 0.9998 (0.9928)  dino_local_crops_loss: 6.7774 (6.7504)  dino_global_crops_loss: 0.8472 (0.8439)  ibot_loss: 0.9092 (0.9519)  time: 0.348027  data: 0.007720  max mem: 19412
I20260723 12:57:16 3064273 dinov2 helpers.py:102] Training  [2150/7500]  eta: 0:32:31  lr: 0.0002 (0.0002)  wd: 0.1076 (0.0634)  mom: 0.9935 (0.9925)  last_layer_lr: 0.0002 (0.0002)  current_batch_size: 64.0000 (64.0000)  total_loss: 8.5458 (8.5463)  teacher_entropy_ratio: 0.9998 (0.9928)  dino_local_crops_loss: 6.7775 (6.7505)  dino_global_crops_loss: 0.8472 (0.8439)  ibot_loss: 0.9213 (0.9519)  time: 0.359147  data: 0.016879  max mem: 19412
I20260723 12:57:20 3064273 dinov2 helpers.py:102] Training  [2160/7500]  eta: 0:32:27  lr: 0.0002 (0.0002)  wd: 0.1082 (0.0636)  mom: 0.9935 (0.9925)  last_layer_lr: 0.0002 (0.0002)  current_batch_size: 64.0000 (64.0000)  total_loss: 8.5629 (8.5464)  teacher_entropy_ratio: 0.9998 (0.9928)  dino_local_crops_loss: 6.7775 (6.7506)  dino_global_crops_loss: 0.8472 (0.8439)  ibot_loss: 0.9383 (0.9518)  time: 0.356784  data: 0.009811  max mem: 19412
I20260723 12:57:23 3064273 dinov2 helpers.py:102] Training  [2170/7500]  eta: 0:32:23  lr: 0.0002 (0.0002)  wd: 0.1088 (0.0638)  mom: 0.9935 (0.9925)  last_layer_lr: 0.0002 (0.0002)  current_batch_size: 64.0000 (64.0000)  total_loss: 8.5512 (8.5464)  teacher_entropy_ratio: 0.9998 (0.9929)  dino_local_crops_loss: 6.7775 (6.7508)  dino_global_crops_loss: 0.8472 (0.8439)  ibot_loss: 0.9267 (0.9517)  time: 0.347927  data: 0.001051  max mem: 19412
I20260723 12:57:27 3064273 dinov2 helpers.py:102] Training  [2180/7500]  eta: 0:32:20  lr: 0.0002 (0.0002)  wd: 0.1094 (0.0640)  mom: 0.9935 (0.9925)  last_layer_lr: 0.0002 (0.0002)  current_batch_size: 64.0000 (64.0000)  total_loss: 8.5475 (8.5464)  teacher_entropy_ratio: 0.9998 (0.9929)  dino_local_crops_loss: 6.7775 (6.7509)  dino_global_crops_loss: 0.8472 (0.8439)  ibot_loss: 0.9229 (0.9516)  time: 0.357441  data: 0.005053  max mem: 19412
I20260723 12:57:30 3064273 dinov2 helpers.py:102] Training  [2190/7500]  eta: 0:32:16  lr: 0.0002 (0.0002)  wd: 0.1100 (0.0642)  mom: 0.9936 (0.9925)  last_layer_lr: 0.0002 (0.0002)  current_batch_size: 64.0000 (64.0000)  total_loss: 8.5688 (8.5465)  teacher_entropy_ratio: 0.9998 (0.9929)  dino_local_crops_loss: 6.7775 (6.7510)  dino_global_crops_loss: 0.8472 (0.8439)  ibot_loss: 0.9440 (0.9515)  time: 0.357241  data: 0.004721  max mem: 19412
I20260723 12:57:34 3064273 dinov2 helpers.py:102] Training  [2200/7500]  eta: 0:32:12  lr: 0.0002 (0.0002)  wd: 0.1106 (0.0644)  mom: 0.9936 (0.9925)  last_layer_lr: 0.0002 (0.0002)  current_batch_size: 64.0000 (64.0000)  total_loss: 8.5481 (8.5464)  teacher_entropy_ratio: 0.9998 (0.9930)  dino_local_crops_loss: 6.7775 (6.7511)  dino_global_crops_loss: 0.8472 (0.8440)  ibot_loss: 0.9235 (0.9513)  time: 0.348895  data: 0.000649  max mem: 19412
I20260723 12:57:38 3064273 dinov2 helpers.py:102] Training  [2210/7500]  eta: 0:32:08  lr: 0.0002 (0.0002)  wd: 0.1112 (0.0646)  mom: 0.9936 (0.9925)  last_layer_lr: 0.0002 (0.0002)  current_batch_size: 64.0000 (64.0000)  total_loss: 8.5483 (8.5465)  teacher_entropy_ratio: 0.9998 (0.9930)  dino_local_crops_loss: 6.7775 (6.7512)  dino_global_crops_loss: 0.8472 (0.8440)  ibot_loss: 0.9235 (0.9513)  time: 0.359115  data: 0.000946  max mem: 19412
I20260723 12:57:41 3064273 dinov2 helpers.py:102] Training  [2220/7500]  eta: 0:32:04  lr: 0.0002 (0.0002)  wd: 0.1118 (0.0648)  mom: 0.9936 (0.9926)  last_layer_lr: 0.0002 (0.0002)  current_batch_size: 64.0000 (64.0000)  total_loss: 8.5386 (8.5464)  teacher_entropy_ratio: 0.9998 (0.9930)  dino_local_crops_loss: 6.7775 (6.7514)  dino_global_crops_loss: 0.8472 (0.8440)  ibot_loss: 0.9149 (0.9510)  time: 0.361018  data: 0.002399  max mem: 19412
I20260723 12:57:45 3064273 dinov2 helpers.py:102] Training  [2230/7500]  eta: 0:32:00  lr: 0.0002 (0.0002)  wd: 0.1124 (0.0651)  mom: 0.9936 (0.9926)  last_layer_lr: 0.0002 (0.0002)  current_batch_size: 64.0000 (64.0000)  total_loss: 8.5304 (8.5464)  teacher_entropy_ratio: 0.9998 (0.9930)  dino_local_crops_loss: 6.7775 (6.7515)  dino_global_crops_loss: 0.8472 (0.8440)  ibot_loss: 0.9055 (0.9509)  time: 0.353813  data: 0.002140  max mem: 19412
I20260723 12:57:48 3064273 dinov2 helpers.py:102] Training  [2240/7500]  eta: 0:31:56  lr: 0.0002 (0.0002)  wd: 0.1130 (0.0653)  mom: 0.9936 (0.9926)  last_layer_lr: 0.0002 (0.0002)  current_batch_size: 64.0000 (64.0000)  total_loss: 8.5611 (8.5464)  teacher_entropy_ratio: 0.9998 (0.9931)  dino_local_crops_loss: 6.7775 (6.7516)  dino_global_crops_loss: 0.8472 (0.8440)  ibot_loss: 0.9364 (0.9508)  time: 0.348718  data: 0.001083  max mem: 19412
I20260723 12:57:51 3064273 fvcore.common.checkpoint __init__.py:109] Saving checkpoint to /sci/labs/arieljaffe/dan.abergel1/runs/brain/h_lowlr/model_0002249.rank_0.pth
I20260723 12:57:53 3064273 dinov2 helpers.py:102] Training  [2250/7500]  eta: 0:31:55  lr: 0.0002 (0.0002)  wd: 0.1136 (0.0655)  mom: 0.9936 (0.9926)  last_layer_lr: 0.0002 (0.0002)  current_batch_size: 64.0000 (64.0000)  total_loss: 8.5493 (8.5463)  teacher_entropy_ratio: 0.9999 (0.9931)  dino_local_crops_loss: 6.7775 (6.7517)  dino_global_crops_loss: 0.8472 (0.8440)  ibot_loss: 0.9245 (0.9506)  time: 0.407632  data: 0.000822  max mem: 19412
I20260723 12:57:56 3064273 dinov2 helpers.py:102] Training  [2260/7500]  eta: 0:31:51  lr: 0.0002 (0.0002)  wd: 0.1142 (0.0657)  mom: 0.9936 (0.9926)  last_layer_lr: 0.0002 (0.0002)  current_batch_size: 64.0000 (64.0000)  total_loss: 8.5217 (8.5462)  teacher_entropy_ratio: 0.9998 (0.9931)  dino_local_crops_loss: 6.7775 (6.7518)  dino_global_crops_loss: 0.8472 (0.8440)  ibot_loss: 0.8969 (0.9504)  time: 0.407087  data: 0.000478  max mem: 19412
I20260723 12:58:00 3064273 dinov2 helpers.py:102] Training  [2270/7500]  eta: 0:31:47  lr: 0.0002 (0.0002)  wd: 0.1148 (0.0659)  mom: 0.9937 (0.9926)  last_layer_lr: 0.0002 (0.0002)  current_batch_size: 64.0000 (64.0000)  total_loss: 8.5204 (8.5461)  teacher_entropy_ratio: 0.9998 (0.9932)  dino_local_crops_loss: 6.7774 (6.7519)  dino_global_crops_loss: 0.8472 (0.8441)  ibot_loss: 0.8959 (0.9501)  time: 0.347773  data: 0.000676  max mem: 19412
I20260723 12:58:03 3064273 dinov2 helpers.py:102] Training  [2280/7500]  eta: 0:31:43  lr: 0.0002 (0.0002)  wd: 0.1154 (0.0661)  mom: 0.9937 (0.9926)  last_layer_lr: 0.0002 (0.0002)  current_batch_size: 64.0000 (64.0000)  total_loss: 8.5285 (8.5460)  teacher_entropy_ratio: 0.9998 (0.9932)  dino_local_crops_loss: 6.7774 (6.7521)  dino_global_crops_loss: 0.8472 (0.8441)  ibot_loss: 0.9039 (0.9499)  time: 0.350993  data: 0.000911  max mem: 19412
I20260723 12:58:07 3064273 dinov2 helpers.py:102] Training  [2290/7500]  eta: 0:31:39  lr: 0.0002 (0.0002)  wd: 0.1160 (0.0664)  mom: 0.9937 (0.9926)  last_layer_lr: 0.0002 (0.0002)  current_batch_size: 64.0000 (64.0000)  total_loss: 8.5527 (8.5460)  teacher_entropy_ratio: 0.9997 (0.9932)  dino_local_crops_loss: 6.7774 (6.7522)  dino_global_crops_loss: 0.8472 (0.8441)  ibot_loss: 0.9285 (0.9498)  time: 0.349374  data: 0.000886  max mem: 19412
I20260723 12:58:10 3064273 dinov2 helpers.py:102] Training  [2300/7500]  eta: 0:31:35  lr: 0.0002 (0.0002)  wd: 0.1167 (0.0666)  mom: 0.9937 (0.9926)  last_layer_lr: 0.0002 (0.0002)  current_batch_size: 64.0000 (64.0000)  total_loss: 8.5536 (8.5461)  teacher_entropy_ratio: 0.9997 (0.9932)  dino_local_crops_loss: 6.7774 (6.7523)  dino_global_crops_loss: 0.8472 (0.8441)  ibot_loss: 0.9293 (0.9497)  time: 0.347258  data: 0.000451  max mem: 19412
I20260723 12:58:14 3064273 dinov2 helpers.py:102] Training  [2310/7500]  eta: 0:31:31  lr: 0.0002 (0.0002)  wd: 0.1173 (0.0668)  mom: 0.9937 (0.9926)  last_layer_lr: 0.0002 (0.0002)  current_batch_size: 64.0000 (64.0000)  total_loss: 8.5428 (8.5460)  teacher_entropy_ratio: 0.9998 (0.9933)  dino_local_crops_loss: 6.7775 (6.7524)  dino_global_crops_loss: 0.8472 (0.8441)  ibot_loss: 0.9182 (0.9495)  time: 0.341054  data: 0.000483  max mem: 19412
I20260723 12:58:17 3064273 dinov2 helpers.py:102] Training  [2320/7500]  eta: 0:31:26  lr: 0.0002 (0.0002)  wd: 0.1179 (0.0670)  mom: 0.9937 (0.9926)  last_layer_lr: 0.0002 (0.0002)  current_batch_size: 64.0000 (64.0000)  total_loss: 8.5184 (8.5460)  teacher_entropy_ratio: 0.9998 (0.9933)  dino_local_crops_loss: 6.7775 (6.7525)  dino_global_crops_loss: 0.8472 (0.8441)  ibot_loss: 0.8936 (0.9493)  time: 0.339185  data: 0.000462  max mem: 19412
I20260723 12:58:21 3064273 dinov2 helpers.py:102] Training  [2330/7500]  eta: 0:31:22  lr: 0.0002 (0.0002)  wd: 0.1185 (0.0673)  mom: 0.9937 (0.9926)  last_layer_lr: 0.0002 (0.0002)  current_batch_size: 64.0000 (64.0000)  total_loss: 8.5524 (8.5459)  teacher_entropy_ratio: 0.9998 (0.9933)  dino_local_crops_loss: 6.7775 (6.7526)  dino_global_crops_loss: 0.8472 (0.8441)  ibot_loss: 0.9275 (0.9492)  time: 0.346179  data: 0.000574  max mem: 19412
I20260723 12:58:24 3064273 dinov2 helpers.py:102] Training  [2340/7500]  eta: 0:31:18  lr: 0.0002 (0.0002)  wd: 0.1191 (0.0675)  mom: 0.9938 (0.9926)  last_layer_lr: 0.0002 (0.0002)  current_batch_size: 64.0000 (64.0000)  total_loss: 8.5368 (8.5459)  teacher_entropy_ratio: 0.9997 (0.9934)  dino_local_crops_loss: 6.7774 (6.7527)  dino_global_crops_loss: 0.8472 (0.8442)  ibot_loss: 0.9124 (0.9490)  time: 0.350483  data: 0.001217  max mem: 19412
I20260723 12:58:27 3064273 dinov2 helpers.py:102] Training  [2350/7500]  eta: 0:31:14  lr: 0.0002 (0.0002)  wd: 0.1198 (0.0677)  mom: 0.9938 (0.9926)  last_layer_lr: 0.0002 (0.0002)  current_batch_size: 64.0000 (64.0000)  total_loss: 8.5348 (8.5459)  teacher_entropy_ratio: 0.9998 (0.9934)  dino_local_crops_loss: 6.7776 (6.7528)  dino_global_crops_loss: 0.8472 (0.8442)  ibot_loss: 0.9100 (0.9489)  time: 0.347006  data: 0.000910  max mem: 19412
I20260723 12:58:31 3064273 dinov2 helpers.py:102] Training  [2360/7500]  eta: 0:31:10  lr: 0.0002 (0.0002)  wd: 0.1204 (0.0679)  mom: 0.9938 (0.9926)  last_layer_lr: 0.0002 (0.0002)  current_batch_size: 64.0000 (64.0000)  total_loss: 8.5419 (8.5459)  teacher_entropy_ratio: 0.9997 (0.9934)  dino_local_crops_loss: 6.7775 (6.7529)  dino_global_crops_loss: 0.8472 (0.8442)  ibot_loss: 0.9178 (0.9488)  time: 0.344029  data: 0.000622  max mem: 19412
I20260723 12:58:34 3064273 dinov2 helpers.py:102] Training  [2370/7500]  eta: 0:31:06  lr: 0.0002 (0.0002)  wd: 0.1210 (0.0681)  mom: 0.9938 (0.9926)  last_layer_lr: 0.0002 (0.0002)  current_batch_size: 64.0000 (64.0000)  total_loss: 8.5417 (8.5458)  teacher_entropy_ratio: 0.9996 (0.9934)  dino_local_crops_loss: 6.7773 (6.7530)  dino_global_crops_loss: 0.8472 (0.8442)  ibot_loss: 0.9168 (0.9486)  time: 0.344355  data: 0.000602  max mem: 19412
I20260723 12:58:38 3064273 dinov2 helpers.py:102] Training  [2380/7500]  eta: 0:31:02  lr: 0.0002 (0.0002)  wd: 0.1216 (0.0684)  mom: 0.9938 (0.9926)  last_layer_lr: 0.0002 (0.0002)  current_batch_size: 64.0000 (64.0000)  total_loss: 8.5420 (8.5458)  teacher_entropy_ratio: 0.9997 (0.9935)  dino_local_crops_loss: 6.7774 (6.7531)  dino_global_crops_loss: 0.8472 (0.8442)  ibot_loss: 0.9170 (0.9485)  time: 0.349158  data: 0.000665  max mem: 19412
I20260723 12:58:42 3064273 dinov2 helpers.py:102] Training  [2390/7500]  eta: 0:30:59  lr: 0.0002 (0.0002)  wd: 0.1223 (0.0686)  mom: 0.9938 (0.9926)  last_layer_lr: 0.0002 (0.0002)  current_batch_size: 64.0000 (64.0000)  total_loss: 8.5446 (8.5458)  teacher_entropy_ratio: 0.9998 (0.9935)  dino_local_crops_loss: 6.7776 (6.7532)  dino_global_crops_loss: 0.8472 (0.8442)  ibot_loss: 0.9194 (0.9484)  time: 0.357446  data: 0.000939  max mem: 19412
I20260723 12:58:45 3064273 dinov2 helpers.py:102] Training  [2400/7500]  eta: 0:30:55  lr: 0.0002 (0.0002)  wd: 0.1229 (0.0688)  mom: 0.9938 (0.9926)  last_layer_lr: 0.0002 (0.0002)  current_batch_size: 64.0000 (64.0000)  total_loss: 8.5142 (8.5456)  teacher_entropy_ratio: 0.9997 (0.9935)  dino_local_crops_loss: 6.7777 (6.7533)  dino_global_crops_loss: 0.8472 (0.8442)  ibot_loss: 0.8898 (0.9481)  time: 0.352885  data: 0.000500  max mem: 19412
I20260723 12:58:48 3064273 dinov2 helpers.py:102] Training  [2410/7500]  eta: 0:30:51  lr: 0.0002 (0.0002)  wd: 0.1236 (0.0691)  mom: 0.9939 (0.9926)  last_layer_lr: 0.0002 (0.0002)  current_batch_size: 64.0000 (64.0000)  total_loss: 8.5178 (8.5457)  teacher_entropy_ratio: 0.9997 (0.9935)  dino_local_crops_loss: 6.7775 (6.7534)  dino_global_crops_loss: 0.8472 (0.8442)  ibot_loss: 0.8925 (0.9480)  time: 0.343144  data: 0.000510  max mem: 19412
I20260723 12:58:52 3064273 dinov2 helpers.py:102] Training  [2420/7500]  eta: 0:30:47  lr: 0.0002 (0.0002)  wd: 0.1242 (0.0693)  mom: 0.9939 (0.9927)  last_layer_lr: 0.0002 (0.0002)  current_batch_size: 64.0000 (64.0000)  total_loss: 8.5275 (8.5456)  teacher_entropy_ratio: 0.9998 (0.9936)  dino_local_crops_loss: 6.7775 (6.7535)  dino_global_crops_loss: 0.8472 (0.8443)  ibot_loss: 0.9025 (0.9478)  time: 0.347476  data: 0.000734  max mem: 19412
I20260723 12:58:56 3064273 dinov2 helpers.py:102] Training  [2430/7500]  eta: 0:30:43  lr: 0.0002 (0.0002)  wd: 0.1248 (0.0695)  mom: 0.9939 (0.9927)  last_layer_lr: 0.0002 (0.0002)  current_batch_size: 64.0000 (64.0000)  total_loss: 8.5401 (8.5455)  teacher_entropy_ratio: 0.9998 (0.9936)  dino_local_crops_loss: 6.7775 (6.7536)  dino_global_crops_loss: 0.8472 (0.8443)  ibot_loss: 0.9165 (0.9477)  time: 0.355732  data: 0.008040  max mem: 19412
I20260723 12:58:59 3064273 dinov2 helpers.py:102] Training  [2440/7500]  eta: 0:30:39  lr: 0.0002 (0.0002)  wd: 0.1255 (0.0697)  mom: 0.9939 (0.9927)  last_layer_lr: 0.0002 (0.0002)  current_batch_size: 64.0000 (64.0000)  total_loss: 8.5401 (8.5454)  teacher_entropy_ratio: 0.9998 (0.9936)  dino_local_crops_loss: 6.7775 (6.7537)  dino_global_crops_loss: 0.8472 (0.8443)  ibot_loss: 0.9165 (0.9474)  time: 0.363320  data: 0.015248  max mem: 19412
I20260723 12:59:03 3064273 dinov2 helpers.py:102] Training  [2450/7500]  eta: 0:30:36  lr: 0.0002 (0.0002)  wd: 0.1261 (0.0700)  mom: 0.9939 (0.9927)  last_layer_lr: 0.0002 (0.0002)  current_batch_size: 64.0000 (64.0000)  total_loss: 8.5071 (8.5453)  teacher_entropy_ratio: 0.9998 (0.9936)  dino_local_crops_loss: 6.7775 (6.7538)  dino_global_crops_loss: 0.8472 (0.8443)  ibot_loss: 0.8823 (0.9472)  time: 0.365321  data: 0.015846  max mem: 19412
I20260723 12:59:07 3064273 dinov2 helpers.py:102] Training  [2460/7500]  eta: 0:30:33  lr: 0.0002 (0.0002)  wd: 0.1268 (0.0702)  mom: 0.9939 (0.9927)  last_layer_lr: 0.0002 (0.0002)  current_batch_size: 64.0000 (64.0000)  total_loss: 8.4882 (8.5452)  teacher_entropy_ratio: 0.9997 (0.9937)  dino_local_crops_loss: 6.7774 (6.7539)  dino_global_crops_loss: 0.8472 (0.8443)  ibot_loss: 0.8631 (0.9470)  time: 0.372652  data: 0.027932  max mem: 19412
I20260723 12:59:10 3064273 dinov2 helpers.py:102] Training  [2470/7500]  eta: 0:30:29  lr: 0.0002 (0.0002)  wd: 0.1274 (0.0704)  mom: 0.9939 (0.9927)  last_layer_lr: 0.0002 (0.0002)  current_batch_size: 64.0000 (64.0000)  total_loss: 8.5025 (8.5451)  teacher_entropy_ratio: 0.9998 (0.9937)  dino_local_crops_loss: 6.7776 (6.7540)  dino_global_crops_loss: 0.8472 (0.8443)  ibot_loss: 0.8775 (0.9468)  time: 0.374037  data: 0.024270  max mem: 19412
I20260723 12:59:14 3064273 dinov2 helpers.py:102] Training  [2480/7500]  eta: 0:30:25  lr: 0.0002 (0.0002)  wd: 0.1280 (0.0707)  mom: 0.9940 (0.9927)  last_layer_lr: 0.0002 (0.0002)  current_batch_size: 64.0000 (64.0000)  total_loss: 8.5241 (8.5449)  teacher_entropy_ratio: 0.9998 (0.9937)  dino_local_crops_loss: 6.7775 (6.7541)  dino_global_crops_loss: 0.8472 (0.8443)  ibot_loss: 0.8993 (0.9465)  time: 0.355191  data: 0.005111  max mem: 19412
I20260723 12:59:17 3064273 dinov2 helpers.py:102] Training  [2490/7500]  eta: 0:30:21  lr: 0.0002 (0.0002)  wd: 0.1287 (0.0709)  mom: 0.9940 (0.9927)  last_layer_lr: 0.0002 (0.0002)  current_batch_size: 64.0000 (64.0000)  total_loss: 8.5198 (8.5448)  teacher_entropy_ratio: 0.9998 (0.9937)  dino_local_crops_loss: 6.7775 (6.7542)  dino_global_crops_loss: 0.8472 (0.8443)  ibot_loss: 0.8962 (0.9463)  time: 0.344695  data: 0.000870  max mem: 19412
I20260723 12:59:21 3064273 dinov2 helpers.py:102] Training  [2500/7500]  eta: 0:30:17  lr: 0.0002 (0.0002)  wd: 0.1293 (0.0711)  mom: 0.9940 (0.9927)  last_layer_lr: 0.0002 (0.0002)  current_batch_size: 64.0000 (64.0000)  total_loss: 8.5198 (8.5447)  teacher_entropy_ratio: 0.9997 (0.9937)  dino_local_crops_loss: 6.7773 (6.7543)  dino_global_crops_loss: 0.8472 (0.8443)  ibot_loss: 0.8962 (0.9461)  time: 0.350452  data: 0.000731  max mem: 19412
I20260723 12:59:24 3064273 dinov2 helpers.py:102] Training  [2510/7500]  eta: 0:30:13  lr: 0.0002 (0.0002)  wd: 0.1300 (0.0714)  mom: 0.9940 (0.9927)  last_layer_lr: 0.0002 (0.0002)  current_batch_size: 64.0000 (64.0000)  total_loss: 8.5147 (8.5447)  teacher_entropy_ratio: 0.9997 (0.9938)  dino_local_crops_loss: 6.7775 (6.7544)  dino_global_crops_loss: 0.8472 (0.8444)  ibot_loss: 0.8899 (0.9459)  time: 0.355464  data: 0.006031  max mem: 19412
I20260723 12:59:28 3064273 dinov2 helpers.py:102] Training  [2520/7500]  eta: 0:30:10  lr: 0.0002 (0.0002)  wd: 0.1307 (0.0716)  mom: 0.9940 (0.9927)  last_layer_lr: 0.0002 (0.0002)  current_batch_size: 64.0000 (64.0000)  total_loss: 8.5097 (8.5446)  teacher_entropy_ratio: 0.9998 (0.9938)  dino_local_crops_loss: 6.7776 (6.7545)  dino_global_crops_loss: 0.8472 (0.8444)  ibot_loss: 0.8844 (0.9458)  time: 0.356888  data: 0.015085  max mem: 19412
I20260723 12:59:32 3064273 dinov2 helpers.py:102] Training  [2530/7500]  eta: 0:30:06  lr: 0.0002 (0.0002)  wd: 0.1313 (0.0719)  mom: 0.9940 (0.9927)  last_layer_lr: 0.0002 (0.0002)  current_batch_size: 64.0000 (64.0000)  total_loss: 8.5034 (8.5444)  teacher_entropy_ratio: 0.9999 (0.9938)  dino_local_crops_loss: 6.7776 (6.7545)  dino_global_crops_loss: 0.8472 (0.8444)  ibot_loss: 0.8784 (0.9455)  time: 0.370053  data: 0.020930  max mem: 19412
I20260723 12:59:36 3064273 dinov2 helpers.py:102] Training  [2540/7500]  eta: 0:30:03  lr: 0.0002 (0.0002)  wd: 0.1320 (0.0721)  mom: 0.9940 (0.9927)  last_layer_lr: 0.0002 (0.0002)  current_batch_size: 64.0000 (64.0000)  total_loss: 8.5044 (8.5443)  teacher_entropy_ratio: 0.9999 (0.9938)  dino_local_crops_loss: 6.7776 (6.7546)  dino_global_crops_loss: 0.8472 (0.8444)  ibot_loss: 0.8795 (0.9453)  time: 0.392631  data: 0.036714  max mem: 19412
I20260723 12:59:39 3064273 dinov2 helpers.py:102] Training  [2550/7500]  eta: 0:29:59  lr: 0.0002 (0.0002)  wd: 0.1326 (0.0723)  mom: 0.9941 (0.9927)  last_layer_lr: 0.0002 (0.0002)  current_batch_size: 64.0000 (64.0000)  total_loss: 8.4980 (8.5440)  teacher_entropy_ratio: 0.9997 (0.9939)  dino_local_crops_loss: 6.7774 (6.7547)  dino_global_crops_loss: 0.8472 (0.8444)  ibot_loss: 0.8734 (0.9449)  time: 0.375123  data: 0.030067  max mem: 19412
I20260723 12:59:43 3064273 dinov2 helpers.py:102] Training  [2560/7500]  eta: 0:29:55  lr: 0.0002 (0.0002)  wd: 0.1333 (0.0726)  mom: 0.9941 (0.9927)  last_layer_lr: 0.0002 (0.0002)  current_batch_size: 64.0000 (64.0000)  total_loss: 8.4599 (8.5438)  teacher_entropy_ratio: 0.9998 (0.9939)  dino_local_crops_loss: 6.7775 (6.7548)  dino_global_crops_loss: 0.8472 (0.8444)  ibot_loss: 0.8367 (0.9445)  time: 0.344258  data: 0.005239  max mem: 19412
I20260723 12:59:46 3064273 dinov2 helpers.py:102] Training  [2570/7500]  eta: 0:29:51  lr: 0.0002 (0.0002)  wd: 0.1339 (0.0728)  mom: 0.9941 (0.9927)  last_layer_lr: 0.0002 (0.0002)  current_batch_size: 64.0000 (64.0000)  total_loss: 8.4716 (8.5437)  teacher_entropy_ratio: 0.9999 (0.9939)  dino_local_crops_loss: 6.7775 (6.7549)  dino_global_crops_loss: 0.8472 (0.8444)  ibot_loss: 0.8468 (0.9444)  time: 0.341548  data: 0.000588  max mem: 19412
I20260723 12:59:50 3064273 dinov2 helpers.py:102] Training  [2580/7500]  eta: 0:29:48  lr: 0.0002 (0.0002)  wd: 0.1346 (0.0731)  mom: 0.9941 (0.9927)  last_layer_lr: 0.0002 (0.0002)  current_batch_size: 64.0000 (64.0000)  total_loss: 8.4949 (8.5435)  teacher_entropy_ratio: 0.9998 (0.9939)  dino_local_crops_loss: 6.7775 (6.7550)  dino_global_crops_loss: 0.8472 (0.8444)  ibot_loss: 0.8701 (0.9441)  time: 0.349067  data: 0.008720  max mem: 19412
I20260723 12:59:53 3064273 dinov2 helpers.py:102] Training  [2590/7500]  eta: 0:29:44  lr: 0.0002 (0.0002)  wd: 0.1353 (0.0733)  mom: 0.9941 (0.9927)  last_layer_lr: 0.0002 (0.0002)  current_batch_size: 64.0000 (64.0000)  total_loss: 8.4949 (8.5433)  teacher_entropy_ratio: 0.9999 (0.9939)  dino_local_crops_loss: 6.7775 (6.7551)  dino_global_crops_loss: 0.8472 (0.8444)  ibot_loss: 0.8701 (0.9438)  time: 0.360977  data: 0.019453  max mem: 19412
I20260723 12:59:57 3064273 dinov2 helpers.py:102] Training  [2600/7500]  eta: 0:29:40  lr: 0.0002 (0.0002)  wd: 0.1359 (0.0735)  mom: 0.9941 (0.9927)  last_layer_lr: 0.0002 (0.0002)  current_batch_size: 64.0000 (64.0000)  total_loss: 8.5119 (8.5432)  teacher_entropy_ratio: 0.9999 (0.9940)  dino_local_crops_loss: 6.7775 (6.7552)  dino_global_crops_loss: 0.8472 (0.8445)  ibot_loss: 0.8871 (0.9436)  time: 0.362351  data: 0.019877  max mem: 19412
I20260723 13:00:01 3064273 dinov2 helpers.py:102] Training  [2610/7500]  eta: 0:29:37  lr: 0.0002 (0.0002)  wd: 0.1366 (0.0738)  mom: 0.9941 (0.9928)  last_layer_lr: 0.0002 (0.0002)  current_batch_size: 64.0000 (64.0000)  total_loss: 8.5051 (8.5431)  teacher_entropy_ratio: 0.9998 (0.9940)  dino_local_crops_loss: 6.7775 (6.7552)  dino_global_crops_loss: 0.8472 (0.8445)  ibot_loss: 0.8805 (0.9434)  time: 0.360539  data: 0.013219  max mem: 19412
I20260723 13:00:04 3064273 dinov2 helpers.py:102] Training  [2620/7500]  eta: 0:29:33  lr: 0.0002 (0.0002)  wd: 0.1373 (0.0740)  mom: 0.9942 (0.9928)  last_layer_lr: 0.0002 (0.0002)  current_batch_size: 64.0000 (64.0000)  total_loss: 8.5025 (8.5429)  teacher_entropy_ratio: 0.9998 (0.9940)  dino_local_crops_loss: 6.7775 (6.7553)  dino_global_crops_loss: 0.8472 (0.8445)  ibot_loss: 0.8777 (0.9431)  time: 0.361167  data: 0.009942  max mem: 19412
I20260723 13:00:08 3064273 dinov2 helpers.py:102] Training  [2630/7500]  eta: 0:29:29  lr: 0.0002 (0.0002)  wd: 0.1379 (0.0743)  mom: 0.9942 (0.9928)  last_layer_lr: 0.0002 (0.0002)  current_batch_size: 64.0000 (64.0000)  total_loss: 8.4906 (8.5428)  teacher_entropy_ratio: 0.9998 (0.9940)  dino_local_crops_loss: 6.7775 (6.7554)  dino_global_crops_loss: 0.8472 (0.8445)  ibot_loss: 0.8659 (0.9429)  time: 0.355659  data: 0.005992  max mem: 19412
I20260723 13:00:11 3064273 dinov2 helpers.py:102] Training  [2640/7500]  eta: 0:29:25  lr: 0.0002 (0.0002)  wd: 0.1386 (0.0745)  mom: 0.9942 (0.9928)  last_layer_lr: 0.0002 (0.0002)  current_batch_size: 64.0000 (64.0000)  total_loss: 8.4861 (8.5426)  teacher_entropy_ratio: 0.9998 (0.9941)  dino_local_crops_loss: 6.7777 (6.7555)  dino_global_crops_loss: 0.8472 (0.8445)  ibot_loss: 0.8613 (0.9426)  time: 0.347832  data: 0.003612  max mem: 19412
I20260723 13:00:15 3064273 dinov2 helpers.py:102] Training  [2650/7500]  eta: 0:29:21  lr: 0.0002 (0.0002)  wd: 0.1393 (0.0748)  mom: 0.9942 (0.9928)  last_layer_lr: 0.0002 (0.0002)  current_batch_size: 64.0000 (64.0000)  total_loss: 8.5066 (8.5425)  teacher_entropy_ratio: 0.9998 (0.9941)  dino_local_crops_loss: 6.7777 (6.7556)  dino_global_crops_loss: 0.8472 (0.8445)  ibot_loss: 0.8814 (0.9425)  time: 0.344819  data: 0.006172  max mem: 19412
I20260723 13:00:18 3064273 dinov2 helpers.py:102] Training  [2660/7500]  eta: 0:29:18  lr: 0.0002 (0.0002)  wd: 0.1400 (0.0750)  mom: 0.9942 (0.9928)  last_layer_lr: 0.0002 (0.0002)  current_batch_size: 64.0000 (64.0000)  total_loss: 8.5066 (8.5423)  teacher_entropy_ratio: 0.9999 (0.9941)  dino_local_crops_loss: 6.7776 (6.7557)  dino_global_crops_loss: 0.8472 (0.8445)  ibot_loss: 0.8814 (0.9421)  time: 0.363318  data: 0.016321  max mem: 19412
I20260723 13:00:22 3064273 dinov2 helpers.py:102] Training  [2670/7500]  eta: 0:29:14  lr: 0.0002 (0.0002)  wd: 0.1406 (0.0753)  mom: 0.9942 (0.9928)  last_layer_lr: 0.0002 (0.0002)  current_batch_size: 64.0000 (64.0000)  total_loss: 8.4847 (8.5421)  teacher_entropy_ratio: 0.9999 (0.9941)  dino_local_crops_loss: 6.7776 (6.7557)  dino_global_crops_loss: 0.8472 (0.8445)  ibot_loss: 0.8598 (0.9419)  time: 0.367337  data: 0.016222  max mem: 19412
I20260723 13:00:26 3064273 dinov2 helpers.py:102] Training  [2680/7500]  eta: 0:29:10  lr: 0.0002 (0.0002)  wd: 0.1413 (0.0755)  mom: 0.9943 (0.9928)  last_layer_lr: 0.0002 (0.0002)  current_batch_size: 64.0000 (64.0000)  total_loss: 8.5122 (8.5421)  teacher_entropy_ratio: 0.9999 (0.9941)  dino_local_crops_loss: 6.7775 (6.7558)  dino_global_crops_loss: 0.8472 (0.8445)  ibot_loss: 0.8874 (0.9417)  time: 0.354634  data: 0.011404  max mem: 19412
I20260723 13:00:29 3064273 dinov2 helpers.py:102] Training  [2690/7500]  eta: 0:29:07  lr: 0.0002 (0.0002)  wd: 0.1420 (0.0757)  mom: 0.9943 (0.9928)  last_layer_lr: 0.0002 (0.0002)  current_batch_size: 64.0000 (64.0000)  total_loss: 8.5020 (8.5420)  teacher_entropy_ratio: 0.9999 (0.9942)  dino_local_crops_loss: 6.7775 (6.7559)  dino_global_crops_loss: 0.8472 (0.8445)  ibot_loss: 0.8773 (0.9415)  time: 0.359818  data: 0.008747  max mem: 19412
I20260723 13:00:32 3064273 fvcore.common.checkpoint __init__.py:109] Saving checkpoint to /sci/labs/arieljaffe/dan.abergel1/runs/brain/h_lowlr/model_0002699.rank_0.pth
I20260723 13:00:34 3064273 dinov2 helpers.py:102] Training  [2700/7500]  eta: 0:29:05  lr: 0.0002 (0.0002)  wd: 0.1427 (0.0760)  mom: 0.9943 (0.9928)  last_layer_lr: 0.0002 (0.0002)  current_batch_size: 64.0000 (64.0000)  total_loss: 8.4978 (8.5418)  teacher_entropy_ratio: 0.9999 (0.9942)  dino_local_crops_loss: 6.7775 (6.7560)  dino_global_crops_loss: 0.8472 (0.8446)  ibot_loss: 0.8731 (0.9413)  time: 0.414409  data: 0.003952  max mem: 19412
I20260723 13:00:37 3064273 dinov2 helpers.py:102] Training  [2710/7500]  eta: 0:29:01  lr: 0.0002 (0.0002)  wd: 0.1434 (0.0762)  mom: 0.9943 (0.9928)  last_layer_lr: 0.0002 (0.0002)  current_batch_size: 64.0000 (64.0000)  total_loss: 8.4684 (8.5416)  teacher_entropy_ratio: 0.9999 (0.9942)  dino_local_crops_loss: 6.7775 (6.7561)  dino_global_crops_loss: 0.8472 (0.8446)  ibot_loss: 0.8436 (0.9410)  time: 0.406465  data: 0.004077  max mem: 19412
I20260723 13:00:41 3064273 dinov2 helpers.py:102] Training  [2720/7500]  eta: 0:28:57  lr: 0.0002 (0.0002)  wd: 0.1440 (0.0765)  mom: 0.9943 (0.9928)  last_layer_lr: 0.0002 (0.0002)  current_batch_size: 64.0000 (64.0000)  total_loss: 8.4684 (8.5414)  teacher_entropy_ratio: 0.9999 (0.9942)  dino_local_crops_loss: 6.7775 (6.7561)  dino_global_crops_loss: 0.8472 (0.8446)  ibot_loss: 0.8436 (0.9406)  time: 0.341314  data: 0.000426  max mem: 19412
I20260723 13:00:44 3064273 dinov2 helpers.py:102] Training  [2730/7500]  eta: 0:28:53  lr: 0.0002 (0.0002)  wd: 0.1447 (0.0767)  mom: 0.9943 (0.9928)  last_layer_lr: 0.0002 (0.0002)  current_batch_size: 64.0000 (64.0000)  total_loss: 8.4799 (8.5412)  teacher_entropy_ratio: 0.9999 (0.9942)  dino_local_crops_loss: 6.7776 (6.7562)  dino_global_crops_loss: 0.8472 (0.8446)  ibot_loss: 0.8552 (0.9404)  time: 0.346142  data: 0.000434  max mem: 19412
I20260723 13:00:48 3064273 dinov2 helpers.py:102] Training  [2740/7500]  eta: 0:28:49  lr: 0.0002 (0.0002)  wd: 0.1454 (0.0770)  mom: 0.9943 (0.9928)  last_layer_lr: 0.0002 (0.0002)  current_batch_size: 64.0000 (64.0000)  total_loss: 8.4921 (8.5410)  teacher_entropy_ratio: 0.9999 (0.9943)  dino_local_crops_loss: 6.7776 (6.7563)  dino_global_crops_loss: 0.8472 (0.8446)  ibot_loss: 0.8673 (0.9401)  time: 0.352274  data: 0.000469  max mem: 19412
I20260723 13:00:51 3064273 dinov2 helpers.py:102] Training  [2750/7500]  eta: 0:28:45  lr: 0.0002 (0.0002)  wd: 0.1461 (0.0773)  mom: 0.9944 (0.9928)  last_layer_lr: 0.0002 (0.0002)  current_batch_size: 64.0000 (64.0000)  total_loss: 8.4905 (8.5408)  teacher_entropy_ratio: 0.9999 (0.9943)  dino_local_crops_loss: 6.7776 (6.7564)  dino_global_crops_loss: 0.8472 (0.8446)  ibot_loss: 0.8657 (0.9399)  time: 0.353796  data: 0.000600  max mem: 19412
I20260723 13:00:55 3064273 dinov2 helpers.py:102] Training  [2760/7500]  eta: 0:28:41  lr: 0.0002 (0.0002)  wd: 0.1468 (0.0775)  mom: 0.9944 (0.9928)  last_layer_lr: 0.0002 (0.0002)  current_batch_size: 64.0000 (64.0000)  total_loss: 8.4705 (8.5406)  teacher_entropy_ratio: 0.9999 (0.9943)  dino_local_crops_loss: 6.7776 (6.7564)  dino_global_crops_loss: 0.8472 (0.8446)  ibot_loss: 0.8455 (0.9395)  time: 0.353716  data: 0.000606  max mem: 19412
I20260723 13:00:58 3064273 dinov2 helpers.py:102] Training  [2770/7500]  eta: 0:28:38  lr: 0.0002 (0.0002)  wd: 0.1475 (0.0778)  mom: 0.9944 (0.9928)  last_layer_lr: 0.0002 (0.0002)  current_batch_size: 64.0000 (64.0000)  total_loss: 8.4705 (8.5404)  teacher_entropy_ratio: 0.9998 (0.9943)  dino_local_crops_loss: 6.7778 (6.7565)  dino_global_crops_loss: 0.8472 (0.8446)  ibot_loss: 0.8459 (0.9392)  time: 0.347295  data: 0.000630  max mem: 19412
I20260723 13:01:02 3064273 dinov2 helpers.py:102] Training  [2780/7500]  eta: 0:28:34  lr: 0.0002 (0.0002)  wd: 0.1482 (0.0780)  mom: 0.9944 (0.9928)  last_layer_lr: 0.0002 (0.0002)  current_batch_size: 64.0000 (64.0000)  total_loss: 8.4944 (8.5402)  teacher_entropy_ratio: 0.9999 (0.9943)  dino_local_crops_loss: 6.7777 (6.7566)  dino_global_crops_loss: 0.8472 (0.8446)  ibot_loss: 0.8695 (0.9389)  time: 0.353785  data: 0.009197  max mem: 19412
I20260723 13:01:05 3064273 dinov2 helpers.py:102] Training  [2790/7500]  eta: 0:28:30  lr: 0.0002 (0.0002)  wd: 0.1489 (0.0783)  mom: 0.9944 (0.9929)  last_layer_lr: 0.0002 (0.0002)  current_batch_size: 64.0000 (64.0000)  total_loss: 8.4774 (8.5400)  teacher_entropy_ratio: 0.9999 (0.9944)  dino_local_crops_loss: 6.7776 (6.7567)  dino_global_crops_loss: 0.8472 (0.8446)  ibot_loss: 0.8527 (0.9386)  time: 0.357672  data: 0.008946  max mem: 19412
I20260723 13:01:09 3064273 dinov2 helpers.py:102] Training  [2800/7500]  eta: 0:28:26  lr: 0.0002 (0.0002)  wd: 0.1496 (0.0785)  mom: 0.9944 (0.9929)  last_layer_lr: 0.0002 (0.0002)  current_batch_size: 64.0000 (64.0000)  total_loss: 8.4291 (8.5395)  teacher_entropy_ratio: 0.9999 (0.9944)  dino_local_crops_loss: 6.7775 (6.7567)  dino_global_crops_loss: 0.8472 (0.8447)  ibot_loss: 0.8044 (0.9381)  time: 0.352097  data: 0.000554  max mem: 19412
I20260723 13:01:12 3064273 dinov2 helpers.py:102] Training  [2810/7500]  eta: 0:28:22  lr: 0.0002 (0.0002)  wd: 0.1502 (0.0788)  mom: 0.9944 (0.9929)  last_layer_lr: 0.0002 (0.0002)  current_batch_size: 64.0000 (64.0000)  total_loss: 8.4903 (8.5394)  teacher_entropy_ratio: 0.9999 (0.9944)  dino_local_crops_loss: 6.7775 (6.7568)  dino_global_crops_loss: 0.8472 (0.8447)  ibot_loss: 0.8655 (0.9380)  time: 0.349694  data: 0.000458  max mem: 19412
I20260723 13:01:16 3064273 dinov2 helpers.py:102] Training  [2820/7500]  eta: 0:28:19  lr: 0.0002 (0.0002)  wd: 0.1509 (0.0790)  mom: 0.9945 (0.9929)  last_layer_lr: 0.0002 (0.0002)  current_batch_size: 64.0000 (64.0000)  total_loss: 8.4597 (8.5390)  teacher_entropy_ratio: 0.9998 (0.9944)  dino_local_crops_loss: 6.7775 (6.7569)  dino_global_crops_loss: 0.8472 (0.8447)  ibot_loss: 0.8372 (0.9375)  time: 0.356543  data: 0.008973  max mem: 19412
I20260723 13:01:20 3064273 dinov2 helpers.py:102] Training  [2830/7500]  eta: 0:28:15  lr: 0.0002 (0.0002)  wd: 0.1516 (0.0793)  mom: 0.9945 (0.9929)  last_layer_lr: 0.0002 (0.0002)  current_batch_size: 64.0000 (64.0000)  total_loss: 8.4436 (8.5388)  teacher_entropy_ratio: 0.9998 (0.9944)  dino_local_crops_loss: 6.7779 (6.7570)  dino_global_crops_loss: 0.8472 (0.8447)  ibot_loss: 0.8171 (0.9371)  time: 0.359877  data: 0.011265  max mem: 19412
I20260723 13:01:24 3064273 dinov2 helpers.py:102] Training  [2840/7500]  eta: 0:28:12  lr: 0.0002 (0.0002)  wd: 0.1523 (0.0796)  mom: 0.9945 (0.9929)  last_layer_lr: 0.0002 (0.0002)  current_batch_size: 64.0000 (64.0000)  total_loss: 8.4546 (8.5384)  teacher_entropy_ratio: 0.9999 (0.9944)  dino_local_crops_loss: 6.7778 (6.7570)  dino_global_crops_loss: 0.8472 (0.8447)  ibot_loss: 0.8295 (0.9367)  time: 0.374271  data: 0.021779  max mem: 19412
I20260723 13:01:27 3064273 dinov2 helpers.py:102] Training  [2850/7500]  eta: 0:28:08  lr: 0.0002 (0.0002)  wd: 0.1530 (0.0798)  mom: 0.9945 (0.9929)  last_layer_lr: 0.0002 (0.0002)  current_batch_size: 64.0000 (64.0000)  total_loss: 8.4321 (8.5381)  teacher_entropy_ratio: 0.9999 (0.9945)  dino_local_crops_loss: 6.7776 (6.7571)  dino_global_crops_loss: 0.8472 (0.8447)  ibot_loss: 0.8072 (0.9363)  time: 0.369767  data: 0.019681  max mem: 19412
I20260723 13:01:31 3064273 dinov2 helpers.py:102] Training  [2860/7500]  eta: 0:28:05  lr: 0.0002 (0.0002)  wd: 0.1537 (0.0801)  mom: 0.9945 (0.9929)  last_layer_lr: 0.0002 (0.0002)  current_batch_size: 64.0000 (64.0000)  total_loss: 8.4596 (8.5378)  teacher_entropy_ratio: 0.9999 (0.9945)  dino_local_crops_loss: 6.7776 (6.7572)  dino_global_crops_loss: 0.8472 (0.8447)  ibot_loss: 0.8361 (0.9359)  time: 0.361865  data: 0.017551  max mem: 19412
I20260723 13:01:34 3064273 dinov2 helpers.py:102] Training  [2870/7500]  eta: 0:28:01  lr: 0.0002 (0.0002)  wd: 0.1544 (0.0803)  mom: 0.9945 (0.9929)  last_layer_lr: 0.0002 (0.0002)  current_batch_size: 64.0000 (64.0000)  total_loss: 8.4512 (8.5375)  teacher_entropy_ratio: 0.9999 (0.9945)  dino_local_crops_loss: 6.7775 (6.7573)  dino_global_crops_loss: 0.8472 (0.8447)  ibot_loss: 0.8264 (0.9355)  time: 0.368572  data: 0.027690  max mem: 19412
I20260723 13:01:38 3064273 dinov2 helpers.py:102] Training  [2880/7500]  eta: 0:27:57  lr: 0.0002 (0.0002)  wd: 0.1551 (0.0806)  mom: 0.9946 (0.9929)  last_layer_lr: 0.0002 (0.0002)  current_batch_size: 64.0000 (64.0000)  total_loss: 8.4512 (8.5371)  teacher_entropy_ratio: 0.9999 (0.9945)  dino_local_crops_loss: 6.7775 (6.7573)  dino_global_crops_loss: 0.8472 (0.8447)  ibot_loss: 0.8264 (0.9350)  time: 0.357324  data: 0.016610  max mem: 19412
I20260723 13:01:41 3064273 dinov2 helpers.py:102] Training  [2890/7500]  eta: 0:27:53  lr: 0.0002 (0.0002)  wd: 0.1558 (0.0809)  mom: 0.9946 (0.9929)  last_layer_lr: 0.0002 (0.0002)  current_batch_size: 64.0000 (64.0000)  total_loss: 8.4286 (8.5367)  teacher_entropy_ratio: 0.9999 (0.9945)  dino_local_crops_loss: 6.7775 (6.7574)  dino_global_crops_loss: 0.8472 (0.8447)  ibot_loss: 0.8055 (0.9346)  time: 0.349937  data: 0.006281  max mem: 19412
I20260723 13:01:45 3064273 dinov2 helpers.py:102] Training  [2900/7500]  eta: 0:27:50  lr: 0.0002 (0.0002)  wd: 0.1566 (0.0811)  mom: 0.9946 (0.9929)  last_layer_lr: 0.0002 (0.0002)  current_batch_size: 64.0000 (64.0000)  total_loss: 8.4379 (8.5364)  teacher_entropy_ratio: 0.9999 (0.9945)  dino_local_crops_loss: 6.7775 (6.7575)  dino_global_crops_loss: 0.8472 (0.8447)  ibot_loss: 0.8132 (0.9342)  time: 0.372916  data: 0.031186  max mem: 19412
I20260723 13:01:49 3064273 dinov2 helpers.py:102] Training  [2910/7500]  eta: 0:27:46  lr: 0.0002 (0.0002)  wd: 0.1573 (0.0814)  mom: 0.9946 (0.9929)  last_layer_lr: 0.0002 (0.0002)  current_batch_size: 64.0000 (64.0000)  total_loss: 8.4379 (8.5360)  teacher_entropy_ratio: 0.9999 (0.9946)  dino_local_crops_loss: 6.7775 (6.7575)  dino_global_crops_loss: 0.8472 (0.8447)  ibot_loss: 0.8132 (0.9337)  time: 0.373853  data: 0.034317  max mem: 19412
I20260723 13:01:53 3064273 dinov2 helpers.py:102] Training  [2920/7500]  eta: 0:27:43  lr: 0.0002 (0.0002)  wd: 0.1580 (0.0816)  mom: 0.9946 (0.9929)  last_layer_lr: 0.0002 (0.0002)  current_batch_size: 64.0000 (64.0000)  total_loss: 8.4121 (8.5355)  teacher_entropy_ratio: 0.9999 (0.9946)  dino_local_crops_loss: 6.7775 (6.7576)  dino_global_crops_loss: 0.8472 (0.8448)  ibot_loss: 0.7873 (0.9332)  time: 0.356540  data: 0.016402  max mem: 19412
I20260723 13:01:56 3064273 dinov2 helpers.py:102] Training  [2930/7500]  eta: 0:27:39  lr: 0.0002 (0.0002)  wd: 0.1587 (0.0819)  mom: 0.9946 (0.9929)  last_layer_lr: 0.0002 (0.0002)  current_batch_size: 64.0000 (64.0000)  total_loss: 8.3874 (8.5350)  teacher_entropy_ratio: 0.9999 (0.9946)  dino_local_crops_loss: 6.7775 (6.7577)  dino_global_crops_loss: 0.8472 (0.8448)  ibot_loss: 0.7627 (0.9326)  time: 0.353803  data: 0.013239  max mem: 19412
I20260723 13:02:00 3064273 dinov2 helpers.py:102] Training  [2940/7500]  eta: 0:27:35  lr: 0.0002 (0.0002)  wd: 0.1594 (0.0822)  mom: 0.9947 (0.9929)  last_layer_lr: 0.0002 (0.0002)  current_batch_size: 64.0000 (64.0000)  total_loss: 8.4153 (8.5347)  teacher_entropy_ratio: 0.9999 (0.9946)  dino_local_crops_loss: 6.7775 (6.7577)  dino_global_crops_loss: 0.8472 (0.8448)  ibot_loss: 0.7906 (0.9322)  time: 0.348952  data: 0.004162  max mem: 19412
I20260723 13:02:03 3064273 dinov2 helpers.py:102] Training  [2950/7500]  eta: 0:27:31  lr: 0.0002 (0.0002)  wd: 0.1601 (0.0824)  mom: 0.9947 (0.9929)  last_layer_lr: 0.0002 (0.0002)  current_batch_size: 64.0000 (64.0000)  total_loss: 8.4374 (8.5343)  teacher_entropy_ratio: 0.9999 (0.9946)  dino_local_crops_loss: 6.7775 (6.7578)  dino_global_crops_loss: 0.8472 (0.8448)  ibot_loss: 0.8127 (0.9317)  time: 0.356012  data: 0.004687  max mem: 19412
I20260723 13:02:07 3064273 dinov2 helpers.py:102] Training  [2960/7500]  eta: 0:27:27  lr: 0.0002 (0.0002)  wd: 0.1608 (0.0827)  mom: 0.9947 (0.9929)  last_layer_lr: 0.0002 (0.0002)  current_batch_size: 64.0000 (64.0000)  total_loss: 8.4259 (8.5339)  teacher_entropy_ratio: 0.9999 (0.9947)  dino_local_crops_loss: 6.7775 (6.7579)  dino_global_crops_loss: 0.8472 (0.8448)  ibot_loss: 0.8011 (0.9313)  time: 0.350397  data: 0.000762  max mem: 19412
I20260723 13:02:10 3064273 dinov2 helpers.py:102] Training  [2970/7500]  eta: 0:27:24  lr: 0.0002 (0.0002)  wd: 0.1615 (0.0830)  mom: 0.9947 (0.9930)  last_layer_lr: 0.0002 (0.0002)  current_batch_size: 64.0000 (64.0000)  total_loss: 8.4229 (8.5336)  teacher_entropy_ratio: 0.9999 (0.9947)  dino_local_crops_loss: 6.7775 (6.7579)  dino_global_crops_loss: 0.8472 (0.8448)  ibot_loss: 0.7982 (0.9308)  time: 0.365985  data: 0.014983  max mem: 19412
I20260723 13:02:14 3064273 dinov2 helpers.py:102] Training  [2980/7500]  eta: 0:27:20  lr: 0.0002 (0.0002)  wd: 0.1622 (0.0832)  mom: 0.9947 (0.9930)  last_layer_lr: 0.0002 (0.0002)  current_batch_size: 64.0000 (64.0000)  total_loss: 8.4394 (8.5333)  teacher_entropy_ratio: 0.9999 (0.9947)  dino_local_crops_loss: 6.7776 (6.7580)  dino_global_crops_loss: 0.8472 (0.8448)  ibot_loss: 0.8156 (0.9305)  time: 0.369379  data: 0.015000  max mem: 19412
I20260723 13:02:17 3064273 dinov2 helpers.py:102] Training  [2990/7500]  eta: 0:27:16  lr: 0.0002 (0.0002)  wd: 0.1629 (0.0835)  mom: 0.9947 (0.9930)  last_layer_lr: 0.0002 (0.0002)  current_batch_size: 64.0000 (64.0000)  total_loss: 8.4234 (8.5328)  teacher_entropy_ratio: 0.9999 (0.9947)  dino_local_crops_loss: 6.7776 (6.7581)  dino_global_crops_loss: 0.8472 (0.8448)  ibot_loss: 0.7987 (0.9300)  time: 0.350621  data: 0.001079  max mem: 19412
I20260723 13:02:21 3064273 dinov2 helpers.py:102] Training  [3000/7500]  eta: 0:27:13  lr: 0.0002 (0.0002)  wd: 0.1637 (0.0838)  mom: 0.9947 (0.9930)  last_layer_lr: 0.0002 (0.0002)  current_batch_size: 64.0000 (64.0000)  total_loss: 8.3870 (8.5324)  teacher_entropy_ratio: 0.9999 (0.9947)  dino_local_crops_loss: 6.7775 (6.7581)  dino_global_crops_loss: 0.8472 (0.8448)  ibot_loss: 0.7623 (0.9294)  time: 0.350979  data: 0.001259  max mem: 19412
I20260723 13:02:24 3064273 dinov2 helpers.py:102] Training  [3010/7500]  eta: 0:27:09  lr: 0.0002 (0.0002)  wd: 0.1644 (0.0840)  mom: 0.9948 (0.9930)  last_layer_lr: 0.0002 (0.0002)  current_batch_size: 64.0000 (64.0000)  total_loss: 8.3955 (8.5320)  teacher_entropy_ratio: 0.9999 (0.9947)  dino_local_crops_loss: 6.7775 (6.7582)  dino_global_crops_loss: 0.8472 (0.8448)  ibot_loss: 0.7711 (0.9290)  time: 0.351719  data: 0.000586  max mem: 19412
I20260723 13:02:28 3064273 dinov2 helpers.py:102] Training  [3020/7500]  eta: 0:27:05  lr: 0.0002 (0.0002)  wd: 0.1651 (0.0843)  mom: 0.9948 (0.9930)  last_layer_lr: 0.0002 (0.0002)  current_batch_size: 64.0000 (64.0000)  total_loss: 8.4267 (8.5317)  teacher_entropy_ratio: 0.9999 (0.9948)  dino_local_crops_loss: 6.7775 (6.7583)  dino_global_crops_loss: 0.8472 (0.8448)  ibot_loss: 0.8020 (0.9286)  time: 0.350989  data: 0.000730  max mem: 19412
I20260723 13:02:32 3064273 dinov2 helpers.py:102] Training  [3030/7500]  eta: 0:27:01  lr: 0.0002 (0.0002)  wd: 0.1658 (0.0846)  mom: 0.9948 (0.9930)  last_layer_lr: 0.0002 (0.0002)  current_batch_size: 64.0000 (64.0000)  total_loss: 8.4036 (8.5313)  teacher_entropy_ratio: 0.9999 (0.9948)  dino_local_crops_loss: 6.7775 (6.7583)  dino_global_crops_loss: 0.8472 (0.8448)  ibot_loss: 0.7789 (0.9281)  time: 0.351646  data: 0.000893  max mem: 19412
I20260723 13:02:35 3064273 dinov2 helpers.py:102] Training  [3040/7500]  eta: 0:26:57  lr: 0.0002 (0.0002)  wd: 0.1665 (0.0849)  mom: 0.9948 (0.9930)  last_layer_lr: 0.0002 (0.0002)  current_batch_size: 64.0000 (64.0000)  total_loss: 8.4020 (8.5309)  teacher_entropy_ratio: 0.9999 (0.9948)  dino_local_crops_loss: 6.7775 (6.7584)  dino_global_crops_loss: 0.8472 (0.8449)  ibot_loss: 0.7774 (0.9277)  time: 0.351361  data: 0.001174  max mem: 19412
I20260723 13:02:39 3064273 dinov2 helpers.py:102] Training  [3050/7500]  eta: 0:26:54  lr: 0.0002 (0.0002)  wd: 0.1673 (0.0851)  mom: 0.9948 (0.9930)  last_layer_lr: 0.0002 (0.0002)  current_batch_size: 64.0000 (64.0000)  total_loss: 8.4084 (8.5305)  teacher_entropy_ratio: 0.9998 (0.9948)  dino_local_crops_loss: 6.7775 (6.7584)  dino_global_crops_loss: 0.8472 (0.8449)  ibot_loss: 0.7837 (0.9272)  time: 0.351404  data: 0.001073  max mem: 19412
I20260723 13:02:42 3064273 dinov2 helpers.py:102] Training  [3060/7500]  eta: 0:26:50  lr: 0.0002 (0.0002)  wd: 0.1680 (0.0854)  mom: 0.9948 (0.9930)  last_layer_lr: 0.0002 (0.0002)  current_batch_size: 64.0000 (64.0000)  total_loss: 8.4030 (8.5301)  teacher_entropy_ratio: 0.9998 (0.9948)  dino_local_crops_loss: 6.7774 (6.7585)  dino_global_crops_loss: 0.8472 (0.8449)  ibot_loss: 0.7834 (0.9267)  time: 0.357970  data: 0.008374  max mem: 19412
I20260723 13:02:46 3064273 dinov2 helpers.py:102] Training  [3070/7500]  eta: 0:26:46  lr: 0.0002 (0.0002)  wd: 0.1687 (0.0857)  mom: 0.9949 (0.9930)  last_layer_lr: 0.0002 (0.0002)  current_batch_size: 64.0000 (64.0000)  total_loss: 8.4030 (8.5296)  teacher_entropy_ratio: 0.9999 (0.9948)  dino_local_crops_loss: 6.7777 (6.7586)  dino_global_crops_loss: 0.8472 (0.8449)  ibot_loss: 0.7800 (0.9262)  time: 0.364865  data: 0.020517  max mem: 19412
I20260723 13:02:49 3064273 dinov2 helpers.py:102] Training  [3080/7500]  eta: 0:26:43  lr: 0.0002 (0.0002)  wd: 0.1694 (0.0859)  mom: 0.9949 (0.9930)  last_layer_lr: 0.0002 (0.0002)  current_batch_size: 64.0000 (64.0000)  total_loss: 8.4016 (8.5292)  teacher_entropy_ratio: 0.9999 (0.9948)  dino_local_crops_loss: 6.7776 (6.7586)  dino_global_crops_loss: 0.8472 (0.8449)  ibot_loss: 0.7768 (0.9257)  time: 0.357896  data: 0.012611  max mem: 19412
I20260723 13:02:53 3064273 dinov2 helpers.py:102] Training  [3090/7500]  eta: 0:26:39  lr: 0.0002 (0.0002)  wd: 0.1701 (0.0862)  mom: 0.9949 (0.9930)  last_layer_lr: 0.0002 (0.0002)  current_batch_size: 64.0000 (64.0000)  total_loss: 8.4017 (8.5288)  teacher_entropy_ratio: 0.9999 (0.9949)  dino_local_crops_loss: 6.7776 (6.7587)  dino_global_crops_loss: 0.8472 (0.8449)  ibot_loss: 0.7774 (0.9253)  time: 0.362219  data: 0.009572  max mem: 19412
I20260723 13:02:57 3064273 dinov2 helpers.py:102] Training  [3100/7500]  eta: 0:26:35  lr: 0.0002 (0.0002)  wd: 0.1709 (0.0865)  mom: 0.9949 (0.9930)  last_layer_lr: 0.0002 (0.0002)  current_batch_size: 64.0000 (64.0000)  total_loss: 8.4105 (8.5284)  teacher_entropy_ratio: 0.9999 (0.9949)  dino_local_crops_loss: 6.7775 (6.7587)  dino_global_crops_loss: 0.8472 (0.8449)  ibot_loss: 0.7858 (0.9248)  time: 0.356989  data: 0.009951  max mem: 19412
I20260723 13:03:00 3064273 dinov2 helpers.py:102] Training  [3110/7500]  eta: 0:26:32  lr: 0.0002 (0.0002)  wd: 0.1716 (0.0868)  mom: 0.9949 (0.9930)  last_layer_lr: 0.0002 (0.0002)  current_batch_size: 64.0000 (64.0000)  total_loss: 8.3933 (8.5280)  teacher_entropy_ratio: 0.9999 (0.9949)  dino_local_crops_loss: 6.7775 (6.7588)  dino_global_crops_loss: 0.8472 (0.8449)  ibot_loss: 0.7686 (0.9243)  time: 0.348233  data: 0.000636  max mem: 19412
I20260723 13:03:04 3064273 dinov2 helpers.py:102] Training  [3120/7500]  eta: 0:26:28  lr: 0.0002 (0.0002)  wd: 0.1723 (0.0870)  mom: 0.9949 (0.9930)  last_layer_lr: 0.0002 (0.0002)  current_batch_size: 64.0000 (64.0000)  total_loss: 8.3928 (8.5276)  teacher_entropy_ratio: 0.9999 (0.9949)  dino_local_crops_loss: 6.7775 (6.7589)  dino_global_crops_loss: 0.8472 (0.8449)  ibot_loss: 0.7680 (0.9238)  time: 0.354422  data: 0.003717  max mem: 19412
I20260723 13:03:07 3064273 dinov2 helpers.py:102] Training  [3130/7500]  eta: 0:26:24  lr: 0.0002 (0.0002)  wd: 0.1730 (0.0873)  mom: 0.9950 (0.9931)  last_layer_lr: 0.0002 (0.0002)  current_batch_size: 64.0000 (64.0000)  total_loss: 8.4032 (8.5272)  teacher_entropy_ratio: 0.9999 (0.9949)  dino_local_crops_loss: 6.7776 (6.7589)  dino_global_crops_loss: 0.8472 (0.8449)  ibot_loss: 0.7796 (0.9234)  time: 0.352016  data: 0.003900  max mem: 19412
I20260723 13:03:11 3064273 dinov2 helpers.py:102] Training  [3140/7500]  eta: 0:26:20  lr: 0.0002 (0.0002)  wd: 0.1738 (0.0876)  mom: 0.9950 (0.9931)  last_layer_lr: 0.0002 (0.0002)  current_batch_size: 64.0000 (64.0000)  total_loss: 8.4243 (8.5269)  teacher_entropy_ratio: 0.9999 (0.9949)  dino_local_crops_loss: 6.7776 (6.7590)  dino_global_crops_loss: 0.8472 (0.8449)  ibot_loss: 0.7995 (0.9230)  time: 0.348482  data: 0.000792  max mem: 19412
I20260723 13:03:14 3064273 fvcore.common.checkpoint __init__.py:109] Saving checkpoint to /sci/labs/arieljaffe/dan.abergel1/runs/brain/h_lowlr/model_0003149.rank_0.pth
I20260723 13:03:15 3064273 dinov2 helpers.py:102] Training  [3150/7500]  eta: 0:26:18  lr: 0.0002 (0.0002)  wd: 0.1745 (0.0879)  mom: 0.9950 (0.9931)  last_layer_lr: 0.0002 (0.0002)  current_batch_size: 64.0000 (64.0000)  total_loss: 8.4105 (8.5265)  teacher_entropy_ratio: 0.9999 (0.9950)  dino_local_crops_loss: 6.7775 (6.7590)  dino_global_crops_loss: 0.8472 (0.8449)  ibot_loss: 0.7859 (0.9225)  time: 0.399326  data: 0.000604  max mem: 19412
I20260723 13:03:19 3064273 dinov2 helpers.py:102] Training  [3160/7500]  eta: 0:26:14  lr: 0.0002 (0.0002)  wd: 0.1752 (0.0882)  mom: 0.9950 (0.9931)  last_layer_lr: 0.0002 (0.0002)  current_batch_size: 64.0000 (64.0000)  total_loss: 8.3924 (8.5261)  teacher_entropy_ratio: 0.9999 (0.9950)  dino_local_crops_loss: 6.7775 (6.7591)  dino_global_crops_loss: 0.8472 (0.8449)  ibot_loss: 0.7677 (0.9220)  time: 0.396990  data: 0.002164  max mem: 19412
I20260723 13:03:22 3064273 dinov2 helpers.py:102] Training  [3170/7500]  eta: 0:26:10  lr: 0.0002 (0.0002)  wd: 0.1760 (0.0884)  mom: 0.9950 (0.9931)  last_layer_lr: 0.0002 (0.0002)  current_batch_size: 64.0000 (64.0000)  total_loss: 8.3976 (8.5256)  teacher_entropy_ratio: 0.9999 (0.9950)  dino_local_crops_loss: 6.7777 (6.7592)  dino_global_crops_loss: 0.8472 (0.8449)  ibot_loss: 0.7726 (0.9215)  time: 0.345345  data: 0.002399  max mem: 19412
I20260723 13:03:25 3064273 dinov2 helpers.py:102] Training  [3180/7500]  eta: 0:26:06  lr: 0.0002 (0.0002)  wd: 0.1767 (0.0887)  mom: 0.9950 (0.9931)  last_layer_lr: 0.0002 (0.0002)  current_batch_size: 64.0000 (64.0000)  total_loss: 8.3813 (8.5252)  teacher_entropy_ratio: 0.9999 (0.9950)  dino_local_crops_loss: 6.7777 (6.7592)  dino_global_crops_loss: 0.8472 (0.8450)  ibot_loss: 0.7560 (0.9211)  time: 0.342488  data: 0.000454  max mem: 19412
I20260723 13:03:29 3064273 dinov2 helpers.py:102] Training  [3190/7500]  eta: 0:26:02  lr: 0.0002 (0.0002)  wd: 0.1774 (0.0890)  mom: 0.9951 (0.9931)  last_layer_lr: 0.0002 (0.0002)  current_batch_size: 64.0000 (64.0000)  total_loss: 8.3813 (8.5248)  teacher_entropy_ratio: 0.9999 (0.9950)  dino_local_crops_loss: 6.7777 (6.7593)  dino_global_crops_loss: 0.8472 (0.8450)  ibot_loss: 0.7560 (0.9206)  time: 0.339960  data: 0.000432  max mem: 19412
I20260723 13:03:32 3064273 dinov2 helpers.py:102] Training  [3200/7500]  eta: 0:25:58  lr: 0.0002 (0.0002)  wd: 0.1782 (0.0893)  mom: 0.9951 (0.9931)  last_layer_lr: 0.0002 (0.0002)  current_batch_size: 64.0000 (64.0000)  total_loss: 8.3818 (8.5243)  teacher_entropy_ratio: 0.9999 (0.9950)  dino_local_crops_loss: 6.7775 (6.7593)  dino_global_crops_loss: 0.8472 (0.8450)  ibot_loss: 0.7571 (0.9200)  time: 0.345874  data: 0.000457  max mem: 19412
I20260723 13:03:36 3064273 dinov2 helpers.py:102] Training  [3210/7500]  eta: 0:25:55  lr: 0.0002 (0.0002)  wd: 0.1789 (0.0895)  mom: 0.9951 (0.9931)  last_layer_lr: 0.0002 (0.0002)  current_batch_size: 64.0000 (64.0000)  total_loss: 8.3832 (8.5239)  teacher_entropy_ratio: 0.9999 (0.9950)  dino_local_crops_loss: 6.7775 (6.7594)  dino_global_crops_loss: 0.8472 (0.8450)  ibot_loss: 0.7585 (0.9196)  time: 0.348397  data: 0.000777  max mem: 19412
I20260723 13:03:39 3064273 dinov2 helpers.py:102] Training  [3220/7500]  eta: 0:25:51  lr: 0.0002 (0.0002)  wd: 0.1796 (0.0898)  mom: 0.9951 (0.9931)  last_layer_lr: 0.0002 (0.0002)  current_batch_size: 64.0000 (64.0000)  total_loss: 8.4020 (8.5235)  teacher_entropy_ratio: 0.9999 (0.9951)  dino_local_crops_loss: 6.7775 (6.7594)  dino_global_crops_loss: 0.8472 (0.8450)  ibot_loss: 0.7773 (0.9191)  time: 0.346067  data: 0.000988  max mem: 19412
I20260723 13:03:43 3064273 dinov2 helpers.py:102] Training  [3230/7500]  eta: 0:25:47  lr: 0.0002 (0.0002)  wd: 0.1804 (0.0901)  mom: 0.9951 (0.9931)  last_layer_lr: 0.0002 (0.0002)  current_batch_size: 64.0000 (64.0000)  total_loss: 8.3782 (8.5231)  teacher_entropy_ratio: 0.9999 (0.9951)  dino_local_crops_loss: 6.7776 (6.7595)  dino_global_crops_loss: 0.8472 (0.8450)  ibot_loss: 0.7533 (0.9186)  time: 0.344884  data: 0.000491  max mem: 19412
I20260723 13:03:46 3064273 dinov2 helpers.py:102] Training  [3240/7500]  eta: 0:25:43  lr: 0.0002 (0.0002)  wd: 0.1811 (0.0904)  mom: 0.9951 (0.9931)  last_layer_lr: 0.0002 (0.0002)  current_batch_size: 64.0000 (64.0000)  total_loss: 8.3775 (8.5226)  teacher_entropy_ratio: 0.9999 (0.9951)  dino_local_crops_loss: 6.7777 (6.7596)  dino_global_crops_loss: 0.8472 (0.8450)  ibot_loss: 0.7523 (0.9180)  time: 0.349682  data: 0.000664  max mem: 19412
I20260723 13:03:50 3064273 dinov2 helpers.py:102] Training  [3250/7500]  eta: 0:25:39  lr: 0.0002 (0.0002)  wd: 0.1818 (0.0907)  mom: 0.9952 (0.9931)  last_layer_lr: 0.0002 (0.0002)  current_batch_size: 64.0000 (64.0000)  total_loss: 8.3583 (8.5221)  teacher_entropy_ratio: 0.9999 (0.9951)  dino_local_crops_loss: 6.7777 (6.7596)  dino_global_crops_loss: 0.8472 (0.8450)  ibot_loss: 0.7334 (0.9175)  time: 0.347926  data: 0.000656  max mem: 19412
I20260723 13:03:53 3064273 dinov2 helpers.py:102] Training  [3260/7500]  eta: 0:25:35  lr: 0.0002 (0.0002)  wd: 0.1826 (0.0910)  mom: 0.9952 (0.9931)  last_layer_lr: 0.0002 (0.0002)  current_batch_size: 64.0000 (64.0000)  total_loss: 8.3531 (8.5216)  teacher_entropy_ratio: 0.9999 (0.9951)  dino_local_crops_loss: 6.7776 (6.7597)  dino_global_crops_loss: 0.8472 (0.8450)  ibot_loss: 0.7282 (0.9169)  time: 0.349734  data: 0.004565  max mem: 19412
I20260723 13:03:57 3064273 dinov2 helpers.py:102] Training  [3270/7500]  eta: 0:25:32  lr: 0.0002 (0.0002)  wd: 0.1833 (0.0912)  mom: 0.9952 (0.9931)  last_layer_lr: 0.0002 (0.0002)  current_batch_size: 64.0000 (64.0000)  total_loss: 8.3731 (8.5212)  teacher_entropy_ratio: 0.9999 (0.9951)  dino_local_crops_loss: 6.7775 (6.7597)  dino_global_crops_loss: 0.8472 (0.8450)  ibot_loss: 0.7485 (0.9164)  time: 0.348745  data: 0.004757  max mem: 19412
I20260723 13:04:00 3064273 dinov2 helpers.py:102] Training  [3280/7500]  eta: 0:25:28  lr: 0.0002 (0.0002)  wd: 0.1841 (0.0915)  mom: 0.9952 (0.9931)  last_layer_lr: 0.0002 (0.0002)  current_batch_size: 64.0000 (64.0000)  total_loss: 8.3765 (8.5208)  teacher_entropy_ratio: 0.9999 (0.9951)  dino_local_crops_loss: 6.7775 (6.7598)  dino_global_crops_loss: 0.8472 (0.8450)  ibot_loss: 0.7518 (0.9160)  time: 0.344382  data: 0.000489  max mem: 19412
I20260723 13:04:04 3064273 dinov2 helpers.py:102] Training  [3290/7500]  eta: 0:25:24  lr: 0.0002 (0.0002)  wd: 0.1848 (0.0918)  mom: 0.9952 (0.9932)  last_layer_lr: 0.0002 (0.0002)  current_batch_size: 64.0000 (64.0000)  total_loss: 8.3677 (8.5203)  teacher_entropy_ratio: 0.9999 (0.9952)  dino_local_crops_loss: 6.7775 (6.7598)  dino_global_crops_loss: 0.8472 (0.8450)  ibot_loss: 0.7430 (0.9154)  time: 0.343571  data: 0.000496  max mem: 19412
I20260723 13:04:07 3064273 dinov2 helpers.py:102] Training  [3300/7500]  eta: 0:25:20  lr: 0.0002 (0.0002)  wd: 0.1855 (0.0921)  mom: 0.9952 (0.9932)  last_layer_lr: 0.0002 (0.0002)  current_batch_size: 64.0000 (64.0000)  total_loss: 8.3448 (8.5198)  teacher_entropy_ratio: 0.9999 (0.9952)  dino_local_crops_loss: 6.7776 (6.7599)  dino_global_crops_loss: 0.8472 (0.8450)  ibot_loss: 0.7197 (0.9149)  time: 0.350038  data: 0.005694  max mem: 19412
I20260723 13:04:11 3064273 dinov2 helpers.py:102] Training  [3310/7500]  eta: 0:25:17  lr: 0.0002 (0.0002)  wd: 0.1863 (0.0924)  mom: 0.9953 (0.9932)  last_layer_lr: 0.0002 (0.0002)  current_batch_size: 64.0000 (64.0000)  total_loss: 8.3313 (8.5192)  teacher_entropy_ratio: 0.9999 (0.9952)  dino_local_crops_loss: 6.7775 (6.7599)  dino_global_crops_loss: 0.8472 (0.8450)  ibot_loss: 0.7067 (0.9142)  time: 0.371551  data: 0.023691  max mem: 19412
I20260723 13:04:14 3064273 dinov2 helpers.py:102] Training  [3320/7500]  eta: 0:25:13  lr: 0.0002 (0.0002)  wd: 0.1870 (0.0927)  mom: 0.9953 (0.9932)  last_layer_lr: 0.0002 (0.0002)  current_batch_size: 64.0000 (64.0000)  total_loss: 8.3304 (8.5186)  teacher_entropy_ratio: 0.9999 (0.9952)  dino_local_crops_loss: 6.7775 (6.7600)  dino_global_crops_loss: 0.8472 (0.8450)  ibot_loss: 0.7056 (0.9136)  time: 0.366463  data: 0.018666  max mem: 19412
I20260723 13:04:18 3064273 dinov2 helpers.py:102] Training  [3330/7500]  eta: 0:25:09  lr: 0.0002 (0.0002)  wd: 0.1878 (0.0930)  mom: 0.9953 (0.9932)  last_layer_lr: 0.0002 (0.0002)  current_batch_size: 64.0000 (64.0000)  total_loss: 8.3265 (8.5181)  teacher_entropy_ratio: 0.9999 (0.9952)  dino_local_crops_loss: 6.7776 (6.7600)  dino_global_crops_loss: 0.8472 (0.8451)  ibot_loss: 0.7017 (0.9130)  time: 0.349581  data: 0.004997  max mem: 19412
I20260723 13:04:22 3064273 dinov2 helpers.py:102] Training  [3340/7500]  eta: 0:25:06  lr: 0.0002 (0.0002)  wd: 0.1885 (0.0932)  mom: 0.9953 (0.9932)  last_layer_lr: 0.0002 (0.0002)  current_batch_size: 64.0000 (64.0000)  total_loss: 8.3265 (8.5175)  teacher_entropy_ratio: 0.9999 (0.9952)  dino_local_crops_loss: 6.7775 (6.7601)  dino_global_crops_loss: 0.8472 (0.8451)  ibot_loss: 0.7017 (0.9124)  time: 0.361376  data: 0.010961  max mem: 19412
I20260723 13:04:25 3064273 dinov2 helpers.py:102] Training  [3350/7500]  eta: 0:25:02  lr: 0.0002 (0.0002)  wd: 0.1892 (0.0935)  mom: 0.9953 (0.9932)  last_layer_lr: 0.0002 (0.0002)  current_batch_size: 64.0000 (64.0000)  total_loss: 8.3390 (8.5170)  teacher_entropy_ratio: 0.9999 (0.9952)  dino_local_crops_loss: 6.7775 (6.7601)  dino_global_crops_loss: 0.8472 (0.8451)  ibot_loss: 0.7143 (0.9118)  time: 0.356926  data: 0.006432  max mem: 19412
I20260723 13:04:29 3064273 dinov2 helpers.py:102] Training  [3360/7500]  eta: 0:24:58  lr: 0.0002 (0.0002)  wd: 0.1900 (0.0938)  mom: 0.9953 (0.9932)  last_layer_lr: 0.0002 (0.0002)  current_batch_size: 64.0000 (64.0000)  total_loss: 8.3390 (8.5165)  teacher_entropy_ratio: 0.9999 (0.9952)  dino_local_crops_loss: 6.7775 (6.7602)  dino_global_crops_loss: 0.8472 (0.8451)  ibot_loss: 0.7143 (0.9112)  time: 0.347711  data: 0.000618  max mem: 19412
I20260723 13:04:32 3064273 dinov2 helpers.py:102] Training  [3370/7500]  eta: 0:24:54  lr: 0.0002 (0.0002)  wd: 0.1907 (0.0941)  mom: 0.9953 (0.9932)  last_layer_lr: 0.0002 (0.0002)  current_batch_size: 64.0000 (64.0000)  total_loss: 8.3490 (8.5161)  teacher_entropy_ratio: 0.9999 (0.9953)  dino_local_crops_loss: 6.7775 (6.7602)  dino_global_crops_loss: 0.8472 (0.8451)  ibot_loss: 0.7242 (0.9107)  time: 0.349292  data: 0.000622  max mem: 19412
I20260723 13:04:36 3064273 dinov2 helpers.py:102] Training  [3380/7500]  eta: 0:24:51  lr: 0.0002 (0.0002)  wd: 0.1915 (0.0944)  mom: 0.9954 (0.9932)  last_layer_lr: 0.0002 (0.0002)  current_batch_size: 64.0000 (64.0000)  total_loss: 8.3501 (8.5155)  teacher_entropy_ratio: 0.9999 (0.9953)  dino_local_crops_loss: 6.7775 (6.7603)  dino_global_crops_loss: 0.8472 (0.8451)  ibot_loss: 0.7255 (0.9101)  time: 0.370587  data: 0.021664  max mem: 19412
I20260723 13:04:40 3064273 dinov2 helpers.py:102] Training  [3390/7500]  eta: 0:24:47  lr: 0.0002 (0.0002)  wd: 0.1922 (0.0947)  mom: 0.9954 (0.9932)  last_layer_lr: 0.0002 (0.0002)  current_batch_size: 64.0000 (64.0000)  total_loss: 8.3194 (8.5149)  teacher_entropy_ratio: 0.9999 (0.9953)  dino_local_crops_loss: 6.7776 (6.7603)  dino_global_crops_loss: 0.8472 (0.8451)  ibot_loss: 0.6940 (0.9095)  time: 0.375099  data: 0.028244  max mem: 19412
I20260723 13:04:43 3064273 dinov2 helpers.py:102] Training  [3400/7500]  eta: 0:24:44  lr: 0.0002 (0.0002)  wd: 0.1930 (0.0950)  mom: 0.9954 (0.9932)  last_layer_lr: 0.0002 (0.0002)  current_batch_size: 64.0000 (64.0000)  total_loss: 8.3194 (8.5144)  teacher_entropy_ratio: 0.9999 (0.9953)  dino_local_crops_loss: 6.7777 (6.7604)  dino_global_crops_loss: 0.8472 (0.8451)  ibot_loss: 0.6940 (0.9089)  time: 0.357437  data: 0.014307  max mem: 19412
I20260723 13:04:47 3064273 dinov2 helpers.py:102] Training  [3410/7500]  eta: 0:24:40  lr: 0.0002 (0.0002)  wd: 0.1937 (0.0953)  mom: 0.9954 (0.9932)  last_layer_lr: 0.0002 (0.0002)  current_batch_size: 64.0000 (64.0000)  total_loss: 8.3241 (8.5139)  teacher_entropy_ratio: 0.9999 (0.9953)  dino_local_crops_loss: 6.7776 (6.7604)  dino_global_crops_loss: 0.8472 (0.8451)  ibot_loss: 0.6993 (0.9084)  time: 0.364833  data: 0.020444  max mem: 19412
I20260723 13:04:51 3064273 dinov2 helpers.py:102] Training  [3420/7500]  eta: 0:24:37  lr: 0.0002 (0.0002)  wd: 0.1945 (0.0956)  mom: 0.9954 (0.9932)  last_layer_lr: 0.0002 (0.0002)  current_batch_size: 64.0000 (64.0000)  total_loss: 8.3283 (8.5134)  teacher_entropy_ratio: 0.9999 (0.9953)  dino_local_crops_loss: 6.7775 (6.7605)  dino_global_crops_loss: 0.8472 (0.8451)  ibot_loss: 0.7036 (0.9078)  time: 0.369986  data: 0.023624  max mem: 19412
I20260723 13:04:54 3064273 dinov2 helpers.py:102] Training  [3430/7500]  eta: 0:24:33  lr: 0.0002 (0.0002)  wd: 0.1952 (0.0958)  mom: 0.9954 (0.9932)  last_layer_lr: 0.0002 (0.0002)  current_batch_size: 64.0000 (64.0000)  total_loss: 8.3283 (8.5129)  teacher_entropy_ratio: 0.9999 (0.9953)  dino_local_crops_loss: 6.7775 (6.7605)  dino_global_crops_loss: 0.8472 (0.8451)  ibot_loss: 0.7036 (0.9072)  time: 0.365248  data: 0.016448  max mem: 19412
I20260723 13:04:58 3064273 dinov2 helpers.py:102] Training  [3440/7500]  eta: 0:24:29  lr: 0.0002 (0.0002)  wd: 0.1959 (0.0961)  mom: 0.9955 (0.9932)  last_layer_lr: 0.0002 (0.0002)  current_batch_size: 64.0000 (64.0000)  total_loss: 8.3339 (8.5124)  teacher_entropy_ratio: 0.9999 (0.9954)  dino_local_crops_loss: 6.7775 (6.7606)  dino_global_crops_loss: 0.8472 (0.8451)  ibot_loss: 0.7092 (0.9067)  time: 0.353108  data: 0.006021  max mem: 19412
I20260723 13:05:01 3064273 dinov2 helpers.py:102] Training  [3450/7500]  eta: 0:24:26  lr: 0.0002 (0.0002)  wd: 0.1967 (0.0964)  mom: 0.9955 (0.9933)  last_layer_lr: 0.0002 (0.0002)  current_batch_size: 64.0000 (64.0000)  total_loss: 8.3332 (8.5118)  teacher_entropy_ratio: 0.9999 (0.9954)  dino_local_crops_loss: 6.7775 (6.7606)  dino_global_crops_loss: 0.8472 (0.8451)  ibot_loss: 0.7085 (0.9061)  time: 0.349789  data: 0.000708  max mem: 19412
I20260723 13:05:05 3064273 dinov2 helpers.py:102] Training  [3460/7500]  eta: 0:24:22  lr: 0.0002 (0.0002)  wd: 0.1974 (0.0967)  mom: 0.9955 (0.9933)  last_layer_lr: 0.0002 (0.0002)  current_batch_size: 64.0000 (64.0000)  total_loss: 8.3303 (8.5113)  teacher_entropy_ratio: 0.9999 (0.9954)  dino_local_crops_loss: 6.7775 (6.7607)  dino_global_crops_loss: 0.8472 (0.8451)  ibot_loss: 0.7056 (0.9055)  time: 0.351356  data: 0.000876  max mem: 19412
I20260723 13:05:08 3064273 dinov2 helpers.py:102] Training  [3470/7500]  eta: 0:24:18  lr: 0.0002 (0.0002)  wd: 0.1982 (0.0970)  mom: 0.9955 (0.9933)  last_layer_lr: 0.0002 (0.0002)  current_batch_size: 64.0000 (64.0000)  total_loss: 8.3296 (8.5108)  teacher_entropy_ratio: 0.9999 (0.9954)  dino_local_crops_loss: 6.7776 (6.7607)  dino_global_crops_loss: 0.8472 (0.8451)  ibot_loss: 0.7048 (0.9049)  time: 0.349480  data: 0.000631  max mem: 19412
I20260723 13:05:12 3064273 dinov2 helpers.py:102] Training  [3480/7500]  eta: 0:24:14  lr: 0.0002 (0.0002)  wd: 0.1989 (0.0973)  mom: 0.9955 (0.9933)  last_layer_lr: 0.0002 (0.0002)  current_batch_size: 64.0000 (64.0000)  total_loss: 8.3306 (8.5103)  teacher_entropy_ratio: 0.9999 (0.9954)  dino_local_crops_loss: 6.7775 (6.7608)  dino_global_crops_loss: 0.8472 (0.8451)  ibot_loss: 0.7059 (0.9043)  time: 0.346059  data: 0.000612  max mem: 19412
I20260723 13:05:15 3064273 dinov2 helpers.py:102] Training  [3490/7500]  eta: 0:24:11  lr: 0.0002 (0.0002)  wd: 0.1997 (0.0976)  mom: 0.9955 (0.9933)  last_layer_lr: 0.0002 (0.0002)  current_batch_size: 64.0000 (64.0000)  total_loss: 8.3444 (8.5098)  teacher_entropy_ratio: 0.9999 (0.9954)  dino_local_crops_loss: 6.7775 (6.7608)  dino_global_crops_loss: 0.8472 (0.8452)  ibot_loss: 0.7196 (0.9038)  time: 0.348817  data: 0.001197  max mem: 19412
I20260723 13:05:19 3064273 dinov2 helpers.py:102] Training  [3500/7500]  eta: 0:24:07  lr: 0.0002 (0.0002)  wd: 0.2004 (0.0979)  mom: 0.9956 (0.9933)  last_layer_lr: 0.0002 (0.0002)  current_batch_size: 64.0000 (64.0000)  total_loss: 8.3444 (8.5093)  teacher_entropy_ratio: 0.9999 (0.9954)  dino_local_crops_loss: 6.7775 (6.7609)  dino_global_crops_loss: 0.8472 (0.8452)  ibot_loss: 0.7196 (0.9033)  time: 0.349828  data: 0.001007  max mem: 19412
I20260723 13:05:22 3064273 dinov2 helpers.py:102] Training  [3510/7500]  eta: 0:24:03  lr: 0.0002 (0.0002)  wd: 0.2012 (0.0982)  mom: 0.9956 (0.9933)  last_layer_lr: 0.0002 (0.0002)  current_batch_size: 64.0000 (64.0000)  total_loss: 8.3283 (8.5088)  teacher_entropy_ratio: 0.9999 (0.9954)  dino_local_crops_loss: 6.7775 (6.7609)  dino_global_crops_loss: 0.8472 (0.8452)  ibot_loss: 0.7035 (0.9027)  time: 0.353103  data: 0.000659  max mem: 19412
I20260723 13:05:26 3064273 dinov2 helpers.py:102] Training  [3520/7500]  eta: 0:23:59  lr: 0.0002 (0.0002)  wd: 0.2019 (0.0985)  mom: 0.9956 (0.9933)  last_layer_lr: 0.0002 (0.0002)  current_batch_size: 64.0000 (64.0000)  total_loss: 8.3241 (8.5082)  teacher_entropy_ratio: 0.9999 (0.9955)  dino_local_crops_loss: 6.7775 (6.7610)  dino_global_crops_loss: 0.8472 (0.8452)  ibot_loss: 0.6994 (0.9021)  time: 0.354015  data: 0.000486  max mem: 19412
I20260723 13:05:29 3064273 dinov2 helpers.py:102] Training  [3530/7500]  eta: 0:23:55  lr: 0.0002 (0.0002)  wd: 0.2027 (0.0988)  mom: 0.9956 (0.9933)  last_layer_lr: 0.0002 (0.0002)  current_batch_size: 64.0000 (64.0000)  total_loss: 8.3208 (8.5077)  teacher_entropy_ratio: 0.9999 (0.9955)  dino_local_crops_loss: 6.7775 (6.7610)  dino_global_crops_loss: 0.8472 (0.8452)  ibot_loss: 0.6962 (0.9015)  time: 0.343921  data: 0.000480  max mem: 19412
I20260723 13:05:33 3064273 dinov2 helpers.py:102] Training  [3540/7500]  eta: 0:23:52  lr: 0.0002 (0.0002)  wd: 0.2034 (0.0991)  mom: 0.9956 (0.9933)  last_layer_lr: 0.0002 (0.0002)  current_batch_size: 64.0000 (64.0000)  total_loss: 8.3191 (8.5072)  teacher_entropy_ratio: 0.9999 (0.9955)  dino_local_crops_loss: 6.7775 (6.7611)  dino_global_crops_loss: 0.8472 (0.8452)  ibot_loss: 0.6945 (0.9009)  time: 0.346562  data: 0.010412  max mem: 19412
I20260723 13:05:36 3064273 dinov2 helpers.py:102] Training  [3550/7500]  eta: 0:23:48  lr: 0.0002 (0.0002)  wd: 0.2042 (0.0994)  mom: 0.9956 (0.9933)  last_layer_lr: 0.0002 (0.0002)  current_batch_size: 64.0000 (64.0000)  total_loss: 8.3325 (8.5067)  teacher_entropy_ratio: 0.9999 (0.9955)  dino_local_crops_loss: 6.7775 (6.7611)  dino_global_crops_loss: 0.8472 (0.8452)  ibot_loss: 0.7078 (0.9004)  time: 0.357129  data: 0.011851  max mem: 19412
I20260723 13:05:40 3064273 dinov2 helpers.py:102] Training  [3560/7500]  eta: 0:23:45  lr: 0.0002 (0.0002)  wd: 0.2049 (0.0997)  mom: 0.9957 (0.9933)  last_layer_lr: 0.0002 (0.0002)  current_batch_size: 64.0000 (64.0000)  total_loss: 8.3325 (8.5062)  teacher_entropy_ratio: 0.9999 (0.9955)  dino_local_crops_loss: 6.7775 (6.7612)  dino_global_crops_loss: 0.8472 (0.8452)  ibot_loss: 0.7078 (0.8998)  time: 0.370706  data: 0.022410  max mem: 19412
I20260723 13:05:44 3064273 dinov2 helpers.py:102] Training  [3570/7500]  eta: 0:23:41  lr: 0.0002 (0.0002)  wd: 0.2057 (0.1000)  mom: 0.9957 (0.9933)  last_layer_lr: 0.0002 (0.0002)  current_batch_size: 64.0000 (64.0000)  total_loss: 8.3396 (8.5057)  teacher_entropy_ratio: 0.9999 (0.9955)  dino_local_crops_loss: 6.7775 (6.7612)  dino_global_crops_loss: 0.8472 (0.8452)  ibot_loss: 0.7149 (0.8993)  time: 0.363252  data: 0.020876  max mem: 19412
I20260723 13:05:47 3064273 dinov2 helpers.py:102] Training  [3580/7500]  eta: 0:23:37  lr: 0.0002 (0.0002)  wd: 0.2064 (0.1003)  mom: 0.9957 (0.9933)  last_layer_lr: 0.0002 (0.0002)  current_batch_size: 64.0000 (64.0000)  total_loss: 8.3400 (8.5052)  teacher_entropy_ratio: 0.9999 (0.9955)  dino_local_crops_loss: 6.7775 (6.7613)  dino_global_crops_loss: 0.8472 (0.8452)  ibot_loss: 0.7154 (0.8987)  time: 0.351672  data: 0.003783  max mem: 19412
I20260723 13:05:51 3064273 dinov2 helpers.py:102] Training  [3590/7500]  eta: 0:23:34  lr: 0.0002 (0.0002)  wd: 0.2072 (0.1006)  mom: 0.9957 (0.9933)  last_layer_lr: 0.0002 (0.0002)  current_batch_size: 64.0000 (64.0000)  total_loss: 8.3444 (8.5047)  teacher_entropy_ratio: 0.9999 (0.9955)  dino_local_crops_loss: 6.7775 (6.7613)  dino_global_crops_loss: 0.8472 (0.8452)  ibot_loss: 0.7197 (0.8982)  time: 0.353342  data: 0.008257  max mem: 19412
I20260723 13:05:54 3064273 fvcore.common.checkpoint __init__.py:109] Saving checkpoint to /sci/labs/arieljaffe/dan.abergel1/runs/brain/h_lowlr/model_0003599.rank_0.pth
I20260723 13:05:55 3064273 dinov2 helpers.py:102] Training  [3600/7500]  eta: 0:23:31  lr: 0.0002 (0.0002)  wd: 0.2079 (0.1009)  mom: 0.9957 (0.9934)  last_layer_lr: 0.0002 (0.0002)  current_batch_size: 64.0000 (64.0000)  total_loss: 8.3194 (8.5042)  teacher_entropy_ratio: 0.9999 (0.9955)  dino_local_crops_loss: 6.7775 (6.7613)  dino_global_crops_loss: 0.8472 (0.8452)  ibot_loss: 0.6947 (0.8976)  time: 0.408888  data: 0.005584  max mem: 19412
I20260723 13:05:59 3064273 dinov2 helpers.py:102] Training  [3610/7500]  eta: 0:23:27  lr: 0.0002 (0.0002)  wd: 0.2087 (0.1012)  mom: 0.9957 (0.9934)  last_layer_lr: 0.0002 (0.0002)  current_batch_size: 64.0000 (64.0000)  total_loss: 8.3194 (8.5037)  teacher_entropy_ratio: 0.9999 (0.9956)  dino_local_crops_loss: 6.7775 (6.7614)  dino_global_crops_loss: 0.8472 (0.8452)  ibot_loss: 0.6947 (0.8971)  time: 0.402918  data: 0.001171  max mem: 19412
I20260723 13:06:02 3064273 dinov2 helpers.py:102] Training  [3620/7500]  eta: 0:23:23  lr: 0.0002 (0.0002)  wd: 0.2095 (0.1015)  mom: 0.9958 (0.9934)  last_layer_lr: 0.0002 (0.0002)  current_batch_size: 64.0000 (64.0000)  total_loss: 8.3263 (8.5032)  teacher_entropy_ratio: 0.9999 (0.9956)  dino_local_crops_loss: 6.7775 (6.7614)  dino_global_crops_loss: 0.8472 (0.8452)  ibot_loss: 0.7016 (0.8966)  time: 0.345118  data: 0.000863  max mem: 19412
I20260723 13:06:06 3064273 dinov2 helpers.py:102] Training  [3630/7500]  eta: 0:23:20  lr: 0.0002 (0.0002)  wd: 0.2102 (0.1018)  mom: 0.9958 (0.9934)  last_layer_lr: 0.0002 (0.0002)  current_batch_size: 64.0000 (64.0000)  total_loss: 8.3236 (8.5027)  teacher_entropy_ratio: 0.9999 (0.9956)  dino_local_crops_loss: 6.7775 (6.7615)  dino_global_crops_loss: 0.8472 (0.8452)  ibot_loss: 0.6989 (0.8960)  time: 0.347929  data: 0.000869  max mem: 19412
I20260723 13:06:09 3064273 dinov2 helpers.py:102] Training  [3640/7500]  eta: 0:23:16  lr: 0.0002 (0.0002)  wd: 0.2110 (0.1021)  mom: 0.9958 (0.9934)  last_layer_lr: 0.0002 (0.0002)  current_batch_size: 64.0000 (64.0000)  total_loss: 8.3378 (8.5023)  teacher_entropy_ratio: 0.9999 (0.9956)  dino_local_crops_loss: 6.7775 (6.7615)  dino_global_crops_loss: 0.8472 (0.8452)  ibot_loss: 0.7131 (0.8956)  time: 0.341051  data: 0.000514  max mem: 19412
I20260723 13:06:13 3064273 dinov2 helpers.py:102] Training  [3650/7500]  eta: 0:23:12  lr: 0.0002 (0.0002)  wd: 0.2117 (0.1024)  mom: 0.9958 (0.9934)  last_layer_lr: 0.0002 (0.0002)  current_batch_size: 64.0000 (64.0000)  total_loss: 8.3483 (8.5019)  teacher_entropy_ratio: 0.9999 (0.9956)  dino_local_crops_loss: 6.7775 (6.7616)  dino_global_crops_loss: 0.8472 (0.8452)  ibot_loss: 0.7236 (0.8951)  time: 0.340348  data: 0.000529  max mem: 19412
I20260723 13:06:16 3064273 dinov2 helpers.py:102] Training  [3660/7500]  eta: 0:23:08  lr: 0.0002 (0.0002)  wd: 0.2125 (0.1027)  mom: 0.9958 (0.9934)  last_layer_lr: 0.0002 (0.0002)  current_batch_size: 64.0000 (64.0000)  total_loss: 8.3310 (8.5014)  teacher_entropy_ratio: 0.9999 (0.9956)  dino_local_crops_loss: 6.7775 (6.7616)  dino_global_crops_loss: 0.8472 (0.8452)  ibot_loss: 0.7063 (0.8945)  time: 0.341075  data: 0.000910  max mem: 19412
I20260723 13:06:19 3064273 dinov2 helpers.py:102] Training  [3670/7500]  eta: 0:23:04  lr: 0.0002 (0.0002)  wd: 0.2132 (0.1030)  mom: 0.9958 (0.9934)  last_layer_lr: 0.0002 (0.0002)  current_batch_size: 64.0000 (64.0000)  total_loss: 8.3069 (8.5009)  teacher_entropy_ratio: 0.9999 (0.9956)  dino_local_crops_loss: 6.7775 (6.7617)  dino_global_crops_loss: 0.8472 (0.8453)  ibot_loss: 0.6823 (0.8940)  time: 0.344446  data: 0.000687  max mem: 19412
I20260723 13:06:23 3064273 dinov2 helpers.py:102] Training  [3680/7500]  eta: 0:23:01  lr: 0.0002 (0.0002)  wd: 0.2140 (0.1033)  mom: 0.9959 (0.9934)  last_layer_lr: 0.0002 (0.0002)  current_batch_size: 64.0000 (64.0000)  total_loss: 8.3243 (8.5004)  teacher_entropy_ratio: 0.9999 (0.9956)  dino_local_crops_loss: 6.7775 (6.7617)  dino_global_crops_loss: 0.8472 (0.8453)  ibot_loss: 0.6997 (0.8935)  time: 0.347796  data: 0.000484  max mem: 19412
I20260723 13:06:26 3064273 dinov2 helpers.py:102] Training  [3690/7500]  eta: 0:22:57  lr: 0.0002 (0.0002)  wd: 0.2147 (0.1036)  mom: 0.9959 (0.9934)  last_layer_lr: 0.0002 (0.0002)  current_batch_size: 64.0000 (64.0000)  total_loss: 8.3160 (8.4999)  teacher_entropy_ratio: 0.9999 (0.9957)  dino_local_crops_loss: 6.7775 (6.7617)  dino_global_crops_loss: 0.8472 (0.8453)  ibot_loss: 0.6914 (0.8929)  time: 0.341735  data: 0.000507  max mem: 19412
I20260723 13:06:30 3064273 dinov2 helpers.py:102] Training  [3700/7500]  eta: 0:22:53  lr: 0.0002 (0.0002)  wd: 0.2155 (0.1039)  mom: 0.9959 (0.9934)  last_layer_lr: 0.0002 (0.0002)  current_batch_size: 64.0000 (64.0000)  total_loss: 8.2976 (8.4994)  teacher_entropy_ratio: 0.9999 (0.9957)  dino_local_crops_loss: 6.7775 (6.7618)  dino_global_crops_loss: 0.8472 (0.8453)  ibot_loss: 0.6729 (0.8923)  time: 0.347900  data: 0.000485  max mem: 19412
I20260723 13:06:33 3064273 dinov2 helpers.py:102] Training  [3710/7500]  eta: 0:22:49  lr: 0.0001 (0.0002)  wd: 0.2162 (0.1042)  mom: 0.9959 (0.9934)  last_layer_lr: 0.0001 (0.0002)  current_batch_size: 64.0000 (64.0000)  total_loss: 8.2976 (8.4989)  teacher_entropy_ratio: 0.9999 (0.9957)  dino_local_crops_loss: 6.7775 (6.7618)  dino_global_crops_loss: 0.8472 (0.8453)  ibot_loss: 0.6729 (0.8918)  time: 0.349861  data: 0.000886  max mem: 19412
I20260723 13:06:37 3064273 dinov2 helpers.py:102] Training  [3720/7500]  eta: 0:22:46  lr: 0.0001 (0.0002)  wd: 0.2170 (0.1045)  mom: 0.9959 (0.9934)  last_layer_lr: 0.0001 (0.0002)  current_batch_size: 64.0000 (64.0000)  total_loss: 8.3019 (8.4983)  teacher_entropy_ratio: 0.9999 (0.9957)  dino_local_crops_loss: 6.7775 (6.7619)  dino_global_crops_loss: 0.8472 (0.8453)  ibot_loss: 0.6772 (0.8912)  time: 0.349770  data: 0.000673  max mem: 19412
I20260723 13:06:40 3064273 dinov2 helpers.py:102] Training  [3730/7500]  eta: 0:22:42  lr: 0.0001 (0.0002)  wd: 0.2177 (0.1048)  mom: 0.9959 (0.9934)  last_layer_lr: 0.0001 (0.0002)  current_batch_size: 64.0000 (64.0000)  total_loss: 8.3020 (8.4978)  teacher_entropy_ratio: 0.9999 (0.9957)  dino_local_crops_loss: 6.7775 (6.7619)  dino_global_crops_loss: 0.8472 (0.8453)  ibot_loss: 0.6774 (0.8906)  time: 0.353061  data: 0.000469  max mem: 19412
I20260723 13:06:44 3064273 dinov2 helpers.py:102] Training  [3740/7500]  eta: 0:22:39  lr: 0.0001 (0.0002)  wd: 0.2185 (0.1051)  mom: 0.9960 (0.9934)  last_layer_lr: 0.0001 (0.0002)  current_batch_size: 64.0000 (64.0000)  total_loss: 8.3022 (8.4973)  teacher_entropy_ratio: 0.9999 (0.9957)  dino_local_crops_loss: 6.7775 (6.7619)  dino_global_crops_loss: 0.8472 (0.8453)  ibot_loss: 0.6775 (0.8901)  time: 0.368565  data: 0.019034  max mem: 19412
I20260723 13:06:48 3064273 dinov2 helpers.py:102] Training  [3750/7500]  eta: 0:22:35  lr: 0.0001 (0.0002)  wd: 0.2192 (0.1054)  mom: 0.9960 (0.9935)  last_layer_lr: 0.0001 (0.0002)  current_batch_size: 64.0000 (64.0000)  total_loss: 8.2834 (8.4968)  teacher_entropy_ratio: 0.9999 (0.9957)  dino_local_crops_loss: 6.7775 (6.7620)  dino_global_crops_loss: 0.8472 (0.8453)  ibot_loss: 0.6587 (0.8895)  time: 0.380267  data: 0.025402  max mem: 19412
I20260723 13:06:51 3064273 dinov2 helpers.py:102] Training  [3760/7500]  eta: 0:22:31  lr: 0.0001 (0.0002)  wd: 0.2200 (0.1057)  mom: 0.9960 (0.9935)  last_layer_lr: 0.0001 (0.0002)  current_batch_size: 64.0000 (64.0000)  total_loss: 8.2916 (8.4962)  teacher_entropy_ratio: 0.9999 (0.9957)  dino_local_crops_loss: 6.7775 (6.7620)  dino_global_crops_loss: 0.8472 (0.8453)  ibot_loss: 0.6670 (0.8889)  time: 0.362797  data: 0.014808  max mem: 19412
I20260723 13:06:55 3064273 dinov2 helpers.py:102] Training  [3770/7500]  eta: 0:22:28  lr: 0.0001 (0.0002)  wd: 0.2208 (0.1060)  mom: 0.9960 (0.9935)  last_layer_lr: 0.0001 (0.0002)  current_batch_size: 64.0000 (64.0000)  total_loss: 8.3141 (8.4957)  teacher_entropy_ratio: 0.9999 (0.9957)  dino_local_crops_loss: 6.7775 (6.7621)  dino_global_crops_loss: 0.8472 (0.8453)  ibot_loss: 0.6894 (0.8884)  time: 0.349488  data: 0.011549  max mem: 19412
I20260723 13:06:58 3064273 dinov2 helpers.py:102] Training  [3780/7500]  eta: 0:22:24  lr: 0.0001 (0.0002)  wd: 0.2215 (0.1063)  mom: 0.9960 (0.9935)  last_layer_lr: 0.0001 (0.0002)  current_batch_size: 64.0000 (64.0000)  total_loss: 8.3018 (8.4952)  teacher_entropy_ratio: 0.9999 (0.9958)  dino_local_crops_loss: 6.7775 (6.7621)  dino_global_crops_loss: 0.8472 (0.8453)  ibot_loss: 0.6771 (0.8878)  time: 0.346085  data: 0.003770  max mem: 19412
I20260723 13:07:02 3064273 dinov2 helpers.py:102] Training  [3790/7500]  eta: 0:22:20  lr: 0.0001 (0.0002)  wd: 0.2223 (0.1066)  mom: 0.9961 (0.9935)  last_layer_lr: 0.0001 (0.0002)  current_batch_size: 64.0000 (64.0000)  total_loss: 8.3018 (8.4947)  teacher_entropy_ratio: 0.9999 (0.9958)  dino_local_crops_loss: 6.7775 (6.7622)  dino_global_crops_loss: 0.8472 (0.8453)  ibot_loss: 0.6771 (0.8873)  time: 0.351029  data: 0.000434  max mem: 19412
I20260723 13:07:05 3064273 dinov2 helpers.py:102] Training  [3800/7500]  eta: 0:22:16  lr: 0.0001 (0.0002)  wd: 0.2230 (0.1069)  mom: 0.9961 (0.9935)  last_layer_lr: 0.0001 (0.0002)  current_batch_size: 64.0000 (64.0000)  total_loss: 8.3060 (8.4942)  teacher_entropy_ratio: 0.9999 (0.9958)  dino_local_crops_loss: 6.7775 (6.7622)  dino_global_crops_loss: 0.8472 (0.8453)  ibot_loss: 0.6814 (0.8867)  time: 0.347691  data: 0.000453  max mem: 19412
I20260723 13:07:09 3064273 dinov2 helpers.py:102] Training  [3810/7500]  eta: 0:22:13  lr: 0.0001 (0.0002)  wd: 0.2238 (0.1073)  mom: 0.9961 (0.9935)  last_layer_lr: 0.0001 (0.0002)  current_batch_size: 64.0000 (64.0000)  total_loss: 8.2985 (8.4937)  teacher_entropy_ratio: 0.9999 (0.9958)  dino_local_crops_loss: 6.7775 (6.7622)  dino_global_crops_loss: 0.8472 (0.8453)  ibot_loss: 0.6739 (0.8861)  time: 0.344053  data: 0.000472  max mem: 19412
I20260723 13:07:12 3064273 dinov2 helpers.py:102] Training  [3820/7500]  eta: 0:22:09  lr: 0.0001 (0.0002)  wd: 0.2245 (0.1076)  mom: 0.9961 (0.9935)  last_layer_lr: 0.0001 (0.0002)  current_batch_size: 64.0000 (64.0000)  total_loss: 8.2919 (8.4932)  teacher_entropy_ratio: 0.9999 (0.9958)  dino_local_crops_loss: 6.7775 (6.7623)  dino_global_crops_loss: 0.8472 (0.8453)  ibot_loss: 0.6672 (0.8856)  time: 0.344289  data: 0.000464  max mem: 19412
I20260723 13:07:16 3064273 dinov2 helpers.py:102] Training  [3830/7500]  eta: 0:22:05  lr: 0.0001 (0.0002)  wd: 0.2253 (0.1079)  mom: 0.9961 (0.9935)  last_layer_lr: 0.0001 (0.0002)  current_batch_size: 64.0000 (64.0000)  total_loss: 8.2940 (8.4926)  teacher_entropy_ratio: 0.9999 (0.9958)  dino_local_crops_loss: 6.7775 (6.7623)  dino_global_crops_loss: 0.8472 (0.8453)  ibot_loss: 0.6694 (0.8850)  time: 0.347567  data: 0.004217  max mem: 19412
I20260723 13:07:20 3064273 dinov2 helpers.py:102] Training  [3840/7500]  eta: 0:22:01  lr: 0.0001 (0.0002)  wd: 0.2260 (0.1082)  mom: 0.9961 (0.9935)  last_layer_lr: 0.0001 (0.0002)  current_batch_size: 64.0000 (64.0000)  total_loss: 8.2929 (8.4921)  teacher_entropy_ratio: 0.9999 (0.9958)  dino_local_crops_loss: 6.7775 (6.7624)  dino_global_crops_loss: 0.8472 (0.8453)  ibot_loss: 0.6683 (0.8845)  time: 0.359462  data: 0.016267  max mem: 19412
I20260723 13:07:23 3064273 dinov2 helpers.py:102] Training  [3850/7500]  eta: 0:21:58  lr: 0.0001 (0.0002)  wd: 0.2268 (0.1085)  mom: 0.9962 (0.9935)  last_layer_lr: 0.0001 (0.0002)  current_batch_size: 64.0000 (64.0000)  total_loss: 8.3026 (8.4917)  teacher_entropy_ratio: 0.9999 (0.9958)  dino_local_crops_loss: 6.7775 (6.7624)  dino_global_crops_loss: 0.8472 (0.8453)  ibot_loss: 0.6779 (0.8840)  time: 0.363712  data: 0.019434  max mem: 19412
I20260723 13:07:27 3064273 dinov2 helpers.py:102] Training  [3860/7500]  eta: 0:21:54  lr: 0.0001 (0.0002)  wd: 0.2275 (0.1088)  mom: 0.9962 (0.9935)  last_layer_lr: 0.0001 (0.0002)  current_batch_size: 64.0000 (64.0000)  total_loss: 8.2993 (8.4912)  teacher_entropy_ratio: 0.9999 (0.9958)  dino_local_crops_loss: 6.7775 (6.7624)  dino_global_crops_loss: 0.8472 (0.8453)  ibot_loss: 0.6747 (0.8834)  time: 0.361473  data: 0.014824  max mem: 19412
I20260723 13:07:30 3064273 dinov2 helpers.py:102] Training  [3870/7500]  eta: 0:21:51  lr: 0.0001 (0.0002)  wd: 0.2283 (0.1091)  mom: 0.9962 (0.9935)  last_layer_lr: 0.0001 (0.0002)  current_batch_size: 64.0000 (64.0000)  total_loss: 8.2752 (8.4906)  teacher_entropy_ratio: 0.9999 (0.9959)  dino_local_crops_loss: 6.7775 (6.7625)  dino_global_crops_loss: 0.8472 (0.8454)  ibot_loss: 0.6506 (0.8828)  time: 0.355250  data: 0.011640  max mem: 19412
I20260723 13:07:34 3064273 dinov2 helpers.py:102] Training  [3880/7500]  eta: 0:21:47  lr: 0.0001 (0.0002)  wd: 0.2290 (0.1094)  mom: 0.9962 (0.9935)  last_layer_lr: 0.0001 (0.0002)  current_batch_size: 64.0000 (64.0000)  total_loss: 8.2752 (8.4901)  teacher_entropy_ratio: 0.9999 (0.9959)  dino_local_crops_loss: 6.7775 (6.7625)  dino_global_crops_loss: 0.8472 (0.8454)  ibot_loss: 0.6506 (0.8822)  time: 0.363656  data: 0.016366  max mem: 19412
I20260723 13:07:38 3064273 dinov2 helpers.py:102] Training  [3890/7500]  eta: 0:21:43  lr: 0.0001 (0.0002)  wd: 0.2298 (0.1097)  mom: 0.9962 (0.9935)  last_layer_lr: 0.0001 (0.0002)  current_batch_size: 64.0000 (64.0000)  total_loss: 8.2825 (8.4896)  teacher_entropy_ratio: 0.9999 (0.9959)  dino_local_crops_loss: 6.7775 (6.7625)  dino_global_crops_loss: 0.8472 (0.8454)  ibot_loss: 0.6579 (0.8816)  time: 0.366610  data: 0.017428  max mem: 19412
I20260723 13:07:41 3064273 dinov2 helpers.py:102] Training  [3900/7500]  eta: 0:21:40  lr: 0.0001 (0.0002)  wd: 0.2305 (0.1100)  mom: 0.9962 (0.9936)  last_layer_lr: 0.0001 (0.0002)  current_batch_size: 64.0000 (64.0000)  total_loss: 8.2826 (8.4890)  teacher_entropy_ratio: 0.9999 (0.9959)  dino_local_crops_loss: 6.7775 (6.7626)  dino_global_crops_loss: 0.8472 (0.8454)  ibot_loss: 0.6579 (0.8811)  time: 0.359072  data: 0.017283  max mem: 19412
I20260723 13:07:45 3064273 dinov2 helpers.py:102] Training  [3910/7500]  eta: 0:21:36  lr: 0.0001 (0.0002)  wd: 0.2313 (0.1104)  mom: 0.9963 (0.9936)  last_layer_lr: 0.0001 (0.0002)  current_batch_size: 64.0000 (64.0000)  total_loss: 8.2841 (8.4885)  teacher_entropy_ratio: 0.9999 (0.9959)  dino_local_crops_loss: 6.7775 (6.7626)  dino_global_crops_loss: 0.8472 (0.8454)  ibot_loss: 0.6594 (0.8805)  time: 0.360366  data: 0.015478  max mem: 19412
I20260723 13:07:48 3064273 dinov2 helpers.py:102] Training  [3920/7500]  eta: 0:21:32  lr: 0.0001 (0.0002)  wd: 0.2321 (0.1107)  mom: 0.9963 (0.9936)  last_layer_lr: 0.0001 (0.0002)  current_batch_size: 64.0000 (64.0000)  total_loss: 8.2698 (8.4880)  teacher_entropy_ratio: 0.9999 (0.9959)  dino_local_crops_loss: 6.7775 (6.7627)  dino_global_crops_loss: 0.8472 (0.8454)  ibot_loss: 0.6452 (0.8799)  time: 0.348384  data: 0.003474  max mem: 19412
I20260723 13:07:52 3064273 dinov2 helpers.py:102] Training  [3930/7500]  eta: 0:21:29  lr: 0.0001 (0.0002)  wd: 0.2328 (0.1110)  mom: 0.9963 (0.9936)  last_layer_lr: 0.0001 (0.0002)  current_batch_size: 64.0000 (64.0000)  total_loss: 8.2686 (8.4874)  teacher_entropy_ratio: 0.9999 (0.9959)  dino_local_crops_loss: 6.7775 (6.7627)  dino_global_crops_loss: 0.8472 (0.8454)  ibot_loss: 0.6439 (0.8793)  time: 0.354996  data: 0.008246  max mem: 19412
I20260723 13:07:55 3064273 dinov2 helpers.py:102] Training  [3940/7500]  eta: 0:21:25  lr: 0.0001 (0.0002)  wd: 0.2336 (0.1113)  mom: 0.9963 (0.9936)  last_layer_lr: 0.0001 (0.0002)  current_batch_size: 64.0000 (64.0000)  total_loss: 8.2751 (8.4869)  teacher_entropy_ratio: 0.9999 (0.9959)  dino_local_crops_loss: 6.7775 (6.7627)  dino_global_crops_loss: 0.8472 (0.8454)  ibot_loss: 0.6505 (0.8788)  time: 0.361020  data: 0.010899  max mem: 19412
I20260723 13:07:59 3064273 dinov2 helpers.py:102] Training  [3950/7500]  eta: 0:21:21  lr: 0.0001 (0.0002)  wd: 0.2343 (0.1116)  mom: 0.9963 (0.9936)  last_layer_lr: 0.0001 (0.0002)  current_batch_size: 64.0000 (64.0000)  total_loss: 8.2988 (8.4864)  teacher_entropy_ratio: 0.9999 (0.9959)  dino_local_crops_loss: 6.7775 (6.7628)  dino_global_crops_loss: 0.8472 (0.8454)  ibot_loss: 0.6742 (0.8783)  time: 0.347637  data: 0.003495  max mem: 19412
I20260723 13:08:03 3064273 dinov2 helpers.py:102] Training  [3960/7500]  eta: 0:21:18  lr: 0.0001 (0.0002)  wd: 0.2351 (0.1119)  mom: 0.9963 (0.9936)  last_layer_lr: 0.0001 (0.0002)  current_batch_size: 64.0000 (64.0000)  total_loss: 8.2881 (8.4859)  teacher_entropy_ratio: 0.9999 (0.9959)  dino_local_crops_loss: 6.7775 (6.7628)  dino_global_crops_loss: 0.8472 (0.8454)  ibot_loss: 0.6634 (0.8777)  time: 0.364936  data: 0.020215  max mem: 19412
I20260723 13:08:06 3064273 dinov2 helpers.py:102] Training  [3970/7500]  eta: 0:21:14  lr: 0.0001 (0.0002)  wd: 0.2358 (0.1122)  mom: 0.9964 (0.9936)  last_layer_lr: 0.0001 (0.0002)  current_batch_size: 64.0000 (64.0000)  total_loss: 8.2805 (8.4854)  teacher_entropy_ratio: 0.9999 (0.9960)  dino_local_crops_loss: 6.7775 (6.7628)  dino_global_crops_loss: 0.8472 (0.8454)  ibot_loss: 0.6558 (0.8772)  time: 0.375422  data: 0.028411  max mem: 19412
I20260723 13:08:10 3064273 dinov2 helpers.py:102] Training  [3980/7500]  eta: 0:21:11  lr: 0.0001 (0.0002)  wd: 0.2366 (0.1125)  mom: 0.9964 (0.9936)  last_layer_lr: 0.0001 (0.0002)  current_batch_size: 64.0000 (64.0000)  total_loss: 8.2737 (8.4849)  teacher_entropy_ratio: 0.9999 (0.9960)  dino_local_crops_loss: 6.7775 (6.7629)  dino_global_crops_loss: 0.8472 (0.8454)  ibot_loss: 0.6490 (0.8766)  time: 0.351298  data: 0.008842  max mem: 19412
I20260723 13:08:13 3064273 dinov2 helpers.py:102] Training  [3990/7500]  eta: 0:21:07  lr: 0.0001 (0.0002)  wd: 0.2373 (0.1129)  mom: 0.9964 (0.9936)  last_layer_lr: 0.0001 (0.0002)  current_batch_size: 64.0000 (64.0000)  total_loss: 8.2863 (8.4844)  teacher_entropy_ratio: 0.9999 (0.9960)  dino_local_crops_loss: 6.7775 (6.7629)  dino_global_crops_loss: 0.8472 (0.8454)  ibot_loss: 0.6616 (0.8761)  time: 0.343606  data: 0.000601  max mem: 19412
I20260723 13:08:17 3064273 dinov2 helpers.py:102] Training  [4000/7500]  eta: 0:21:03  lr: 0.0001 (0.0002)  wd: 0.2381 (0.1132)  mom: 0.9964 (0.9936)  last_layer_lr: 0.0001 (0.0002)  current_batch_size: 64.0000 (64.0000)  total_loss: 8.2863 (8.4839)  teacher_entropy_ratio: 0.9999 (0.9960)  dino_local_crops_loss: 6.7775 (6.7630)  dino_global_crops_loss: 0.8472 (0.8454)  ibot_loss: 0.6616 (0.8755)  time: 0.345659  data: 0.000899  max mem: 19412
I20260723 13:08:20 3064273 dinov2 helpers.py:102] Training  [4010/7500]  eta: 0:20:59  lr: 0.0001 (0.0002)  wd: 0.2388 (0.1135)  mom: 0.9964 (0.9936)  last_layer_lr: 0.0001 (0.0002)  current_batch_size: 64.0000 (64.0000)  total_loss: 8.2845 (8.4834)  teacher_entropy_ratio: 0.9999 (0.9960)  dino_local_crops_loss: 6.7775 (6.7630)  dino_global_crops_loss: 0.8472 (0.8454)  ibot_loss: 0.6599 (0.8750)  time: 0.347738  data: 0.005711  max mem: 19412
I20260723 13:08:24 3064273 dinov2 helpers.py:102] Training  [4020/7500]  eta: 0:20:56  lr: 0.0001 (0.0002)  wd: 0.2396 (0.1138)  mom: 0.9964 (0.9936)  last_layer_lr: 0.0001 (0.0002)  current_batch_size: 64.0000 (64.0000)  total_loss: 8.2852 (8.4829)  teacher_entropy_ratio: 0.9999 (0.9960)  dino_local_crops_loss: 6.7775 (6.7630)  dino_global_crops_loss: 0.8472 (0.8454)  ibot_loss: 0.6606 (0.8744)  time: 0.346733  data: 0.008210  max mem: 19412
I20260723 13:08:27 3064273 dinov2 helpers.py:102] Training  [4030/7500]  eta: 0:20:52  lr: 0.0001 (0.0002)  wd: 0.2403 (0.1141)  mom: 0.9965 (0.9936)  last_layer_lr: 0.0001 (0.0002)  current_batch_size: 64.0000 (64.0000)  total_loss: 8.2815 (8.4824)  teacher_entropy_ratio: 0.9999 (0.9960)  dino_local_crops_loss: 6.7775 (6.7631)  dino_global_crops_loss: 0.8472 (0.8454)  ibot_loss: 0.6569 (0.8739)  time: 0.342915  data: 0.003266  max mem: 19412
I20260723 13:08:31 3064273 dinov2 helpers.py:102] Training  [4040/7500]  eta: 0:20:48  lr: 0.0001 (0.0002)  wd: 0.2411 (0.1144)  mom: 0.9965 (0.9937)  last_layer_lr: 0.0001 (0.0002)  current_batch_size: 64.0000 (64.0000)  total_loss: 8.2703 (8.4818)  teacher_entropy_ratio: 0.9999 (0.9960)  dino_local_crops_loss: 6.7775 (6.7631)  dino_global_crops_loss: 0.8472 (0.8454)  ibot_loss: 0.6456 (0.8733)  time: 0.350910  data: 0.000646  max mem: 19412
I20260723 13:08:34 3064273 fvcore.common.checkpoint __init__.py:109] Saving checkpoint to /sci/labs/arieljaffe/dan.abergel1/runs/brain/h_lowlr/model_0004049.rank_0.pth
I20260723 13:08:35 3064273 dinov2 helpers.py:102] Training  [4050/7500]  eta: 0:20:46  lr: 0.0001 (0.0002)  wd: 0.2418 (0.1147)  mom: 0.9965 (0.9937)  last_layer_lr: 0.0001 (0.0002)  current_batch_size: 64.0000 (64.0000)  total_loss: 8.2610 (8.4813)  teacher_entropy_ratio: 0.9999 (0.9960)  dino_local_crops_loss: 6.7775 (6.7631)  dino_global_crops_loss: 0.8472 (0.8454)  ibot_loss: 0.6364 (0.8727)  time: 0.410771  data: 0.000675  max mem: 19412
I20260723 13:08:39 3064273 dinov2 helpers.py:102] Training  [4060/7500]  eta: 0:20:42  lr: 0.0001 (0.0002)  wd: 0.2426 (0.1151)  mom: 0.9965 (0.9937)  last_layer_lr: 0.0001 (0.0002)  current_batch_size: 64.0000 (64.0000)  total_loss: 8.2897 (8.4808)  teacher_entropy_ratio: 0.9999 (0.9960)  dino_local_crops_loss: 6.7775 (6.7632)  dino_global_crops_loss: 0.8472 (0.8454)  ibot_loss: 0.6651 (0.8722)  time: 0.406426  data: 0.000500  max mem: 19412
I20260723 13:08:42 3064273 dinov2 helpers.py:102] Training  [4070/7500]  eta: 0:20:38  lr: 0.0001 (0.0002)  wd: 0.2433 (0.1154)  mom: 0.9965 (0.9937)  last_layer_lr: 0.0001 (0.0002)  current_batch_size: 64.0000 (64.0000)  total_loss: 8.2905 (8.4803)  teacher_entropy_ratio: 0.9999 (0.9961)  dino_local_crops_loss: 6.7775 (6.7632)  dino_global_crops_loss: 0.8472 (0.8454)  ibot_loss: 0.6659 (0.8717)  time: 0.346840  data: 0.000642  max mem: 19412
I20260723 13:08:46 3064273 dinov2 helpers.py:102] Training  [4080/7500]  eta: 0:20:34  lr: 0.0001 (0.0002)  wd: 0.2441 (0.1157)  mom: 0.9965 (0.9937)  last_layer_lr: 0.0001 (0.0002)  current_batch_size: 64.0000 (64.0000)  total_loss: 8.2789 (8.4798)  teacher_entropy_ratio: 0.9999 (0.9961)  dino_local_crops_loss: 6.7775 (6.7632)  dino_global_crops_loss: 0.8472 (0.8454)  ibot_loss: 0.6542 (0.8712)  time: 0.344440  data: 0.000618  max mem: 19412
I20260723 13:08:49 3064273 dinov2 helpers.py:102] Training  [4090/7500]  eta: 0:20:31  lr: 0.0001 (0.0002)  wd: 0.2448 (0.1160)  mom: 0.9966 (0.9937)  last_layer_lr: 0.0001 (0.0002)  current_batch_size: 64.0000 (64.0000)  total_loss: 8.2529 (8.4793)  teacher_entropy_ratio: 0.9999 (0.9961)  dino_local_crops_loss: 6.7775 (6.7633)  dino_global_crops_loss: 0.8472 (0.8454)  ibot_loss: 0.6282 (0.8706)  time: 0.345905  data: 0.000469  max mem: 19412
I20260723 13:08:53 3064273 dinov2 helpers.py:102] Training  [4100/7500]  eta: 0:20:27  lr: 0.0001 (0.0002)  wd: 0.2455 (0.1163)  mom: 0.9966 (0.9937)  last_layer_lr: 0.0001 (0.0002)  current_batch_size: 64.0000 (64.0000)  total_loss: 8.2558 (8.4788)  teacher_entropy_ratio: 0.9999 (0.9961)  dino_local_crops_loss: 6.7775 (6.7633)  dino_global_crops_loss: 0.8472 (0.8455)  ibot_loss: 0.6312 (0.8700)  time: 0.346278  data: 0.000685  max mem: 19412
I20260723 13:08:56 3064273 dinov2 helpers.py:102] Training  [4110/7500]  eta: 0:20:23  lr: 0.0001 (0.0002)  wd: 0.2463 (0.1166)  mom: 0.9966 (0.9937)  last_layer_lr: 0.0001 (0.0002)  current_batch_size: 64.0000 (64.0000)  total_loss: 8.2690 (8.4783)  teacher_entropy_ratio: 0.9999 (0.9961)  dino_local_crops_loss: 6.7775 (6.7633)  dino_global_crops_loss: 0.8472 (0.8455)  ibot_loss: 0.6444 (0.8695)  time: 0.343611  data: 0.000491  max mem: 19412
I20260723 13:09:00 3064273 dinov2 helpers.py:102] Training  [4120/7500]  eta: 0:20:19  lr: 0.0001 (0.0002)  wd: 0.2470 (0.1170)  mom: 0.9966 (0.9937)  last_layer_lr: 0.0001 (0.0002)  current_batch_size: 64.0000 (64.0000)  total_loss: 8.2768 (8.4778)  teacher_entropy_ratio: 0.9999 (0.9961)  dino_local_crops_loss: 6.7775 (6.7634)  dino_global_crops_loss: 0.8472 (0.8455)  ibot_loss: 0.6522 (0.8690)  time: 0.347163  data: 0.000485  max mem: 19412
I20260723 13:09:03 3064273 dinov2 helpers.py:102] Training  [4130/7500]  eta: 0:20:16  lr: 0.0001 (0.0002)  wd: 0.2478 (0.1173)  mom: 0.9966 (0.9937)  last_layer_lr: 0.0001 (0.0002)  current_batch_size: 64.0000 (64.0000)  total_loss: 8.2819 (8.4773)  teacher_entropy_ratio: 0.9999 (0.9961)  dino_local_crops_loss: 6.7775 (6.7634)  dino_global_crops_loss: 0.8472 (0.8455)  ibot_loss: 0.6572 (0.8684)  time: 0.349502  data: 0.000500  max mem: 19412
I20260723 13:09:07 3064273 dinov2 helpers.py:102] Training  [4140/7500]  eta: 0:20:12  lr: 0.0001 (0.0002)  wd: 0.2485 (0.1176)  mom: 0.9966 (0.9937)  last_layer_lr: 0.0001 (0.0002)  current_batch_size: 64.0000 (64.0000)  total_loss: 8.2654 (8.4768)  teacher_entropy_ratio: 0.9999 (0.9961)  dino_local_crops_loss: 6.7775 (6.7634)  dino_global_crops_loss: 0.8472 (0.8455)  ibot_loss: 0.6408 (0.8679)  time: 0.347453  data: 0.003031  max mem: 19412
I20260723 13:09:10 3064273 dinov2 helpers.py:102] Training  [4150/7500]  eta: 0:20:08  lr: 0.0001 (0.0002)  wd: 0.2493 (0.1179)  mom: 0.9967 (0.9937)  last_layer_lr: 0.0001 (0.0002)  current_batch_size: 64.0000 (64.0000)  total_loss: 8.2679 (8.4763)  teacher_entropy_ratio: 0.9999 (0.9961)  dino_local_crops_loss: 6.7775 (6.7635)  dino_global_crops_loss: 0.8472 (0.8455)  ibot_loss: 0.6433 (0.8673)  time: 0.346583  data: 0.003219  max mem: 19412
I20260723 13:09:14 3064273 dinov2 helpers.py:102] Training  [4160/7500]  eta: 0:20:05  lr: 0.0001 (0.0002)  wd: 0.2500 (0.1182)  mom: 0.9967 (0.9937)  last_layer_lr: 0.0001 (0.0002)  current_batch_size: 64.0000 (64.0000)  total_loss: 8.2793 (8.4758)  teacher_entropy_ratio: 0.9999 (0.9961)  dino_local_crops_loss: 6.7775 (6.7635)  dino_global_crops_loss: 0.8472 (0.8455)  ibot_loss: 0.6546 (0.8668)  time: 0.347393  data: 0.000806  max mem: 19412
I20260723 13:09:17 3064273 dinov2 helpers.py:102] Training  [4170/7500]  eta: 0:20:01  lr: 0.0001 (0.0002)  wd: 0.2508 (0.1185)  mom: 0.9967 (0.9937)  last_layer_lr: 0.0001 (0.0002)  current_batch_size: 64.0000 (64.0000)  total_loss: 8.2804 (8.4753)  teacher_entropy_ratio: 0.9999 (0.9961)  dino_local_crops_loss: 6.7775 (6.7635)  dino_global_crops_loss: 0.8472 (0.8455)  ibot_loss: 0.6558 (0.8663)  time: 0.353196  data: 0.008496  max mem: 19412
I20260723 13:09:21 3064273 dinov2 helpers.py:102] Training  [4180/7500]  eta: 0:19:57  lr: 0.0001 (0.0002)  wd: 0.2515 (0.1189)  mom: 0.9967 (0.9938)  last_layer_lr: 0.0001 (0.0002)  current_batch_size: 64.0000 (64.0000)  total_loss: 8.2595 (8.4748)  teacher_entropy_ratio: 0.9999 (0.9962)  dino_local_crops_loss: 6.7775 (6.7636)  dino_global_crops_loss: 0.8472 (0.8455)  ibot_loss: 0.6348 (0.8657)  time: 0.359185  data: 0.014755  max mem: 19412
I20260723 13:09:24 3064273 dinov2 helpers.py:102] Training  [4190/7500]  eta: 0:19:54  lr: 0.0001 (0.0002)  wd: 0.2522 (0.1192)  mom: 0.9967 (0.9938)  last_layer_lr: 0.0001 (0.0002)  current_batch_size: 64.0000 (64.0000)  total_loss: 8.2574 (8.4743)  teacher_entropy_ratio: 0.9999 (0.9962)  dino_local_crops_loss: 6.7775 (6.7636)  dino_global_crops_loss: 0.8472 (0.8455)  ibot_loss: 0.6328 (0.8652)  time: 0.356177  data: 0.007370  max mem: 19412
I20260723 13:09:28 3064273 dinov2 helpers.py:102] Training  [4200/7500]  eta: 0:19:50  lr: 0.0001 (0.0002)  wd: 0.2530 (0.1195)  mom: 0.9967 (0.9938)  last_layer_lr: 0.0001 (0.0002)  current_batch_size: 64.0000 (64.0000)  total_loss: 8.2418 (8.4737)  teacher_entropy_ratio: 0.9999 (0.9962)  dino_local_crops_loss: 6.7775 (6.7636)  dino_global_crops_loss: 0.8472 (0.8455)  ibot_loss: 0.6171 (0.8645)  time: 0.346609  data: 0.000803  max mem: 19412
I20260723 13:09:31 3064273 dinov2 helpers.py:102] Training  [4210/7500]  eta: 0:19:46  lr: 0.0001 (0.0002)  wd: 0.2537 (0.1198)  mom: 0.9967 (0.9938)  last_layer_lr: 0.0001 (0.0002)  current_batch_size: 64.0000 (64.0000)  total_loss: 8.2334 (8.4732)  teacher_entropy_ratio: 0.9999 (0.9962)  dino_local_crops_loss: 6.7775 (6.7637)  dino_global_crops_loss: 0.8472 (0.8455)  ibot_loss: 0.6087 (0.8640)  time: 0.348248  data: 0.000689  max mem: 19412
I20260723 13:09:35 3064273 dinov2 helpers.py:102] Training  [4220/7500]  eta: 0:19:43  lr: 0.0001 (0.0002)  wd: 0.2545 (0.1201)  mom: 0.9968 (0.9938)  last_layer_lr: 0.0001 (0.0002)  current_batch_size: 64.0000 (64.0000)  total_loss: 8.2752 (8.4727)  teacher_entropy_ratio: 0.9999 (0.9962)  dino_local_crops_loss: 6.7775 (6.7637)  dino_global_crops_loss: 0.8472 (0.8455)  ibot_loss: 0.6506 (0.8635)  time: 0.356748  data: 0.004338  max mem: 19412
I20260723 13:09:38 3064273 dinov2 helpers.py:102] Training  [4230/7500]  eta: 0:19:39  lr: 0.0001 (0.0002)  wd: 0.2552 (0.1205)  mom: 0.9968 (0.9938)  last_layer_lr: 0.0001 (0.0002)  current_batch_size: 64.0000 (64.0000)  total_loss: 8.2668 (8.4722)  teacher_entropy_ratio: 0.9999 (0.9962)  dino_local_crops_loss: 6.7775 (6.7637)  dino_global_crops_loss: 0.8472 (0.8455)  ibot_loss: 0.6422 (0.8630)  time: 0.362899  data: 0.009767  max mem: 19412
I20260723 13:09:42 3064273 dinov2 helpers.py:102] Training  [4240/7500]  eta: 0:19:35  lr: 0.0001 (0.0002)  wd: 0.2559 (0.1208)  mom: 0.9968 (0.9938)  last_layer_lr: 0.0001 (0.0002)  current_batch_size: 64.0000 (64.0000)  total_loss: 8.2369 (8.4717)  teacher_entropy_ratio: 0.9999 (0.9962)  dino_local_crops_loss: 6.7775 (6.7638)  dino_global_crops_loss: 0.8472 (0.8455)  ibot_loss: 0.6122 (0.8624)  time: 0.357349  data: 0.006677  max mem: 19412
I20260723 13:09:45 3064273 dinov2 helpers.py:102] Training  [4250/7500]  eta: 0:19:32  lr: 0.0001 (0.0002)  wd: 0.2567 (0.1211)  mom: 0.9968 (0.9938)  last_layer_lr: 0.0001 (0.0002)  current_batch_size: 64.0000 (64.0000)  total_loss: 8.2369 (8.4711)  teacher_entropy_ratio: 0.9999 (0.9962)  dino_local_crops_loss: 6.7775 (6.7638)  dino_global_crops_loss: 0.8472 (0.8455)  ibot_loss: 0.6122 (0.8618)  time: 0.347964  data: 0.000839  max mem: 19412
I20260723 13:09:49 3064273 dinov2 helpers.py:102] Training  [4260/7500]  eta: 0:19:28  lr: 0.0001 (0.0002)  wd: 0.2574 (0.1214)  mom: 0.9968 (0.9938)  last_layer_lr: 0.0001 (0.0002)  current_batch_size: 64.0000 (64.0000)  total_loss: 8.2579 (8.4706)  teacher_entropy_ratio: 0.9999 (0.9962)  dino_local_crops_loss: 6.7775 (6.7638)  dino_global_crops_loss: 0.8472 (0.8455)  ibot_loss: 0.6332 (0.8613)  time: 0.345832  data: 0.000463  max mem: 19412
I20260723 13:09:53 3064273 dinov2 helpers.py:102] Training  [4270/7500]  eta: 0:19:24  lr: 0.0001 (0.0002)  wd: 0.2582 (0.1217)  mom: 0.9968 (0.9938)  last_layer_lr: 0.0001 (0.0002)  current_batch_size: 64.0000 (64.0000)  total_loss: 8.2579 (8.4701)  teacher_entropy_ratio: 0.9999 (0.9962)  dino_local_crops_loss: 6.7775 (6.7639)  dino_global_crops_loss: 0.8472 (0.8455)  ibot_loss: 0.6332 (0.8607)  time: 0.359971  data: 0.015006  max mem: 19412
I20260723 13:09:56 3064273 dinov2 helpers.py:102] Training  [4280/7500]  eta: 0:19:21  lr: 0.0001 (0.0002)  wd: 0.2589 (0.1221)  mom: 0.9969 (0.9938)  last_layer_lr: 0.0001 (0.0002)  current_batch_size: 64.0000 (64.0000)  total_loss: 8.2656 (8.4697)  teacher_entropy_ratio: 0.9999 (0.9962)  dino_local_crops_loss: 6.7775 (6.7639)  dino_global_crops_loss: 0.8472 (0.8455)  ibot_loss: 0.6409 (0.8602)  time: 0.364212  data: 0.019603  max mem: 19412
I20260723 13:10:00 3064273 dinov2 helpers.py:102] Training  [4290/7500]  eta: 0:19:17  lr: 0.0001 (0.0002)  wd: 0.2596 (0.1224)  mom: 0.9969 (0.9938)  last_layer_lr: 0.0001 (0.0002)  current_batch_size: 64.0000 (64.0000)  total_loss: 8.2553 (8.4691)  teacher_entropy_ratio: 0.9999 (0.9963)  dino_local_crops_loss: 6.7775 (6.7639)  dino_global_crops_loss: 0.8472 (0.8455)  ibot_loss: 0.6306 (0.8597)  time: 0.376380  data: 0.025473  max mem: 19412
I20260723 13:10:04 3064273 dinov2 helpers.py:102] Training  [4300/7500]  eta: 0:19:14  lr: 0.0001 (0.0002)  wd: 0.2604 (0.1227)  mom: 0.9969 (0.9938)  last_layer_lr: 0.0001 (0.0002)  current_batch_size: 64.0000 (64.0000)  total_loss: 8.2356 (8.4686)  teacher_entropy_ratio: 0.9999 (0.9963)  dino_local_crops_loss: 6.7775 (6.7640)  dino_global_crops_loss: 0.8472 (0.8455)  ibot_loss: 0.6109 (0.8591)  time: 0.381755  data: 0.020843  max mem: 19412
I20260723 13:10:07 3064273 dinov2 helpers.py:102] Training  [4310/7500]  eta: 0:19:10  lr: 0.0001 (0.0002)  wd: 0.2611 (0.1230)  mom: 0.9969 (0.9938)  last_layer_lr: 0.0001 (0.0002)  current_batch_size: 64.0000 (64.0000)  total_loss: 8.2400 (8.4681)  teacher_entropy_ratio: 0.9999 (0.9963)  dino_local_crops_loss: 6.7775 (6.7640)  dino_global_crops_loss: 0.8472 (0.8455)  ibot_loss: 0.6153 (0.8585)  time: 0.356950  data: 0.000655  max mem: 19412
I20260723 13:10:11 3064273 dinov2 helpers.py:102] Training  [4320/7500]  eta: 0:19:07  lr: 0.0001 (0.0002)  wd: 0.2618 (0.1234)  mom: 0.9969 (0.9939)  last_layer_lr: 0.0001 (0.0002)  current_batch_size: 64.0000 (64.0000)  total_loss: 8.2436 (8.4676)  teacher_entropy_ratio: 0.9999 (0.9963)  dino_local_crops_loss: 6.7775 (6.7640)  dino_global_crops_loss: 0.8472 (0.8455)  ibot_loss: 0.6189 (0.8580)  time: 0.357105  data: 0.003627  max mem: 19412
I20260723 13:10:15 3064273 dinov2 helpers.py:102] Training  [4330/7500]  eta: 0:19:03  lr: 0.0001 (0.0002)  wd: 0.2626 (0.1237)  mom: 0.9969 (0.9939)  last_layer_lr: 0.0001 (0.0002)  current_batch_size: 64.0000 (64.0000)  total_loss: 8.2642 (8.4671)  teacher_entropy_ratio: 0.9999 (0.9963)  dino_local_crops_loss: 6.7775 (6.7641)  dino_global_crops_loss: 0.8472 (0.8455)  ibot_loss: 0.6396 (0.8575)  time: 0.363225  data: 0.008572  max mem: 19412
I20260723 13:10:18 3064273 dinov2 helpers.py:102] Training  [4340/7500]  eta: 0:18:59  lr: 0.0001 (0.0002)  wd: 0.2633 (0.1240)  mom: 0.9970 (0.9939)  last_layer_lr: 0.0001 (0.0002)  current_batch_size: 64.0000 (64.0000)  total_loss: 8.2482 (8.4666)  teacher_entropy_ratio: 0.9999 (0.9963)  dino_local_crops_loss: 6.7775 (6.7641)  dino_global_crops_loss: 0.8472 (0.8455)  ibot_loss: 0.6235 (0.8570)  time: 0.357077  data: 0.011801  max mem: 19412
I20260723 13:10:22 3064273 dinov2 helpers.py:102] Training  [4350/7500]  eta: 0:18:56  lr: 0.0001 (0.0002)  wd: 0.2640 (0.1243)  mom: 0.9970 (0.9939)  last_layer_lr: 0.0001 (0.0002)  current_batch_size: 64.0000 (64.0000)  total_loss: 8.2361 (8.4661)  teacher_entropy_ratio: 0.9999 (0.9963)  dino_local_crops_loss: 6.7775 (6.7641)  dino_global_crops_loss: 0.8472 (0.8456)  ibot_loss: 0.6114 (0.8564)  time: 0.356949  data: 0.015698  max mem: 19412
I20260723 13:10:26 3064273 dinov2 helpers.py:102] Training  [4360/7500]  eta: 0:18:52  lr: 0.0001 (0.0002)  wd: 0.2648 (0.1246)  mom: 0.9970 (0.9939)  last_layer_lr: 0.0001 (0.0002)  current_batch_size: 64.0000 (64.0000)  total_loss: 8.2535 (8.4656)  teacher_entropy_ratio: 0.9999 (0.9963)  dino_local_crops_loss: 6.7775 (6.7642)  dino_global_crops_loss: 0.8472 (0.8456)  ibot_loss: 0.6289 (0.8559)  time: 0.381874  data: 0.031759  max mem: 19412
I20260723 13:10:29 3064273 dinov2 helpers.py:102] Training  [4370/7500]  eta: 0:18:49  lr: 0.0001 (0.0002)  wd: 0.2655 (0.1250)  mom: 0.9970 (0.9939)  last_layer_lr: 0.0001 (0.0002)  current_batch_size: 64.0000 (64.0000)  total_loss: 8.2455 (8.4651)  teacher_entropy_ratio: 0.9999 (0.9963)  dino_local_crops_loss: 6.7775 (6.7642)  dino_global_crops_loss: 0.8472 (0.8456)  ibot_loss: 0.6208 (0.8553)  time: 0.373347  data: 0.022921  max mem: 19412
I20260723 13:10:33 3064273 dinov2 helpers.py:102] Training  [4380/7500]  eta: 0:18:45  lr: 0.0001 (0.0002)  wd: 0.2662 (0.1253)  mom: 0.9970 (0.9939)  last_layer_lr: 0.0001 (0.0002)  current_batch_size: 64.0000 (64.0000)  total_loss: 8.2338 (8.4645)  teacher_entropy_ratio: 0.9999 (0.9963)  dino_local_crops_loss: 6.7775 (6.7642)  dino_global_crops_loss: 0.8472 (0.8456)  ibot_loss: 0.6091 (0.8548)  time: 0.345826  data: 0.000492  max mem: 19412
I20260723 13:10:36 3064273 dinov2 helpers.py:102] Training  [4390/7500]  eta: 0:18:41  lr: 0.0001 (0.0002)  wd: 0.2670 (0.1256)  mom: 0.9970 (0.9939)  last_layer_lr: 0.0001 (0.0002)  current_batch_size: 64.0000 (64.0000)  total_loss: 8.2197 (8.4640)  teacher_entropy_ratio: 0.9999 (0.9963)  dino_local_crops_loss: 6.7775 (6.7642)  dino_global_crops_loss: 0.8472 (0.8456)  ibot_loss: 0.5950 (0.8541)  time: 0.355323  data: 0.002526  max mem: 19412
I20260723 13:10:40 3064273 dinov2 helpers.py:102] Training  [4400/7500]  eta: 0:18:38  lr: 0.0001 (0.0002)  wd: 0.2677 (0.1259)  mom: 0.9971 (0.9939)  last_layer_lr: 0.0001 (0.0002)  current_batch_size: 64.0000 (64.0000)  total_loss: 8.2138 (8.4634)  teacher_entropy_ratio: 0.9999 (0.9963)  dino_local_crops_loss: 6.7775 (6.7643)  dino_global_crops_loss: 0.8472 (0.8456)  ibot_loss: 0.5892 (0.8536)  time: 0.371514  data: 0.016502  max mem: 19412
I20260723 13:10:44 3064273 dinov2 helpers.py:102] Training  [4410/7500]  eta: 0:18:34  lr: 0.0001 (0.0002)  wd: 0.2684 (0.1263)  mom: 0.9971 (0.9939)  last_layer_lr: 0.0001 (0.0002)  current_batch_size: 64.0000 (64.0000)  total_loss: 8.2388 (8.4630)  teacher_entropy_ratio: 0.9999 (0.9964)  dino_local_crops_loss: 6.7775 (6.7643)  dino_global_crops_loss: 0.8472 (0.8456)  ibot_loss: 0.6141 (0.8531)  time: 0.373411  data: 0.021978  max mem: 19412
I20260723 13:10:47 3064273 dinov2 helpers.py:102] Training  [4420/7500]  eta: 0:18:31  lr: 0.0001 (0.0002)  wd: 0.2691 (0.1266)  mom: 0.9971 (0.9939)  last_layer_lr: 0.0001 (0.0002)  current_batch_size: 64.0000 (64.0000)  total_loss: 8.2510 (8.4624)  teacher_entropy_ratio: 0.9999 (0.9964)  dino_local_crops_loss: 6.7775 (6.7643)  dino_global_crops_loss: 0.8472 (0.8456)  ibot_loss: 0.6264 (0.8525)  time: 0.356704  data: 0.008173  max mem: 19412
I20260723 13:10:51 3064273 dinov2 helpers.py:102] Training  [4430/7500]  eta: 0:18:27  lr: 0.0001 (0.0002)  wd: 0.2699 (0.1269)  mom: 0.9971 (0.9939)  last_layer_lr: 0.0001 (0.0002)  current_batch_size: 64.0000 (64.0000)  total_loss: 8.2367 (8.4619)  teacher_entropy_ratio: 0.9999 (0.9964)  dino_local_crops_loss: 6.7775 (6.7644)  dino_global_crops_loss: 0.8472 (0.8456)  ibot_loss: 0.6121 (0.8520)  time: 0.349246  data: 0.003599  max mem: 19412
I20260723 13:10:54 3064273 dinov2 helpers.py:102] Training  [4440/7500]  eta: 0:18:23  lr: 0.0001 (0.0002)  wd: 0.2706 (0.1272)  mom: 0.9971 (0.9939)  last_layer_lr: 0.0001 (0.0002)  current_batch_size: 64.0000 (64.0000)  total_loss: 8.2334 (8.4614)  teacher_entropy_ratio: 0.9999 (0.9964)  dino_local_crops_loss: 6.7775 (6.7644)  dino_global_crops_loss: 0.8472 (0.8456)  ibot_loss: 0.6087 (0.8514)  time: 0.358729  data: 0.010507  max mem: 19412
I20260723 13:10:58 3064273 dinov2 helpers.py:102] Training  [4450/7500]  eta: 0:18:20  lr: 0.0001 (0.0002)  wd: 0.2713 (0.1276)  mom: 0.9971 (0.9939)  last_layer_lr: 0.0001 (0.0002)  current_batch_size: 64.0000 (64.0000)  total_loss: 8.2160 (8.4608)  teacher_entropy_ratio: 0.9999 (0.9964)  dino_local_crops_loss: 6.7775 (6.7644)  dino_global_crops_loss: 0.8472 (0.8456)  ibot_loss: 0.5914 (0.8508)  time: 0.358966  data: 0.011683  max mem: 19412
I20260723 13:11:02 3064273 dinov2 helpers.py:102] Training  [4460/7500]  eta: 0:18:16  lr: 0.0001 (0.0002)  wd: 0.2720 (0.1279)  mom: 0.9972 (0.9940)  last_layer_lr: 0.0001 (0.0002)  current_batch_size: 64.0000 (64.0000)  total_loss: 8.2158 (8.4603)  teacher_entropy_ratio: 0.9999 (0.9964)  dino_local_crops_loss: 6.7775 (6.7645)  dino_global_crops_loss: 0.8472 (0.8456)  ibot_loss: 0.5912 (0.8503)  time: 0.360173  data: 0.009003  max mem: 19412
I20260723 13:11:06 3064273 dinov2 helpers.py:102] Training  [4470/7500]  eta: 0:18:13  lr: 0.0001 (0.0002)  wd: 0.2727 (0.1282)  mom: 0.9972 (0.9940)  last_layer_lr: 0.0001 (0.0002)  current_batch_size: 64.0000 (64.0000)  total_loss: 8.2171 (8.4598)  teacher_entropy_ratio: 0.9999 (0.9964)  dino_local_crops_loss: 6.7775 (6.7645)  dino_global_crops_loss: 0.8472 (0.8456)  ibot_loss: 0.5925 (0.8497)  time: 0.377334  data: 0.019332  max mem: 19412
I20260723 13:11:09 3064273 dinov2 helpers.py:102] Training  [4480/7500]  eta: 0:18:09  lr: 0.0001 (0.0002)  wd: 0.2735 (0.1285)  mom: 0.9972 (0.9940)  last_layer_lr: 0.0001 (0.0002)  current_batch_size: 64.0000 (64.0000)  total_loss: 8.2384 (8.4593)  teacher_entropy_ratio: 0.9999 (0.9964)  dino_local_crops_loss: 6.7775 (6.7645)  dino_global_crops_loss: 0.8472 (0.8456)  ibot_loss: 0.6138 (0.8492)  time: 0.365981  data: 0.015413  max mem: 19412
I20260723 13:11:12 3064273 dinov2 helpers.py:102] Training  [4490/7500]  eta: 0:18:05  lr: 0.0001 (0.0002)  wd: 0.2742 (0.1289)  mom: 0.9972 (0.9940)  last_layer_lr: 0.0001 (0.0002)  current_batch_size: 64.0000 (64.0000)  total_loss: 8.2428 (8.4588)  teacher_entropy_ratio: 0.9999 (0.9964)  dino_local_crops_loss: 6.7775 (6.7645)  dino_global_crops_loss: 0.8472 (0.8456)  ibot_loss: 0.6181 (0.8487)  time: 0.342618  data: 0.000923  max mem: 19412
I20260723 13:11:16 3064273 fvcore.common.checkpoint __init__.py:109] Saving checkpoint to /sci/labs/arieljaffe/dan.abergel1/runs/brain/h_lowlr/model_0004499.rank_0.pth
I20260723 13:11:17 3064273 dinov2 helpers.py:102] Training  [4500/7500]  eta: 0:18:02  lr: 0.0001 (0.0002)  wd: 0.2749 (0.1292)  mom: 0.9972 (0.9940)  last_layer_lr: 0.0001 (0.0002)  current_batch_size: 64.0000 (64.0000)  total_loss: 8.2246 (8.4583)  teacher_entropy_ratio: 0.9999 (0.9964)  dino_local_crops_loss: 6.7775 (6.7646)  dino_global_crops_loss: 0.8472 (0.8456)  ibot_loss: 0.5999 (0.8481)  time: 0.407993  data: 0.000427  max mem: 19412
I20260723 13:11:21 3064273 dinov2 helpers.py:102] Training  [4510/7500]  eta: 0:17:59  lr: 0.0001 (0.0002)  wd: 0.2756 (0.1295)  mom: 0.9972 (0.9940)  last_layer_lr: 0.0001 (0.0002)  current_batch_size: 64.0000 (64.0000)  total_loss: 8.2087 (8.4577)  teacher_entropy_ratio: 0.9999 (0.9964)  dino_local_crops_loss: 6.7775 (6.7646)  dino_global_crops_loss: 0.8472 (0.8456)  ibot_loss: 0.5841 (0.8475)  time: 0.406347  data: 0.000462  max mem: 19412
I20260723 13:11:24 3064273 dinov2 helpers.py:102] Training  [4520/7500]  eta: 0:17:55  lr: 0.0001 (0.0002)  wd: 0.2763 (0.1298)  mom: 0.9973 (0.9940)  last_layer_lr: 0.0001 (0.0002)  current_batch_size: 64.0000 (64.0000)  total_loss: 8.2080 (8.4572)  teacher_entropy_ratio: 0.9999 (0.9964)  dino_local_crops_loss: 6.7775 (6.7646)  dino_global_crops_loss: 0.8472 (0.8456)  ibot_loss: 0.5834 (0.8470)  time: 0.342050  data: 0.000462  max mem: 19412
I20260723 13:11:27 3064273 dinov2 helpers.py:102] Training  [4530/7500]  eta: 0:17:51  lr: 0.0001 (0.0002)  wd: 0.2771 (0.1302)  mom: 0.9973 (0.9940)  last_layer_lr: 0.0001 (0.0002)  current_batch_size: 64.0000 (64.0000)  total_loss: 8.2151 (8.4567)  teacher_entropy_ratio: 0.9999 (0.9964)  dino_local_crops_loss: 6.7775 (6.7647)  dino_global_crops_loss: 0.8472 (0.8456)  ibot_loss: 0.5904 (0.8464)  time: 0.344480  data: 0.000434  max mem: 19412
I20260723 13:11:31 3064273 dinov2 helpers.py:102] Training  [4540/7500]  eta: 0:17:48  lr: 0.0001 (0.0002)  wd: 0.2778 (0.1305)  mom: 0.9973 (0.9940)  last_layer_lr: 0.0001 (0.0002)  current_batch_size: 64.0000 (64.0000)  total_loss: 8.2167 (8.4562)  teacher_entropy_ratio: 0.9999 (0.9965)  dino_local_crops_loss: 6.7775 (6.7647)  dino_global_crops_loss: 0.8472 (0.8456)  ibot_loss: 0.5921 (0.8459)  time: 0.353892  data: 0.000621  max mem: 19412
I20260723 13:11:35 3064273 dinov2 helpers.py:102] Training  [4550/7500]  eta: 0:17:44  lr: 0.0001 (0.0002)  wd: 0.2785 (0.1308)  mom: 0.9973 (0.9940)  last_layer_lr: 0.0001 (0.0002)  current_batch_size: 64.0000 (64.0000)  total_loss: 8.2149 (8.4556)  teacher_entropy_ratio: 0.9999 (0.9965)  dino_local_crops_loss: 6.7775 (6.7647)  dino_global_crops_loss: 0.8472 (0.8456)  ibot_loss: 0.5902 (0.8453)  time: 0.354916  data: 0.000594  max mem: 19412
I20260723 13:11:38 3064273 dinov2 helpers.py:102] Training  [4560/7500]  eta: 0:17:40  lr: 0.0001 (0.0002)  wd: 0.2792 (0.1311)  mom: 0.9973 (0.9940)  last_layer_lr: 0.0001 (0.0002)  current_batch_size: 64.0000 (64.0000)  total_loss: 8.2133 (8.4551)  teacher_entropy_ratio: 0.9999 (0.9965)  dino_local_crops_loss: 6.7775 (6.7647)  dino_global_crops_loss: 0.8472 (0.8456)  ibot_loss: 0.5887 (0.8447)  time: 0.345791  data: 0.000626  max mem: 19412
I20260723 13:11:42 3064273 dinov2 helpers.py:102] Training  [4570/7500]  eta: 0:17:37  lr: 0.0001 (0.0002)  wd: 0.2799 (0.1315)  mom: 0.9973 (0.9940)  last_layer_lr: 0.0001 (0.0002)  current_batch_size: 64.0000 (64.0000)  total_loss: 8.2173 (8.4545)  teacher_entropy_ratio: 0.9999 (0.9965)  dino_local_crops_loss: 6.7775 (6.7648)  dino_global_crops_loss: 0.8472 (0.8456)  ibot_loss: 0.5926 (0.8441)  time: 0.347842  data: 0.000681  max mem: 19412
I20260723 13:11:45 3064273 dinov2 helpers.py:102] Training  [4580/7500]  eta: 0:17:33  lr: 0.0001 (0.0002)  wd: 0.2806 (0.1318)  mom: 0.9973 (0.9940)  last_layer_lr: 0.0001 (0.0002)  current_batch_size: 64.0000 (64.0000)  total_loss: 8.2119 (8.4540)  teacher_entropy_ratio: 0.9999 (0.9965)  dino_local_crops_loss: 6.7775 (6.7648)  dino_global_crops_loss: 0.8472 (0.8456)  ibot_loss: 0.5872 (0.8436)  time: 0.350588  data: 0.000834  max mem: 19412
I20260723 13:11:49 3064273 dinov2 helpers.py:102] Training  [4590/7500]  eta: 0:17:29  lr: 0.0001 (0.0002)  wd: 0.2813 (0.1321)  mom: 0.9974 (0.9940)  last_layer_lr: 0.0001 (0.0002)  current_batch_size: 64.0000 (64.0000)  total_loss: 8.2105 (8.4535)  teacher_entropy_ratio: 0.9999 (0.9965)  dino_local_crops_loss: 6.7775 (6.7648)  dino_global_crops_loss: 0.8472 (0.8456)  ibot_loss: 0.5858 (0.8430)  time: 0.351288  data: 0.000748  max mem: 19412
I20260723 13:11:52 3064273 dinov2 helpers.py:102] Training  [4600/7500]  eta: 0:17:26  lr: 0.0001 (0.0002)  wd: 0.2820 (0.1324)  mom: 0.9974 (0.9941)  last_layer_lr: 0.0001 (0.0002)  current_batch_size: 64.0000 (64.0000)  total_loss: 8.2069 (8.4529)  teacher_entropy_ratio: 0.9999 (0.9965)  dino_local_crops_loss: 6.7775 (6.7649)  dino_global_crops_loss: 0.8472 (0.8456)  ibot_loss: 0.5823 (0.8424)  time: 0.350757  data: 0.000741  max mem: 19412
I20260723 13:11:56 3064273 dinov2 helpers.py:102] Training  [4610/7500]  eta: 0:17:22  lr: 0.0001 (0.0002)  wd: 0.2827 (0.1328)  mom: 0.9974 (0.9941)  last_layer_lr: 0.0001 (0.0002)  current_batch_size: 64.0000 (64.0000)  total_loss: 8.2069 (8.4524)  teacher_entropy_ratio: 0.9999 (0.9965)  dino_local_crops_loss: 6.7775 (6.7649)  dino_global_crops_loss: 0.8472 (0.8456)  ibot_loss: 0.5823 (0.8419)  time: 0.347907  data: 0.000991  max mem: 19412
I20260723 13:11:59 3064273 dinov2 helpers.py:102] Training  [4620/7500]  eta: 0:17:18  lr: 0.0001 (0.0002)  wd: 0.2834 (0.1331)  mom: 0.9974 (0.9941)  last_layer_lr: 0.0001 (0.0002)  current_batch_size: 64.0000 (64.0000)  total_loss: 8.2062 (8.4519)  teacher_entropy_ratio: 0.9999 (0.9965)  dino_local_crops_loss: 6.7775 (6.7649)  dino_global_crops_loss: 0.8472 (0.8456)  ibot_loss: 0.5816 (0.8413)  time: 0.348421  data: 0.000630  max mem: 19412
I20260723 13:12:02 3064273 dinov2 helpers.py:102] Training  [4630/7500]  eta: 0:17:14  lr: 0.0001 (0.0002)  wd: 0.2842 (0.1334)  mom: 0.9974 (0.9941)  last_layer_lr: 0.0001 (0.0002)  current_batch_size: 64.0000 (64.0000)  total_loss: 8.1982 (8.4513)  teacher_entropy_ratio: 0.9999 (0.9965)  dino_local_crops_loss: 6.7775 (6.7649)  dino_global_crops_loss: 0.8472 (0.8457)  ibot_loss: 0.5735 (0.8407)  time: 0.347687  data: 0.000743  max mem: 19412
I20260723 13:12:06 3064273 dinov2 helpers.py:102] Training  [4640/7500]  eta: 0:17:11  lr: 0.0001 (0.0002)  wd: 0.2849 (0.1338)  mom: 0.9974 (0.9941)  last_layer_lr: 0.0001 (0.0002)  current_batch_size: 64.0000 (64.0000)  total_loss: 8.2060 (8.4508)  teacher_entropy_ratio: 0.9999 (0.9965)  dino_local_crops_loss: 6.7775 (6.7650)  dino_global_crops_loss: 0.8472 (0.8457)  ibot_loss: 0.5813 (0.8402)  time: 0.340982  data: 0.000739  max mem: 19412
I20260723 13:12:09 3064273 dinov2 helpers.py:102] Training  [4650/7500]  eta: 0:17:07  lr: 0.0001 (0.0002)  wd: 0.2856 (0.1341)  mom: 0.9975 (0.9941)  last_layer_lr: 0.0001 (0.0002)  current_batch_size: 64.0000 (64.0000)  total_loss: 8.2089 (8.4503)  teacher_entropy_ratio: 0.9999 (0.9965)  dino_local_crops_loss: 6.7775 (6.7650)  dino_global_crops_loss: 0.8472 (0.8457)  ibot_loss: 0.5842 (0.8397)  time: 0.349570  data: 0.006241  max mem: 19412
I20260723 13:12:13 3064273 dinov2 helpers.py:102] Training  [4660/7500]  eta: 0:17:03  lr: 0.0001 (0.0002)  wd: 0.2863 (0.1344)  mom: 0.9975 (0.9941)  last_layer_lr: 0.0001 (0.0002)  current_batch_size: 64.0000 (64.0000)  total_loss: 8.2127 (8.4498)  teacher_entropy_ratio: 0.9999 (0.9965)  dino_local_crops_loss: 6.7775 (6.7650)  dino_global_crops_loss: 0.8472 (0.8457)  ibot_loss: 0.5880 (0.8392)  time: 0.355727  data: 0.006506  max mem: 19412
I20260723 13:12:17 3064273 dinov2 helpers.py:102] Training  [4670/7500]  eta: 0:17:00  lr: 0.0001 (0.0002)  wd: 0.2870 (0.1347)  mom: 0.9975 (0.9941)  last_layer_lr: 0.0001 (0.0002)  current_batch_size: 64.0000 (64.0000)  total_loss: 8.2071 (8.4493)  teacher_entropy_ratio: 1.0000 (0.9966)  dino_local_crops_loss: 6.7775 (6.7650)  dino_global_crops_loss: 0.8472 (0.8457)  ibot_loss: 0.5824 (0.8386)  time: 0.350239  data: 0.000587  max mem: 19412
I20260723 13:12:20 3064273 dinov2 helpers.py:102] Training  [4680/7500]  eta: 0:16:56  lr: 0.0001 (0.0002)  wd: 0.2877 (0.1351)  mom: 0.9975 (0.9941)  last_layer_lr: 0.0001 (0.0002)  current_batch_size: 64.0000 (64.0000)  total_loss: 8.1877 (8.4487)  teacher_entropy_ratio: 1.0000 (0.9966)  dino_local_crops_loss: 6.7775 (6.7651)  dino_global_crops_loss: 0.8472 (0.8457)  ibot_loss: 0.5630 (0.8380)  time: 0.351822  data: 0.000706  max mem: 19412
I20260723 13:12:23 3064273 dinov2 helpers.py:102] Training  [4690/7500]  eta: 0:16:52  lr: 0.0001 (0.0002)  wd: 0.2884 (0.1354)  mom: 0.9975 (0.9941)  last_layer_lr: 0.0001 (0.0002)  current_batch_size: 64.0000 (64.0000)  total_loss: 8.1967 (8.4482)  teacher_entropy_ratio: 1.0000 (0.9966)  dino_local_crops_loss: 6.7775 (6.7651)  dino_global_crops_loss: 0.8472 (0.8457)  ibot_loss: 0.5720 (0.8374)  time: 0.348985  data: 0.000826  max mem: 19412
I20260723 13:12:28 3064273 dinov2 helpers.py:102] Training  [4700/7500]  eta: 0:16:49  lr: 0.0001 (0.0002)  wd: 0.2891 (0.1357)  mom: 0.9975 (0.9941)  last_layer_lr: 0.0001 (0.0002)  current_batch_size: 64.0000 (64.0000)  total_loss: 8.1811 (8.4476)  teacher_entropy_ratio: 0.9999 (0.9966)  dino_local_crops_loss: 6.7775 (6.7651)  dino_global_crops_loss: 0.8472 (0.8457)  ibot_loss: 0.5564 (0.8368)  time: 0.379201  data: 0.034906  max mem: 19412
I20260723 13:12:31 3064273 dinov2 helpers.py:102] Training  [4710/7500]  eta: 0:16:46  lr: 0.0001 (0.0002)  wd: 0.2898 (0.1360)  mom: 0.9976 (0.9941)  last_layer_lr: 0.0001 (0.0002)  current_batch_size: 64.0000 (64.0000)  total_loss: 8.1974 (8.4471)  teacher_entropy_ratio: 0.9999 (0.9966)  dino_local_crops_loss: 6.7775 (6.7651)  dino_global_crops_loss: 0.8472 (0.8457)  ibot_loss: 0.5727 (0.8363)  time: 0.393129  data: 0.047365  max mem: 19412
I20260723 13:12:35 3064273 dinov2 helpers.py:102] Training  [4720/7500]  eta: 0:16:42  lr: 0.0001 (0.0002)  wd: 0.2904 (0.1364)  mom: 0.9976 (0.9941)  last_layer_lr: 0.0001 (0.0002)  current_batch_size: 64.0000 (64.0000)  total_loss: 8.1976 (8.4466)  teacher_entropy_ratio: 0.9999 (0.9966)  dino_local_crops_loss: 6.7775 (6.7652)  dino_global_crops_loss: 0.8472 (0.8457)  ibot_loss: 0.5729 (0.8358)  time: 0.366180  data: 0.019435  max mem: 19412
I20260723 13:12:39 3064273 dinov2 helpers.py:102] Training  [4730/7500]  eta: 0:16:38  lr: 0.0001 (0.0002)  wd: 0.2911 (0.1367)  mom: 0.9976 (0.9941)  last_layer_lr: 0.0001 (0.0002)  current_batch_size: 64.0000 (64.0000)  total_loss: 8.1976 (8.4461)  teacher_entropy_ratio: 0.9999 (0.9966)  dino_local_crops_loss: 6.7775 (6.7652)  dino_global_crops_loss: 0.8472 (0.8457)  ibot_loss: 0.5729 (0.8352)  time: 0.358692  data: 0.007110  max mem: 19412
I20260723 13:12:42 3064273 dinov2 helpers.py:102] Training  [4740/7500]  eta: 0:16:35  lr: 0.0001 (0.0002)  wd: 0.2918 (0.1370)  mom: 0.9976 (0.9942)  last_layer_lr: 0.0001 (0.0002)  current_batch_size: 64.0000 (64.0000)  total_loss: 8.1928 (8.4455)  teacher_entropy_ratio: 0.9999 (0.9966)  dino_local_crops_loss: 6.7775 (6.7652)  dino_global_crops_loss: 0.8472 (0.8457)  ibot_loss: 0.5681 (0.8346)  time: 0.366291  data: 0.016481  max mem: 19412
I20260723 13:12:46 3064273 dinov2 helpers.py:102] Training  [4750/7500]  eta: 0:16:31  lr: 0.0001 (0.0002)  wd: 0.2925 (0.1374)  mom: 0.9976 (0.9942)  last_layer_lr: 0.0001 (0.0002)  current_batch_size: 64.0000 (64.0000)  total_loss: 8.1928 (8.4450)  teacher_entropy_ratio: 0.9999 (0.9966)  dino_local_crops_loss: 6.7775 (6.7652)  dino_global_crops_loss: 0.8472 (0.8457)  ibot_loss: 0.5681 (0.8341)  time: 0.372467  data: 0.016363  max mem: 19412
I20260723 13:12:49 3064273 dinov2 helpers.py:102] Training  [4760/7500]  eta: 0:16:28  lr: 0.0001 (0.0002)  wd: 0.2932 (0.1377)  mom: 0.9976 (0.9942)  last_layer_lr: 0.0001 (0.0002)  current_batch_size: 64.0000 (64.0000)  total_loss: 8.1872 (8.4444)  teacher_entropy_ratio: 0.9999 (0.9966)  dino_local_crops_loss: 6.7775 (6.7653)  dino_global_crops_loss: 0.8472 (0.8457)  ibot_loss: 0.5625 (0.8335)  time: 0.360121  data: 0.000655  max mem: 19412
I20260723 13:12:53 3064273 dinov2 helpers.py:102] Training  [4770/7500]  eta: 0:16:24  lr: 0.0001 (0.0002)  wd: 0.2939 (0.1380)  mom: 0.9976 (0.9942)  last_layer_lr: 0.0001 (0.0002)  current_batch_size: 64.0000 (64.0000)  total_loss: 8.1991 (8.4439)  teacher_entropy_ratio: 0.9999 (0.9966)  dino_local_crops_loss: 6.7775 (6.7653)  dino_global_crops_loss: 0.8472 (0.8457)  ibot_loss: 0.5744 (0.8329)  time: 0.349490  data: 0.000460  max mem: 19412
I20260723 13:12:57 3064273 dinov2 helpers.py:102] Training  [4780/7500]  eta: 0:16:20  lr: 0.0001 (0.0002)  wd: 0.2946 (0.1383)  mom: 0.9977 (0.9942)  last_layer_lr: 0.0001 (0.0002)  current_batch_size: 64.0000 (64.0000)  total_loss: 8.1969 (8.4433)  teacher_entropy_ratio: 0.9999 (0.9966)  dino_local_crops_loss: 6.7775 (6.7653)  dino_global_crops_loss: 0.8472 (0.8457)  ibot_loss: 0.5722 (0.8323)  time: 0.351997  data: 0.003068  max mem: 19412
I20260723 13:13:00 3064273 dinov2 helpers.py:102] Training  [4790/7500]  eta: 0:16:17  lr: 0.0001 (0.0002)  wd: 0.2953 (0.1387)  mom: 0.9977 (0.9942)  last_layer_lr: 0.0001 (0.0002)  current_batch_size: 64.0000 (64.0000)  total_loss: 8.1715 (8.4428)  teacher_entropy_ratio: 0.9999 (0.9966)  dino_local_crops_loss: 6.7775 (6.7654)  dino_global_crops_loss: 0.8472 (0.8457)  ibot_loss: 0.5469 (0.8317)  time: 0.356687  data: 0.012099  max mem: 19412
I20260723 13:13:04 3064273 dinov2 helpers.py:102] Training  [4800/7500]  eta: 0:16:13  lr: 0.0001 (0.0002)  wd: 0.2960 (0.1390)  mom: 0.9977 (0.9942)  last_layer_lr: 0.0001 (0.0002)  current_batch_size: 64.0000 (64.0000)  total_loss: 8.1617 (8.4422)  teacher_entropy_ratio: 0.9999 (0.9966)  dino_local_crops_loss: 6.7775 (6.7654)  dino_global_crops_loss: 0.8472 (0.8457)  ibot_loss: 0.5370 (0.8311)  time: 0.362446  data: 0.017934  max mem: 19412
I20260723 13:13:07 3064273 dinov2 helpers.py:102] Training  [4810/7500]  eta: 0:16:09  lr: 0.0001 (0.0002)  wd: 0.2966 (0.1393)  mom: 0.9977 (0.9942)  last_layer_lr: 0.0001 (0.0002)  current_batch_size: 64.0000 (64.0000)  total_loss: 8.1578 (8.4416)  teacher_entropy_ratio: 0.9999 (0.9966)  dino_local_crops_loss: 6.7775 (6.7654)  dino_global_crops_loss: 0.8472 (0.8457)  ibot_loss: 0.5332 (0.8305)  time: 0.353451  data: 0.008900  max mem: 19412
I20260723 13:13:11 3064273 dinov2 helpers.py:102] Training  [4820/7500]  eta: 0:16:06  lr: 0.0001 (0.0002)  wd: 0.2973 (0.1397)  mom: 0.9977 (0.9942)  last_layer_lr: 0.0001 (0.0002)  current_batch_size: 64.0000 (64.0000)  total_loss: 8.1750 (8.4411)  teacher_entropy_ratio: 0.9999 (0.9967)  dino_local_crops_loss: 6.7775 (6.7654)  dino_global_crops_loss: 0.8472 (0.8457)  ibot_loss: 0.5503 (0.8299)  time: 0.366034  data: 0.025187  max mem: 19412
I20260723 13:13:15 3064273 dinov2 helpers.py:102] Training  [4830/7500]  eta: 0:16:02  lr: 0.0001 (0.0002)  wd: 0.2980 (0.1400)  mom: 0.9977 (0.9942)  last_layer_lr: 0.0001 (0.0002)  current_batch_size: 64.0000 (64.0000)  total_loss: 8.1693 (8.4405)  teacher_entropy_ratio: 1.0000 (0.9967)  dino_local_crops_loss: 6.7775 (6.7655)  dino_global_crops_loss: 0.8472 (0.8457)  ibot_loss: 0.5447 (0.8293)  time: 0.367820  data: 0.025839  max mem: 19412
I20260723 13:13:18 3064273 dinov2 helpers.py:102] Training  [4840/7500]  eta: 0:15:59  lr: 0.0001 (0.0002)  wd: 0.2987 (0.1403)  mom: 0.9977 (0.9942)  last_layer_lr: 0.0001 (0.0002)  current_batch_size: 64.0000 (64.0000)  total_loss: 8.1595 (8.4399)  teacher_entropy_ratio: 0.9999 (0.9967)  dino_local_crops_loss: 6.7775 (6.7655)  dino_global_crops_loss: 0.8472 (0.8457)  ibot_loss: 0.5348 (0.8287)  time: 0.353016  data: 0.009530  max mem: 19412
I20260723 13:13:22 3064273 dinov2 helpers.py:102] Training  [4850/7500]  eta: 0:15:55  lr: 0.0001 (0.0002)  wd: 0.2994 (0.1406)  mom: 0.9978 (0.9942)  last_layer_lr: 0.0001 (0.0002)  current_batch_size: 64.0000 (64.0000)  total_loss: 8.1814 (8.4394)  teacher_entropy_ratio: 0.9999 (0.9967)  dino_local_crops_loss: 6.7775 (6.7655)  dino_global_crops_loss: 0.8472 (0.8457)  ibot_loss: 0.5568 (0.8282)  time: 0.355774  data: 0.013213  max mem: 19412
I20260723 13:13:25 3064273 dinov2 helpers.py:102] Training  [4860/7500]  eta: 0:15:51  lr: 0.0001 (0.0002)  wd: 0.3000 (0.1410)  mom: 0.9978 (0.9942)  last_layer_lr: 0.0001 (0.0002)  current_batch_size: 64.0000 (64.0000)  total_loss: 8.1740 (8.4388)  teacher_entropy_ratio: 0.9999 (0.9967)  dino_local_crops_loss: 6.7775 (6.7655)  dino_global_crops_loss: 0.8472 (0.8457)  ibot_loss: 0.5493 (0.8275)  time: 0.357588  data: 0.011664  max mem: 19412
I20260723 13:13:29 3064273 dinov2 helpers.py:102] Training  [4870/7500]  eta: 0:15:48  lr: 0.0001 (0.0002)  wd: 0.3007 (0.1413)  mom: 0.9978 (0.9943)  last_layer_lr: 0.0001 (0.0002)  current_batch_size: 64.0000 (64.0000)  total_loss: 8.1618 (8.4382)  teacher_entropy_ratio: 0.9999 (0.9967)  dino_local_crops_loss: 6.7775 (6.7655)  dino_global_crops_loss: 0.8472 (0.8457)  ibot_loss: 0.5371 (0.8270)  time: 0.357752  data: 0.007603  max mem: 19412
I20260723 13:13:32 3064273 dinov2 helpers.py:102] Training  [4880/7500]  eta: 0:15:44  lr: 0.0001 (0.0002)  wd: 0.3014 (0.1416)  mom: 0.9978 (0.9943)  last_layer_lr: 0.0001 (0.0002)  current_batch_size: 64.0000 (64.0000)  total_loss: 8.1618 (8.4377)  teacher_entropy_ratio: 0.9999 (0.9967)  dino_local_crops_loss: 6.7775 (6.7656)  dino_global_crops_loss: 0.8472 (0.8457)  ibot_loss: 0.5371 (0.8264)  time: 0.352749  data: 0.005237  max mem: 19412
I20260723 13:13:36 3064273 dinov2 helpers.py:102] Training  [4890/7500]  eta: 0:15:40  lr: 0.0001 (0.0002)  wd: 0.3021 (0.1420)  mom: 0.9978 (0.9943)  last_layer_lr: 0.0001 (0.0002)  current_batch_size: 64.0000 (64.0000)  total_loss: 8.1623 (8.4371)  teacher_entropy_ratio: 0.9999 (0.9967)  dino_local_crops_loss: 6.7775 (6.7656)  dino_global_crops_loss: 0.8472 (0.8457)  ibot_loss: 0.5377 (0.8258)  time: 0.352900  data: 0.011368  max mem: 19412
I20260723 13:13:40 3064273 dinov2 helpers.py:102] Training  [4900/7500]  eta: 0:15:37  lr: 0.0001 (0.0002)  wd: 0.3027 (0.1423)  mom: 0.9978 (0.9943)  last_layer_lr: 0.0001 (0.0002)  current_batch_size: 64.0000 (64.0000)  total_loss: 8.1658 (8.4366)  teacher_entropy_ratio: 1.0000 (0.9967)  dino_local_crops_loss: 6.7775 (6.7656)  dino_global_crops_loss: 0.8472 (0.8457)  ibot_loss: 0.5413 (0.8253)  time: 0.363026  data: 0.022451  max mem: 19412
I20260723 13:13:43 3064273 dinov2 helpers.py:102] Training  [4910/7500]  eta: 0:15:33  lr: 0.0001 (0.0002)  wd: 0.3034 (0.1426)  mom: 0.9979 (0.9943)  last_layer_lr: 0.0001 (0.0002)  current_batch_size: 64.0000 (64.0000)  total_loss: 8.1665 (8.4360)  teacher_entropy_ratio: 1.0000 (0.9967)  dino_local_crops_loss: 6.7775 (6.7656)  dino_global_crops_loss: 0.8472 (0.8457)  ibot_loss: 0.5418 (0.8247)  time: 0.360958  data: 0.018831  max mem: 19412
I20260723 13:13:47 3064273 dinov2 helpers.py:102] Training  [4920/7500]  eta: 0:15:30  lr: 0.0001 (0.0002)  wd: 0.3041 (0.1429)  mom: 0.9979 (0.9943)  last_layer_lr: 0.0001 (0.0002)  current_batch_size: 64.0000 (64.0000)  total_loss: 8.1658 (8.4355)  teacher_entropy_ratio: 1.0000 (0.9967)  dino_local_crops_loss: 6.7775 (6.7657)  dino_global_crops_loss: 0.8472 (0.8457)  ibot_loss: 0.5412 (0.8241)  time: 0.353167  data: 0.006979  max mem: 19412
I20260723 13:13:50 3064273 dinov2 helpers.py:102] Training  [4930/7500]  eta: 0:15:26  lr: 0.0001 (0.0002)  wd: 0.3047 (0.1433)  mom: 0.9979 (0.9943)  last_layer_lr: 0.0001 (0.0002)  current_batch_size: 64.0000 (64.0000)  total_loss: 8.1724 (8.4350)  teacher_entropy_ratio: 1.0000 (0.9967)  dino_local_crops_loss: 6.7775 (6.7657)  dino_global_crops_loss: 0.8472 (0.8457)  ibot_loss: 0.5477 (0.8235)  time: 0.351996  data: 0.004381  max mem: 19412
I20260723 13:13:54 3064273 dinov2 helpers.py:102] Training  [4940/7500]  eta: 0:15:23  lr: 0.0001 (0.0002)  wd: 0.3054 (0.1436)  mom: 0.9979 (0.9943)  last_layer_lr: 0.0001 (0.0002)  current_batch_size: 64.0000 (64.0000)  total_loss: 8.1724 (8.4344)  teacher_entropy_ratio: 1.0000 (0.9967)  dino_local_crops_loss: 6.7775 (6.7657)  dino_global_crops_loss: 0.8472 (0.8457)  ibot_loss: 0.5477 (0.8230)  time: 0.367280  data: 0.024118  max mem: 19412
I20260723 13:13:57 3064273 fvcore.common.checkpoint __init__.py:109] Saving checkpoint to /sci/labs/arieljaffe/dan.abergel1/runs/brain/h_lowlr/model_0004949.rank_0.pth
I20260723 13:13:59 3064273 dinov2 helpers.py:102] Training  [4950/7500]  eta: 0:15:19  lr: 0.0001 (0.0002)  wd: 0.3061 (0.1439)  mom: 0.9979 (0.9943)  last_layer_lr: 0.0001 (0.0002)  current_batch_size: 64.0000 (64.0000)  total_loss: 8.1650 (8.4339)  teacher_entropy_ratio: 1.0000 (0.9967)  dino_local_crops_loss: 6.7775 (6.7657)  dino_global_crops_loss: 0.8472 (0.8458)  ibot_loss: 0.5404 (0.8224)  time: 0.423893  data: 0.024143  max mem: 19412
I20260723 13:14:02 3064273 dinov2 helpers.py:102] Training  [4960/7500]  eta: 0:15:16  lr: 0.0001 (0.0002)  wd: 0.3067 (0.1443)  mom: 0.9979 (0.9943)  last_layer_lr: 0.0001 (0.0002)  current_batch_size: 64.0000 (64.0000)  total_loss: 8.1693 (8.4334)  teacher_entropy_ratio: 1.0000 (0.9967)  dino_local_crops_loss: 6.7775 (6.7658)  dino_global_crops_loss: 0.8472 (0.8458)  ibot_loss: 0.5446 (0.8219)  time: 0.399203  data: 0.000491  max mem: 19412
I20260723 13:14:06 3064273 dinov2 helpers.py:102] Training  [4970/7500]  eta: 0:15:12  lr: 0.0001 (0.0002)  wd: 0.3074 (0.1446)  mom: 0.9979 (0.9943)  last_layer_lr: 0.0001 (0.0002)  current_batch_size: 64.0000 (64.0000)  total_loss: 8.1971 (8.4329)  teacher_entropy_ratio: 1.0000 (0.9968)  dino_local_crops_loss: 6.7775 (6.7658)  dino_global_crops_loss: 0.8472 (0.8458)  ibot_loss: 0.5724 (0.8214)  time: 0.340329  data: 0.000455  max mem: 19412
I20260723 13:14:09 3064273 dinov2 helpers.py:102] Training  [4980/7500]  eta: 0:15:08  lr: 0.0001 (0.0002)  wd: 0.3080 (0.1449)  mom: 0.9980 (0.9943)  last_layer_lr: 0.0001 (0.0002)  current_batch_size: 64.0000 (64.0000)  total_loss: 8.1987 (8.4324)  teacher_entropy_ratio: 1.0000 (0.9968)  dino_local_crops_loss: 6.7775 (6.7658)  dino_global_crops_loss: 0.8472 (0.8458)  ibot_loss: 0.5740 (0.8209)  time: 0.349442  data: 0.001037  max mem: 19412
I20260723 13:14:13 3064273 dinov2 helpers.py:102] Training  [4990/7500]  eta: 0:15:05  lr: 0.0001 (0.0002)  wd: 0.3087 (0.1452)  mom: 0.9980 (0.9943)  last_layer_lr: 0.0001 (0.0002)  current_batch_size: 64.0000 (64.0000)  total_loss: 8.1792 (8.4319)  teacher_entropy_ratio: 1.0000 (0.9968)  dino_local_crops_loss: 6.7775 (6.7658)  dino_global_crops_loss: 0.8472 (0.8458)  ibot_loss: 0.5545 (0.8203)  time: 0.351036  data: 0.000863  max mem: 19412
I20260723 13:14:16 3064273 dinov2 helpers.py:102] Training  [5000/7500]  eta: 0:15:01  lr: 0.0001 (0.0002)  wd: 0.3093 (0.1456)  mom: 0.9980 (0.9943)  last_layer_lr: 0.0001 (0.0002)  current_batch_size: 64.0000 (64.0000)  total_loss: 8.1448 (8.4313)  teacher_entropy_ratio: 0.9999 (0.9968)  dino_local_crops_loss: 6.7775 (6.7659)  dino_global_crops_loss: 0.8472 (0.8458)  ibot_loss: 0.5201 (0.8197)  time: 0.345942  data: 0.000459  max mem: 19412
I20260723 13:14:20 3064273 dinov2 helpers.py:102] Training  [5010/7500]  eta: 0:14:57  lr: 0.0001 (0.0002)  wd: 0.3100 (0.1459)  mom: 0.9980 (0.9944)  last_layer_lr: 0.0001 (0.0002)  current_batch_size: 64.0000 (64.0000)  total_loss: 8.1596 (8.4308)  teacher_entropy_ratio: 0.9999 (0.9968)  dino_local_crops_loss: 6.7775 (6.7659)  dino_global_crops_loss: 0.8472 (0.8458)  ibot_loss: 0.5349 (0.8191)  time: 0.346904  data: 0.000652  max mem: 19412
I20260723 13:14:23 3064273 dinov2 helpers.py:102] Training  [5020/7500]  eta: 0:14:54  lr: 0.0001 (0.0002)  wd: 0.3107 (0.1462)  mom: 0.9980 (0.9944)  last_layer_lr: 0.0001 (0.0002)  current_batch_size: 64.0000 (64.0000)  total_loss: 8.1728 (8.4303)  teacher_entropy_ratio: 0.9999 (0.9968)  dino_local_crops_loss: 6.7775 (6.7659)  dino_global_crops_loss: 0.8472 (0.8458)  ibot_loss: 0.5482 (0.8186)  time: 0.358277  data: 0.008676  max mem: 19412
I20260723 13:14:27 3064273 dinov2 helpers.py:102] Training  [5030/7500]  eta: 0:14:50  lr: 0.0001 (0.0002)  wd: 0.3113 (0.1466)  mom: 0.9980 (0.9944)  last_layer_lr: 0.0001 (0.0002)  current_batch_size: 64.0000 (64.0000)  total_loss: 8.1737 (8.4298)  teacher_entropy_ratio: 0.9999 (0.9968)  dino_local_crops_loss: 6.7775 (6.7659)  dino_global_crops_loss: 0.8472 (0.8458)  ibot_loss: 0.5490 (0.8181)  time: 0.367184  data: 0.018938  max mem: 19412
I20260723 13:14:30 3064273 dinov2 helpers.py:102] Training  [5040/7500]  eta: 0:14:46  lr: 0.0001 (0.0002)  wd: 0.3120 (0.1469)  mom: 0.9980 (0.9944)  last_layer_lr: 0.0001 (0.0002)  current_batch_size: 64.0000 (64.0000)  total_loss: 8.1701 (8.4293)  teacher_entropy_ratio: 1.0000 (0.9968)  dino_local_crops_loss: 6.7775 (6.7660)  dino_global_crops_loss: 0.8472 (0.8458)  ibot_loss: 0.5455 (0.8175)  time: 0.352800  data: 0.010929  max mem: 19412
I20260723 13:14:34 3064273 dinov2 helpers.py:102] Training  [5050/7500]  eta: 0:14:43  lr: 0.0001 (0.0002)  wd: 0.3126 (0.1472)  mom: 0.9981 (0.9944)  last_layer_lr: 0.0001 (0.0002)  current_batch_size: 64.0000 (64.0000)  total_loss: 8.1685 (8.4288)  teacher_entropy_ratio: 1.0000 (0.9968)  dino_local_crops_loss: 6.7775 (6.7660)  dino_global_crops_loss: 0.8472 (0.8458)  ibot_loss: 0.5439 (0.8170)  time: 0.354770  data: 0.009146  max mem: 19412
I20260723 13:14:37 3064273 dinov2 helpers.py:102] Training  [5060/7500]  eta: 0:14:39  lr: 0.0001 (0.0002)  wd: 0.3132 (0.1475)  mom: 0.9981 (0.9944)  last_layer_lr: 0.0001 (0.0002)  current_batch_size: 64.0000 (64.0000)  total_loss: 8.1685 (8.4282)  teacher_entropy_ratio: 1.0000 (0.9968)  dino_local_crops_loss: 6.7775 (6.7660)  dino_global_crops_loss: 0.8472 (0.8458)  ibot_loss: 0.5439 (0.8165)  time: 0.360112  data: 0.015205  max mem: 19412
I20260723 13:14:41 3064273 dinov2 helpers.py:102] Training  [5070/7500]  eta: 0:14:36  lr: 0.0001 (0.0002)  wd: 0.3139 (0.1479)  mom: 0.9981 (0.9944)  last_layer_lr: 0.0001 (0.0002)  current_batch_size: 64.0000 (64.0000)  total_loss: 8.1512 (8.4277)  teacher_entropy_ratio: 1.0000 (0.9968)  dino_local_crops_loss: 6.7775 (6.7660)  dino_global_crops_loss: 0.8472 (0.8458)  ibot_loss: 0.5265 (0.8159)  time: 0.352929  data: 0.007022  max mem: 19412
I20260723 13:14:45 3064273 dinov2 helpers.py:102] Training  [5080/7500]  eta: 0:14:32  lr: 0.0001 (0.0002)  wd: 0.3145 (0.1482)  mom: 0.9981 (0.9944)  last_layer_lr: 0.0001 (0.0002)  current_batch_size: 64.0000 (64.0000)  total_loss: 8.1628 (8.4272)  teacher_entropy_ratio: 1.0000 (0.9968)  dino_local_crops_loss: 6.7775 (6.7660)  dino_global_crops_loss: 0.8472 (0.8458)  ibot_loss: 0.5381 (0.8154)  time: 0.351742  data: 0.000756  max mem: 19412
I20260723 13:14:48 3064273 dinov2 helpers.py:102] Training  [5090/7500]  eta: 0:14:28  lr: 0.0001 (0.0002)  wd: 0.3152 (0.1485)  mom: 0.9981 (0.9944)  last_layer_lr: 0.0001 (0.0002)  current_batch_size: 64.0000 (64.0000)  total_loss: 8.1663 (8.4267)  teacher_entropy_ratio: 0.9999 (0.9968)  dino_local_crops_loss: 6.7775 (6.7661)  dino_global_crops_loss: 0.8472 (0.8458)  ibot_loss: 0.5416 (0.8148)  time: 0.351055  data: 0.000465  max mem: 19412
I20260723 13:14:52 3064273 dinov2 helpers.py:102] Training  [5100/7500]  eta: 0:14:25  lr: 0.0001 (0.0002)  wd: 0.3158 (0.1489)  mom: 0.9981 (0.9944)  last_layer_lr: 0.0001 (0.0002)  current_batch_size: 64.0000 (64.0000)  total_loss: 8.1536 (8.4261)  teacher_entropy_ratio: 1.0000 (0.9968)  dino_local_crops_loss: 6.7775 (6.7661)  dino_global_crops_loss: 0.8472 (0.8458)  ibot_loss: 0.5290 (0.8143)  time: 0.370118  data: 0.020435  max mem: 19412
I20260723 13:14:55 3064273 dinov2 helpers.py:102] Training  [5110/7500]  eta: 0:14:21  lr: 0.0001 (0.0002)  wd: 0.3164 (0.1492)  mom: 0.9981 (0.9944)  last_layer_lr: 0.0001 (0.0002)  current_batch_size: 64.0000 (64.0000)  total_loss: 8.1668 (8.4256)  teacher_entropy_ratio: 1.0000 (0.9968)  dino_local_crops_loss: 6.7775 (6.7661)  dino_global_crops_loss: 0.8472 (0.8458)  ibot_loss: 0.5422 (0.8137)  time: 0.371729  data: 0.020234  max mem: 19412
I20260723 13:14:59 3064273 dinov2 helpers.py:102] Training  [5120/7500]  eta: 0:14:18  lr: 0.0001 (0.0002)  wd: 0.3171 (0.1495)  mom: 0.9982 (0.9944)  last_layer_lr: 0.0001 (0.0002)  current_batch_size: 64.0000 (64.0000)  total_loss: 8.1621 (8.4251)  teacher_entropy_ratio: 0.9999 (0.9968)  dino_local_crops_loss: 6.7775 (6.7661)  dino_global_crops_loss: 0.8472 (0.8458)  ibot_loss: 0.5375 (0.8132)  time: 0.357695  data: 0.011614  max mem: 19412
I20260723 13:15:03 3064273 dinov2 helpers.py:102] Training  [5130/7500]  eta: 0:14:14  lr: 0.0001 (0.0002)  wd: 0.3177 (0.1498)  mom: 0.9982 (0.9944)  last_layer_lr: 0.0001 (0.0002)  current_batch_size: 64.0000 (64.0000)  total_loss: 8.1551 (8.4246)  teacher_entropy_ratio: 0.9999 (0.9969)  dino_local_crops_loss: 6.7775 (6.7662)  dino_global_crops_loss: 0.8472 (0.8458)  ibot_loss: 0.5304 (0.8127)  time: 0.357752  data: 0.011610  max mem: 19412
I20260723 13:15:06 3064273 dinov2 helpers.py:102] Training  [5140/7500]  eta: 0:14:10  lr: 0.0001 (0.0002)  wd: 0.3184 (0.1502)  mom: 0.9982 (0.9944)  last_layer_lr: 0.0001 (0.0002)  current_batch_size: 64.0000 (64.0000)  total_loss: 8.1547 (8.4241)  teacher_entropy_ratio: 0.9999 (0.9969)  dino_local_crops_loss: 6.7775 (6.7662)  dino_global_crops_loss: 0.8472 (0.8458)  ibot_loss: 0.5300 (0.8121)  time: 0.351080  data: 0.000733  max mem: 19412
I20260723 13:15:10 3064273 dinov2 helpers.py:102] Training  [5150/7500]  eta: 0:14:07  lr: 0.0001 (0.0002)  wd: 0.3190 (0.1505)  mom: 0.9982 (0.9945)  last_layer_lr: 0.0001 (0.0002)  current_batch_size: 64.0000 (64.0000)  total_loss: 8.1545 (8.4235)  teacher_entropy_ratio: 1.0000 (0.9969)  dino_local_crops_loss: 6.7775 (6.7662)  dino_global_crops_loss: 0.8472 (0.8458)  ibot_loss: 0.5298 (0.8115)  time: 0.347082  data: 0.001386  max mem: 19412
I20260723 13:15:13 3064273 dinov2 helpers.py:102] Training  [5160/7500]  eta: 0:14:03  lr: 0.0001 (0.0002)  wd: 0.3196 (0.1508)  mom: 0.9982 (0.9945)  last_layer_lr: 0.0001 (0.0002)  current_batch_size: 64.0000 (64.0000)  total_loss: 8.1433 (8.4230)  teacher_entropy_ratio: 1.0000 (0.9969)  dino_local_crops_loss: 6.7775 (6.7662)  dino_global_crops_loss: 0.8472 (0.8458)  ibot_loss: 0.5186 (0.8110)  time: 0.363755  data: 0.015689  max mem: 19412
I20260723 13:15:17 3064273 dinov2 helpers.py:102] Training  [5170/7500]  eta: 0:13:59  lr: 0.0001 (0.0002)  wd: 0.3202 (0.1512)  mom: 0.9982 (0.9945)  last_layer_lr: 0.0001 (0.0002)  current_batch_size: 64.0000 (64.0000)  total_loss: 8.1576 (8.4225)  teacher_entropy_ratio: 1.0000 (0.9969)  dino_local_crops_loss: 6.7775 (6.7662)  dino_global_crops_loss: 0.8472 (0.8458)  ibot_loss: 0.5330 (0.8105)  time: 0.366208  data: 0.019055  max mem: 19412
I20260723 13:15:20 3064273 dinov2 helpers.py:102] Training  [5180/7500]  eta: 0:13:56  lr: 0.0001 (0.0002)  wd: 0.3209 (0.1515)  mom: 0.9982 (0.9945)  last_layer_lr: 0.0001 (0.0002)  current_batch_size: 64.0000 (64.0000)  total_loss: 8.1604 (8.4220)  teacher_entropy_ratio: 0.9999 (0.9969)  dino_local_crops_loss: 6.7775 (6.7663)  dino_global_crops_loss: 0.8472 (0.8458)  ibot_loss: 0.5357 (0.8099)  time: 0.351907  data: 0.010742  max mem: 19412
I20260723 13:15:24 3064273 dinov2 helpers.py:102] Training  [5190/7500]  eta: 0:13:52  lr: 0.0001 (0.0002)  wd: 0.3215 (0.1518)  mom: 0.9983 (0.9945)  last_layer_lr: 0.0001 (0.0002)  current_batch_size: 64.0000 (64.0000)  total_loss: 8.1526 (8.4215)  teacher_entropy_ratio: 0.9999 (0.9969)  dino_local_crops_loss: 6.7775 (6.7663)  dino_global_crops_loss: 0.8472 (0.8458)  ibot_loss: 0.5279 (0.8094)  time: 0.348949  data: 0.010537  max mem: 19412
I20260723 13:15:28 3064273 dinov2 helpers.py:102] Training  [5200/7500]  eta: 0:13:49  lr: 0.0001 (0.0002)  wd: 0.3221 (0.1521)  mom: 0.9983 (0.9945)  last_layer_lr: 0.0001 (0.0002)  current_batch_size: 64.0000 (64.0000)  total_loss: 8.1586 (8.4210)  teacher_entropy_ratio: 1.0000 (0.9969)  dino_local_crops_loss: 6.7775 (6.7663)  dino_global_crops_loss: 0.8472 (0.8458)  ibot_loss: 0.5339 (0.8089)  time: 0.354207  data: 0.016067  max mem: 19412
I20260723 13:15:32 3064273 dinov2 helpers.py:102] Training  [5210/7500]  eta: 0:13:45  lr: 0.0001 (0.0002)  wd: 0.3227 (0.1525)  mom: 0.9983 (0.9945)  last_layer_lr: 0.0001 (0.0002)  current_batch_size: 64.0000 (64.0000)  total_loss: 8.1523 (8.4205)  teacher_entropy_ratio: 1.0000 (0.9969)  dino_local_crops_loss: 6.7775 (6.7663)  dino_global_crops_loss: 0.8472 (0.8458)  ibot_loss: 0.5277 (0.8083)  time: 0.379367  data: 0.030907  max mem: 19412
I20260723 13:15:35 3064273 dinov2 helpers.py:102] Training  [5220/7500]  eta: 0:13:42  lr: 0.0001 (0.0002)  wd: 0.3233 (0.1528)  mom: 0.9983 (0.9945)  last_layer_lr: 0.0001 (0.0002)  current_batch_size: 64.0000 (64.0000)  total_loss: 8.1296 (8.4199)  teacher_entropy_ratio: 1.0000 (0.9969)  dino_local_crops_loss: 6.7775 (6.7663)  dino_global_crops_loss: 0.8472 (0.8458)  ibot_loss: 0.5050 (0.8078)  time: 0.393091  data: 0.042472  max mem: 19412
I20260723 13:15:39 3064273 dinov2 helpers.py:102] Training  [5230/7500]  eta: 0:13:38  lr: 0.0001 (0.0002)  wd: 0.3240 (0.1531)  mom: 0.9983 (0.9945)  last_layer_lr: 0.0001 (0.0002)  current_batch_size: 64.0000 (64.0000)  total_loss: 8.1427 (8.4194)  teacher_entropy_ratio: 1.0000 (0.9969)  dino_local_crops_loss: 6.7775 (6.7664)  dino_global_crops_loss: 0.8472 (0.8458)  ibot_loss: 0.5181 (0.8072)  time: 0.370900  data: 0.029272  max mem: 19412
I20260723 13:15:43 3064273 dinov2 helpers.py:102] Training  [5240/7500]  eta: 0:13:34  lr: 0.0001 (0.0002)  wd: 0.3246 (0.1535)  mom: 0.9983 (0.9945)  last_layer_lr: 0.0001 (0.0002)  current_batch_size: 64.0000 (64.0000)  total_loss: 8.1484 (8.4189)  teacher_entropy_ratio: 1.0000 (0.9969)  dino_local_crops_loss: 6.7775 (6.7664)  dino_global_crops_loss: 0.8472 (0.8458)  ibot_loss: 0.5238 (0.8067)  time: 0.356115  data: 0.018916  max mem: 19412
I20260723 13:15:46 3064273 dinov2 helpers.py:102] Training  [5250/7500]  eta: 0:13:31  lr: 0.0001 (0.0002)  wd: 0.3252 (0.1538)  mom: 0.9983 (0.9945)  last_layer_lr: 0.0001 (0.0002)  current_batch_size: 64.0000 (64.0000)  total_loss: 8.1473 (8.4184)  teacher_entropy_ratio: 1.0000 (0.9969)  dino_local_crops_loss: 6.7775 (6.7664)  dino_global_crops_loss: 0.8472 (0.8458)  ibot_loss: 0.5227 (0.8061)  time: 0.360949  data: 0.025699  max mem: 19412
I20260723 13:15:50 3064273 dinov2 helpers.py:102] Training  [5260/7500]  eta: 0:13:27  lr: 0.0001 (0.0002)  wd: 0.3258 (0.1541)  mom: 0.9984 (0.9945)  last_layer_lr: 0.0001 (0.0002)  current_batch_size: 64.0000 (64.0000)  total_loss: 8.1286 (8.4179)  teacher_entropy_ratio: 1.0000 (0.9969)  dino_local_crops_loss: 6.7775 (6.7664)  dino_global_crops_loss: 0.8472 (0.8458)  ibot_loss: 0.5040 (0.8056)  time: 0.368874  data: 0.031088  max mem: 19412
I20260723 13:15:53 3064273 dinov2 helpers.py:102] Training  [5270/7500]  eta: 0:13:24  lr: 0.0001 (0.0002)  wd: 0.3264 (0.1544)  mom: 0.9984 (0.9945)  last_layer_lr: 0.0001 (0.0002)  current_batch_size: 64.0000 (64.0000)  total_loss: 8.1464 (8.4174)  teacher_entropy_ratio: 1.0000 (0.9969)  dino_local_crops_loss: 6.7775 (6.7665)  dino_global_crops_loss: 0.8472 (0.8458)  ibot_loss: 0.5218 (0.8051)  time: 0.360447  data: 0.019204  max mem: 19412
I20260723 13:15:57 3064273 dinov2 helpers.py:102] Training  [5280/7500]  eta: 0:13:20  lr: 0.0001 (0.0002)  wd: 0.3270 (0.1548)  mom: 0.9984 (0.9946)  last_layer_lr: 0.0001 (0.0002)  current_batch_size: 64.0000 (64.0000)  total_loss: 8.1488 (8.4169)  teacher_entropy_ratio: 1.0000 (0.9969)  dino_local_crops_loss: 6.7775 (6.7665)  dino_global_crops_loss: 0.8472 (0.8458)  ibot_loss: 0.5241 (0.8046)  time: 0.349265  data: 0.000768  max mem: 19412
I20260723 13:16:00 3064273 dinov2 helpers.py:102] Training  [5290/7500]  eta: 0:13:16  lr: 0.0001 (0.0002)  wd: 0.3276 (0.1551)  mom: 0.9984 (0.9946)  last_layer_lr: 0.0001 (0.0002)  current_batch_size: 64.0000 (64.0000)  total_loss: 8.1488 (8.4164)  teacher_entropy_ratio: 0.9999 (0.9969)  dino_local_crops_loss: 6.7775 (6.7665)  dino_global_crops_loss: 0.8472 (0.8458)  ibot_loss: 0.5241 (0.8041)  time: 0.347769  data: 0.000608  max mem: 19412
I20260723 13:16:04 3064273 dinov2 helpers.py:102] Training  [5300/7500]  eta: 0:13:13  lr: 0.0001 (0.0002)  wd: 0.3282 (0.1554)  mom: 0.9984 (0.9946)  last_layer_lr: 0.0001 (0.0002)  current_batch_size: 64.0000 (64.0000)  total_loss: 8.1503 (8.4159)  teacher_entropy_ratio: 0.9999 (0.9970)  dino_local_crops_loss: 6.7775 (6.7665)  dino_global_crops_loss: 0.8472 (0.8458)  ibot_loss: 0.5257 (0.8035)  time: 0.359409  data: 0.011186  max mem: 19412
I20260723 13:16:08 3064273 dinov2 helpers.py:102] Training  [5310/7500]  eta: 0:13:09  lr: 0.0001 (0.0002)  wd: 0.3288 (0.1558)  mom: 0.9984 (0.9946)  last_layer_lr: 0.0001 (0.0002)  current_batch_size: 64.0000 (64.0000)  total_loss: 8.1525 (8.4154)  teacher_entropy_ratio: 1.0000 (0.9970)  dino_local_crops_loss: 6.7775 (6.7665)  dino_global_crops_loss: 0.8472 (0.8458)  ibot_loss: 0.5278 (0.8030)  time: 0.360020  data: 0.011459  max mem: 19412
I20260723 13:16:11 3064273 dinov2 helpers.py:102] Training  [5320/7500]  eta: 0:13:05  lr: 0.0001 (0.0002)  wd: 0.3294 (0.1561)  mom: 0.9984 (0.9946)  last_layer_lr: 0.0001 (0.0002)  current_batch_size: 64.0000 (64.0000)  total_loss: 8.1413 (8.4149)  teacher_entropy_ratio: 1.0000 (0.9970)  dino_local_crops_loss: 6.7775 (6.7666)  dino_global_crops_loss: 0.8472 (0.8459)  ibot_loss: 0.5166 (0.8025)  time: 0.344587  data: 0.001944  max mem: 19412
I20260723 13:16:15 3064273 dinov2 helpers.py:102] Training  [5330/7500]  eta: 0:13:02  lr: 0.0001 (0.0002)  wd: 0.3300 (0.1564)  mom: 0.9984 (0.9946)  last_layer_lr: 0.0001 (0.0002)  current_batch_size: 64.0000 (64.0000)  total_loss: 8.1344 (8.4144)  teacher_entropy_ratio: 1.0000 (0.9970)  dino_local_crops_loss: 6.7775 (6.7666)  dino_global_crops_loss: 0.8472 (0.8459)  ibot_loss: 0.5098 (0.8019)  time: 0.347775  data: 0.001617  max mem: 19412
I20260723 13:16:18 3064273 dinov2 helpers.py:102] Training  [5340/7500]  eta: 0:12:58  lr: 0.0001 (0.0002)  wd: 0.3306 (0.1567)  mom: 0.9985 (0.9946)  last_layer_lr: 0.0001 (0.0002)  current_batch_size: 64.0000 (64.0000)  total_loss: 8.1483 (8.4139)  teacher_entropy_ratio: 1.0000 (0.9970)  dino_local_crops_loss: 6.7775 (6.7666)  dino_global_crops_loss: 0.8472 (0.8459)  ibot_loss: 0.5236 (0.8014)  time: 0.355892  data: 0.013248  max mem: 19412
I20260723 13:16:22 3064273 dinov2 helpers.py:102] Training  [5350/7500]  eta: 0:12:54  lr: 0.0001 (0.0002)  wd: 0.3312 (0.1571)  mom: 0.9985 (0.9946)  last_layer_lr: 0.0001 (0.0002)  current_batch_size: 64.0000 (64.0000)  total_loss: 8.1484 (8.4134)  teacher_entropy_ratio: 1.0000 (0.9970)  dino_local_crops_loss: 6.7775 (6.7666)  dino_global_crops_loss: 0.8472 (0.8459)  ibot_loss: 0.5238 (0.8009)  time: 0.354616  data: 0.013254  max mem: 19412
I20260723 13:16:25 3064273 dinov2 helpers.py:102] Training  [5360/7500]  eta: 0:12:51  lr: 0.0001 (0.0002)  wd: 0.3318 (0.1574)  mom: 0.9985 (0.9946)  last_layer_lr: 0.0001 (0.0002)  current_batch_size: 64.0000 (64.0000)  total_loss: 8.1533 (8.4129)  teacher_entropy_ratio: 1.0000 (0.9970)  dino_local_crops_loss: 6.7775 (6.7666)  dino_global_crops_loss: 0.8472 (0.8459)  ibot_loss: 0.5286 (0.8004)  time: 0.348598  data: 0.000793  max mem: 19412
I20260723 13:16:29 3064273 dinov2 helpers.py:102] Training  [5370/7500]  eta: 0:12:47  lr: 0.0001 (0.0002)  wd: 0.3324 (0.1577)  mom: 0.9985 (0.9946)  last_layer_lr: 0.0001 (0.0002)  current_batch_size: 64.0000 (64.0000)  total_loss: 8.1496 (8.4124)  teacher_entropy_ratio: 1.0000 (0.9970)  dino_local_crops_loss: 6.7775 (6.7667)  dino_global_crops_loss: 0.8472 (0.8459)  ibot_loss: 0.5249 (0.7999)  time: 0.352505  data: 0.000819  max mem: 19412
I20260723 13:16:32 3064273 dinov2 helpers.py:102] Training  [5380/7500]  eta: 0:12:44  lr: 0.0001 (0.0002)  wd: 0.3330 (0.1580)  mom: 0.9985 (0.9946)  last_layer_lr: 0.0001 (0.0002)  current_batch_size: 64.0000 (64.0000)  total_loss: 8.1478 (8.4120)  teacher_entropy_ratio: 1.0000 (0.9970)  dino_local_crops_loss: 6.7775 (6.7667)  dino_global_crops_loss: 0.8472 (0.8459)  ibot_loss: 0.5232 (0.7994)  time: 0.347834  data: 0.000414  max mem: 19412
I20260723 13:16:36 3064273 dinov2 helpers.py:102] Training  [5390/7500]  eta: 0:12:40  lr: 0.0001 (0.0002)  wd: 0.3336 (0.1584)  mom: 0.9985 (0.9946)  last_layer_lr: 0.0001 (0.0002)  current_batch_size: 64.0000 (64.0000)  total_loss: 8.1614 (8.4115)  teacher_entropy_ratio: 1.0000 (0.9970)  dino_local_crops_loss: 6.7775 (6.7667)  dino_global_crops_loss: 0.8472 (0.8459)  ibot_loss: 0.5367 (0.7989)  time: 0.349317  data: 0.000458  max mem: 19412
I20260723 13:16:39 3064273 fvcore.common.checkpoint __init__.py:109] Saving checkpoint to /sci/labs/arieljaffe/dan.abergel1/runs/brain/h_lowlr/model_0005399.rank_0.pth
I20260723 13:16:40 3064273 dinov2 helpers.py:102] Training  [5400/7500]  eta: 0:12:37  lr: 0.0001 (0.0002)  wd: 0.3342 (0.1587)  mom: 0.9985 (0.9946)  last_layer_lr: 0.0001 (0.0002)  current_batch_size: 64.0000 (64.0000)  total_loss: 8.1614 (8.4110)  teacher_entropy_ratio: 1.0000 (0.9970)  dino_local_crops_loss: 6.7775 (6.7667)  dino_global_crops_loss: 0.8472 (0.8459)  ibot_loss: 0.5367 (0.7984)  time: 0.417103  data: 0.008873  max mem: 19412
I20260723 13:16:44 3064273 dinov2 helpers.py:102] Training  [5410/7500]  eta: 0:12:33  lr: 0.0001 (0.0002)  wd: 0.3347 (0.1590)  mom: 0.9985 (0.9946)  last_layer_lr: 0.0001 (0.0002)  current_batch_size: 64.0000 (64.0000)  total_loss: 8.1577 (8.4105)  teacher_entropy_ratio: 1.0000 (0.9970)  dino_local_crops_loss: 6.7775 (6.7667)  dino_global_crops_loss: 0.8472 (0.8459)  ibot_loss: 0.5331 (0.7979)  time: 0.412456  data: 0.008864  max mem: 19412
I20260723 13:16:47 3064273 dinov2 helpers.py:102] Training  [5420/7500]  eta: 0:12:29  lr: 0.0001 (0.0002)  wd: 0.3353 (0.1593)  mom: 0.9986 (0.9947)  last_layer_lr: 0.0001 (0.0002)  current_batch_size: 64.0000 (64.0000)  total_loss: 8.1555 (8.4101)  teacher_entropy_ratio: 1.0000 (0.9970)  dino_local_crops_loss: 6.7775 (6.7668)  dino_global_crops_loss: 0.8472 (0.8459)  ibot_loss: 0.5309 (0.7975)  time: 0.347069  data: 0.000684  max mem: 19412
I20260723 13:16:51 3064273 dinov2 helpers.py:102] Training  [5430/7500]  eta: 0:12:26  lr: 0.0001 (0.0002)  wd: 0.3359 (0.1597)  mom: 0.9986 (0.9947)  last_layer_lr: 0.0001 (0.0002)  current_batch_size: 64.0000 (64.0000)  total_loss: 8.1616 (8.4096)  teacher_entropy_ratio: 1.0000 (0.9970)  dino_local_crops_loss: 6.7775 (6.7668)  dino_global_crops_loss: 0.8472 (0.8459)  ibot_loss: 0.5370 (0.7970)  time: 0.345725  data: 0.000489  max mem: 19412
I20260723 13:16:54 3064273 dinov2 helpers.py:102] Training  [5440/7500]  eta: 0:12:22  lr: 0.0001 (0.0002)  wd: 0.3365 (0.1600)  mom: 0.9986 (0.9947)  last_layer_lr: 0.0001 (0.0002)  current_batch_size: 64.0000 (64.0000)  total_loss: 8.1477 (8.4092)  teacher_entropy_ratio: 1.0000 (0.9970)  dino_local_crops_loss: 6.7775 (6.7668)  dino_global_crops_loss: 0.8472 (0.8459)  ibot_loss: 0.5230 (0.7965)  time: 0.350746  data: 0.000501  max mem: 19412
I20260723 13:16:58 3064273 dinov2 helpers.py:102] Training  [5450/7500]  eta: 0:12:19  lr: 0.0001 (0.0002)  wd: 0.3370 (0.1603)  mom: 0.9986 (0.9947)  last_layer_lr: 0.0001 (0.0002)  current_batch_size: 64.0000 (64.0000)  total_loss: 8.1535 (8.4087)  teacher_entropy_ratio: 1.0000 (0.9970)  dino_local_crops_loss: 6.7775 (6.7668)  dino_global_crops_loss: 0.8472 (0.8459)  ibot_loss: 0.5289 (0.7960)  time: 0.353126  data: 0.000510  max mem: 19412
I20260723 13:17:01 3064273 dinov2 helpers.py:102] Training  [5460/7500]  eta: 0:12:15  lr: 0.0001 (0.0002)  wd: 0.3376 (0.1606)  mom: 0.9986 (0.9947)  last_layer_lr: 0.0001 (0.0002)  current_batch_size: 64.0000 (64.0000)  total_loss: 8.1649 (8.4083)  teacher_entropy_ratio: 1.0000 (0.9970)  dino_local_crops_loss: 6.7775 (6.7668)  dino_global_crops_loss: 0.8472 (0.8459)  ibot_loss: 0.5403 (0.7955)  time: 0.343685  data: 0.000737  max mem: 19412
I20260723 13:17:05 3064273 dinov2 helpers.py:102] Training  [5470/7500]  eta: 0:12:11  lr: 0.0001 (0.0002)  wd: 0.3382 (0.1610)  mom: 0.9986 (0.9947)  last_layer_lr: 0.0001 (0.0002)  current_batch_size: 64.0000 (64.0000)  total_loss: 8.1530 (8.4078)  teacher_entropy_ratio: 1.0000 (0.9970)  dino_local_crops_loss: 6.7775 (6.7669)  dino_global_crops_loss: 0.8472 (0.8459)  ibot_loss: 0.5284 (0.7951)  time: 0.340232  data: 0.000770  max mem: 19412
I20260723 13:17:08 3064273 dinov2 helpers.py:102] Training  [5480/7500]  eta: 0:12:08  lr: 0.0001 (0.0002)  wd: 0.3388 (0.1613)  mom: 0.9986 (0.9947)  last_layer_lr: 0.0001 (0.0002)  current_batch_size: 64.0000 (64.0000)  total_loss: 8.1409 (8.4073)  teacher_entropy_ratio: 1.0000 (0.9971)  dino_local_crops_loss: 6.7775 (6.7669)  dino_global_crops_loss: 0.8472 (0.8459)  ibot_loss: 0.5163 (0.7946)  time: 0.359266  data: 0.013649  max mem: 19412
I20260723 13:17:12 3064273 dinov2 helpers.py:102] Training  [5490/7500]  eta: 0:12:04  lr: 0.0001 (0.0002)  wd: 0.3393 (0.1616)  mom: 0.9987 (0.9947)  last_layer_lr: 0.0001 (0.0002)  current_batch_size: 64.0000 (64.0000)  total_loss: 8.1357 (8.4069)  teacher_entropy_ratio: 1.0000 (0.9971)  dino_local_crops_loss: 6.7775 (6.7669)  dino_global_crops_loss: 0.8472 (0.8459)  ibot_loss: 0.5111 (0.7941)  time: 0.368236  data: 0.024475  max mem: 19412
I20260723 13:17:16 3064273 dinov2 helpers.py:102] Training  [5500/7500]  eta: 0:12:01  lr: 0.0001 (0.0002)  wd: 0.3399 (0.1619)  mom: 0.9987 (0.9947)  last_layer_lr: 0.0001 (0.0002)  current_batch_size: 64.0000 (64.0000)  total_loss: 8.1452 (8.4064)  teacher_entropy_ratio: 1.0000 (0.9971)  dino_local_crops_loss: 6.7775 (6.7669)  dino_global_crops_loss: 0.8472 (0.8459)  ibot_loss: 0.5205 (0.7936)  time: 0.378183  data: 0.037571  max mem: 19412
I20260723 13:17:20 3064273 dinov2 helpers.py:102] Training  [5510/7500]  eta: 0:11:57  lr: 0.0001 (0.0002)  wd: 0.3404 (0.1623)  mom: 0.9987 (0.9947)  last_layer_lr: 0.0001 (0.0002)  current_batch_size: 64.0000 (64.0000)  total_loss: 8.1452 (8.4059)  teacher_entropy_ratio: 1.0000 (0.9971)  dino_local_crops_loss: 6.7775 (6.7669)  dino_global_crops_loss: 0.8472 (0.8459)  ibot_loss: 0.5205 (0.7931)  time: 0.384559  data: 0.039488  max mem: 19412
I20260723 13:17:23 3064273 dinov2 helpers.py:102] Training  [5520/7500]  eta: 0:11:53  lr: 0.0001 (0.0002)  wd: 0.3410 (0.1626)  mom: 0.9987 (0.9947)  last_layer_lr: 0.0001 (0.0002)  current_batch_size: 64.0000 (64.0000)  total_loss: 8.1448 (8.4054)  teacher_entropy_ratio: 1.0000 (0.9971)  dino_local_crops_loss: 6.7775 (6.7670)  dino_global_crops_loss: 0.8472 (0.8459)  ibot_loss: 0.5202 (0.7926)  time: 0.359453  data: 0.013166  max mem: 19412
I20260723 13:17:27 3064273 dinov2 helpers.py:102] Training  [5530/7500]  eta: 0:11:50  lr: 0.0001 (0.0002)  wd: 0.3416 (0.1629)  mom: 0.9987 (0.9947)  last_layer_lr: 0.0001 (0.0002)  current_batch_size: 64.0000 (64.0000)  total_loss: 8.1520 (8.4050)  teacher_entropy_ratio: 1.0000 (0.9971)  dino_local_crops_loss: 6.7775 (6.7670)  dino_global_crops_loss: 0.8472 (0.8459)  ibot_loss: 0.5273 (0.7921)  time: 0.351692  data: 0.000922  max mem: 19412
I20260723 13:17:30 3064273 dinov2 helpers.py:102] Training  [5540/7500]  eta: 0:11:46  lr: 0.0000 (0.0002)  wd: 0.3421 (0.1632)  mom: 0.9987 (0.9947)  last_layer_lr: 0.0000 (0.0002)  current_batch_size: 64.0000 (64.0000)  total_loss: 8.1487 (8.4045)  teacher_entropy_ratio: 1.0000 (0.9971)  dino_local_crops_loss: 6.7775 (6.7670)  dino_global_crops_loss: 0.8472 (0.8459)  ibot_loss: 0.5241 (0.7916)  time: 0.350924  data: 0.001025  max mem: 19412
I20260723 13:17:34 3064273 dinov2 helpers.py:102] Training  [5550/7500]  eta: 0:11:42  lr: 0.0000 (0.0002)  wd: 0.3427 (0.1636)  mom: 0.9987 (0.9947)  last_layer_lr: 0.0000 (0.0002)  current_batch_size: 64.0000 (64.0000)  total_loss: 8.1457 (8.4041)  teacher_entropy_ratio: 1.0000 (0.9971)  dino_local_crops_loss: 6.7775 (6.7670)  dino_global_crops_loss: 0.8472 (0.8459)  ibot_loss: 0.5211 (0.7911)  time: 0.345576  data: 0.000813  max mem: 19412
I20260723 13:17:37 3064273 dinov2 helpers.py:102] Training  [5560/7500]  eta: 0:11:39  lr: 0.0000 (0.0002)  wd: 0.3432 (0.1639)  mom: 0.9987 (0.9948)  last_layer_lr: 0.0000 (0.0002)  current_batch_size: 64.0000 (64.0000)  total_loss: 8.1368 (8.4036)  teacher_entropy_ratio: 1.0000 (0.9971)  dino_local_crops_loss: 6.7775 (6.7670)  dino_global_crops_loss: 0.8472 (0.8459)  ibot_loss: 0.5122 (0.7906)  time: 0.354287  data: 0.004479  max mem: 19412
I20260723 13:17:41 3064273 dinov2 helpers.py:102] Training  [5570/7500]  eta: 0:11:35  lr: 0.0000 (0.0002)  wd: 0.3438 (0.1642)  mom: 0.9988 (0.9948)  last_layer_lr: 0.0000 (0.0002)  current_batch_size: 64.0000 (64.0000)  total_loss: 8.1465 (8.4031)  teacher_entropy_ratio: 1.0000 (0.9971)  dino_local_crops_loss: 6.7775 (6.7670)  dino_global_crops_loss: 0.8472 (0.8459)  ibot_loss: 0.5219 (0.7902)  time: 0.369781  data: 0.021985  max mem: 19412
I20260723 13:17:45 3064273 dinov2 helpers.py:102] Training  [5580/7500]  eta: 0:11:32  lr: 0.0000 (0.0002)  wd: 0.3443 (0.1645)  mom: 0.9988 (0.9948)  last_layer_lr: 0.0000 (0.0002)  current_batch_size: 64.0000 (64.0000)  total_loss: 8.1488 (8.4027)  teacher_entropy_ratio: 1.0000 (0.9971)  dino_local_crops_loss: 6.7775 (6.7671)  dino_global_crops_loss: 0.8472 (0.8459)  ibot_loss: 0.5242 (0.7897)  time: 0.366864  data: 0.026369  max mem: 19412
I20260723 13:17:48 3064273 dinov2 helpers.py:102] Training  [5590/7500]  eta: 0:11:28  lr: 0.0000 (0.0002)  wd: 0.3449 (0.1649)  mom: 0.9988 (0.9948)  last_layer_lr: 0.0000 (0.0002)  current_batch_size: 64.0000 (64.0000)  total_loss: 8.1452 (8.4022)  teacher_entropy_ratio: 1.0000 (0.9971)  dino_local_crops_loss: 6.7775 (6.7671)  dino_global_crops_loss: 0.8472 (0.8459)  ibot_loss: 0.5205 (0.7892)  time: 0.354825  data: 0.015266  max mem: 19412
I20260723 13:17:52 3064273 dinov2 helpers.py:102] Training  [5600/7500]  eta: 0:11:24  lr: 0.0000 (0.0002)  wd: 0.3454 (0.1652)  mom: 0.9988 (0.9948)  last_layer_lr: 0.0000 (0.0002)  current_batch_size: 64.0000 (64.0000)  total_loss: 8.1322 (8.4017)  teacher_entropy_ratio: 1.0000 (0.9971)  dino_local_crops_loss: 6.7775 (6.7671)  dino_global_crops_loss: 0.8472 (0.8459)  ibot_loss: 0.5076 (0.7887)  time: 0.354253  data: 0.006969  max mem: 19412
I20260723 13:17:55 3064273 dinov2 helpers.py:102] Training  [5610/7500]  eta: 0:11:21  lr: 0.0000 (0.0002)  wd: 0.3459 (0.1655)  mom: 0.9988 (0.9948)  last_layer_lr: 0.0000 (0.0002)  current_batch_size: 64.0000 (64.0000)  total_loss: 8.1340 (8.4013)  teacher_entropy_ratio: 1.0000 (0.9971)  dino_local_crops_loss: 6.7775 (6.7671)  dino_global_crops_loss: 0.8472 (0.8459)  ibot_loss: 0.5094 (0.7883)  time: 0.358249  data: 0.010208  max mem: 19412
I20260723 13:17:59 3064273 dinov2 helpers.py:102] Training  [5620/7500]  eta: 0:11:17  lr: 0.0000 (0.0002)  wd: 0.3465 (0.1658)  mom: 0.9988 (0.9948)  last_layer_lr: 0.0000 (0.0002)  current_batch_size: 64.0000 (64.0000)  total_loss: 8.1583 (8.4009)  teacher_entropy_ratio: 1.0000 (0.9971)  dino_local_crops_loss: 6.7775 (6.7671)  dino_global_crops_loss: 0.8472 (0.8459)  ibot_loss: 0.5336 (0.7878)  time: 0.370364  data: 0.026523  max mem: 19412
I20260723 13:18:03 3064273 dinov2 helpers.py:102] Training  [5630/7500]  eta: 0:11:14  lr: 0.0000 (0.0002)  wd: 0.3470 (0.1661)  mom: 0.9988 (0.9948)  last_layer_lr: 0.0000 (0.0002)  current_batch_size: 64.0000 (64.0000)  total_loss: 8.1348 (8.4004)  teacher_entropy_ratio: 1.0000 (0.9971)  dino_local_crops_loss: 6.7775 (6.7672)  dino_global_crops_loss: 0.8472 (0.8459)  ibot_loss: 0.5101 (0.7873)  time: 0.359708  data: 0.016741  max mem: 19412
I20260723 13:18:06 3064273 dinov2 helpers.py:102] Training  [5640/7500]  eta: 0:11:10  lr: 0.0000 (0.0002)  wd: 0.3475 (0.1665)  mom: 0.9988 (0.9948)  last_layer_lr: 0.0000 (0.0002)  current_batch_size: 64.0000 (64.0000)  total_loss: 8.1335 (8.3999)  teacher_entropy_ratio: 1.0000 (0.9971)  dino_local_crops_loss: 6.7775 (6.7672)  dino_global_crops_loss: 0.8472 (0.8459)  ibot_loss: 0.5088 (0.7868)  time: 0.362622  data: 0.019949  max mem: 19412
I20260723 13:18:10 3064273 dinov2 helpers.py:102] Training  [5650/7500]  eta: 0:11:06  lr: 0.0000 (0.0002)  wd: 0.3481 (0.1668)  mom: 0.9988 (0.9948)  last_layer_lr: 0.0000 (0.0002)  current_batch_size: 64.0000 (64.0000)  total_loss: 8.1429 (8.3995)  teacher_entropy_ratio: 1.0000 (0.9971)  dino_local_crops_loss: 6.7775 (6.7672)  dino_global_crops_loss: 0.8472 (0.8459)  ibot_loss: 0.5183 (0.7863)  time: 0.363729  data: 0.019950  max mem: 19412
I20260723 13:18:14 3064273 dinov2 helpers.py:102] Training  [5660/7500]  eta: 0:11:03  lr: 0.0000 (0.0002)  wd: 0.3486 (0.1671)  mom: 0.9989 (0.9948)  last_layer_lr: 0.0000 (0.0002)  current_batch_size: 64.0000 (64.0000)  total_loss: 8.1496 (8.3990)  teacher_entropy_ratio: 1.0000 (0.9971)  dino_local_crops_loss: 6.7775 (6.7672)  dino_global_crops_loss: 0.8472 (0.8459)  ibot_loss: 0.5250 (0.7859)  time: 0.353414  data: 0.013014  max mem: 19412
I20260723 13:18:17 3064273 dinov2 helpers.py:102] Training  [5670/7500]  eta: 0:10:59  lr: 0.0000 (0.0002)  wd: 0.3491 (0.1674)  mom: 0.9989 (0.9948)  last_layer_lr: 0.0000 (0.0002)  current_batch_size: 64.0000 (64.0000)  total_loss: 8.1574 (8.3986)  teacher_entropy_ratio: 1.0000 (0.9971)  dino_local_crops_loss: 6.7775 (6.7672)  dino_global_crops_loss: 0.8472 (0.8459)  ibot_loss: 0.5328 (0.7854)  time: 0.350775  data: 0.012935  max mem: 19412
I20260723 13:18:20 3064273 dinov2 helpers.py:102] Training  [5680/7500]  eta: 0:10:55  lr: 0.0000 (0.0002)  wd: 0.3497 (0.1678)  mom: 0.9989 (0.9948)  last_layer_lr: 0.0000 (0.0002)  current_batch_size: 64.0000 (64.0000)  total_loss: 8.1455 (8.3982)  teacher_entropy_ratio: 1.0000 (0.9972)  dino_local_crops_loss: 6.7775 (6.7672)  dino_global_crops_loss: 0.8472 (0.8459)  ibot_loss: 0.5209 (0.7850)  time: 0.343172  data: 0.000783  max mem: 19412
I20260723 13:18:24 3064273 dinov2 helpers.py:102] Training  [5690/7500]  eta: 0:10:52  lr: 0.0000 (0.0002)  wd: 0.3502 (0.1681)  mom: 0.9989 (0.9948)  last_layer_lr: 0.0000 (0.0002)  current_batch_size: 64.0000 (64.0000)  total_loss: 8.1455 (8.3977)  teacher_entropy_ratio: 1.0000 (0.9972)  dino_local_crops_loss: 6.7775 (6.7673)  dino_global_crops_loss: 0.8472 (0.8459)  ibot_loss: 0.5209 (0.7845)  time: 0.348459  data: 0.000663  max mem: 19412
I20260723 13:18:28 3064273 dinov2 helpers.py:102] Training  [5700/7500]  eta: 0:10:48  lr: 0.0000 (0.0002)  wd: 0.3507 (0.1684)  mom: 0.9989 (0.9949)  last_layer_lr: 0.0000 (0.0002)  current_batch_size: 64.0000 (64.0000)  total_loss: 8.1172 (8.3973)  teacher_entropy_ratio: 1.0000 (0.9972)  dino_local_crops_loss: 6.7775 (6.7673)  dino_global_crops_loss: 0.8472 (0.8459)  ibot_loss: 0.4926 (0.7840)  time: 0.360042  data: 0.015958  max mem: 19412
I20260723 13:18:31 3064273 dinov2 helpers.py:102] Training  [5710/7500]  eta: 0:10:45  lr: 0.0000 (0.0002)  wd: 0.3512 (0.1687)  mom: 0.9989 (0.9949)  last_layer_lr: 0.0000 (0.0002)  current_batch_size: 64.0000 (64.0000)  total_loss: 8.1291 (8.3968)  teacher_entropy_ratio: 1.0000 (0.9972)  dino_local_crops_loss: 6.7775 (6.7673)  dino_global_crops_loss: 0.8472 (0.8459)  ibot_loss: 0.5045 (0.7836)  time: 0.361068  data: 0.016362  max mem: 19412
I20260723 13:18:35 3064273 dinov2 helpers.py:102] Training  [5720/7500]  eta: 0:10:41  lr: 0.0000 (0.0002)  wd: 0.3517 (0.1690)  mom: 0.9989 (0.9949)  last_layer_lr: 0.0000 (0.0002)  current_batch_size: 64.0000 (64.0000)  total_loss: 8.1440 (8.3964)  teacher_entropy_ratio: 1.0000 (0.9972)  dino_local_crops_loss: 6.7775 (6.7673)  dino_global_crops_loss: 0.8472 (0.8459)  ibot_loss: 0.5194 (0.7831)  time: 0.357330  data: 0.003295  max mem: 19412
I20260723 13:18:38 3064273 dinov2 helpers.py:102] Training  [5730/7500]  eta: 0:10:37  lr: 0.0000 (0.0002)  wd: 0.3522 (0.1694)  mom: 0.9989 (0.9949)  last_layer_lr: 0.0000 (0.0002)  current_batch_size: 64.0000 (64.0000)  total_loss: 8.1458 (8.3959)  teacher_entropy_ratio: 1.0000 (0.9972)  dino_local_crops_loss: 6.7775 (6.7673)  dino_global_crops_loss: 0.8472 (0.8459)  ibot_loss: 0.5212 (0.7827)  time: 0.361342  data: 0.010757  max mem: 19412
I20260723 13:18:42 3064273 dinov2 helpers.py:102] Training  [5740/7500]  eta: 0:10:34  lr: 0.0000 (0.0002)  wd: 0.3528 (0.1697)  mom: 0.9990 (0.9949)  last_layer_lr: 0.0000 (0.0002)  current_batch_size: 64.0000 (64.0000)  total_loss: 8.1458 (8.3955)  teacher_entropy_ratio: 1.0000 (0.9972)  dino_local_crops_loss: 6.7775 (6.7674)  dino_global_crops_loss: 0.8472 (0.8459)  ibot_loss: 0.5212 (0.7822)  time: 0.355790  data: 0.008149  max mem: 19412
I20260723 13:18:45 3064273 dinov2 helpers.py:102] Training  [5750/7500]  eta: 0:10:30  lr: 0.0000 (0.0002)  wd: 0.3533 (0.1700)  mom: 0.9990 (0.9949)  last_layer_lr: 0.0000 (0.0002)  current_batch_size: 64.0000 (64.0000)  total_loss: 8.1439 (8.3951)  teacher_entropy_ratio: 1.0000 (0.9972)  dino_local_crops_loss: 6.7775 (6.7674)  dino_global_crops_loss: 0.8472 (0.8460)  ibot_loss: 0.5193 (0.7817)  time: 0.350210  data: 0.000489  max mem: 19412
I20260723 13:18:49 3064273 dinov2 helpers.py:102] Training  [5760/7500]  eta: 0:10:27  lr: 0.0000 (0.0002)  wd: 0.3538 (0.1703)  mom: 0.9990 (0.9949)  last_layer_lr: 0.0000 (0.0002)  current_batch_size: 64.0000 (64.0000)  total_loss: 8.1254 (8.3946)  teacher_entropy_ratio: 1.0000 (0.9972)  dino_local_crops_loss: 6.7775 (6.7674)  dino_global_crops_loss: 0.8472 (0.8460)  ibot_loss: 0.5008 (0.7813)  time: 0.349100  data: 0.000697  max mem: 19412
I20260723 13:18:52 3064273 dinov2 helpers.py:102] Training  [5770/7500]  eta: 0:10:23  lr: 0.0000 (0.0002)  wd: 0.3543 (0.1706)  mom: 0.9990 (0.9949)  last_layer_lr: 0.0000 (0.0002)  current_batch_size: 64.0000 (64.0000)  total_loss: 8.1254 (8.3941)  teacher_entropy_ratio: 1.0000 (0.9972)  dino_local_crops_loss: 6.7775 (6.7674)  dino_global_crops_loss: 0.8472 (0.8460)  ibot_loss: 0.5008 (0.7808)  time: 0.353461  data: 0.000497  max mem: 19412
I20260723 13:18:56 3064273 dinov2 helpers.py:102] Training  [5780/7500]  eta: 0:10:19  lr: 0.0000 (0.0002)  wd: 0.3548 (0.1710)  mom: 0.9990 (0.9949)  last_layer_lr: 0.0000 (0.0002)  current_batch_size: 64.0000 (64.0000)  total_loss: 8.1434 (8.3937)  teacher_entropy_ratio: 1.0000 (0.9972)  dino_local_crops_loss: 6.7775 (6.7674)  dino_global_crops_loss: 0.8472 (0.8460)  ibot_loss: 0.5188 (0.7803)  time: 0.369513  data: 0.021183  max mem: 19412
I20260723 13:19:00 3064273 dinov2 helpers.py:102] Training  [5790/7500]  eta: 0:10:16  lr: 0.0000 (0.0002)  wd: 0.3553 (0.1713)  mom: 0.9990 (0.9949)  last_layer_lr: 0.0000 (0.0002)  current_batch_size: 64.0000 (64.0000)  total_loss: 8.1470 (8.3933)  teacher_entropy_ratio: 1.0000 (0.9972)  dino_local_crops_loss: 6.7775 (6.7674)  dino_global_crops_loss: 0.8472 (0.8460)  ibot_loss: 0.5223 (0.7799)  time: 0.365639  data: 0.021162  max mem: 19412
I20260723 13:19:04 3064273 dinov2 helpers.py:102] Training  [5800/7500]  eta: 0:10:12  lr: 0.0000 (0.0002)  wd: 0.3558 (0.1716)  mom: 0.9990 (0.9949)  last_layer_lr: 0.0000 (0.0002)  current_batch_size: 64.0000 (64.0000)  total_loss: 8.1249 (8.3928)  teacher_entropy_ratio: 1.0000 (0.9972)  dino_local_crops_loss: 6.7775 (6.7675)  dino_global_crops_loss: 0.8472 (0.8460)  ibot_loss: 0.5003 (0.7794)  time: 0.364628  data: 0.012872  max mem: 19412
I20260723 13:19:07 3064273 dinov2 helpers.py:102] Training  [5810/7500]  eta: 0:10:08  lr: 0.0000 (0.0002)  wd: 0.3563 (0.1719)  mom: 0.9990 (0.9949)  last_layer_lr: 0.0000 (0.0002)  current_batch_size: 64.0000 (64.0000)  total_loss: 8.1116 (8.3924)  teacher_entropy_ratio: 0.9999 (0.9972)  dino_local_crops_loss: 6.7775 (6.7675)  dino_global_crops_loss: 0.8472 (0.8460)  ibot_loss: 0.4869 (0.7789)  time: 0.358874  data: 0.013075  max mem: 19412
I20260723 13:19:11 3064273 dinov2 helpers.py:102] Training  [5820/7500]  eta: 0:10:05  lr: 0.0000 (0.0002)  wd: 0.3568 (0.1722)  mom: 0.9990 (0.9949)  last_layer_lr: 0.0000 (0.0002)  current_batch_size: 64.0000 (64.0000)  total_loss: 8.1390 (8.3919)  teacher_entropy_ratio: 1.0000 (0.9972)  dino_local_crops_loss: 6.7775 (6.7675)  dino_global_crops_loss: 0.8472 (0.8460)  ibot_loss: 0.5144 (0.7785)  time: 0.350102  data: 0.001988  max mem: 19412
I20260723 13:19:14 3064273 dinov2 helpers.py:102] Training  [5830/7500]  eta: 0:10:01  lr: 0.0000 (0.0002)  wd: 0.3572 (0.1725)  mom: 0.9990 (0.9949)  last_layer_lr: 0.0000 (0.0002)  current_batch_size: 64.0000 (64.0000)  total_loss: 8.1398 (8.3915)  teacher_entropy_ratio: 1.0000 (0.9972)  dino_local_crops_loss: 6.7775 (6.7675)  dino_global_crops_loss: 0.8472 (0.8460)  ibot_loss: 0.5152 (0.7780)  time: 0.374082  data: 0.021591  max mem: 19412
I20260723 13:19:18 3064273 dinov2 helpers.py:102] Training  [5840/7500]  eta: 0:09:58  lr: 0.0000 (0.0002)  wd: 0.3577 (0.1729)  mom: 0.9991 (0.9950)  last_layer_lr: 0.0000 (0.0002)  current_batch_size: 64.0000 (64.0000)  total_loss: 8.1551 (8.3911)  teacher_entropy_ratio: 1.0000 (0.9972)  dino_local_crops_loss: 6.7775 (6.7675)  dino_global_crops_loss: 0.8472 (0.8460)  ibot_loss: 0.5304 (0.7776)  time: 0.360243  data: 0.020060  max mem: 19412
I20260723 13:19:21 3064273 fvcore.common.checkpoint __init__.py:109] Saving checkpoint to /sci/labs/arieljaffe/dan.abergel1/runs/brain/h_lowlr/model_0005849.rank_0.pth
I20260723 13:19:22 3064273 dinov2 helpers.py:102] Training  [5850/7500]  eta: 0:09:54  lr: 0.0000 (0.0002)  wd: 0.3582 (0.1732)  mom: 0.9991 (0.9950)  last_layer_lr: 0.0000 (0.0002)  current_batch_size: 64.0000 (64.0000)  total_loss: 8.1413 (8.3906)  teacher_entropy_ratio: 1.0000 (0.9972)  dino_local_crops_loss: 6.7775 (6.7675)  dino_global_crops_loss: 0.8472 (0.8460)  ibot_loss: 0.5167 (0.7771)  time: 0.391086  data: 0.000653  max mem: 19412
I20260723 13:19:26 3064273 dinov2 helpers.py:102] Training  [5860/7500]  eta: 0:09:51  lr: 0.0000 (0.0002)  wd: 0.3587 (0.1735)  mom: 0.9991 (0.9950)  last_layer_lr: 0.0000 (0.0002)  current_batch_size: 64.0000 (64.0000)  total_loss: 8.1275 (8.3902)  teacher_entropy_ratio: 1.0000 (0.9972)  dino_local_crops_loss: 6.7775 (6.7676)  dino_global_crops_loss: 0.8472 (0.8460)  ibot_loss: 0.5029 (0.7766)  time: 0.391274  data: 0.000627  max mem: 19412
I20260723 13:19:29 3064273 dinov2 helpers.py:102] Training  [5870/7500]  eta: 0:09:47  lr: 0.0000 (0.0002)  wd: 0.3592 (0.1738)  mom: 0.9991 (0.9950)  last_layer_lr: 0.0000 (0.0002)  current_batch_size: 64.0000 (64.0000)  total_loss: 8.1216 (8.3897)  teacher_entropy_ratio: 1.0000 (0.9972)  dino_local_crops_loss: 6.7775 (6.7676)  dino_global_crops_loss: 0.8472 (0.8460)  ibot_loss: 0.4970 (0.7762)  time: 0.342076  data: 0.000924  max mem: 19412
I20260723 13:19:32 3064273 dinov2 helpers.py:102] Training  [5880/7500]  eta: 0:09:43  lr: 0.0000 (0.0002)  wd: 0.3596 (0.1741)  mom: 0.9991 (0.9950)  last_layer_lr: 0.0000 (0.0002)  current_batch_size: 64.0000 (64.0000)  total_loss: 8.1346 (8.3893)  teacher_entropy_ratio: 1.0000 (0.9972)  dino_local_crops_loss: 6.7775 (6.7676)  dino_global_crops_loss: 0.8472 (0.8460)  ibot_loss: 0.5099 (0.7757)  time: 0.342203  data: 0.001256  max mem: 19412
I20260723 13:19:36 3064273 dinov2 helpers.py:102] Training  [5890/7500]  eta: 0:09:40  lr: 0.0000 (0.0002)  wd: 0.3601 (0.1744)  mom: 0.9991 (0.9950)  last_layer_lr: 0.0000 (0.0002)  current_batch_size: 64.0000 (64.0000)  total_loss: 8.1435 (8.3889)  teacher_entropy_ratio: 1.0000 (0.9973)  dino_local_crops_loss: 6.7775 (6.7676)  dino_global_crops_loss: 0.8472 (0.8460)  ibot_loss: 0.5189 (0.7753)  time: 0.340391  data: 0.000942  max mem: 19412
I20260723 13:19:39 3064273 dinov2 helpers.py:102] Training  [5900/7500]  eta: 0:09:36  lr: 0.0000 (0.0002)  wd: 0.3606 (0.1748)  mom: 0.9991 (0.9950)  last_layer_lr: 0.0000 (0.0002)  current_batch_size: 64.0000 (64.0000)  total_loss: 8.1416 (8.3885)  teacher_entropy_ratio: 1.0000 (0.9973)  dino_local_crops_loss: 6.7775 (6.7676)  dino_global_crops_loss: 0.8472 (0.8460)  ibot_loss: 0.5170 (0.7749)  time: 0.348343  data: 0.000842  max mem: 19412
I20260723 13:19:43 3064273 dinov2 helpers.py:102] Training  [5910/7500]  eta: 0:09:32  lr: 0.0000 (0.0002)  wd: 0.3611 (0.1751)  mom: 0.9991 (0.9950)  last_layer_lr: 0.0000 (0.0002)  current_batch_size: 64.0000 (64.0000)  total_loss: 8.1416 (8.3881)  teacher_entropy_ratio: 1.0000 (0.9973)  dino_local_crops_loss: 6.7775 (6.7676)  dino_global_crops_loss: 0.8472 (0.8460)  ibot_loss: 0.5170 (0.7744)  time: 0.349381  data: 0.000453  max mem: 19412
I20260723 13:19:46 3064273 dinov2 helpers.py:102] Training  [5920/7500]  eta: 0:09:29  lr: 0.0000 (0.0002)  wd: 0.3615 (0.1754)  mom: 0.9991 (0.9950)  last_layer_lr: 0.0000 (0.0002)  current_batch_size: 64.0000 (64.0000)  total_loss: 8.1310 (8.3876)  teacher_entropy_ratio: 1.0000 (0.9973)  dino_local_crops_loss: 6.7775 (6.7677)  dino_global_crops_loss: 0.8472 (0.8460)  ibot_loss: 0.5063 (0.7740)  time: 0.345947  data: 0.000430  max mem: 19412
I20260723 13:19:50 3064273 dinov2 helpers.py:102] Training  [5930/7500]  eta: 0:09:25  lr: 0.0000 (0.0002)  wd: 0.3620 (0.1757)  mom: 0.9992 (0.9950)  last_layer_lr: 0.0000 (0.0002)  current_batch_size: 64.0000 (64.0000)  total_loss: 8.1259 (8.3872)  teacher_entropy_ratio: 1.0000 (0.9973)  dino_local_crops_loss: 6.7775 (6.7677)  dino_global_crops_loss: 0.8472 (0.8460)  ibot_loss: 0.5013 (0.7735)  time: 0.350594  data: 0.000770  max mem: 19412
I20260723 13:19:53 3064273 dinov2 helpers.py:102] Training  [5940/7500]  eta: 0:09:22  lr: 0.0000 (0.0002)  wd: 0.3625 (0.1760)  mom: 0.9992 (0.9950)  last_layer_lr: 0.0000 (0.0002)  current_batch_size: 64.0000 (64.0000)  total_loss: 8.1402 (8.3868)  teacher_entropy_ratio: 1.0000 (0.9973)  dino_local_crops_loss: 6.7775 (6.7677)  dino_global_crops_loss: 0.8472 (0.8460)  ibot_loss: 0.5155 (0.7731)  time: 0.354796  data: 0.000712  max mem: 19412
I20260723 13:19:57 3064273 dinov2 helpers.py:102] Training  [5950/7500]  eta: 0:09:18  lr: 0.0000 (0.0002)  wd: 0.3629 (0.1763)  mom: 0.9992 (0.9950)  last_layer_lr: 0.0000 (0.0002)  current_batch_size: 64.0000 (64.0000)  total_loss: 8.1494 (8.3864)  teacher_entropy_ratio: 1.0000 (0.9973)  dino_local_crops_loss: 6.7775 (6.7677)  dino_global_crops_loss: 0.8472 (0.8460)  ibot_loss: 0.5248 (0.7727)  time: 0.362110  data: 0.000728  max mem: 19412
I20260723 13:20:01 3064273 dinov2 helpers.py:102] Training  [5960/7500]  eta: 0:09:14  lr: 0.0000 (0.0002)  wd: 0.3634 (0.1767)  mom: 0.9992 (0.9950)  last_layer_lr: 0.0000 (0.0002)  current_batch_size: 64.0000 (64.0000)  total_loss: 8.1470 (8.3860)  teacher_entropy_ratio: 1.0000 (0.9973)  dino_local_crops_loss: 6.7775 (6.7677)  dino_global_crops_loss: 0.8472 (0.8460)  ibot_loss: 0.5224 (0.7722)  time: 0.366838  data: 0.000918  max mem: 19412
I20260723 13:20:04 3064273 dinov2 helpers.py:102] Training  [5970/7500]  eta: 0:09:11  lr: 0.0000 (0.0002)  wd: 0.3638 (0.1770)  mom: 0.9992 (0.9950)  last_layer_lr: 0.0000 (0.0002)  current_batch_size: 64.0000 (64.0000)  total_loss: 8.1280 (8.3855)  teacher_entropy_ratio: 1.0000 (0.9973)  dino_local_crops_loss: 6.7775 (6.7677)  dino_global_crops_loss: 0.8472 (0.8460)  ibot_loss: 0.5033 (0.7718)  time: 0.359966  data: 0.000764  max mem: 19412
I20260723 13:20:08 3064273 dinov2 helpers.py:102] Training  [5980/7500]  eta: 0:09:07  lr: 0.0000 (0.0002)  wd: 0.3643 (0.1773)  mom: 0.9992 (0.9951)  last_layer_lr: 0.0000 (0.0002)  current_batch_size: 64.0000 (64.0000)  total_loss: 8.1358 (8.3851)  teacher_entropy_ratio: 1.0000 (0.9973)  dino_local_crops_loss: 6.7775 (6.7678)  dino_global_crops_loss: 0.8472 (0.8460)  ibot_loss: 0.5112 (0.7714)  time: 0.350390  data: 0.000798  max mem: 19412
I20260723 13:20:11 3064273 dinov2 helpers.py:102] Training  [5990/7500]  eta: 0:09:04  lr: 0.0000 (0.0002)  wd: 0.3647 (0.1776)  mom: 0.9992 (0.9951)  last_layer_lr: 0.0000 (0.0002)  current_batch_size: 64.0000 (64.0000)  total_loss: 8.1407 (8.3847)  teacher_entropy_ratio: 1.0000 (0.9973)  dino_local_crops_loss: 6.7775 (6.7678)  dino_global_crops_loss: 0.8472 (0.8460)  ibot_loss: 0.5161 (0.7709)  time: 0.349230  data: 0.000789  max mem: 19412
I20260723 13:20:15 3064273 dinov2 helpers.py:102] Training  [6000/7500]  eta: 0:09:00  lr: 0.0000 (0.0002)  wd: 0.3652 (0.1779)  mom: 0.9992 (0.9951)  last_layer_lr: 0.0000 (0.0002)  current_batch_size: 64.0000 (64.0000)  total_loss: 8.1405 (8.3843)  teacher_entropy_ratio: 1.0000 (0.9973)  dino_local_crops_loss: 6.7775 (6.7678)  dino_global_crops_loss: 0.8472 (0.8460)  ibot_loss: 0.5158 (0.7705)  time: 0.347232  data: 0.000644  max mem: 19412
I20260723 13:20:18 3064273 dinov2 helpers.py:102] Training  [6010/7500]  eta: 0:08:56  lr: 0.0000 (0.0002)  wd: 0.3656 (0.1782)  mom: 0.9992 (0.9951)  last_layer_lr: 0.0000 (0.0002)  current_batch_size: 64.0000 (64.0000)  total_loss: 8.1387 (8.3839)  teacher_entropy_ratio: 1.0000 (0.9973)  dino_local_crops_loss: 6.7775 (6.7678)  dino_global_crops_loss: 0.8472 (0.8460)  ibot_loss: 0.5141 (0.7700)  time: 0.341187  data: 0.000483  max mem: 19412
I20260723 13:20:22 3064273 dinov2 helpers.py:102] Training  [6020/7500]  eta: 0:08:53  lr: 0.0000 (0.0002)  wd: 0.3661 (0.1785)  mom: 0.9992 (0.9951)  last_layer_lr: 0.0000 (0.0002)  current_batch_size: 64.0000 (64.0000)  total_loss: 8.1312 (8.3835)  teacher_entropy_ratio: 1.0000 (0.9973)  dino_local_crops_loss: 6.7775 (6.7678)  dino_global_crops_loss: 0.8472 (0.8460)  ibot_loss: 0.5066 (0.7696)  time: 0.345020  data: 0.000467  max mem: 19412
I20260723 13:20:25 3064273 dinov2 helpers.py:102] Training  [6030/7500]  eta: 0:08:49  lr: 0.0000 (0.0002)  wd: 0.3665 (0.1788)  mom: 0.9993 (0.9951)  last_layer_lr: 0.0000 (0.0002)  current_batch_size: 64.0000 (64.0000)  total_loss: 8.1312 (8.3831)  teacher_entropy_ratio: 1.0000 (0.9973)  dino_local_crops_loss: 6.7775 (6.7678)  dino_global_crops_loss: 0.8472 (0.8460)  ibot_loss: 0.5066 (0.7692)  time: 0.346528  data: 0.000672  max mem: 19412
I20260723 13:20:29 3064273 dinov2 helpers.py:102] Training  [6040/7500]  eta: 0:08:45  lr: 0.0000 (0.0002)  wd: 0.3669 (0.1792)  mom: 0.9993 (0.9951)  last_layer_lr: 0.0000 (0.0002)  current_batch_size: 64.0000 (64.0000)  total_loss: 8.1373 (8.3827)  teacher_entropy_ratio: 1.0000 (0.9973)  dino_local_crops_loss: 6.7775 (6.7679)  dino_global_crops_loss: 0.8472 (0.8460)  ibot_loss: 0.5127 (0.7688)  time: 0.350863  data: 0.000475  max mem: 19412
I20260723 13:20:32 3064273 dinov2 helpers.py:102] Training  [6050/7500]  eta: 0:08:42  lr: 0.0000 (0.0002)  wd: 0.3674 (0.1795)  mom: 0.9993 (0.9951)  last_layer_lr: 0.0000 (0.0002)  current_batch_size: 64.0000 (64.0000)  total_loss: 8.1368 (8.3822)  teacher_entropy_ratio: 1.0000 (0.9973)  dino_local_crops_loss: 6.7775 (6.7679)  dino_global_crops_loss: 0.8472 (0.8460)  ibot_loss: 0.5122 (0.7684)  time: 0.356727  data: 0.000449  max mem: 19412
I20260723 13:20:36 3064273 dinov2 helpers.py:102] Training  [6060/7500]  eta: 0:08:38  lr: 0.0000 (0.0002)  wd: 0.3678 (0.1798)  mom: 0.9993 (0.9951)  last_layer_lr: 0.0000 (0.0002)  current_batch_size: 64.0000 (64.0000)  total_loss: 8.1295 (8.3818)  teacher_entropy_ratio: 1.0000 (0.9973)  dino_local_crops_loss: 6.7775 (6.7679)  dino_global_crops_loss: 0.8472 (0.8460)  ibot_loss: 0.5048 (0.7679)  time: 0.348801  data: 0.000616  max mem: 19412
I20260723 13:20:39 3064273 dinov2 helpers.py:102] Training  [6070/7500]  eta: 0:08:34  lr: 0.0000 (0.0002)  wd: 0.3682 (0.1801)  mom: 0.9993 (0.9951)  last_layer_lr: 0.0000 (0.0002)  current_batch_size: 64.0000 (64.0000)  total_loss: 8.1301 (8.3814)  teacher_entropy_ratio: 1.0000 (0.9973)  dino_local_crops_loss: 6.7775 (6.7679)  dino_global_crops_loss: 0.8472 (0.8460)  ibot_loss: 0.5055 (0.7675)  time: 0.345291  data: 0.001047  max mem: 19412
I20260723 13:20:43 3064273 dinov2 helpers.py:102] Training  [6080/7500]  eta: 0:08:31  lr: 0.0000 (0.0002)  wd: 0.3687 (0.1804)  mom: 0.9993 (0.9951)  last_layer_lr: 0.0000 (0.0002)  current_batch_size: 64.0000 (64.0000)  total_loss: 8.1422 (8.3811)  teacher_entropy_ratio: 1.0000 (0.9973)  dino_local_crops_loss: 6.7775 (6.7679)  dino_global_crops_loss: 0.8472 (0.8460)  ibot_loss: 0.5176 (0.7671)  time: 0.349741  data: 0.000873  max mem: 19412
I20260723 13:20:46 3064273 dinov2 helpers.py:102] Training  [6090/7500]  eta: 0:08:27  lr: 0.0000 (0.0002)  wd: 0.3691 (0.1807)  mom: 0.9993 (0.9951)  last_layer_lr: 0.0000 (0.0002)  current_batch_size: 64.0000 (64.0000)  total_loss: 8.1422 (8.3806)  teacher_entropy_ratio: 1.0000 (0.9973)  dino_local_crops_loss: 6.7775 (6.7679)  dino_global_crops_loss: 0.8472 (0.8460)  ibot_loss: 0.5176 (0.7667)  time: 0.352822  data: 0.000717  max mem: 19412
I20260723 13:20:50 3064273 dinov2 helpers.py:102] Training  [6100/7500]  eta: 0:08:24  lr: 0.0000 (0.0002)  wd: 0.3695 (0.1810)  mom: 0.9993 (0.9951)  last_layer_lr: 0.0000 (0.0002)  current_batch_size: 64.0000 (64.0000)  total_loss: 8.1328 (8.3802)  teacher_entropy_ratio: 1.0000 (0.9973)  dino_local_crops_loss: 6.7775 (6.7679)  dino_global_crops_loss: 0.8472 (0.8460)  ibot_loss: 0.5082 (0.7663)  time: 0.352604  data: 0.001399  max mem: 19412
I20260723 13:20:53 3064273 dinov2 helpers.py:102] Training  [6110/7500]  eta: 0:08:20  lr: 0.0000 (0.0002)  wd: 0.3699 (0.1813)  mom: 0.9993 (0.9951)  last_layer_lr: 0.0000 (0.0002)  current_batch_size: 64.0000 (64.0000)  total_loss: 8.1229 (8.3798)  teacher_entropy_ratio: 1.0000 (0.9974)  dino_local_crops_loss: 6.7775 (6.7680)  dino_global_crops_loss: 0.8472 (0.8460)  ibot_loss: 0.4982 (0.7658)  time: 0.345066  data: 0.000920  max mem: 19412
I20260723 13:20:57 3064273 dinov2 helpers.py:102] Training  [6120/7500]  eta: 0:08:16  lr: 0.0000 (0.0002)  wd: 0.3703 (0.1816)  mom: 0.9993 (0.9951)  last_layer_lr: 0.0000 (0.0002)  current_batch_size: 64.0000 (64.0000)  total_loss: 8.1150 (8.3794)  teacher_entropy_ratio: 1.0000 (0.9974)  dino_local_crops_loss: 6.7775 (6.7680)  dino_global_crops_loss: 0.8472 (0.8460)  ibot_loss: 0.4904 (0.7654)  time: 0.357451  data: 0.013869  max mem: 19412
I20260723 13:21:00 3064273 dinov2 helpers.py:102] Training  [6130/7500]  eta: 0:08:13  lr: 0.0000 (0.0002)  wd: 0.3708 (0.1819)  mom: 0.9994 (0.9952)  last_layer_lr: 0.0000 (0.0002)  current_batch_size: 64.0000 (64.0000)  total_loss: 8.1311 (8.3790)  teacher_entropy_ratio: 1.0000 (0.9974)  dino_local_crops_loss: 6.7775 (6.7680)  dino_global_crops_loss: 0.8472 (0.8460)  ibot_loss: 0.5064 (0.7650)  time: 0.362979  data: 0.014333  max mem: 19412
I20260723 13:21:04 3064273 dinov2 helpers.py:102] Training  [6140/7500]  eta: 0:08:09  lr: 0.0000 (0.0002)  wd: 0.3712 (0.1823)  mom: 0.9994 (0.9952)  last_layer_lr: 0.0000 (0.0002)  current_batch_size: 64.0000 (64.0000)  total_loss: 8.1345 (8.3786)  teacher_entropy_ratio: 1.0000 (0.9974)  dino_local_crops_loss: 6.7775 (6.7680)  dino_global_crops_loss: 0.8472 (0.8460)  ibot_loss: 0.5099 (0.7645)  time: 0.359060  data: 0.003366  max mem: 19412
I20260723 13:21:08 3064273 dinov2 helpers.py:102] Training  [6150/7500]  eta: 0:08:06  lr: 0.0000 (0.0002)  wd: 0.3716 (0.1826)  mom: 0.9994 (0.9952)  last_layer_lr: 0.0000 (0.0002)  current_batch_size: 64.0000 (64.0000)  total_loss: 8.1346 (8.3782)  teacher_entropy_ratio: 1.0000 (0.9974)  dino_local_crops_loss: 6.7775 (6.7680)  dino_global_crops_loss: 0.8472 (0.8460)  ibot_loss: 0.5100 (0.7642)  time: 0.371525  data: 0.021455  max mem: 19412
I20260723 13:21:11 3064273 dinov2 helpers.py:102] Training  [6160/7500]  eta: 0:08:02  lr: 0.0000 (0.0002)  wd: 0.3720 (0.1829)  mom: 0.9994 (0.9952)  last_layer_lr: 0.0000 (0.0002)  current_batch_size: 64.0000 (64.0000)  total_loss: 8.1634 (8.3779)  teacher_entropy_ratio: 1.0000 (0.9974)  dino_local_crops_loss: 6.7775 (6.7680)  dino_global_crops_loss: 0.8472 (0.8460)  ibot_loss: 0.5387 (0.7638)  time: 0.357695  data: 0.018800  max mem: 19412
I20260723 13:21:15 3064273 dinov2 helpers.py:102] Training  [6170/7500]  eta: 0:07:58  lr: 0.0000 (0.0002)  wd: 0.3724 (0.1832)  mom: 0.9994 (0.9952)  last_layer_lr: 0.0000 (0.0001)  current_batch_size: 64.0000 (64.0000)  total_loss: 8.1406 (8.3775)  teacher_entropy_ratio: 1.0000 (0.9974)  dino_local_crops_loss: 6.7775 (6.7681)  dino_global_crops_loss: 0.8472 (0.8460)  ibot_loss: 0.5160 (0.7634)  time: 0.341343  data: 0.000457  max mem: 19412
I20260723 13:21:18 3064273 dinov2 helpers.py:102] Training  [6180/7500]  eta: 0:07:55  lr: 0.0000 (0.0002)  wd: 0.3728 (0.1835)  mom: 0.9994 (0.9952)  last_layer_lr: 0.0000 (0.0001)  current_batch_size: 64.0000 (64.0000)  total_loss: 8.1284 (8.3771)  teacher_entropy_ratio: 1.0000 (0.9974)  dino_local_crops_loss: 6.7775 (6.7681)  dino_global_crops_loss: 0.8472 (0.8460)  ibot_loss: 0.5037 (0.7630)  time: 0.349062  data: 0.000780  max mem: 19412
I20260723 13:21:22 3064273 dinov2 helpers.py:102] Training  [6190/7500]  eta: 0:07:51  lr: 0.0000 (0.0002)  wd: 0.3732 (0.1838)  mom: 0.9994 (0.9952)  last_layer_lr: 0.0000 (0.0001)  current_batch_size: 64.0000 (64.0000)  total_loss: 8.1553 (8.3767)  teacher_entropy_ratio: 1.0000 (0.9974)  dino_local_crops_loss: 6.7775 (6.7681)  dino_global_crops_loss: 0.8472 (0.8460)  ibot_loss: 0.5306 (0.7626)  time: 0.350941  data: 0.001085  max mem: 19412
I20260723 13:21:25 3064273 dinov2 helpers.py:102] Training  [6200/7500]  eta: 0:07:47  lr: 0.0000 (0.0001)  wd: 0.3736 (0.1841)  mom: 0.9994 (0.9952)  last_layer_lr: 0.0000 (0.0001)  current_batch_size: 64.0000 (64.0000)  total_loss: 8.1481 (8.3764)  teacher_entropy_ratio: 1.0000 (0.9974)  dino_local_crops_loss: 6.7775 (6.7681)  dino_global_crops_loss: 0.8472 (0.8460)  ibot_loss: 0.5235 (0.7622)  time: 0.345122  data: 0.000952  max mem: 19412
I20260723 13:21:29 3064273 dinov2 helpers.py:102] Training  [6210/7500]  eta: 0:07:44  lr: 0.0000 (0.0001)  wd: 0.3740 (0.1844)  mom: 0.9994 (0.9952)  last_layer_lr: 0.0000 (0.0001)  current_batch_size: 64.0000 (64.0000)  total_loss: 8.1341 (8.3760)  teacher_entropy_ratio: 1.0000 (0.9974)  dino_local_crops_loss: 6.7775 (6.7681)  dino_global_crops_loss: 0.8472 (0.8460)  ibot_loss: 0.5095 (0.7618)  time: 0.348274  data: 0.000462  max mem: 19412
I20260723 13:21:32 3064273 dinov2 helpers.py:102] Training  [6220/7500]  eta: 0:07:40  lr: 0.0000 (0.0001)  wd: 0.3744 (0.1847)  mom: 0.9994 (0.9952)  last_layer_lr: 0.0000 (0.0001)  current_batch_size: 64.0000 (64.0000)  total_loss: 8.1259 (8.3756)  teacher_entropy_ratio: 1.0000 (0.9974)  dino_local_crops_loss: 6.7775 (6.7681)  dino_global_crops_loss: 0.8472 (0.8460)  ibot_loss: 0.5012 (0.7614)  time: 0.351136  data: 0.000662  max mem: 19412
I20260723 13:21:36 3064273 dinov2 helpers.py:102] Training  [6230/7500]  eta: 0:07:37  lr: 0.0000 (0.0001)  wd: 0.3747 (0.1850)  mom: 0.9994 (0.9952)  last_layer_lr: 0.0000 (0.0001)  current_batch_size: 64.0000 (64.0000)  total_loss: 8.1460 (8.3752)  teacher_entropy_ratio: 1.0000 (0.9974)  dino_local_crops_loss: 6.7775 (6.7681)  dino_global_crops_loss: 0.8472 (0.8460)  ibot_loss: 0.5214 (0.7610)  time: 0.342190  data: 0.000636  max mem: 19412
I20260723 13:21:39 3064273 dinov2 helpers.py:102] Training  [6240/7500]  eta: 0:07:33  lr: 0.0000 (0.0001)  wd: 0.3751 (0.1853)  mom: 0.9994 (0.9952)  last_layer_lr: 0.0000 (0.0001)  current_batch_size: 64.0000 (64.0000)  total_loss: 8.1468 (8.3748)  teacher_entropy_ratio: 1.0000 (0.9974)  dino_local_crops_loss: 6.7775 (6.7682)  dino_global_crops_loss: 0.8472 (0.8460)  ibot_loss: 0.5222 (0.7606)  time: 0.350768  data: 0.014727  max mem: 19412
I20260723 13:21:43 3064273 dinov2 helpers.py:102] Training  [6250/7500]  eta: 0:07:29  lr: 0.0000 (0.0001)  wd: 0.3755 (0.1856)  mom: 0.9995 (0.9952)  last_layer_lr: 0.0000 (0.0001)  current_batch_size: 64.0000 (64.0000)  total_loss: 8.1563 (8.3745)  teacher_entropy_ratio: 1.0000 (0.9974)  dino_local_crops_loss: 6.7775 (6.7682)  dino_global_crops_loss: 0.8472 (0.8460)  ibot_loss: 0.5317 (0.7602)  time: 0.389844  data: 0.046194  max mem: 19412
I20260723 13:21:47 3064273 dinov2 helpers.py:102] Training  [6260/7500]  eta: 0:07:26  lr: 0.0000 (0.0001)  wd: 0.3759 (0.1859)  mom: 0.9995 (0.9952)  last_layer_lr: 0.0000 (0.0001)  current_batch_size: 64.0000 (64.0000)  total_loss: 8.1345 (8.3741)  teacher_entropy_ratio: 1.0000 (0.9974)  dino_local_crops_loss: 6.7775 (6.7682)  dino_global_crops_loss: 0.8472 (0.8461)  ibot_loss: 0.5099 (0.7598)  time: 0.394218  data: 0.047056  max mem: 19412
I20260723 13:21:51 3064273 dinov2 helpers.py:102] Training  [6270/7500]  eta: 0:07:22  lr: 0.0000 (0.0001)  wd: 0.3763 (0.1862)  mom: 0.9995 (0.9952)  last_layer_lr: 0.0000 (0.0001)  current_batch_size: 64.0000 (64.0000)  total_loss: 8.1256 (8.3737)  teacher_entropy_ratio: 1.0000 (0.9974)  dino_local_crops_loss: 6.7775 (6.7682)  dino_global_crops_loss: 0.8472 (0.8461)  ibot_loss: 0.5010 (0.7594)  time: 0.361175  data: 0.019851  max mem: 19412
I20260723 13:21:54 3064273 dinov2 helpers.py:102] Training  [6280/7500]  eta: 0:07:19  lr: 0.0000 (0.0001)  wd: 0.3766 (0.1865)  mom: 0.9995 (0.9953)  last_layer_lr: 0.0000 (0.0001)  current_batch_size: 64.0000 (64.0000)  total_loss: 8.1271 (8.3733)  teacher_entropy_ratio: 1.0000 (0.9974)  dino_local_crops_loss: 6.7775 (6.7682)  dino_global_crops_loss: 0.8472 (0.8461)  ibot_loss: 0.5025 (0.7590)  time: 0.361957  data: 0.015465  max mem: 19412
I20260723 13:21:58 3064273 dinov2 helpers.py:102] Training  [6290/7500]  eta: 0:07:15  lr: 0.0000 (0.0001)  wd: 0.3770 (0.1868)  mom: 0.9995 (0.9953)  last_layer_lr: 0.0000 (0.0001)  current_batch_size: 64.0000 (64.0000)  total_loss: 8.1301 (8.3729)  teacher_entropy_ratio: 1.0000 (0.9974)  dino_local_crops_loss: 6.7775 (6.7682)  dino_global_crops_loss: 0.8472 (0.8461)  ibot_loss: 0.5054 (0.7586)  time: 0.354917  data: 0.011421  max mem: 19412
I20260723 13:22:01 3064273 fvcore.common.checkpoint __init__.py:109] Saving checkpoint to /sci/labs/arieljaffe/dan.abergel1/runs/brain/h_lowlr/model_0006299.rank_0.pth
I20260723 13:22:02 3064273 dinov2 helpers.py:102] Training  [6300/7500]  eta: 0:07:12  lr: 0.0000 (0.0001)  wd: 0.3774 (0.1871)  mom: 0.9995 (0.9953)  last_layer_lr: 0.0000 (0.0001)  current_batch_size: 64.0000 (64.0000)  total_loss: 8.1139 (8.3725)  teacher_entropy_ratio: 1.0000 (0.9974)  dino_local_crops_loss: 6.7775 (6.7683)  dino_global_crops_loss: 0.8472 (0.8461)  ibot_loss: 0.4893 (0.7582)  time: 0.395920  data: 0.006192  max mem: 19412
I20260723 13:22:06 3064273 dinov2 helpers.py:102] Training  [6310/7500]  eta: 0:07:08  lr: 0.0000 (0.0001)  wd: 0.3777 (0.1874)  mom: 0.9995 (0.9953)  last_layer_lr: 0.0000 (0.0001)  current_batch_size: 64.0000 (64.0000)  total_loss: 8.1278 (8.3721)  teacher_entropy_ratio: 1.0000 (0.9974)  dino_local_crops_loss: 6.7775 (6.7683)  dino_global_crops_loss: 0.8472 (0.8461)  ibot_loss: 0.5031 (0.7578)  time: 0.397322  data: 0.006182  max mem: 19412
I20260723 13:22:09 3064273 dinov2 helpers.py:102] Training  [6320/7500]  eta: 0:07:04  lr: 0.0000 (0.0001)  wd: 0.3781 (0.1877)  mom: 0.9995 (0.9953)  last_layer_lr: 0.0000 (0.0001)  current_batch_size: 64.0000 (64.0000)  total_loss: 8.1303 (8.3718)  teacher_entropy_ratio: 1.0000 (0.9974)  dino_local_crops_loss: 6.7775 (6.7683)  dino_global_crops_loss: 0.8472 (0.8461)  ibot_loss: 0.5057 (0.7574)  time: 0.345171  data: 0.000700  max mem: 19412
I20260723 13:22:13 3064273 dinov2 helpers.py:102] Training  [6330/7500]  eta: 0:07:01  lr: 0.0000 (0.0001)  wd: 0.3785 (0.1880)  mom: 0.9995 (0.9953)  last_layer_lr: 0.0000 (0.0001)  current_batch_size: 64.0000 (64.0000)  total_loss: 8.1303 (8.3714)  teacher_entropy_ratio: 1.0000 (0.9974)  dino_local_crops_loss: 6.7775 (6.7683)  dino_global_crops_loss: 0.8472 (0.8461)  ibot_loss: 0.5057 (0.7570)  time: 0.348389  data: 0.000515  max mem: 19412
I20260723 13:22:16 3064273 dinov2 helpers.py:102] Training  [6340/7500]  eta: 0:06:57  lr: 0.0000 (0.0001)  wd: 0.3788 (0.1884)  mom: 0.9995 (0.9953)  last_layer_lr: 0.0000 (0.0001)  current_batch_size: 64.0000 (64.0000)  total_loss: 8.1187 (8.3710)  teacher_entropy_ratio: 1.0000 (0.9974)  dino_local_crops_loss: 6.7775 (6.7683)  dino_global_crops_loss: 0.8472 (0.8461)  ibot_loss: 0.4940 (0.7566)  time: 0.343341  data: 0.000475  max mem: 19412
I20260723 13:22:19 3064273 dinov2 helpers.py:102] Training  [6350/7500]  eta: 0:06:53  lr: 0.0000 (0.0001)  wd: 0.3792 (0.1887)  mom: 0.9995 (0.9953)  last_layer_lr: 0.0000 (0.0001)  current_batch_size: 64.0000 (64.0000)  total_loss: 8.1249 (8.3706)  teacher_entropy_ratio: 1.0000 (0.9975)  dino_local_crops_loss: 6.7775 (6.7683)  dino_global_crops_loss: 0.8472 (0.8461)  ibot_loss: 0.5003 (0.7562)  time: 0.341482  data: 0.000465  max mem: 19412
I20260723 13:22:23 3064273 dinov2 helpers.py:102] Training  [6360/7500]  eta: 0:06:50  lr: 0.0000 (0.0001)  wd: 0.3795 (0.1890)  mom: 0.9995 (0.9953)  last_layer_lr: 0.0000 (0.0001)  current_batch_size: 64.0000 (64.0000)  total_loss: 8.1364 (8.3702)  teacher_entropy_ratio: 1.0000 (0.9975)  dino_local_crops_loss: 6.7775 (6.7683)  dino_global_crops_loss: 0.8472 (0.8461)  ibot_loss: 0.5118 (0.7558)  time: 0.343287  data: 0.000457  max mem: 19412
I20260723 13:22:27 3064273 dinov2 helpers.py:102] Training  [6370/7500]  eta: 0:06:46  lr: 0.0000 (0.0001)  wd: 0.3799 (0.1893)  mom: 0.9996 (0.9953)  last_layer_lr: 0.0000 (0.0001)  current_batch_size: 64.0000 (64.0000)  total_loss: 8.1361 (8.3699)  teacher_entropy_ratio: 1.0000 (0.9975)  dino_local_crops_loss: 6.7775 (6.7684)  dino_global_crops_loss: 0.8472 (0.8461)  ibot_loss: 0.5115 (0.7554)  time: 0.349865  data: 0.000638  max mem: 19412
I20260723 13:22:30 3064273 dinov2 helpers.py:102] Training  [6380/7500]  eta: 0:06:43  lr: 0.0000 (0.0001)  wd: 0.3802 (0.1896)  mom: 0.9996 (0.9953)  last_layer_lr: 0.0000 (0.0001)  current_batch_size: 64.0000 (64.0000)  total_loss: 8.1248 (8.3695)  teacher_entropy_ratio: 1.0000 (0.9975)  dino_local_crops_loss: 6.7775 (6.7684)  dino_global_crops_loss: 0.8472 (0.8461)  ibot_loss: 0.5002 (0.7550)  time: 0.357760  data: 0.005854  max mem: 19412
I20260723 13:22:34 3064273 dinov2 helpers.py:102] Training  [6390/7500]  eta: 0:06:39  lr: 0.0000 (0.0001)  wd: 0.3806 (0.1899)  mom: 0.9996 (0.9953)  last_layer_lr: 0.0000 (0.0001)  current_batch_size: 64.0000 (64.0000)  total_loss: 8.1176 (8.3691)  teacher_entropy_ratio: 1.0000 (0.9975)  dino_local_crops_loss: 6.7775 (6.7684)  dino_global_crops_loss: 0.8472 (0.8461)  ibot_loss: 0.4929 (0.7546)  time: 0.356139  data: 0.008406  max mem: 19412
I20260723 13:22:38 3064273 dinov2 helpers.py:102] Training  [6400/7500]  eta: 0:06:36  lr: 0.0000 (0.0001)  wd: 0.3809 (0.1901)  mom: 0.9996 (0.9953)  last_layer_lr: 0.0000 (0.0001)  current_batch_size: 64.0000 (64.0000)  total_loss: 8.1193 (8.3687)  teacher_entropy_ratio: 1.0000 (0.9975)  dino_local_crops_loss: 6.7775 (6.7684)  dino_global_crops_loss: 0.8472 (0.8461)  ibot_loss: 0.4947 (0.7543)  time: 0.371936  data: 0.027193  max mem: 19412
I20260723 13:22:41 3064273 dinov2 helpers.py:102] Training  [6410/7500]  eta: 0:06:32  lr: 0.0000 (0.0001)  wd: 0.3812 (0.1904)  mom: 0.9996 (0.9953)  last_layer_lr: 0.0000 (0.0001)  current_batch_size: 64.0000 (64.0000)  total_loss: 8.1395 (8.3684)  teacher_entropy_ratio: 1.0000 (0.9975)  dino_local_crops_loss: 6.7775 (6.7684)  dino_global_crops_loss: 0.8472 (0.8461)  ibot_loss: 0.5149 (0.7539)  time: 0.376968  data: 0.032861  max mem: 19412
I20260723 13:22:45 3064273 dinov2 helpers.py:102] Training  [6420/7500]  eta: 0:06:28  lr: 0.0000 (0.0001)  wd: 0.3816 (0.1907)  mom: 0.9996 (0.9953)  last_layer_lr: 0.0000 (0.0001)  current_batch_size: 64.0000 (64.0000)  total_loss: 8.1395 (8.3680)  teacher_entropy_ratio: 1.0000 (0.9975)  dino_local_crops_loss: 6.7775 (6.7684)  dino_global_crops_loss: 0.8472 (0.8461)  ibot_loss: 0.5149 (0.7535)  time: 0.358666  data: 0.018571  max mem: 19412
I20260723 13:22:48 3064273 dinov2 helpers.py:102] Training  [6430/7500]  eta: 0:06:25  lr: 0.0000 (0.0001)  wd: 0.3819 (0.1910)  mom: 0.9996 (0.9954)  last_layer_lr: 0.0000 (0.0001)  current_batch_size: 64.0000 (64.0000)  total_loss: 8.1177 (8.3676)  teacher_entropy_ratio: 1.0000 (0.9975)  dino_local_crops_loss: 6.7775 (6.7684)  dino_global_crops_loss: 0.8472 (0.8461)  ibot_loss: 0.4931 (0.7531)  time: 0.358124  data: 0.010334  max mem: 19412
I20260723 13:22:52 3064273 dinov2 helpers.py:102] Training  [6440/7500]  eta: 0:06:21  lr: 0.0000 (0.0001)  wd: 0.3822 (0.1913)  mom: 0.9996 (0.9954)  last_layer_lr: 0.0000 (0.0001)  current_batch_size: 64.0000 (64.0000)  total_loss: 8.1166 (8.3673)  teacher_entropy_ratio: 1.0000 (0.9975)  dino_local_crops_loss: 6.7775 (6.7685)  dino_global_crops_loss: 0.8472 (0.8461)  ibot_loss: 0.4920 (0.7527)  time: 0.351723  data: 0.000673  max mem: 19412
I20260723 13:22:55 3064273 dinov2 helpers.py:102] Training  [6450/7500]  eta: 0:06:17  lr: 0.0000 (0.0001)  wd: 0.3825 (0.1916)  mom: 0.9996 (0.9954)  last_layer_lr: 0.0000 (0.0001)  current_batch_size: 64.0000 (64.0000)  total_loss: 8.1273 (8.3669)  teacher_entropy_ratio: 1.0000 (0.9975)  dino_local_crops_loss: 6.7775 (6.7685)  dino_global_crops_loss: 0.8472 (0.8461)  ibot_loss: 0.5026 (0.7524)  time: 0.347668  data: 0.002220  max mem: 19412
I20260723 13:22:59 3064273 dinov2 helpers.py:102] Training  [6460/7500]  eta: 0:06:14  lr: 0.0000 (0.0001)  wd: 0.3829 (0.1919)  mom: 0.9996 (0.9954)  last_layer_lr: 0.0000 (0.0001)  current_batch_size: 64.0000 (64.0000)  total_loss: 8.1366 (8.3665)  teacher_entropy_ratio: 1.0000 (0.9975)  dino_local_crops_loss: 6.7775 (6.7685)  dino_global_crops_loss: 0.8472 (0.8461)  ibot_loss: 0.5120 (0.7520)  time: 0.362878  data: 0.013107  max mem: 19412
I20260723 13:23:03 3064273 dinov2 helpers.py:102] Training  [6470/7500]  eta: 0:06:10  lr: 0.0000 (0.0001)  wd: 0.3832 (0.1922)  mom: 0.9996 (0.9954)  last_layer_lr: 0.0000 (0.0001)  current_batch_size: 64.0000 (64.0000)  total_loss: 8.1269 (8.3662)  teacher_entropy_ratio: 1.0000 (0.9975)  dino_local_crops_loss: 6.7774 (6.7685)  dino_global_crops_loss: 0.8472 (0.8461)  ibot_loss: 0.5022 (0.7516)  time: 0.368730  data: 0.020484  max mem: 19412
I20260723 13:23:06 3064273 dinov2 helpers.py:102] Training  [6480/7500]  eta: 0:06:07  lr: 0.0000 (0.0001)  wd: 0.3835 (0.1925)  mom: 0.9996 (0.9954)  last_layer_lr: 0.0000 (0.0001)  current_batch_size: 64.0000 (64.0000)  total_loss: 8.1363 (8.3658)  teacher_entropy_ratio: 1.0000 (0.9975)  dino_local_crops_loss: 6.7775 (6.7685)  dino_global_crops_loss: 0.8472 (0.8461)  ibot_loss: 0.5116 (0.7512)  time: 0.357834  data: 0.018578  max mem: 19412
I20260723 13:23:10 3064273 dinov2 helpers.py:102] Training  [6490/7500]  eta: 0:06:03  lr: 0.0000 (0.0001)  wd: 0.3838 (0.1928)  mom: 0.9996 (0.9954)  last_layer_lr: 0.0000 (0.0001)  current_batch_size: 64.0000 (64.0000)  total_loss: 8.1432 (8.3654)  teacher_entropy_ratio: 1.0000 (0.9975)  dino_local_crops_loss: 6.7775 (6.7685)  dino_global_crops_loss: 0.8472 (0.8461)  ibot_loss: 0.5186 (0.7508)  time: 0.354780  data: 0.014985  max mem: 19412
I20260723 13:23:13 3064273 dinov2 helpers.py:102] Training  [6500/7500]  eta: 0:05:59  lr: 0.0000 (0.0001)  wd: 0.3841 (0.1931)  mom: 0.9996 (0.9954)  last_layer_lr: 0.0000 (0.0001)  current_batch_size: 64.0000 (64.0000)  total_loss: 8.1326 (8.3651)  teacher_entropy_ratio: 1.0000 (0.9975)  dino_local_crops_loss: 6.7775 (6.7685)  dino_global_crops_loss: 0.8472 (0.8461)  ibot_loss: 0.5080 (0.7505)  time: 0.352185  data: 0.008335  max mem: 19412
I20260723 13:23:17 3064273 dinov2 helpers.py:102] Training  [6510/7500]  eta: 0:05:56  lr: 0.0000 (0.0001)  wd: 0.3844 (0.1934)  mom: 0.9997 (0.9954)  last_layer_lr: 0.0000 (0.0001)  current_batch_size: 64.0000 (64.0000)  total_loss: 8.1200 (8.3647)  teacher_entropy_ratio: 1.0000 (0.9975)  dino_local_crops_loss: 6.7775 (6.7685)  dino_global_crops_loss: 0.8472 (0.8461)  ibot_loss: 0.4954 (0.7501)  time: 0.348027  data: 0.003067  max mem: 19412
I20260723 13:23:20 3064273 dinov2 helpers.py:102] Training  [6520/7500]  eta: 0:05:52  lr: 0.0000 (0.0001)  wd: 0.3847 (0.1937)  mom: 0.9997 (0.9954)  last_layer_lr: 0.0000 (0.0001)  current_batch_size: 64.0000 (64.0000)  total_loss: 8.1464 (8.3644)  teacher_entropy_ratio: 1.0000 (0.9975)  dino_local_crops_loss: 6.7775 (6.7686)  dino_global_crops_loss: 0.8472 (0.8461)  ibot_loss: 0.5218 (0.7497)  time: 0.346050  data: 0.000641  max mem: 19412
I20260723 13:23:24 3064273 dinov2 helpers.py:102] Training  [6530/7500]  eta: 0:05:49  lr: 0.0000 (0.0001)  wd: 0.3850 (0.1940)  mom: 0.9997 (0.9954)  last_layer_lr: 0.0000 (0.0001)  current_batch_size: 64.0000 (64.0000)  total_loss: 8.1240 (8.3640)  teacher_entropy_ratio: 1.0000 (0.9975)  dino_local_crops_loss: 6.7775 (6.7686)  dino_global_crops_loss: 0.8472 (0.8461)  ibot_loss: 0.4994 (0.7493)  time: 0.346576  data: 0.000764  max mem: 19412
I20260723 13:23:27 3064273 dinov2 helpers.py:102] Training  [6540/7500]  eta: 0:05:45  lr: 0.0000 (0.0001)  wd: 0.3853 (0.1943)  mom: 0.9997 (0.9954)  last_layer_lr: 0.0000 (0.0001)  current_batch_size: 64.0000 (64.0000)  total_loss: 8.1132 (8.3637)  teacher_entropy_ratio: 1.0000 (0.9975)  dino_local_crops_loss: 6.7775 (6.7686)  dino_global_crops_loss: 0.8472 (0.8461)  ibot_loss: 0.4885 (0.7490)  time: 0.347875  data: 0.001260  max mem: 19412
I20260723 13:23:31 3064273 dinov2 helpers.py:102] Training  [6550/7500]  eta: 0:05:41  lr: 0.0000 (0.0001)  wd: 0.3856 (0.1946)  mom: 0.9997 (0.9954)  last_layer_lr: 0.0000 (0.0001)  current_batch_size: 64.0000 (64.0000)  total_loss: 8.1330 (8.3633)  teacher_entropy_ratio: 1.0000 (0.9975)  dino_local_crops_loss: 6.7775 (6.7686)  dino_global_crops_loss: 0.8472 (0.8461)  ibot_loss: 0.5084 (0.7486)  time: 0.347778  data: 0.001062  max mem: 19412
I20260723 13:23:34 3064273 dinov2 helpers.py:102] Training  [6560/7500]  eta: 0:05:38  lr: 0.0000 (0.0001)  wd: 0.3859 (0.1949)  mom: 0.9997 (0.9954)  last_layer_lr: 0.0000 (0.0001)  current_batch_size: 64.0000 (64.0000)  total_loss: 8.1293 (8.3629)  teacher_entropy_ratio: 1.0000 (0.9975)  dino_local_crops_loss: 6.7775 (6.7686)  dino_global_crops_loss: 0.8472 (0.8461)  ibot_loss: 0.5047 (0.7482)  time: 0.347862  data: 0.000602  max mem: 19412
I20260723 13:23:38 3064273 dinov2 helpers.py:102] Training  [6570/7500]  eta: 0:05:34  lr: 0.0000 (0.0001)  wd: 0.3862 (0.1952)  mom: 0.9997 (0.9954)  last_layer_lr: 0.0000 (0.0001)  current_batch_size: 64.0000 (64.0000)  total_loss: 8.1433 (8.3626)  teacher_entropy_ratio: 1.0000 (0.9975)  dino_local_crops_loss: 6.7775 (6.7686)  dino_global_crops_loss: 0.8472 (0.8461)  ibot_loss: 0.5186 (0.7479)  time: 0.346328  data: 0.000432  max mem: 19412
I20260723 13:23:41 3064273 dinov2 helpers.py:102] Training  [6580/7500]  eta: 0:05:31  lr: 0.0000 (0.0001)  wd: 0.3865 (0.1955)  mom: 0.9997 (0.9955)  last_layer_lr: 0.0000 (0.0001)  current_batch_size: 64.0000 (64.0000)  total_loss: 8.1461 (8.3623)  teacher_entropy_ratio: 1.0000 (0.9975)  dino_local_crops_loss: 6.7775 (6.7686)  dino_global_crops_loss: 0.8472 (0.8461)  ibot_loss: 0.5215 (0.7475)  time: 0.355156  data: 0.013280  max mem: 19412
I20260723 13:23:45 3064273 dinov2 helpers.py:102] Training  [6590/7500]  eta: 0:05:27  lr: 0.0000 (0.0001)  wd: 0.3868 (0.1957)  mom: 0.9997 (0.9955)  last_layer_lr: 0.0000 (0.0001)  current_batch_size: 64.0000 (64.0000)  total_loss: 8.1302 (8.3619)  teacher_entropy_ratio: 1.0000 (0.9975)  dino_local_crops_loss: 6.7775 (6.7687)  dino_global_crops_loss: 0.8472 (0.8461)  ibot_loss: 0.5056 (0.7471)  time: 0.357941  data: 0.013469  max mem: 19412
I20260723 13:23:49 3064273 dinov2 helpers.py:102] Training  [6600/7500]  eta: 0:05:23  lr: 0.0000 (0.0001)  wd: 0.3871 (0.1960)  mom: 0.9997 (0.9955)  last_layer_lr: 0.0000 (0.0001)  current_batch_size: 64.0000 (64.0000)  total_loss: 8.1209 (8.3616)  teacher_entropy_ratio: 1.0000 (0.9975)  dino_local_crops_loss: 6.7775 (6.7687)  dino_global_crops_loss: 0.8472 (0.8461)  ibot_loss: 0.4963 (0.7468)  time: 0.366502  data: 0.014713  max mem: 19412
I20260723 13:23:52 3064273 dinov2 helpers.py:102] Training  [6610/7500]  eta: 0:05:20  lr: 0.0000 (0.0001)  wd: 0.3874 (0.1963)  mom: 0.9997 (0.9955)  last_layer_lr: 0.0000 (0.0001)  current_batch_size: 64.0000 (64.0000)  total_loss: 8.1335 (8.3612)  teacher_entropy_ratio: 1.0000 (0.9975)  dino_local_crops_loss: 6.7775 (6.7687)  dino_global_crops_loss: 0.8472 (0.8461)  ibot_loss: 0.5089 (0.7464)  time: 0.362255  data: 0.015018  max mem: 19412
I20260723 13:23:55 3064273 dinov2 helpers.py:102] Training  [6620/7500]  eta: 0:05:16  lr: 0.0000 (0.0001)  wd: 0.3876 (0.1966)  mom: 0.9997 (0.9955)  last_layer_lr: 0.0000 (0.0001)  current_batch_size: 64.0000 (64.0000)  total_loss: 8.1334 (8.3609)  teacher_entropy_ratio: 1.0000 (0.9976)  dino_local_crops_loss: 6.7775 (6.7687)  dino_global_crops_loss: 0.8472 (0.8461)  ibot_loss: 0.5087 (0.7461)  time: 0.344453  data: 0.003193  max mem: 19412
I20260723 13:23:59 3064273 dinov2 helpers.py:102] Training  [6630/7500]  eta: 0:05:13  lr: 0.0000 (0.0001)  wd: 0.3879 (0.1969)  mom: 0.9997 (0.9955)  last_layer_lr: 0.0000 (0.0001)  current_batch_size: 64.0000 (64.0000)  total_loss: 8.1287 (8.3605)  teacher_entropy_ratio: 1.0000 (0.9976)  dino_local_crops_loss: 6.7775 (6.7687)  dino_global_crops_loss: 0.8472 (0.8461)  ibot_loss: 0.5041 (0.7457)  time: 0.351726  data: 0.003247  max mem: 19412
I20260723 13:24:02 3064273 dinov2 helpers.py:102] Training  [6640/7500]  eta: 0:05:09  lr: 0.0000 (0.0001)  wd: 0.3882 (0.1972)  mom: 0.9997 (0.9955)  last_layer_lr: 0.0000 (0.0001)  current_batch_size: 64.0000 (64.0000)  total_loss: 8.1278 (8.3602)  teacher_entropy_ratio: 1.0000 (0.9976)  dino_local_crops_loss: 6.7774 (6.7687)  dino_global_crops_loss: 0.8472 (0.8461)  ibot_loss: 0.5032 (0.7453)  time: 0.349451  data: 0.001011  max mem: 19412
I20260723 13:24:06 3064273 dinov2 helpers.py:102] Training  [6650/7500]  eta: 0:05:05  lr: 0.0000 (0.0001)  wd: 0.3884 (0.1975)  mom: 0.9997 (0.9955)  last_layer_lr: 0.0000 (0.0001)  current_batch_size: 64.0000 (64.0000)  total_loss: 8.1210 (8.3598)  teacher_entropy_ratio: 1.0000 (0.9976)  dino_local_crops_loss: 6.7774 (6.7687)  dino_global_crops_loss: 0.8472 (0.8461)  ibot_loss: 0.4964 (0.7450)  time: 0.341874  data: 0.000467  max mem: 19412
I20260723 13:24:10 3064273 dinov2 helpers.py:102] Training  [6660/7500]  eta: 0:05:02  lr: 0.0000 (0.0001)  wd: 0.3887 (0.1978)  mom: 0.9997 (0.9955)  last_layer_lr: 0.0000 (0.0001)  current_batch_size: 64.0000 (64.0000)  total_loss: 8.1321 (8.3594)  teacher_entropy_ratio: 1.0000 (0.9976)  dino_local_crops_loss: 6.7775 (6.7687)  dino_global_crops_loss: 0.8472 (0.8461)  ibot_loss: 0.5075 (0.7446)  time: 0.364277  data: 0.013394  max mem: 19412
I20260723 13:24:13 3064273 dinov2 helpers.py:102] Training  [6670/7500]  eta: 0:04:58  lr: 0.0000 (0.0001)  wd: 0.3890 (0.1981)  mom: 0.9998 (0.9955)  last_layer_lr: 0.0000 (0.0001)  current_batch_size: 64.0000 (64.0000)  total_loss: 8.1337 (8.3591)  teacher_entropy_ratio: 1.0000 (0.9976)  dino_local_crops_loss: 6.7775 (6.7688)  dino_global_crops_loss: 0.8472 (0.8461)  ibot_loss: 0.5090 (0.7442)  time: 0.371995  data: 0.013555  max mem: 19412
I20260723 13:24:17 3064273 dinov2 helpers.py:102] Training  [6680/7500]  eta: 0:04:55  lr: 0.0000 (0.0001)  wd: 0.3892 (0.1983)  mom: 0.9998 (0.9955)  last_layer_lr: 0.0000 (0.0001)  current_batch_size: 64.0000 (64.0000)  total_loss: 8.1182 (8.3588)  teacher_entropy_ratio: 1.0000 (0.9976)  dino_local_crops_loss: 6.7775 (6.7688)  dino_global_crops_loss: 0.8472 (0.8461)  ibot_loss: 0.4936 (0.7439)  time: 0.356368  data: 0.000758  max mem: 19412
I20260723 13:24:20 3064273 dinov2 helpers.py:102] Training  [6690/7500]  eta: 0:04:51  lr: 0.0000 (0.0001)  wd: 0.3895 (0.1986)  mom: 0.9998 (0.9955)  last_layer_lr: 0.0000 (0.0001)  current_batch_size: 64.0000 (64.0000)  total_loss: 8.1404 (8.3584)  teacher_entropy_ratio: 1.0000 (0.9976)  dino_local_crops_loss: 6.7775 (6.7688)  dino_global_crops_loss: 0.8472 (0.8461)  ibot_loss: 0.5158 (0.7435)  time: 0.345847  data: 0.000596  max mem: 19412
I20260723 13:24:24 3064273 dinov2 helpers.py:102] Training  [6700/7500]  eta: 0:04:47  lr: 0.0000 (0.0001)  wd: 0.3897 (0.1989)  mom: 0.9998 (0.9955)  last_layer_lr: 0.0000 (0.0001)  current_batch_size: 64.0000 (64.0000)  total_loss: 8.1382 (8.3581)  teacher_entropy_ratio: 1.0000 (0.9976)  dino_local_crops_loss: 6.7775 (6.7688)  dino_global_crops_loss: 0.8472 (0.8461)  ibot_loss: 0.5136 (0.7431)  time: 0.372291  data: 0.030253  max mem: 19412
I20260723 13:24:28 3064273 dinov2 helpers.py:102] Training  [6710/7500]  eta: 0:04:44  lr: 0.0000 (0.0001)  wd: 0.3900 (0.1992)  mom: 0.9998 (0.9955)  last_layer_lr: 0.0000 (0.0001)  current_batch_size: 64.0000 (64.0000)  total_loss: 8.1210 (8.3577)  teacher_entropy_ratio: 1.0000 (0.9976)  dino_local_crops_loss: 6.7775 (6.7688)  dino_global_crops_loss: 0.8472 (0.8461)  ibot_loss: 0.4963 (0.7428)  time: 0.379000  data: 0.030716  max mem: 19412
I20260723 13:24:31 3064273 dinov2 helpers.py:102] Training  [6720/7500]  eta: 0:04:40  lr: 0.0000 (0.0001)  wd: 0.3902 (0.1995)  mom: 0.9998 (0.9955)  last_layer_lr: 0.0000 (0.0001)  current_batch_size: 64.0000 (64.0000)  total_loss: 8.1323 (8.3574)  teacher_entropy_ratio: 1.0000 (0.9976)  dino_local_crops_loss: 6.7774 (6.7688)  dino_global_crops_loss: 0.8472 (0.8461)  ibot_loss: 0.5077 (0.7425)  time: 0.350501  data: 0.003431  max mem: 19412
I20260723 13:24:35 3064273 dinov2 helpers.py:102] Training  [6730/7500]  eta: 0:04:37  lr: 0.0000 (0.0001)  wd: 0.3905 (0.1998)  mom: 0.9998 (0.9956)  last_layer_lr: 0.0000 (0.0001)  current_batch_size: 64.0000 (64.0000)  total_loss: 8.1264 (8.3570)  teacher_entropy_ratio: 1.0000 (0.9976)  dino_local_crops_loss: 6.7774 (6.7688)  dino_global_crops_loss: 0.8472 (0.8461)  ibot_loss: 0.5018 (0.7421)  time: 0.368367  data: 0.014787  max mem: 19412
I20260723 13:24:39 3064273 dinov2 helpers.py:102] Training  [6740/7500]  eta: 0:04:33  lr: 0.0000 (0.0001)  wd: 0.3907 (0.2000)  mom: 0.9998 (0.9956)  last_layer_lr: 0.0000 (0.0001)  current_batch_size: 64.0000 (64.0000)  total_loss: 8.1368 (8.3567)  teacher_entropy_ratio: 1.0000 (0.9976)  dino_local_crops_loss: 6.7775 (6.7689)  dino_global_crops_loss: 0.8472 (0.8461)  ibot_loss: 0.5122 (0.7417)  time: 0.371624  data: 0.016449  max mem: 19412
I20260723 13:24:42 3064273 fvcore.common.checkpoint __init__.py:109] Saving checkpoint to /sci/labs/arieljaffe/dan.abergel1/runs/brain/h_lowlr/model_0006749.rank_0.pth
I20260723 13:24:43 3064273 dinov2 helpers.py:102] Training  [6750/7500]  eta: 0:04:29  lr: 0.0000 (0.0001)  wd: 0.3910 (0.2003)  mom: 0.9998 (0.9956)  last_layer_lr: 0.0000 (0.0001)  current_batch_size: 64.0000 (64.0000)  total_loss: 8.1415 (8.3564)  teacher_entropy_ratio: 1.0000 (0.9976)  dino_local_crops_loss: 6.7774 (6.7689)  dino_global_crops_loss: 0.8472 (0.8461)  ibot_loss: 0.5169 (0.7414)  time: 0.410694  data: 0.004841  max mem: 19412
I20260723 13:24:47 3064273 dinov2 helpers.py:102] Training  [6760/7500]  eta: 0:04:26  lr: 0.0000 (0.0001)  wd: 0.3912 (0.2006)  mom: 0.9998 (0.9956)  last_layer_lr: 0.0000 (0.0001)  current_batch_size: 64.0000 (64.0000)  total_loss: 8.1368 (8.3561)  teacher_entropy_ratio: 1.0000 (0.9976)  dino_local_crops_loss: 6.7774 (6.7689)  dino_global_crops_loss: 0.8472 (0.8461)  ibot_loss: 0.5122 (0.7411)  time: 0.400779  data: 0.000645  max mem: 19412
I20260723 13:24:50 3064273 dinov2 helpers.py:102] Training  [6770/7500]  eta: 0:04:22  lr: 0.0000 (0.0001)  wd: 0.3914 (0.2009)  mom: 0.9998 (0.9956)  last_layer_lr: 0.0000 (0.0001)  current_batch_size: 64.0000 (64.0000)  total_loss: 8.1365 (8.3557)  teacher_entropy_ratio: 1.0000 (0.9976)  dino_local_crops_loss: 6.7774 (6.7689)  dino_global_crops_loss: 0.8472 (0.8461)  ibot_loss: 0.5118 (0.7407)  time: 0.340270  data: 0.000424  max mem: 19412
I20260723 13:24:54 3064273 dinov2 helpers.py:102] Training  [6780/7500]  eta: 0:04:19  lr: 0.0000 (0.0001)  wd: 0.3917 (0.2012)  mom: 0.9998 (0.9956)  last_layer_lr: 0.0000 (0.0001)  current_batch_size: 64.0000 (64.0000)  total_loss: 8.1153 (8.3554)  teacher_entropy_ratio: 1.0000 (0.9976)  dino_local_crops_loss: 6.7774 (6.7689)  dino_global_crops_loss: 0.8472 (0.8461)  ibot_loss: 0.4906 (0.7403)  time: 0.347937  data: 0.000446  max mem: 19412
I20260723 13:24:57 3064273 dinov2 helpers.py:102] Training  [6790/7500]  eta: 0:04:15  lr: 0.0000 (0.0001)  wd: 0.3919 (0.2015)  mom: 0.9998 (0.9956)  last_layer_lr: 0.0000 (0.0001)  current_batch_size: 64.0000 (64.0000)  total_loss: 8.1155 (8.3551)  teacher_entropy_ratio: 1.0000 (0.9976)  dino_local_crops_loss: 6.7774 (6.7689)  dino_global_crops_loss: 0.8472 (0.8461)  ibot_loss: 0.4909 (0.7400)  time: 0.350796  data: 0.001822  max mem: 19412
I20260723 13:25:01 3064273 dinov2 helpers.py:102] Training  [6800/7500]  eta: 0:04:11  lr: 0.0000 (0.0001)  wd: 0.3921 (0.2017)  mom: 0.9998 (0.9956)  last_layer_lr: 0.0000 (0.0001)  current_batch_size: 64.0000 (64.0000)  total_loss: 8.1305 (8.3547)  teacher_entropy_ratio: 1.0000 (0.9976)  dino_local_crops_loss: 6.7774 (6.7689)  dino_global_crops_loss: 0.8472 (0.8461)  ibot_loss: 0.5059 (0.7397)  time: 0.348879  data: 0.001805  max mem: 19412
I20260723 13:25:04 3064273 dinov2 helpers.py:102] Training  [6810/7500]  eta: 0:04:08  lr: 0.0000 (0.0001)  wd: 0.3923 (0.2020)  mom: 0.9998 (0.9956)  last_layer_lr: 0.0000 (0.0001)  current_batch_size: 64.0000 (64.0000)  total_loss: 8.1286 (8.3544)  teacher_entropy_ratio: 1.0000 (0.9976)  dino_local_crops_loss: 6.7774 (6.7689)  dino_global_crops_loss: 0.8472 (0.8461)  ibot_loss: 0.5040 (0.7393)  time: 0.350579  data: 0.000817  max mem: 19412
I20260723 13:25:08 3064273 dinov2 helpers.py:102] Training  [6820/7500]  eta: 0:04:04  lr: 0.0000 (0.0001)  wd: 0.3925 (0.2023)  mom: 0.9998 (0.9956)  last_layer_lr: 0.0000 (0.0001)  current_batch_size: 64.0000 (64.0000)  total_loss: 8.1162 (8.3541)  teacher_entropy_ratio: 1.0000 (0.9976)  dino_local_crops_loss: 6.7774 (6.7690)  dino_global_crops_loss: 0.8472 (0.8461)  ibot_loss: 0.4916 (0.7390)  time: 0.349650  data: 0.000787  max mem: 19412
I20260723 13:25:11 3064273 dinov2 helpers.py:102] Training  [6830/7500]  eta: 0:04:01  lr: 0.0000 (0.0001)  wd: 0.3927 (0.2026)  mom: 0.9998 (0.9956)  last_layer_lr: 0.0000 (0.0001)  current_batch_size: 64.0000 (64.0000)  total_loss: 8.1300 (8.3538)  teacher_entropy_ratio: 1.0000 (0.9976)  dino_local_crops_loss: 6.7774 (6.7690)  dino_global_crops_loss: 0.8472 (0.8461)  ibot_loss: 0.5054 (0.7386)  time: 0.353644  data: 0.001145  max mem: 19412
I20260723 13:25:15 3064273 dinov2 helpers.py:102] Training  [6840/7500]  eta: 0:03:57  lr: 0.0000 (0.0001)  wd: 0.3930 (0.2029)  mom: 0.9998 (0.9956)  last_layer_lr: 0.0000 (0.0001)  current_batch_size: 64.0000 (64.0000)  total_loss: 8.1373 (8.3534)  teacher_entropy_ratio: 1.0000 (0.9976)  dino_local_crops_loss: 6.7774 (6.7690)  dino_global_crops_loss: 0.8472 (0.8461)  ibot_loss: 0.5126 (0.7383)  time: 0.356298  data: 0.000973  max mem: 19412
I20260723 13:25:18 3064273 dinov2 helpers.py:102] Training  [6850/7500]  eta: 0:03:53  lr: 0.0000 (0.0001)  wd: 0.3932 (0.2031)  mom: 0.9998 (0.9956)  last_layer_lr: 0.0000 (0.0001)  current_batch_size: 64.0000 (64.0000)  total_loss: 8.1276 (8.3531)  teacher_entropy_ratio: 1.0000 (0.9976)  dino_local_crops_loss: 6.7774 (6.7690)  dino_global_crops_loss: 0.8472 (0.8461)  ibot_loss: 0.5029 (0.7379)  time: 0.351240  data: 0.000445  max mem: 19412
I20260723 13:25:23 3064273 dinov2 helpers.py:102] Training  [6860/7500]  eta: 0:03:50  lr: 0.0000 (0.0001)  wd: 0.3934 (0.2034)  mom: 0.9999 (0.9956)  last_layer_lr: 0.0000 (0.0001)  current_batch_size: 64.0000 (64.0000)  total_loss: 8.1204 (8.3528)  teacher_entropy_ratio: 1.0000 (0.9976)  dino_local_crops_loss: 6.7774 (6.7690)  dino_global_crops_loss: 0.8472 (0.8461)  ibot_loss: 0.4958 (0.7376)  time: 0.380510  data: 0.033847  max mem: 19412
I20260723 13:25:26 3064273 dinov2 helpers.py:102] Training  [6870/7500]  eta: 0:03:46  lr: 0.0000 (0.0001)  wd: 0.3936 (0.2037)  mom: 0.9999 (0.9956)  last_layer_lr: 0.0000 (0.0001)  current_batch_size: 64.0000 (64.0000)  total_loss: 8.1376 (8.3524)  teacher_entropy_ratio: 1.0000 (0.9976)  dino_local_crops_loss: 6.7774 (6.7690)  dino_global_crops_loss: 0.8472 (0.8462)  ibot_loss: 0.5130 (0.7373)  time: 0.376795  data: 0.033637  max mem: 19412
I20260723 13:25:29 3064273 dinov2 helpers.py:102] Training  [6880/7500]  eta: 0:03:43  lr: 0.0000 (0.0001)  wd: 0.3938 (0.2040)  mom: 0.9999 (0.9956)  last_layer_lr: 0.0000 (0.0001)  current_batch_size: 64.0000 (64.0000)  total_loss: 8.1222 (8.3521)  teacher_entropy_ratio: 1.0000 (0.9976)  dino_local_crops_loss: 6.7774 (6.7690)  dino_global_crops_loss: 0.8472 (0.8462)  ibot_loss: 0.4976 (0.7369)  time: 0.346326  data: 0.000612  max mem: 19412
I20260723 13:25:33 3064273 dinov2 helpers.py:102] Training  [6890/7500]  eta: 0:03:39  lr: 0.0000 (0.0001)  wd: 0.3940 (0.2042)  mom: 0.9999 (0.9956)  last_layer_lr: 0.0000 (0.0001)  current_batch_size: 64.0000 (64.0000)  total_loss: 8.1347 (8.3518)  teacher_entropy_ratio: 1.0000 (0.9976)  dino_local_crops_loss: 6.7775 (6.7690)  dino_global_crops_loss: 0.8472 (0.8462)  ibot_loss: 0.5101 (0.7366)  time: 0.370553  data: 0.018587  max mem: 19412
I20260723 13:25:37 3064273 dinov2 helpers.py:102] Training  [6900/7500]  eta: 0:03:35  lr: 0.0000 (0.0001)  wd: 0.3942 (0.2045)  mom: 0.9999 (0.9957)  last_layer_lr: 0.0000 (0.0001)  current_batch_size: 64.0000 (64.0000)  total_loss: 8.1349 (8.3515)  teacher_entropy_ratio: 1.0000 (0.9976)  dino_local_crops_loss: 6.7774 (6.7691)  dino_global_crops_loss: 0.8472 (0.8462)  ibot_loss: 0.5102 (0.7363)  time: 0.380054  data: 0.034569  max mem: 19412
I20260723 13:25:41 3064273 dinov2 helpers.py:102] Training  [6910/7500]  eta: 0:03:32  lr: 0.0000 (0.0001)  wd: 0.3943 (0.2048)  mom: 0.9999 (0.9957)  last_layer_lr: 0.0000 (0.0001)  current_batch_size: 64.0000 (64.0000)  total_loss: 8.1248 (8.3511)  teacher_entropy_ratio: 1.0000 (0.9977)  dino_local_crops_loss: 6.7774 (6.7691)  dino_global_crops_loss: 0.8472 (0.8462)  ibot_loss: 0.5002 (0.7359)  time: 0.355995  data: 0.016606  max mem: 19412
I20260723 13:25:44 3064273 dinov2 helpers.py:102] Training  [6920/7500]  eta: 0:03:28  lr: 0.0000 (0.0001)  wd: 0.3945 (0.2051)  mom: 0.9999 (0.9957)  last_layer_lr: 0.0000 (0.0001)  current_batch_size: 64.0000 (64.0000)  total_loss: 8.1257 (8.3508)  teacher_entropy_ratio: 1.0000 (0.9977)  dino_local_crops_loss: 6.7774 (6.7691)  dino_global_crops_loss: 0.8472 (0.8462)  ibot_loss: 0.5011 (0.7356)  time: 0.342095  data: 0.000816  max mem: 19412
I20260723 13:25:48 3064273 dinov2 helpers.py:102] Training  [6930/7500]  eta: 0:03:25  lr: 0.0000 (0.0001)  wd: 0.3947 (0.2053)  mom: 0.9999 (0.9957)  last_layer_lr: 0.0000 (0.0001)  current_batch_size: 64.0000 (64.0000)  total_loss: 8.1217 (8.3505)  teacher_entropy_ratio: 1.0000 (0.9977)  dino_local_crops_loss: 6.7774 (6.7691)  dino_global_crops_loss: 0.8472 (0.8462)  ibot_loss: 0.4971 (0.7353)  time: 0.350459  data: 0.009678  max mem: 19412
I20260723 13:25:51 3064273 dinov2 helpers.py:102] Training  [6940/7500]  eta: 0:03:21  lr: 0.0000 (0.0001)  wd: 0.3949 (0.2056)  mom: 0.9999 (0.9957)  last_layer_lr: 0.0000 (0.0001)  current_batch_size: 64.0000 (64.0000)  total_loss: 8.1137 (8.3502)  teacher_entropy_ratio: 1.0000 (0.9977)  dino_local_crops_loss: 6.7774 (6.7691)  dino_global_crops_loss: 0.8472 (0.8462)  ibot_loss: 0.4891 (0.7349)  time: 0.362873  data: 0.018924  max mem: 19412
I20260723 13:25:55 3064273 dinov2 helpers.py:102] Training  [6950/7500]  eta: 0:03:17  lr: 0.0000 (0.0001)  wd: 0.3951 (0.2059)  mom: 0.9999 (0.9957)  last_layer_lr: 0.0000 (0.0001)  current_batch_size: 64.0000 (64.0000)  total_loss: 8.1171 (8.3498)  teacher_entropy_ratio: 1.0000 (0.9977)  dino_local_crops_loss: 6.7774 (6.7691)  dino_global_crops_loss: 0.8472 (0.8462)  ibot_loss: 0.4925 (0.7346)  time: 0.353908  data: 0.010271  max mem: 19412
I20260723 13:25:58 3064273 dinov2 helpers.py:102] Training  [6960/7500]  eta: 0:03:14  lr: 0.0000 (0.0001)  wd: 0.3952 (0.2062)  mom: 0.9999 (0.9957)  last_layer_lr: 0.0000 (0.0001)  current_batch_size: 64.0000 (64.0000)  total_loss: 8.1291 (8.3495)  teacher_entropy_ratio: 1.0000 (0.9977)  dino_local_crops_loss: 6.7774 (6.7691)  dino_global_crops_loss: 0.8472 (0.8462)  ibot_loss: 0.5044 (0.7342)  time: 0.351733  data: 0.012469  max mem: 19412
I20260723 13:26:02 3064273 dinov2 helpers.py:102] Training  [6970/7500]  eta: 0:03:10  lr: 0.0000 (0.0001)  wd: 0.3954 (0.2064)  mom: 0.9999 (0.9957)  last_layer_lr: 0.0000 (0.0001)  current_batch_size: 64.0000 (64.0000)  total_loss: 8.1315 (8.3492)  teacher_entropy_ratio: 1.0000 (0.9977)  dino_local_crops_loss: 6.7774 (6.7691)  dino_global_crops_loss: 0.8472 (0.8462)  ibot_loss: 0.5069 (0.7339)  time: 0.360222  data: 0.019573  max mem: 19412
I20260723 13:26:05 3064273 dinov2 helpers.py:102] Training  [6980/7500]  eta: 0:03:07  lr: 0.0000 (0.0001)  wd: 0.3956 (0.2067)  mom: 0.9999 (0.9957)  last_layer_lr: 0.0000 (0.0001)  current_batch_size: 64.0000 (64.0000)  total_loss: 8.1369 (8.3489)  teacher_entropy_ratio: 1.0000 (0.9977)  dino_local_crops_loss: 6.7774 (6.7691)  dino_global_crops_loss: 0.8472 (0.8462)  ibot_loss: 0.5123 (0.7336)  time: 0.361450  data: 0.019769  max mem: 19412
I20260723 13:26:09 3064273 dinov2 helpers.py:102] Training  [6990/7500]  eta: 0:03:03  lr: 0.0000 (0.0001)  wd: 0.3957 (0.2070)  mom: 0.9999 (0.9957)  last_layer_lr: 0.0000 (0.0001)  current_batch_size: 64.0000 (64.0000)  total_loss: 8.1380 (8.3486)  teacher_entropy_ratio: 1.0000 (0.9977)  dino_local_crops_loss: 6.7774 (6.7692)  dino_global_crops_loss: 0.8472 (0.8462)  ibot_loss: 0.5134 (0.7333)  time: 0.359609  data: 0.012719  max mem: 19412
I20260723 13:26:13 3064273 dinov2 helpers.py:102] Training  [7000/7500]  eta: 0:02:59  lr: 0.0000 (0.0001)  wd: 0.3959 (0.2072)  mom: 0.9999 (0.9957)  last_layer_lr: 0.0000 (0.0001)  current_batch_size: 64.0000 (64.0000)  total_loss: 8.1380 (8.3483)  teacher_entropy_ratio: 1.0000 (0.9977)  dino_local_crops_loss: 6.7774 (6.7692)  dino_global_crops_loss: 0.8472 (0.8462)  ibot_loss: 0.5134 (0.7330)  time: 0.357660  data: 0.008732  max mem: 19412
I20260723 13:26:16 3064273 dinov2 helpers.py:102] Training  [7010/7500]  eta: 0:02:56  lr: 0.0000 (0.0001)  wd: 0.3961 (0.2075)  mom: 0.9999 (0.9957)  last_layer_lr: 0.0000 (0.0001)  current_batch_size: 64.0000 (64.0000)  total_loss: 8.1391 (8.3480)  teacher_entropy_ratio: 1.0000 (0.9977)  dino_local_crops_loss: 6.7774 (6.7692)  dino_global_crops_loss: 0.8472 (0.8462)  ibot_loss: 0.5145 (0.7327)  time: 0.350428  data: 0.008473  max mem: 19412
I20260723 13:26:20 3064273 dinov2 helpers.py:102] Training  [7020/7500]  eta: 0:02:52  lr: 0.0000 (0.0001)  wd: 0.3962 (0.2078)  mom: 0.9999 (0.9957)  last_layer_lr: 0.0000 (0.0001)  current_batch_size: 64.0000 (64.0000)  total_loss: 8.1303 (8.3477)  teacher_entropy_ratio: 1.0000 (0.9977)  dino_local_crops_loss: 6.7774 (6.7692)  dino_global_crops_loss: 0.8472 (0.8462)  ibot_loss: 0.5056 (0.7323)  time: 0.365169  data: 0.021641  max mem: 19412
I20260723 13:26:23 3064273 dinov2 helpers.py:102] Training  [7030/7500]  eta: 0:02:49  lr: 0.0000 (0.0001)  wd: 0.3964 (0.2080)  mom: 0.9999 (0.9957)  last_layer_lr: 0.0000 (0.0001)  current_batch_size: 64.0000 (64.0000)  total_loss: 8.1317 (8.3474)  teacher_entropy_ratio: 1.0000 (0.9977)  dino_local_crops_loss: 6.7774 (6.7692)  dino_global_crops_loss: 0.8472 (0.8462)  ibot_loss: 0.5071 (0.7320)  time: 0.365615  data: 0.021830  max mem: 19412
I20260723 13:26:27 3064273 dinov2 helpers.py:102] Training  [7040/7500]  eta: 0:02:45  lr: 0.0000 (0.0001)  wd: 0.3965 (0.2083)  mom: 0.9999 (0.9957)  last_layer_lr: 0.0000 (0.0001)  current_batch_size: 64.0000 (64.0000)  total_loss: 8.1342 (8.3471)  teacher_entropy_ratio: 1.0000 (0.9977)  dino_local_crops_loss: 6.7774 (6.7692)  dino_global_crops_loss: 0.8472 (0.8462)  ibot_loss: 0.5096 (0.7317)  time: 0.343160  data: 0.000467  max mem: 19412
I20260723 13:26:31 3064273 dinov2 helpers.py:102] Training  [7050/7500]  eta: 0:02:41  lr: 0.0000 (0.0001)  wd: 0.3967 (0.2086)  mom: 0.9999 (0.9957)  last_layer_lr: 0.0000 (0.0001)  current_batch_size: 64.0000 (64.0000)  total_loss: 8.1295 (8.3468)  teacher_entropy_ratio: 1.0000 (0.9977)  dino_local_crops_loss: 6.7774 (6.7692)  dino_global_crops_loss: 0.8472 (0.8462)  ibot_loss: 0.5048 (0.7314)  time: 0.357002  data: 0.010317  max mem: 19412
I20260723 13:26:34 3064273 dinov2 helpers.py:102] Training  [7060/7500]  eta: 0:02:38  lr: 0.0000 (0.0001)  wd: 0.3968 (0.2088)  mom: 0.9999 (0.9958)  last_layer_lr: 0.0000 (0.0001)  current_batch_size: 64.0000 (64.0000)  total_loss: 8.1347 (8.3465)  teacher_entropy_ratio: 1.0000 (0.9977)  dino_local_crops_loss: 6.7774 (6.7692)  dino_global_crops_loss: 0.8472 (0.8462)  ibot_loss: 0.5101 (0.7311)  time: 0.367259  data: 0.011806  max mem: 19412
I20260723 13:26:38 3064273 dinov2 helpers.py:102] Training  [7070/7500]  eta: 0:02:34  lr: 0.0000 (0.0001)  wd: 0.3970 (0.2091)  mom: 0.9999 (0.9958)  last_layer_lr: 0.0000 (0.0001)  current_batch_size: 64.0000 (64.0000)  total_loss: 8.1347 (8.3462)  teacher_entropy_ratio: 1.0000 (0.9977)  dino_local_crops_loss: 6.7774 (6.7693)  dino_global_crops_loss: 0.8472 (0.8462)  ibot_loss: 0.5101 (0.7308)  time: 0.354970  data: 0.005950  max mem: 19412
I20260723 13:26:41 3064273 dinov2 helpers.py:102] Training  [7080/7500]  eta: 0:02:31  lr: 0.0000 (0.0001)  wd: 0.3971 (0.2094)  mom: 0.9999 (0.9958)  last_layer_lr: 0.0000 (0.0001)  current_batch_size: 64.0000 (64.0000)  total_loss: 8.1291 (8.3459)  teacher_entropy_ratio: 1.0000 (0.9977)  dino_local_crops_loss: 6.7774 (6.7693)  dino_global_crops_loss: 0.8472 (0.8462)  ibot_loss: 0.5045 (0.7304)  time: 0.357382  data: 0.016409  max mem: 19412
I20260723 13:26:45 3064273 dinov2 helpers.py:102] Training  [7090/7500]  eta: 0:02:27  lr: 0.0000 (0.0001)  wd: 0.3972 (0.2096)  mom: 0.9999 (0.9958)  last_layer_lr: 0.0000 (0.0001)  current_batch_size: 64.0000 (64.0000)  total_loss: 8.1263 (8.3456)  teacher_entropy_ratio: 1.0000 (0.9977)  dino_local_crops_loss: 6.7774 (6.7693)  dino_global_crops_loss: 0.8472 (0.8462)  ibot_loss: 0.5017 (0.7301)  time: 0.364093  data: 0.018105  max mem: 19412
I20260723 13:26:49 3064273 dinov2 helpers.py:102] Training  [7100/7500]  eta: 0:02:23  lr: 0.0000 (0.0001)  wd: 0.3974 (0.2099)  mom: 0.9999 (0.9958)  last_layer_lr: 0.0000 (0.0001)  current_batch_size: 64.0000 (64.0000)  total_loss: 8.1263 (8.3453)  teacher_entropy_ratio: 1.0000 (0.9977)  dino_local_crops_loss: 6.7774 (6.7693)  dino_global_crops_loss: 0.8472 (0.8462)  ibot_loss: 0.5017 (0.7298)  time: 0.371975  data: 0.019375  max mem: 19412
I20260723 13:26:52 3064273 dinov2 helpers.py:102] Training  [7110/7500]  eta: 0:02:20  lr: 0.0000 (0.0001)  wd: 0.3975 (0.2102)  mom: 0.9999 (0.9958)  last_layer_lr: 0.0000 (0.0001)  current_batch_size: 64.0000 (64.0000)  total_loss: 8.1322 (8.3450)  teacher_entropy_ratio: 1.0000 (0.9977)  dino_local_crops_loss: 6.7774 (6.7693)  dino_global_crops_loss: 0.8472 (0.8462)  ibot_loss: 0.5076 (0.7295)  time: 0.365381  data: 0.013501  max mem: 19412
I20260723 13:26:56 3064273 dinov2 helpers.py:102] Training  [7120/7500]  eta: 0:02:16  lr: 0.0000 (0.0001)  wd: 0.3976 (0.2104)  mom: 0.9999 (0.9958)  last_layer_lr: 0.0000 (0.0001)  current_batch_size: 64.0000 (64.0000)  total_loss: 8.1267 (8.3447)  teacher_entropy_ratio: 1.0000 (0.9977)  dino_local_crops_loss: 6.7774 (6.7693)  dino_global_crops_loss: 0.8472 (0.8462)  ibot_loss: 0.5021 (0.7292)  time: 0.346485  data: 0.000607  max mem: 19412
I20260723 13:26:59 3064273 dinov2 helpers.py:102] Training  [7130/7500]  eta: 0:02:13  lr: 0.0000 (0.0001)  wd: 0.3977 (0.2107)  mom: 0.9999 (0.9958)  last_layer_lr: 0.0000 (0.0001)  current_batch_size: 64.0000 (64.0000)  total_loss: 8.1234 (8.3444)  teacher_entropy_ratio: 1.0000 (0.9977)  dino_local_crops_loss: 6.7774 (6.7693)  dino_global_crops_loss: 0.8472 (0.8462)  ibot_loss: 0.4988 (0.7289)  time: 0.343991  data: 0.000598  max mem: 19412
I20260723 13:27:03 3064273 dinov2 helpers.py:102] Training  [7140/7500]  eta: 0:02:09  lr: 0.0000 (0.0001)  wd: 0.3978 (0.2110)  mom: 1.0000 (0.9958)  last_layer_lr: 0.0000 (0.0001)  current_batch_size: 64.0000 (64.0000)  total_loss: 8.1256 (8.3441)  teacher_entropy_ratio: 1.0000 (0.9977)  dino_local_crops_loss: 6.7774 (6.7693)  dino_global_crops_loss: 0.8472 (0.8462)  ibot_loss: 0.5010 (0.7286)  time: 0.360642  data: 0.016689  max mem: 19412
I20260723 13:27:06 3064273 dinov2 helpers.py:102] Training  [7150/7500]  eta: 0:02:05  lr: 0.0000 (0.0001)  wd: 0.3980 (0.2112)  mom: 1.0000 (0.9958)  last_layer_lr: 0.0000 (0.0001)  current_batch_size: 64.0000 (64.0000)  total_loss: 8.1345 (8.3438)  teacher_entropy_ratio: 0.9999 (0.9977)  dino_local_crops_loss: 6.7774 (6.7693)  dino_global_crops_loss: 0.8472 (0.8462)  ibot_loss: 0.5099 (0.7282)  time: 0.359723  data: 0.016916  max mem: 19412
I20260723 13:27:10 3064273 dinov2 helpers.py:102] Training  [7160/7500]  eta: 0:02:02  lr: 0.0000 (0.0001)  wd: 0.3981 (0.2115)  mom: 1.0000 (0.9958)  last_layer_lr: 0.0000 (0.0001)  current_batch_size: 64.0000 (64.0000)  total_loss: 8.1325 (8.3435)  teacher_entropy_ratio: 1.0000 (0.9977)  dino_local_crops_loss: 6.7774 (6.7694)  dino_global_crops_loss: 0.8472 (0.8462)  ibot_loss: 0.5079 (0.7279)  time: 0.356369  data: 0.016100  max mem: 19412
I20260723 13:27:14 3064273 dinov2 helpers.py:102] Training  [7170/7500]  eta: 0:01:58  lr: 0.0000 (0.0001)  wd: 0.3982 (0.2117)  mom: 1.0000 (0.9958)  last_layer_lr: 0.0000 (0.0001)  current_batch_size: 64.0000 (64.0000)  total_loss: 8.1183 (8.3432)  teacher_entropy_ratio: 1.0000 (0.9977)  dino_local_crops_loss: 6.7774 (6.7694)  dino_global_crops_loss: 0.8472 (0.8462)  ibot_loss: 0.4937 (0.7276)  time: 0.362596  data: 0.016083  max mem: 19412
I20260723 13:27:17 3064273 dinov2 helpers.py:102] Training  [7180/7500]  eta: 0:01:55  lr: 0.0000 (0.0001)  wd: 0.3983 (0.2120)  mom: 1.0000 (0.9958)  last_layer_lr: 0.0000 (0.0001)  current_batch_size: 64.0000 (64.0000)  total_loss: 8.1199 (8.3429)  teacher_entropy_ratio: 1.0000 (0.9977)  dino_local_crops_loss: 6.7774 (6.7694)  dino_global_crops_loss: 0.8472 (0.8462)  ibot_loss: 0.4952 (0.7273)  time: 0.352253  data: 0.006787  max mem: 19412
I20260723 13:27:21 3064273 dinov2 helpers.py:102] Training  [7190/7500]  eta: 0:01:51  lr: 0.0000 (0.0001)  wd: 0.3984 (0.2123)  mom: 1.0000 (0.9958)  last_layer_lr: 0.0000 (0.0001)  current_batch_size: 64.0000 (64.0000)  total_loss: 8.1314 (8.3426)  teacher_entropy_ratio: 1.0000 (0.9977)  dino_local_crops_loss: 6.7774 (6.7694)  dino_global_crops_loss: 0.8472 (0.8462)  ibot_loss: 0.5068 (0.7270)  time: 0.348518  data: 0.007050  max mem: 19412
I20260723 13:27:24 3064273 fvcore.common.checkpoint __init__.py:109] Saving checkpoint to /sci/labs/arieljaffe/dan.abergel1/runs/brain/h_lowlr/model_0007199.rank_0.pth
I20260723 13:27:25 3064273 dinov2 helpers.py:102] Training  [7200/7500]  eta: 0:01:47  lr: 0.0000 (0.0001)  wd: 0.3985 (0.2125)  mom: 1.0000 (0.9958)  last_layer_lr: 0.0000 (0.0001)  current_batch_size: 64.0000 (64.0000)  total_loss: 8.1352 (8.3423)  teacher_entropy_ratio: 1.0000 (0.9977)  dino_local_crops_loss: 6.7774 (6.7694)  dino_global_crops_loss: 0.8472 (0.8462)  ibot_loss: 0.5106 (0.7267)  time: 0.412934  data: 0.013491  max mem: 19412
I20260723 13:27:29 3064273 dinov2 helpers.py:102] Training  [7210/7500]  eta: 0:01:44  lr: 0.0000 (0.0001)  wd: 0.3986 (0.2128)  mom: 1.0000 (0.9958)  last_layer_lr: 0.0000 (0.0001)  current_batch_size: 64.0000 (64.0000)  total_loss: 8.1284 (8.3420)  teacher_entropy_ratio: 1.0000 (0.9977)  dino_local_crops_loss: 6.7774 (6.7694)  dino_global_crops_loss: 0.8472 (0.8462)  ibot_loss: 0.5038 (0.7264)  time: 0.408685  data: 0.012997  max mem: 19412
I20260723 13:27:32 3064273 dinov2 helpers.py:102] Training  [7220/7500]  eta: 0:01:40  lr: 0.0000 (0.0001)  wd: 0.3987 (0.2130)  mom: 1.0000 (0.9958)  last_layer_lr: 0.0000 (0.0001)  current_batch_size: 64.0000 (64.0000)  total_loss: 8.1191 (8.3417)  teacher_entropy_ratio: 1.0000 (0.9978)  dino_local_crops_loss: 6.7774 (6.7694)  dino_global_crops_loss: 0.8472 (0.8462)  ibot_loss: 0.4945 (0.7261)  time: 0.341127  data: 0.000586  max mem: 19412
I20260723 13:27:36 3064273 dinov2 helpers.py:102] Training  [7230/7500]  eta: 0:01:37  lr: 0.0000 (0.0001)  wd: 0.3988 (0.2133)  mom: 1.0000 (0.9959)  last_layer_lr: 0.0000 (0.0001)  current_batch_size: 64.0000 (64.0000)  total_loss: 8.1215 (8.3414)  teacher_entropy_ratio: 1.0000 (0.9978)  dino_local_crops_loss: 6.7774 (6.7694)  dino_global_crops_loss: 0.8472 (0.8462)  ibot_loss: 0.4969 (0.7257)  time: 0.345345  data: 0.000798  max mem: 19412
I20260723 13:27:39 3064273 dinov2 helpers.py:102] Training  [7240/7500]  eta: 0:01:33  lr: 0.0000 (0.0001)  wd: 0.3989 (0.2135)  mom: 1.0000 (0.9959)  last_layer_lr: 0.0000 (0.0001)  current_batch_size: 64.0000 (64.0000)  total_loss: 8.1287 (8.3411)  teacher_entropy_ratio: 1.0000 (0.9978)  dino_local_crops_loss: 6.7774 (6.7694)  dino_global_crops_loss: 0.8472 (0.8462)  ibot_loss: 0.5041 (0.7254)  time: 0.351200  data: 0.000819  max mem: 19412
I20260723 13:27:43 3064273 dinov2 helpers.py:102] Training  [7250/7500]  eta: 0:01:29  lr: 0.0000 (0.0001)  wd: 0.3989 (0.2138)  mom: 1.0000 (0.9959)  last_layer_lr: 0.0000 (0.0001)  current_batch_size: 64.0000 (64.0000)  total_loss: 8.1350 (8.3408)  teacher_entropy_ratio: 1.0000 (0.9978)  dino_local_crops_loss: 6.7774 (6.7695)  dino_global_crops_loss: 0.8472 (0.8462)  ibot_loss: 0.5103 (0.7251)  time: 0.352763  data: 0.000964  max mem: 19412
I20260723 13:27:46 3064273 dinov2 helpers.py:102] Training  [7260/7500]  eta: 0:01:26  lr: 0.0000 (0.0001)  wd: 0.3990 (0.2141)  mom: 1.0000 (0.9959)  last_layer_lr: 0.0000 (0.0001)  current_batch_size: 64.0000 (64.0000)  total_loss: 8.1407 (8.3405)  teacher_entropy_ratio: 1.0000 (0.9978)  dino_local_crops_loss: 6.7774 (6.7695)  dino_global_crops_loss: 0.8472 (0.8462)  ibot_loss: 0.5161 (0.7248)  time: 0.344323  data: 0.000605  max mem: 19412
I20260723 13:27:50 3064273 dinov2 helpers.py:102] Training  [7270/7500]  eta: 0:01:22  lr: 0.0000 (0.0001)  wd: 0.3991 (0.2143)  mom: 1.0000 (0.9959)  last_layer_lr: 0.0000 (0.0001)  current_batch_size: 64.0000 (64.0000)  total_loss: 8.1172 (8.3402)  teacher_entropy_ratio: 1.0000 (0.9978)  dino_local_crops_loss: 6.7774 (6.7695)  dino_global_crops_loss: 0.8472 (0.8462)  ibot_loss: 0.4926 (0.7245)  time: 0.342975  data: 0.000473  max mem: 19412
I20260723 13:27:53 3064273 dinov2 helpers.py:102] Training  [7280/7500]  eta: 0:01:19  lr: 0.0000 (0.0001)  wd: 0.3992 (0.2146)  mom: 1.0000 (0.9959)  last_layer_lr: 0.0000 (0.0001)  current_batch_size: 64.0000 (64.0000)  total_loss: 8.1159 (8.3399)  teacher_entropy_ratio: 1.0000 (0.9978)  dino_local_crops_loss: 6.7774 (6.7695)  dino_global_crops_loss: 0.8472 (0.8462)  ibot_loss: 0.4913 (0.7242)  time: 0.342333  data: 0.000610  max mem: 19412
I20260723 13:27:56 3064273 dinov2 helpers.py:102] Training  [7290/7500]  eta: 0:01:15  lr: 0.0000 (0.0001)  wd: 0.3992 (0.2148)  mom: 1.0000 (0.9959)  last_layer_lr: 0.0000 (0.0001)  current_batch_size: 64.0000 (64.0000)  total_loss: 8.1212 (8.3396)  teacher_entropy_ratio: 1.0000 (0.9978)  dino_local_crops_loss: 6.7774 (6.7695)  dino_global_crops_loss: 0.8472 (0.8462)  ibot_loss: 0.4965 (0.7239)  time: 0.345504  data: 0.000789  max mem: 19412
I20260723 13:28:00 3064273 dinov2 helpers.py:102] Training  [7300/7500]  eta: 0:01:11  lr: 0.0000 (0.0001)  wd: 0.3993 (0.2151)  mom: 1.0000 (0.9959)  last_layer_lr: 0.0000 (0.0001)  current_batch_size: 64.0000 (64.0000)  total_loss: 8.1390 (8.3394)  teacher_entropy_ratio: 1.0000 (0.9978)  dino_local_crops_loss: 6.7774 (6.7695)  dino_global_crops_loss: 0.8472 (0.8462)  ibot_loss: 0.5143 (0.7236)  time: 0.350051  data: 0.000597  max mem: 19412
I20260723 13:28:03 3064273 dinov2 helpers.py:102] Training  [7310/7500]  eta: 0:01:08  lr: 0.0000 (0.0001)  wd: 0.3994 (0.2153)  mom: 1.0000 (0.9959)  last_layer_lr: 0.0000 (0.0001)  current_batch_size: 64.0000 (64.0000)  total_loss: 8.1400 (8.3391)  teacher_entropy_ratio: 1.0000 (0.9978)  dino_local_crops_loss: 6.7774 (6.7695)  dino_global_crops_loss: 0.8472 (0.8462)  ibot_loss: 0.5153 (0.7233)  time: 0.347579  data: 0.000501  max mem: 19412
I20260723 13:28:07 3064273 dinov2 helpers.py:102] Training  [7320/7500]  eta: 0:01:04  lr: 0.0000 (0.0001)  wd: 0.3994 (0.2156)  mom: 1.0000 (0.9959)  last_layer_lr: 0.0000 (0.0001)  current_batch_size: 64.0000 (64.0000)  total_loss: 8.1310 (8.3388)  teacher_entropy_ratio: 1.0000 (0.9978)  dino_local_crops_loss: 6.7774 (6.7695)  dino_global_crops_loss: 0.8472 (0.8462)  ibot_loss: 0.5064 (0.7230)  time: 0.345893  data: 0.000718  max mem: 19412
I20260723 13:28:11 3064273 dinov2 helpers.py:102] Training  [7330/7500]  eta: 0:01:01  lr: 0.0000 (0.0001)  wd: 0.3995 (0.2158)  mom: 1.0000 (0.9959)  last_layer_lr: 0.0000 (0.0001)  current_batch_size: 64.0000 (64.0000)  total_loss: 8.1364 (8.3385)  teacher_entropy_ratio: 1.0000 (0.9978)  dino_local_crops_loss: 6.7774 (6.7695)  dino_global_crops_loss: 0.8472 (0.8462)  ibot_loss: 0.5118 (0.7227)  time: 0.367344  data: 0.017436  max mem: 19412
I20260723 13:28:15 3064273 dinov2 helpers.py:102] Training  [7340/7500]  eta: 0:00:57  lr: 0.0000 (0.0001)  wd: 0.3995 (0.2161)  mom: 1.0000 (0.9959)  last_layer_lr: 0.0000 (0.0001)  current_batch_size: 64.0000 (64.0000)  total_loss: 8.1254 (8.3382)  teacher_entropy_ratio: 1.0000 (0.9978)  dino_local_crops_loss: 6.7774 (6.7696)  dino_global_crops_loss: 0.8472 (0.8462)  ibot_loss: 0.5008 (0.7224)  time: 0.381566  data: 0.030195  max mem: 19412
I20260723 13:28:18 3064273 dinov2 helpers.py:102] Training  [7350/7500]  eta: 0:00:53  lr: 0.0000 (0.0001)  wd: 0.3996 (0.2163)  mom: 1.0000 (0.9959)  last_layer_lr: 0.0000 (0.0001)  current_batch_size: 64.0000 (64.0000)  total_loss: 8.1174 (8.3379)  teacher_entropy_ratio: 1.0000 (0.9978)  dino_local_crops_loss: 6.7774 (6.7696)  dino_global_crops_loss: 0.8472 (0.8462)  ibot_loss: 0.4928 (0.7221)  time: 0.367956  data: 0.024141  max mem: 19412
I20260723 13:28:22 3064273 dinov2 helpers.py:102] Training  [7360/7500]  eta: 0:00:50  lr: 0.0000 (0.0001)  wd: 0.3996 (0.2166)  mom: 1.0000 (0.9959)  last_layer_lr: 0.0000 (0.0001)  current_batch_size: 64.0000 (64.0000)  total_loss: 8.1277 (8.3376)  teacher_entropy_ratio: 1.0000 (0.9978)  dino_local_crops_loss: 6.7774 (6.7696)  dino_global_crops_loss: 0.8472 (0.8462)  ibot_loss: 0.5030 (0.7218)  time: 0.357036  data: 0.015235  max mem: 19412
I20260723 13:28:25 3064273 dinov2 helpers.py:102] Training  [7370/7500]  eta: 0:00:46  lr: 0.0000 (0.0001)  wd: 0.3997 (0.2168)  mom: 1.0000 (0.9959)  last_layer_lr: 0.0000 (0.0001)  current_batch_size: 64.0000 (64.0000)  total_loss: 8.1277 (8.3374)  teacher_entropy_ratio: 1.0000 (0.9978)  dino_local_crops_loss: 6.7774 (6.7696)  dino_global_crops_loss: 0.8472 (0.8462)  ibot_loss: 0.5030 (0.7215)  time: 0.353971  data: 0.013206  max mem: 19412
I20260723 13:28:29 3064273 dinov2 helpers.py:102] Training  [7380/7500]  eta: 0:00:43  lr: 0.0000 (0.0001)  wd: 0.3997 (0.2171)  mom: 1.0000 (0.9959)  last_layer_lr: 0.0000 (0.0001)  current_batch_size: 64.0000 (64.0000)  total_loss: 8.1165 (8.3371)  teacher_entropy_ratio: 1.0000 (0.9978)  dino_local_crops_loss: 6.7774 (6.7696)  dino_global_crops_loss: 0.8472 (0.8462)  ibot_loss: 0.4918 (0.7212)  time: 0.373808  data: 0.026306  max mem: 19412
I20260723 13:28:33 3064273 dinov2 helpers.py:102] Training  [7390/7500]  eta: 0:00:39  lr: 0.0000 (0.0001)  wd: 0.3998 (0.2173)  mom: 1.0000 (0.9959)  last_layer_lr: 0.0000 (0.0001)  current_batch_size: 64.0000 (64.0000)  total_loss: 8.1133 (8.3368)  teacher_entropy_ratio: 1.0000 (0.9978)  dino_local_crops_loss: 6.7774 (6.7696)  dino_global_crops_loss: 0.8472 (0.8462)  ibot_loss: 0.4887 (0.7209)  time: 0.373368  data: 0.022504  max mem: 19412
I20260723 13:28:36 3064273 dinov2 helpers.py:102] Training  [7400/7500]  eta: 0:00:35  lr: 0.0000 (0.0001)  wd: 0.3998 (0.2176)  mom: 1.0000 (0.9959)  last_layer_lr: 0.0000 (0.0001)  current_batch_size: 64.0000 (64.0000)  total_loss: 8.1309 (8.3365)  teacher_entropy_ratio: 1.0000 (0.9978)  dino_local_crops_loss: 6.7774 (6.7696)  dino_global_crops_loss: 0.8472 (0.8462)  ibot_loss: 0.5063 (0.7206)  time: 0.357487  data: 0.011277  max mem: 19412
I20260723 13:28:40 3064273 dinov2 helpers.py:102] Training  [7410/7500]  eta: 0:00:32  lr: 0.0000 (0.0001)  wd: 0.3998 (0.2178)  mom: 1.0000 (0.9960)  last_layer_lr: 0.0000 (0.0001)  current_batch_size: 64.0000 (64.0000)  total_loss: 8.1142 (8.3362)  teacher_entropy_ratio: 1.0000 (0.9978)  dino_local_crops_loss: 6.7774 (6.7696)  dino_global_crops_loss: 0.8472 (0.8462)  ibot_loss: 0.4896 (0.7204)  time: 0.356239  data: 0.009367  max mem: 19412
I20260723 13:28:44 3064273 dinov2 helpers.py:102] Training  [7420/7500]  eta: 0:00:28  lr: 0.0000 (0.0001)  wd: 0.3999 (0.2181)  mom: 1.0000 (0.9960)  last_layer_lr: 0.0000 (0.0001)  current_batch_size: 64.0000 (64.0000)  total_loss: 8.1350 (8.3360)  teacher_entropy_ratio: 1.0000 (0.9978)  dino_local_crops_loss: 6.7774 (6.7696)  dino_global_crops_loss: 0.8472 (0.8462)  ibot_loss: 0.5104 (0.7201)  time: 0.368399  data: 0.013822  max mem: 19412
I20260723 13:28:47 3064273 dinov2 helpers.py:102] Training  [7430/7500]  eta: 0:00:25  lr: 0.0000 (0.0001)  wd: 0.3999 (0.2183)  mom: 1.0000 (0.9960)  last_layer_lr: 0.0000 (0.0001)  current_batch_size: 64.0000 (64.0000)  total_loss: 8.1324 (8.3357)  teacher_entropy_ratio: 1.0000 (0.9978)  dino_local_crops_loss: 6.7774 (6.7697)  dino_global_crops_loss: 0.8472 (0.8462)  ibot_loss: 0.5078 (0.7198)  time: 0.369563  data: 0.017342  max mem: 19412
I20260723 13:28:51 3064273 dinov2 helpers.py:102] Training  [7440/7500]  eta: 0:00:21  lr: 0.0000 (0.0001)  wd: 0.3999 (0.2185)  mom: 1.0000 (0.9960)  last_layer_lr: 0.0000 (0.0001)  current_batch_size: 64.0000 (64.0000)  total_loss: 8.1363 (8.3354)  teacher_entropy_ratio: 1.0000 (0.9978)  dino_local_crops_loss: 6.7774 (6.7697)  dino_global_crops_loss: 0.8472 (0.8462)  ibot_loss: 0.5117 (0.7195)  time: 0.347985  data: 0.007210  max mem: 19412
I20260723 13:28:54 3064273 dinov2 helpers.py:102] Training  [7450/7500]  eta: 0:00:17  lr: 0.0000 (0.0001)  wd: 0.3999 (0.2188)  mom: 1.0000 (0.9960)  last_layer_lr: 0.0000 (0.0001)  current_batch_size: 64.0000 (64.0000)  total_loss: 8.1363 (8.3351)  teacher_entropy_ratio: 1.0000 (0.9978)  dino_local_crops_loss: 6.7774 (6.7697)  dino_global_crops_loss: 0.8472 (0.8462)  ibot_loss: 0.5117 (0.7192)  time: 0.350571  data: 0.003338  max mem: 19412
I20260723 13:28:58 3064273 dinov2 helpers.py:102] Training  [7460/7500]  eta: 0:00:14  lr: 0.0000 (0.0001)  wd: 0.4000 (0.2190)  mom: 1.0000 (0.9960)  last_layer_lr: 0.0000 (0.0001)  current_batch_size: 64.0000 (64.0000)  total_loss: 8.1206 (8.3348)  teacher_entropy_ratio: 1.0000 (0.9978)  dino_local_crops_loss: 6.7774 (6.7697)  dino_global_crops_loss: 0.8472 (0.8462)  ibot_loss: 0.4959 (0.7189)  time: 0.353314  data: 0.003466  max mem: 19412
I20260723 13:29:01 3064273 dinov2 helpers.py:102] Training  [7470/7500]  eta: 0:00:10  lr: 0.0000 (0.0001)  wd: 0.4000 (0.2193)  mom: 1.0000 (0.9960)  last_layer_lr: 0.0000 (0.0001)  current_batch_size: 64.0000 (64.0000)  total_loss: 8.1058 (8.3345)  teacher_entropy_ratio: 1.0000 (0.9978)  dino_local_crops_loss: 6.7774 (6.7697)  dino_global_crops_loss: 0.8472 (0.8462)  ibot_loss: 0.4812 (0.7186)  time: 0.350104  data: 0.000859  max mem: 19412
I20260723 13:29:05 3064273 dinov2 helpers.py:102] Training  [7480/7500]  eta: 0:00:07  lr: 0.0000 (0.0001)  wd: 0.4000 (0.2195)  mom: 1.0000 (0.9960)  last_layer_lr: 0.0000 (0.0001)  current_batch_size: 64.0000 (64.0000)  total_loss: 8.1026 (8.3343)  teacher_entropy_ratio: 1.0000 (0.9978)  dino_local_crops_loss: 6.7774 (6.7697)  dino_global_crops_loss: 0.8472 (0.8462)  ibot_loss: 0.4779 (0.7183)  time: 0.350241  data: 0.003833  max mem: 19412
I20260723 13:29:08 3064273 dinov2 helpers.py:102] Training  [7490/7500]  eta: 0:00:03  lr: 0.0000 (0.0001)  wd: 0.4000 (0.2198)  mom: 1.0000 (0.9960)  last_layer_lr: 0.0000 (0.0001)  current_batch_size: 64.0000 (64.0000)  total_loss: 8.1316 (8.3340)  teacher_entropy_ratio: 1.0000 (0.9978)  dino_local_crops_loss: 6.7774 (6.7697)  dino_global_crops_loss: 0.8472 (0.8462)  ibot_loss: 0.5070 (0.7180)  time: 0.350550  data: 0.005960  max mem: 19412
I20260723 13:29:12 3064273 fvcore.common.checkpoint __init__.py:109] Saving checkpoint to /sci/labs/arieljaffe/dan.abergel1/runs/brain/h_lowlr/model_final.rank_0.pth
I20260723 13:29:13 3064273 dinov2 helpers.py:102] Training  [7499/7500]  eta: 0:00:00  lr: 0.0000 (0.0001)  wd: 0.4000 (0.2200)  mom: 1.0000 (0.9960)  last_layer_lr: 0.0000 (0.0001)  current_batch_size: 64.0000 (64.0000)  total_loss: 8.1283 (8.3338)  teacher_entropy_ratio: 1.0000 (0.9978)  dino_local_crops_loss: 6.7774 (6.7697)  dino_global_crops_loss: 0.8472 (0.8462)  ibot_loss: 0.5037 (0.7178)  time: 0.409387  data: 0.008994  max mem: 19412
I20260723 13:29:14 3064273 dinov2 helpers.py:130] Training Total time: 0:45:03 (0.360458 s / it)
=== PROBE h_lowlr  Thu Jul 23 13:29:42 IDT 2026 ===
I20260723 13:31:20 3100966 dinov2 config.py:59] git:
  sha: 1b78c3cc1a3054812424e37d9d4658a6788cfd20, status: has uncommitted changes, branch: imagenette-test

I20260723 13:31:20 3100966 dinov2 config.py:60] config_file: /sci/labs/arieljaffe/dan.abergel1/repos/FAIR_official/dinov2/configs/train/imagenette_vits.yaml
cv: 5
eval: 
eval_only: False
features_root: /sci/labs/arieljaffe/dan.abergel1/brain2d_hires
id_col: Subject
label_col: Gender
labels_csv: /sci/labs/arieljaffe/dan.abergel1/tmp/HCP_YA_subjects.csv
no_resume: False
opts: ['dino.head_n_prototypes=2048', 'ibot.head_n_prototypes=2048', 'train.output_dir=/sci/labs/arieljaffe/dan.abergel1/runs/brain/h_lowlr']
output_dir: /sci/labs/arieljaffe/dan.abergel1/runs/brain/h_lowlr
test_frac: 0.2
I20260723 13:31:20 3100966 dinov2 config.py:26] sqrt scaling learning rate; base: 0.004, new: 0.001
I20260723 13:31:20 3100966 dinov2 config.py:33] MODEL:
  WEIGHTS: ''
compute_precision:
  grad_scaler: true
  teacher:
    backbone:
      sharding_strategy: SHARD_GRAD_OP
      mixed_precision:
        param_dtype: fp16
        reduce_dtype: fp16
        buffer_dtype: fp32
    dino_head:
      sharding_strategy: SHARD_GRAD_OP
      mixed_precision:
        param_dtype: fp16
        reduce_dtype: fp16
        buffer_dtype: fp32
    ibot_head:
      sharding_strategy: SHARD_GRAD_OP
      mixed_precision:
        param_dtype: fp16
        reduce_dtype: fp16
        buffer_dtype: fp32
  student:
    backbone:
      sharding_strategy: SHARD_GRAD_OP
      mixed_precision:
        param_dtype: fp16
        reduce_dtype: fp16
        buffer_dtype: fp32
    dino_head:
      sharding_strategy: SHARD_GRAD_OP
      mixed_precision:
        param_dtype: fp16
        reduce_dtype: fp32
        buffer_dtype: fp32
    ibot_head:
      sharding_strategy: SHARD_GRAD_OP
      mixed_precision:
        param_dtype: fp16
        reduce_dtype: fp32
        buffer_dtype: fp32
dino:
  loss_weight: 1.0
  head_n_prototypes: 2048
  head_bottleneck_dim: 256
  head_nlayers: 3
  head_hidden_dim: 2048
  koleo_loss_weight: 0.1
ibot:
  loss_weight: 1.0
  mask_sample_probability: 0.5
  mask_ratio_min_max:
  - 0.1
  - 0.5
  separate_head: false
  head_n_prototypes: 2048
  head_bottleneck_dim: 256
  head_nlayers: 3
  head_hidden_dim: 2048
train:
  batch_size_per_gpu: 64
  dataset_path: ImageFolder:root=/tmp/imagenette/train
  output_dir: /sci/labs/arieljaffe/dan.abergel1/runs/brain/h_lowlr
  saveckp_freq: 20
  seed: 0
  num_workers: 8
  OFFICIAL_EPOCH_LENGTH: 150
  cache_dataset: true
  centering: centering
  cell_augmentation: false
student:
  arch: vit_small
  patch_size: 16
  drop_path_rate: 0.1
  layerscale: 1.0e-05
  drop_path_uniform: true
  pretrained_weights: ''
  ffn_layer: mlp
  block_chunks: 4
  qkv_bias: true
  proj_bias: true
  ffn_bias: true
  num_register_tokens: 0
  interpolate_antialias: false
  interpolate_offset: 0.1
  in_chans: 3
  channel_adaptive: false
teacher:
  momentum_teacher: 0.992
  final_momentum_teacher: 1
  warmup_teacher_temp: 0.04
  teacher_temp: 0.07
  warmup_teacher_temp_epochs: 5
  in_chans: 3
  channel_adaptive: false
optim:
  epochs: 50
  weight_decay: 0.04
  weight_decay_end: 0.4
  base_lr: 0.004
  lr: 0.001
  warmup_epochs: 5
  min_lr: 1.0e-06
  clip_grad: 3.0
  freeze_last_layer_epochs: 1
  scaling_rule: sqrt_wrt_1024
  patch_embed_lr_mult: 0.2
  layerwise_decay: 0.9
  adamw_beta1: 0.9
  adamw_beta2: 0.999
crops:
  global_crops_scale:
  - 0.32
  - 1.0
  local_crops_number: 8
  local_crops_scale:
  - 0.05
  - 0.32
  global_crops_size: 224
  local_crops_size: 96
evaluation:
  eval_period_iterations: 0

I20260723 13:31:20 3100966 dinov2 vision_transformer.py:125] using MLP layer as FFN
I20260723 13:31:21 3100966 dinov2 vision_transformer.py:125] using MLP layer as FFN
I20260723 13:31:21 3100966 dinov2 ssl_meta_arch.py:44] OPTIONS -- architecture : embed_dim: 384
I20260723 13:31:21 3100966 dinov2 ssl_meta_arch.py:59] OPTIONS -- DINO
I20260723 13:31:21 3100966 dinov2 ssl_meta_arch.py:61] OPTIONS -- DINO -- loss_weight: 1.0
I20260723 13:31:21 3100966 dinov2 ssl_meta_arch.py:62] OPTIONS -- DINO -- head_n_prototypes: 2048
I20260723 13:31:21 3100966 dinov2 ssl_meta_arch.py:63] OPTIONS -- DINO -- head_bottleneck_dim: 256
I20260723 13:31:21 3100966 dinov2 ssl_meta_arch.py:64] OPTIONS -- DINO -- head_hidden_dim: 2048
I20260723 13:31:21 3100966 dinov2 ssl_meta_arch.py:76] OPTIONS -- DINO -- applying KOLEO regularization
W20260723 13:31:21 3100966 py.warnings warnings.py:109] /sci/labs/arieljaffe/dan.abergel1/torch_env/lib/python3.11/site-packages/torch/nn/utils/weight_norm.py:144: FutureWarning: `torch.nn.utils.weight_norm` is deprecated in favor of `torch.nn.utils.parametrizations.weight_norm`.
  WeightNorm.apply(module, name, dim)

I20260723 13:31:21 3100966 dinov2 ssl_meta_arch.py:86] OPTIONS -- IBOT
I20260723 13:31:21 3100966 dinov2 ssl_meta_arch.py:87] OPTIONS -- IBOT -- loss_weight: 1.0
I20260723 13:31:21 3100966 dinov2 ssl_meta_arch.py:88] OPTIONS -- IBOT masking -- ibot_mask_ratio_tuple: [0.1, 0.5]
I20260723 13:31:21 3100966 dinov2 ssl_meta_arch.py:89] OPTIONS -- IBOT masking -- ibot_mask_sample_probability: 0.5
I20260723 13:31:21 3100966 dinov2 ssl_meta_arch.py:112] OPTIONS -- IBOT -- head shared with DINO
I20260723 13:31:21 3100966 dinov2 ssl_meta_arch.py:122] Student and Teacher are built: they are both vit_small network.
I20260723 13:31:21 3100966 dinov2 ssl_meta_arch.py:408] DISTRIBUTED FSDP -- preparing model for distributed training
W20260723 13:31:21 3100966 py.warnings warnings.py:109] /sci/labs/arieljaffe/dan.abergel1/torch_env/lib/python3.11/site-packages/torch/distributed/fsdp/wrap.py:91: UserWarning: FSDP will not all-gather parameters for containers that do not implement forward: BlockChunk(
  (0-2): 3 x NestedTensorBlock(
    (norm1): LayerNorm((384,), eps=1e-06, elementwise_affine=True)
    (attn): MemEffAttention(
      (qkv): Linear(in_features=384, out_features=1152, bias=True)
      (proj): Linear(in_features=384, out_features=384, bias=True)
      (proj_drop): Dropout(p=0.0, inplace=False)
    )
    (ls1): LayerScale()
    (drop_path1): DropPath()
    (norm2): LayerNorm((384,), eps=1e-06, elementwise_affine=True)
    (mlp): Mlp(
      (fc1): Linear(in_features=384, out_features=1536, bias=True)
      (act): GELU(approximate='none')
      (fc2): Linear(in_features=1536, out_features=384, bias=True)
      (drop): Dropout(p=0.0, inplace=False)
    )
    (ls2): LayerScale()
    (drop_path2): DropPath()
  )
)
  return fsdp_fn(module, **kwargs)

W20260723 13:31:21 3100966 py.warnings warnings.py:109] /sci/labs/arieljaffe/dan.abergel1/torch_env/lib/python3.11/site-packages/torch/distributed/fsdp/fully_sharded_data_parallel.py:479: UserWarning: FSDP is switching to use `NO_SHARD` instead of ShardingStrategy.SHARD_GRAD_OP since the world size is 1.
  _init_core_state(

W20260723 13:31:21 3100966 py.warnings warnings.py:109] /sci/labs/arieljaffe/dan.abergel1/torch_env/lib/python3.11/site-packages/torch/distributed/fsdp/wrap.py:91: UserWarning: FSDP will not all-gather parameters for containers that do not implement forward: BlockChunk(
  (0-2): 3 x Identity()
  (3-5): 3 x NestedTensorBlock(
    (norm1): LayerNorm((384,), eps=1e-06, elementwise_affine=True)
    (attn): MemEffAttention(
      (qkv): Linear(in_features=384, out_features=1152, bias=True)
      (proj): Linear(in_features=384, out_features=384, bias=True)
      (proj_drop): Dropout(p=0.0, inplace=False)
    )
    (ls1): LayerScale()
    (drop_path1): DropPath()
    (norm2): LayerNorm((384,), eps=1e-06, elementwise_affine=True)
    (mlp): Mlp(
      (fc1): Linear(in_features=384, out_features=1536, bias=True)
      (act): GELU(approximate='none')
      (fc2): Linear(in_features=1536, out_features=384, bias=True)
      (drop): Dropout(p=0.0, inplace=False)
    )
    (ls2): LayerScale()
    (drop_path2): DropPath()
  )
)
  return fsdp_fn(module, **kwargs)

W20260723 13:31:21 3100966 py.warnings warnings.py:109] /sci/labs/arieljaffe/dan.abergel1/torch_env/lib/python3.11/site-packages/torch/distributed/fsdp/wrap.py:91: UserWarning: FSDP will not all-gather parameters for containers that do not implement forward: BlockChunk(
  (0-5): 6 x Identity()
  (6-8): 3 x NestedTensorBlock(
    (norm1): LayerNorm((384,), eps=1e-06, elementwise_affine=True)
    (attn): MemEffAttention(
      (qkv): Linear(in_features=384, out_features=1152, bias=True)
      (proj): Linear(in_features=384, out_features=384, bias=True)
      (proj_drop): Dropout(p=0.0, inplace=False)
    )
    (ls1): LayerScale()
    (drop_path1): DropPath()
    (norm2): LayerNorm((384,), eps=1e-06, elementwise_affine=True)
    (mlp): Mlp(
      (fc1): Linear(in_features=384, out_features=1536, bias=True)
      (act): GELU(approximate='none')
      (fc2): Linear(in_features=1536, out_features=384, bias=True)
      (drop): Dropout(p=0.0, inplace=False)
    )
    (ls2): LayerScale()
    (drop_path2): DropPath()
  )
)
  return fsdp_fn(module, **kwargs)

W20260723 13:31:21 3100966 py.warnings warnings.py:109] /sci/labs/arieljaffe/dan.abergel1/torch_env/lib/python3.11/site-packages/torch/distributed/fsdp/wrap.py:91: UserWarning: FSDP will not all-gather parameters for containers that do not implement forward: BlockChunk(
  (0-8): 9 x Identity()
  (9-11): 3 x NestedTensorBlock(
    (norm1): LayerNorm((384,), eps=1e-06, elementwise_affine=True)
    (attn): MemEffAttention(
      (qkv): Linear(in_features=384, out_features=1152, bias=True)
      (proj): Linear(in_features=384, out_features=384, bias=True)
      (proj_drop): Dropout(p=0.0, inplace=False)
    )
    (ls1): LayerScale()
    (drop_path1): DropPath()
    (norm2): LayerNorm((384,), eps=1e-06, elementwise_affine=True)
    (mlp): Mlp(
      (fc1): Linear(in_features=384, out_features=1536, bias=True)
      (act): GELU(approximate='none')
      (fc2): Linear(in_features=1536, out_features=384, bias=True)
      (drop): Dropout(p=0.0, inplace=False)
    )
    (ls2): LayerScale()
    (drop_path2): DropPath()
  )
)
  return fsdp_fn(module, **kwargs)

W20260723 13:31:21 3100966 py.warnings warnings.py:109] /sci/labs/arieljaffe/dan.abergel1/torch_env/lib/python3.11/site-packages/torch/distributed/fsdp/wrap.py:91: UserWarning: FSDP will not all-gather parameters for containers that do not implement forward: BlockChunk(
  (0-2): 3 x NestedTensorBlock(
    (norm1): LayerNorm((384,), eps=1e-06, elementwise_affine=True)
    (attn): MemEffAttention(
      (qkv): Linear(in_features=384, out_features=1152, bias=True)
      (proj): Linear(in_features=384, out_features=384, bias=True)
      (proj_drop): Dropout(p=0.0, inplace=False)
    )
    (ls1): LayerScale()
    (drop_path1): Identity()
    (norm2): LayerNorm((384,), eps=1e-06, elementwise_affine=True)
    (mlp): Mlp(
      (fc1): Linear(in_features=384, out_features=1536, bias=True)
      (act): GELU(approximate='none')
      (fc2): Linear(in_features=1536, out_features=384, bias=True)
      (drop): Dropout(p=0.0, inplace=False)
    )
    (ls2): LayerScale()
    (drop_path2): Identity()
  )
)
  return fsdp_fn(module, **kwargs)

W20260723 13:31:21 3100966 py.warnings warnings.py:109] /sci/labs/arieljaffe/dan.abergel1/torch_env/lib/python3.11/site-packages/torch/distributed/fsdp/wrap.py:91: UserWarning: FSDP will not all-gather parameters for containers that do not implement forward: BlockChunk(
  (0-2): 3 x Identity()
  (3-5): 3 x NestedTensorBlock(
    (norm1): LayerNorm((384,), eps=1e-06, elementwise_affine=True)
    (attn): MemEffAttention(
      (qkv): Linear(in_features=384, out_features=1152, bias=True)
      (proj): Linear(in_features=384, out_features=384, bias=True)
      (proj_drop): Dropout(p=0.0, inplace=False)
    )
    (ls1): LayerScale()
    (drop_path1): Identity()
    (norm2): LayerNorm((384,), eps=1e-06, elementwise_affine=True)
    (mlp): Mlp(
      (fc1): Linear(in_features=384, out_features=1536, bias=True)
      (act): GELU(approximate='none')
      (fc2): Linear(in_features=1536, out_features=384, bias=True)
      (drop): Dropout(p=0.0, inplace=False)
    )
    (ls2): LayerScale()
    (drop_path2): Identity()
  )
)
  return fsdp_fn(module, **kwargs)

W20260723 13:31:21 3100966 py.warnings warnings.py:109] /sci/labs/arieljaffe/dan.abergel1/torch_env/lib/python3.11/site-packages/torch/distributed/fsdp/wrap.py:91: UserWarning: FSDP will not all-gather parameters for containers that do not implement forward: BlockChunk(
  (0-5): 6 x Identity()
  (6-8): 3 x NestedTensorBlock(
    (norm1): LayerNorm((384,), eps=1e-06, elementwise_affine=True)
    (attn): MemEffAttention(
      (qkv): Linear(in_features=384, out_features=1152, bias=True)
      (proj): Linear(in_features=384, out_features=384, bias=True)
      (proj_drop): Dropout(p=0.0, inplace=False)
    )
    (ls1): LayerScale()
    (drop_path1): Identity()
    (norm2): LayerNorm((384,), eps=1e-06, elementwise_affine=True)
    (mlp): Mlp(
      (fc1): Linear(in_features=384, out_features=1536, bias=True)
      (act): GELU(approximate='none')
      (fc2): Linear(in_features=1536, out_features=384, bias=True)
      (drop): Dropout(p=0.0, inplace=False)
    )
    (ls2): LayerScale()
    (drop_path2): Identity()
  )
)
  return fsdp_fn(module, **kwargs)

W20260723 13:31:21 3100966 py.warnings warnings.py:109] /sci/labs/arieljaffe/dan.abergel1/torch_env/lib/python3.11/site-packages/torch/distributed/fsdp/wrap.py:91: UserWarning: FSDP will not all-gather parameters for containers that do not implement forward: BlockChunk(
  (0-8): 9 x Identity()
  (9-11): 3 x NestedTensorBlock(
    (norm1): LayerNorm((384,), eps=1e-06, elementwise_affine=True)
    (attn): MemEffAttention(
      (qkv): Linear(in_features=384, out_features=1152, bias=True)
      (proj): Linear(in_features=384, out_features=384, bias=True)
      (proj_drop): Dropout(p=0.0, inplace=False)
    )
    (ls1): LayerScale()
    (drop_path1): Identity()
    (norm2): LayerNorm((384,), eps=1e-06, elementwise_affine=True)
    (mlp): Mlp(
      (fc1): Linear(in_features=384, out_features=1536, bias=True)
      (act): GELU(approximate='none')
      (fc2): Linear(in_features=1536, out_features=384, bias=True)
      (drop): Dropout(p=0.0, inplace=False)
    )
    (ls2): LayerScale()
    (drop_path2): Identity()
  )
)
  return fsdp_fn(module, **kwargs)

W20260723 13:31:21 3100966 py.warnings warnings.py:109] /sci/labs/arieljaffe/dan.abergel1/torch_env/lib/python3.11/site-packages/torch/distributed/fsdp/fully_sharded_data_parallel.py:822: FutureWarning: FSDP.state_dict_type() and FSDP.set_state_dict_type() are being deprecated. Please use APIs, get_state_dict() and set_state_dict(), which can support different parallelisms, FSDP1, FSDP2, DDP. API doc: https://pytorch.org/docs/stable/distributed.checkpoint.html#torch.distributed.checkpoint.state_dict.get_state_dict .Tutorial: https://pytorch.org/tutorials/recipes/distributed_checkpoint_recipe.html .
  prev_state_dict_settings = FullyShardedDataParallel.set_state_dict_type(

I20260723 13:31:21 3100966 fvcore.common.checkpoint checkpoint.py:150] [Checkpointer] Loading from /sci/labs/arieljaffe/dan.abergel1/runs/brain/h_lowlr/model_final.rank_0.pth ...
W20260723 13:31:23 3100966 py.warnings warnings.py:109] /sci/labs/arieljaffe/dan.abergel1/torch_env/lib/python3.11/site-packages/torch/utils/_contextlib.py:124: UserWarning: When using ``NO_SHARD`` for ``ShardingStrategy``, full_state_dict will be returned.
  return func(*args, **kwargs)

W20260723 13:31:23 3100966 py.warnings warnings.py:109] /sci/labs/arieljaffe/dan.abergel1/torch_env/lib/python3.11/site-packages/torch/utils/_contextlib.py:124: UserWarning: When using ``NO_SHARD`` for ``ShardingStrategy``, full_state_dict willbe returned.
  return func(*args, **kwargs)

W20260723 13:31:23 3100966 py.warnings warnings.py:109] /sci/labs/arieljaffe/dan.abergel1/torch_env/lib/python3.11/site-packages/torch/distributed/fsdp/fully_sharded_data_parallel.py:829: FutureWarning: FSDP.state_dict_type() and FSDP.set_state_dict_type() are being deprecated. Please use APIs, get_state_dict() and set_state_dict(), which can support different parallelisms, FSDP1, FSDP2, DDP. API doc: https://pytorch.org/docs/stable/distributed.checkpoint.html#torch.distributed.checkpoint.state_dict.get_state_dict .Tutorial: https://pytorch.org/tutorials/recipes/distributed_checkpoint_recipe.html .
  FullyShardedDataParallel.set_state_dict_type(

extracting brain features...
matched 1084/1084 images, 1084 subjects, classes=['F', 'M']

=== 5-FOLD GROUP CV (Gender) ===
  CV accuracy: 79.34% ± 2.43%   (chance 50.0%)
  folds: ['80.2', '78.3', '75.1', '81.1', '81.9']
========================================
split: 867 train subj / 217 test subj  (867/217 images)

============ BRAIN PROBE: Gender ============
  train/test        : 867/217  (80:20 stratified)
  classes           : ['F', 'M']   (chance = 50.00%)
  test top-1 accuracy: 80.65%
  balanced accuracy  : 80.67%
  F1 macro           : 80.58%
              precision    recall  f1-score   support

           F      0.779     0.810     0.794       100
           M      0.832     0.803     0.817       117

    accuracy                          0.806       217
   macro avg      0.805     0.807     0.806       217
weighted avg      0.807     0.806     0.807       217

=======================================================
=== h_lowlr DONE  Thu Jul 23 13:31:32 IDT 2026 ===
