=== ABLATION hcp_imgnet_localglobal : data=brain2d_frames local_global=1 local_eq_global=0 protos=4096 temp=0.04->0.02 (warmup 5) cv=5  Mon Jul 20 11:40:05 IDT 2026 ===
I20260720 11:41:28 1831735 dinov2 config.py:59] git:
  sha: f72e92b5134f7d90387a634f78ffb467999d4c8a, status: clean, branch: imagenette-test

I20260720 11:41:28 1831735 dinov2 config.py:60] config_file: /sci/labs/arieljaffe/dan.abergel1/repos/FAIR_official/dinov2/configs/train/imagenette_vits.yaml
eval: 
eval_only: False
no_resume: False
opts: ['train.dataset_path=ImageFolder:root=/sci/labs/arieljaffe/dan.abergel1/brain2d_frames', 'crops.local_crops_size=224', 'crops.local_crops_scale=[0.32,1.0]', 'teacher.warmup_teacher_temp=0.04', 'teacher.teacher_temp=0.02', 'teacher.warmup_teacher_temp_epochs=5', 'dino.head_n_prototypes=4096', 'ibot.head_n_prototypes=4096', 'dino.koleo_loss_weight=0', 'train.output_dir=/sci/labs/arieljaffe/dan.abergel1/runs/brain/hcp_imgnet_localglobal']
output_dir: /sci/labs/arieljaffe/dan.abergel1/runs/brain/hcp_imgnet_localglobal
I20260720 11:41:28 1831735 dinov2 config.py:26] sqrt scaling learning rate; base: 0.004, new: 0.001
I20260720 11:41:28 1831735 dinov2 config.py:33] MODEL:
  WEIGHTS: ''
compute_precision:
  grad_scaler: true
  teacher:
    backbone:
      sharding_strategy: SHARD_GRAD_OP
      mixed_precision:
        param_dtype: fp16
        reduce_dtype: fp16
        buffer_dtype: fp32
    dino_head:
      sharding_strategy: SHARD_GRAD_OP
      mixed_precision:
        param_dtype: fp16
        reduce_dtype: fp16
        buffer_dtype: fp32
    ibot_head:
      sharding_strategy: SHARD_GRAD_OP
      mixed_precision:
        param_dtype: fp16
        reduce_dtype: fp16
        buffer_dtype: fp32
  student:
    backbone:
      sharding_strategy: SHARD_GRAD_OP
      mixed_precision:
        param_dtype: fp16
        reduce_dtype: fp16
        buffer_dtype: fp32
    dino_head:
      sharding_strategy: SHARD_GRAD_OP
      mixed_precision:
        param_dtype: fp16
        reduce_dtype: fp32
        buffer_dtype: fp32
    ibot_head:
      sharding_strategy: SHARD_GRAD_OP
      mixed_precision:
        param_dtype: fp16
        reduce_dtype: fp32
        buffer_dtype: fp32
dino:
  loss_weight: 1.0
  head_n_prototypes: 4096
  head_bottleneck_dim: 256
  head_nlayers: 3
  head_hidden_dim: 2048
  koleo_loss_weight: 0
ibot:
  loss_weight: 1.0
  mask_sample_probability: 0.5
  mask_ratio_min_max:
  - 0.1
  - 0.5
  separate_head: false
  head_n_prototypes: 4096
  head_bottleneck_dim: 256
  head_nlayers: 3
  head_hidden_dim: 2048
train:
  batch_size_per_gpu: 64
  dataset_path: ImageFolder:root=/sci/labs/arieljaffe/dan.abergel1/brain2d_frames
  output_dir: /sci/labs/arieljaffe/dan.abergel1/runs/brain/hcp_imgnet_localglobal
  saveckp_freq: 20
  seed: 0
  num_workers: 8
  OFFICIAL_EPOCH_LENGTH: 150
  cache_dataset: true
  centering: centering
  cell_augmentation: false
student:
  arch: vit_small
  patch_size: 16
  drop_path_rate: 0.1
  layerscale: 1.0e-05
  drop_path_uniform: true
  pretrained_weights: ''
  ffn_layer: mlp
  block_chunks: 4
  qkv_bias: true
  proj_bias: true
  ffn_bias: true
  num_register_tokens: 0
  interpolate_antialias: false
  interpolate_offset: 0.1
  in_chans: 3
  channel_adaptive: false
teacher:
  momentum_teacher: 0.992
  final_momentum_teacher: 1
  warmup_teacher_temp: 0.04
  teacher_temp: 0.02
  warmup_teacher_temp_epochs: 5
  in_chans: 3
  channel_adaptive: false
optim:
  epochs: 50
  weight_decay: 0.04
  weight_decay_end: 0.4
  base_lr: 0.004
  lr: 0.001
  warmup_epochs: 5
  min_lr: 1.0e-06
  clip_grad: 3.0
  freeze_last_layer_epochs: 1
  scaling_rule: sqrt_wrt_1024
  patch_embed_lr_mult: 0.2
  layerwise_decay: 0.9
  adamw_beta1: 0.9
  adamw_beta2: 0.999
crops:
  global_crops_scale:
  - 0.32
  - 1.0
  local_crops_number: 8
  local_crops_scale:
  - 0.32
  - 1.0
  global_crops_size: 224
  local_crops_size: 224
evaluation:
  eval_period_iterations: 0

I20260720 11:41:28 1831735 dinov2 vision_transformer.py:125] using MLP layer as FFN
I20260720 11:41:29 1831735 dinov2 vision_transformer.py:125] using MLP layer as FFN
I20260720 11:41:29 1831735 dinov2 ssl_meta_arch.py:43] OPTIONS -- architecture : embed_dim: 384
I20260720 11:41:29 1831735 dinov2 ssl_meta_arch.py:58] OPTIONS -- DINO
I20260720 11:41:29 1831735 dinov2 ssl_meta_arch.py:60] OPTIONS -- DINO -- loss_weight: 1.0
I20260720 11:41:29 1831735 dinov2 ssl_meta_arch.py:61] OPTIONS -- DINO -- head_n_prototypes: 4096
I20260720 11:41:29 1831735 dinov2 ssl_meta_arch.py:62] OPTIONS -- DINO -- head_bottleneck_dim: 256
I20260720 11:41:29 1831735 dinov2 ssl_meta_arch.py:63] OPTIONS -- DINO -- head_hidden_dim: 2048
W20260720 11:41:29 1831735 py.warnings warnings.py:109] /sci/labs/arieljaffe/dan.abergel1/torch_env/lib/python3.11/site-packages/torch/nn/utils/weight_norm.py:144: FutureWarning: `torch.nn.utils.weight_norm` is deprecated in favor of `torch.nn.utils.parametrizations.weight_norm`.
  WeightNorm.apply(module, name, dim)

I20260720 11:41:30 1831735 dinov2 ssl_meta_arch.py:85] OPTIONS -- IBOT
I20260720 11:41:30 1831735 dinov2 ssl_meta_arch.py:86] OPTIONS -- IBOT -- loss_weight: 1.0
I20260720 11:41:30 1831735 dinov2 ssl_meta_arch.py:87] OPTIONS -- IBOT masking -- ibot_mask_ratio_tuple: [0.1, 0.5]
I20260720 11:41:30 1831735 dinov2 ssl_meta_arch.py:88] OPTIONS -- IBOT masking -- ibot_mask_sample_probability: 0.5
I20260720 11:41:30 1831735 dinov2 ssl_meta_arch.py:111] OPTIONS -- IBOT -- head shared with DINO
I20260720 11:41:30 1831735 dinov2 ssl_meta_arch.py:121] Student and Teacher are built: they are both vit_small network.
I20260720 11:41:30 1831735 dinov2 ssl_meta_arch.py:397] DISTRIBUTED FSDP -- preparing model for distributed training
W20260720 11:41:30 1831735 py.warnings warnings.py:109] /sci/labs/arieljaffe/dan.abergel1/torch_env/lib/python3.11/site-packages/torch/distributed/fsdp/wrap.py:91: UserWarning: FSDP will not all-gather parameters for containers that do not implement forward: BlockChunk(
  (0-2): 3 x NestedTensorBlock(
    (norm1): LayerNorm((384,), eps=1e-06, elementwise_affine=True)
    (attn): MemEffAttention(
      (qkv): Linear(in_features=384, out_features=1152, bias=True)
      (proj): Linear(in_features=384, out_features=384, bias=True)
      (proj_drop): Dropout(p=0.0, inplace=False)
    )
    (ls1): LayerScale()
    (drop_path1): DropPath()
    (norm2): LayerNorm((384,), eps=1e-06, elementwise_affine=True)
    (mlp): Mlp(
      (fc1): Linear(in_features=384, out_features=1536, bias=True)
      (act): GELU(approximate='none')
      (fc2): Linear(in_features=1536, out_features=384, bias=True)
      (drop): Dropout(p=0.0, inplace=False)
    )
    (ls2): LayerScale()
    (drop_path2): DropPath()
  )
)
  return fsdp_fn(module, **kwargs)

W20260720 11:41:30 1831735 py.warnings warnings.py:109] /sci/labs/arieljaffe/dan.abergel1/torch_env/lib/python3.11/site-packages/torch/distributed/fsdp/fully_sharded_data_parallel.py:479: UserWarning: FSDP is switching to use `NO_SHARD` instead of ShardingStrategy.SHARD_GRAD_OP since the world size is 1.
  _init_core_state(

W20260720 11:41:30 1831735 py.warnings warnings.py:109] /sci/labs/arieljaffe/dan.abergel1/torch_env/lib/python3.11/site-packages/torch/distributed/fsdp/wrap.py:91: UserWarning: FSDP will not all-gather parameters for containers that do not implement forward: BlockChunk(
  (0-2): 3 x Identity()
  (3-5): 3 x NestedTensorBlock(
    (norm1): LayerNorm((384,), eps=1e-06, elementwise_affine=True)
    (attn): MemEffAttention(
      (qkv): Linear(in_features=384, out_features=1152, bias=True)
      (proj): Linear(in_features=384, out_features=384, bias=True)
      (proj_drop): Dropout(p=0.0, inplace=False)
    )
    (ls1): LayerScale()
    (drop_path1): DropPath()
    (norm2): LayerNorm((384,), eps=1e-06, elementwise_affine=True)
    (mlp): Mlp(
      (fc1): Linear(in_features=384, out_features=1536, bias=True)
      (act): GELU(approximate='none')
      (fc2): Linear(in_features=1536, out_features=384, bias=True)
      (drop): Dropout(p=0.0, inplace=False)
    )
    (ls2): LayerScale()
    (drop_path2): DropPath()
  )
)
  return fsdp_fn(module, **kwargs)

W20260720 11:41:30 1831735 py.warnings warnings.py:109] /sci/labs/arieljaffe/dan.abergel1/torch_env/lib/python3.11/site-packages/torch/distributed/fsdp/wrap.py:91: UserWarning: FSDP will not all-gather parameters for containers that do not implement forward: BlockChunk(
  (0-5): 6 x Identity()
  (6-8): 3 x NestedTensorBlock(
    (norm1): LayerNorm((384,), eps=1e-06, elementwise_affine=True)
    (attn): MemEffAttention(
      (qkv): Linear(in_features=384, out_features=1152, bias=True)
      (proj): Linear(in_features=384, out_features=384, bias=True)
      (proj_drop): Dropout(p=0.0, inplace=False)
    )
    (ls1): LayerScale()
    (drop_path1): DropPath()
    (norm2): LayerNorm((384,), eps=1e-06, elementwise_affine=True)
    (mlp): Mlp(
      (fc1): Linear(in_features=384, out_features=1536, bias=True)
      (act): GELU(approximate='none')
      (fc2): Linear(in_features=1536, out_features=384, bias=True)
      (drop): Dropout(p=0.0, inplace=False)
    )
    (ls2): LayerScale()
    (drop_path2): DropPath()
  )
)
  return fsdp_fn(module, **kwargs)

W20260720 11:41:30 1831735 py.warnings warnings.py:109] /sci/labs/arieljaffe/dan.abergel1/torch_env/lib/python3.11/site-packages/torch/distributed/fsdp/wrap.py:91: UserWarning: FSDP will not all-gather parameters for containers that do not implement forward: BlockChunk(
  (0-8): 9 x Identity()
  (9-11): 3 x NestedTensorBlock(
    (norm1): LayerNorm((384,), eps=1e-06, elementwise_affine=True)
    (attn): MemEffAttention(
      (qkv): Linear(in_features=384, out_features=1152, bias=True)
      (proj): Linear(in_features=384, out_features=384, bias=True)
      (proj_drop): Dropout(p=0.0, inplace=False)
    )
    (ls1): LayerScale()
    (drop_path1): DropPath()
    (norm2): LayerNorm((384,), eps=1e-06, elementwise_affine=True)
    (mlp): Mlp(
      (fc1): Linear(in_features=384, out_features=1536, bias=True)
      (act): GELU(approximate='none')
      (fc2): Linear(in_features=1536, out_features=384, bias=True)
      (drop): Dropout(p=0.0, inplace=False)
    )
    (ls2): LayerScale()
    (drop_path2): DropPath()
  )
)
  return fsdp_fn(module, **kwargs)

W20260720 11:41:30 1831735 py.warnings warnings.py:109] /sci/labs/arieljaffe/dan.abergel1/torch_env/lib/python3.11/site-packages/torch/distributed/fsdp/wrap.py:91: UserWarning: FSDP will not all-gather parameters for containers that do not implement forward: BlockChunk(
  (0-2): 3 x NestedTensorBlock(
    (norm1): LayerNorm((384,), eps=1e-06, elementwise_affine=True)
    (attn): MemEffAttention(
      (qkv): Linear(in_features=384, out_features=1152, bias=True)
      (proj): Linear(in_features=384, out_features=384, bias=True)
      (proj_drop): Dropout(p=0.0, inplace=False)
    )
    (ls1): LayerScale()
    (drop_path1): Identity()
    (norm2): LayerNorm((384,), eps=1e-06, elementwise_affine=True)
    (mlp): Mlp(
      (fc1): Linear(in_features=384, out_features=1536, bias=True)
      (act): GELU(approximate='none')
      (fc2): Linear(in_features=1536, out_features=384, bias=True)
      (drop): Dropout(p=0.0, inplace=False)
    )
    (ls2): LayerScale()
    (drop_path2): Identity()
  )
)
  return fsdp_fn(module, **kwargs)

W20260720 11:41:30 1831735 py.warnings warnings.py:109] /sci/labs/arieljaffe/dan.abergel1/torch_env/lib/python3.11/site-packages/torch/distributed/fsdp/wrap.py:91: UserWarning: FSDP will not all-gather parameters for containers that do not implement forward: BlockChunk(
  (0-2): 3 x Identity()
  (3-5): 3 x NestedTensorBlock(
    (norm1): LayerNorm((384,), eps=1e-06, elementwise_affine=True)
    (attn): MemEffAttention(
      (qkv): Linear(in_features=384, out_features=1152, bias=True)
      (proj): Linear(in_features=384, out_features=384, bias=True)
      (proj_drop): Dropout(p=0.0, inplace=False)
    )
    (ls1): LayerScale()
    (drop_path1): Identity()
    (norm2): LayerNorm((384,), eps=1e-06, elementwise_affine=True)
    (mlp): Mlp(
      (fc1): Linear(in_features=384, out_features=1536, bias=True)
      (act): GELU(approximate='none')
      (fc2): Linear(in_features=1536, out_features=384, bias=True)
      (drop): Dropout(p=0.0, inplace=False)
    )
    (ls2): LayerScale()
    (drop_path2): Identity()
  )
)
  return fsdp_fn(module, **kwargs)

W20260720 11:41:30 1831735 py.warnings warnings.py:109] /sci/labs/arieljaffe/dan.abergel1/torch_env/lib/python3.11/site-packages/torch/distributed/fsdp/wrap.py:91: UserWarning: FSDP will not all-gather parameters for containers that do not implement forward: BlockChunk(
  (0-5): 6 x Identity()
  (6-8): 3 x NestedTensorBlock(
    (norm1): LayerNorm((384,), eps=1e-06, elementwise_affine=True)
    (attn): MemEffAttention(
      (qkv): Linear(in_features=384, out_features=1152, bias=True)
      (proj): Linear(in_features=384, out_features=384, bias=True)
      (proj_drop): Dropout(p=0.0, inplace=False)
    )
    (ls1): LayerScale()
    (drop_path1): Identity()
    (norm2): LayerNorm((384,), eps=1e-06, elementwise_affine=True)
    (mlp): Mlp(
      (fc1): Linear(in_features=384, out_features=1536, bias=True)
      (act): GELU(approximate='none')
      (fc2): Linear(in_features=1536, out_features=384, bias=True)
      (drop): Dropout(p=0.0, inplace=False)
    )
    (ls2): LayerScale()
    (drop_path2): Identity()
  )
)
  return fsdp_fn(module, **kwargs)

W20260720 11:41:30 1831735 py.warnings warnings.py:109] /sci/labs/arieljaffe/dan.abergel1/torch_env/lib/python3.11/site-packages/torch/distributed/fsdp/wrap.py:91: UserWarning: FSDP will not all-gather parameters for containers that do not implement forward: BlockChunk(
  (0-8): 9 x Identity()
  (9-11): 3 x NestedTensorBlock(
    (norm1): LayerNorm((384,), eps=1e-06, elementwise_affine=True)
    (attn): MemEffAttention(
      (qkv): Linear(in_features=384, out_features=1152, bias=True)
      (proj): Linear(in_features=384, out_features=384, bias=True)
      (proj_drop): Dropout(p=0.0, inplace=False)
    )
    (ls1): LayerScale()
    (drop_path1): Identity()
    (norm2): LayerNorm((384,), eps=1e-06, elementwise_affine=True)
    (mlp): Mlp(
      (fc1): Linear(in_features=384, out_features=1536, bias=True)
      (act): GELU(approximate='none')
      (fc2): Linear(in_features=1536, out_features=384, bias=True)
      (drop): Dropout(p=0.0, inplace=False)
    )
    (ls2): LayerScale()
    (drop_path2): Identity()
  )
)
  return fsdp_fn(module, **kwargs)

I20260720 11:41:30 1831735 dinov2 train.py:324] Model:
SSLMetaArch(
  (dino_loss): DINOLoss()
  (ibot_patch_loss): iBOTPatchLoss()
  (student): ModuleDict(
    (backbone): FullyShardedDataParallel(
      (_fsdp_wrapped_module): DinoVisionTransformer(
        (patch_embed): PatchEmbed(
          (proj): Conv2d(3, 384, kernel_size=(16, 16), stride=(16, 16))
          (norm): Identity()
        )
        (blocks): ModuleList(
          (0): FullyShardedDataParallel(
            (_fsdp_wrapped_module): BlockChunk(
              (0-2): 3 x NestedTensorBlock(
                (norm1): LayerNorm((384,), eps=1e-06, elementwise_affine=True)
                (attn): MemEffAttention(
                  (qkv): Linear(in_features=384, out_features=1152, bias=True)
                  (proj): Linear(in_features=384, out_features=384, bias=True)
                  (proj_drop): Dropout(p=0.0, inplace=False)
                )
                (ls1): LayerScale()
                (drop_path1): DropPath()
                (norm2): LayerNorm((384,), eps=1e-06, elementwise_affine=True)
                (mlp): Mlp(
                  (fc1): Linear(in_features=384, out_features=1536, bias=True)
                  (act): GELU(approximate='none')
                  (fc2): Linear(in_features=1536, out_features=384, bias=True)
                  (drop): Dropout(p=0.0, inplace=False)
                )
                (ls2): LayerScale()
                (drop_path2): DropPath()
              )
            )
          )
          (1): FullyShardedDataParallel(
            (_fsdp_wrapped_module): BlockChunk(
              (0-2): 3 x Identity()
              (3-5): 3 x NestedTensorBlock(
                (norm1): LayerNorm((384,), eps=1e-06, elementwise_affine=True)
                (attn): MemEffAttention(
                  (qkv): Linear(in_features=384, out_features=1152, bias=True)
                  (proj): Linear(in_features=384, out_features=384, bias=True)
                  (proj_drop): Dropout(p=0.0, inplace=False)
                )
                (ls1): LayerScale()
                (drop_path1): DropPath()
                (norm2): LayerNorm((384,), eps=1e-06, elementwise_affine=True)
                (mlp): Mlp(
                  (fc1): Linear(in_features=384, out_features=1536, bias=True)
                  (act): GELU(approximate='none')
                  (fc2): Linear(in_features=1536, out_features=384, bias=True)
                  (drop): Dropout(p=0.0, inplace=False)
                )
                (ls2): LayerScale()
                (drop_path2): DropPath()
              )
            )
          )
          (2): FullyShardedDataParallel(
            (_fsdp_wrapped_module): BlockChunk(
              (0-5): 6 x Identity()
              (6-8): 3 x NestedTensorBlock(
                (norm1): LayerNorm((384,), eps=1e-06, elementwise_affine=True)
                (attn): MemEffAttention(
                  (qkv): Linear(in_features=384, out_features=1152, bias=True)
                  (proj): Linear(in_features=384, out_features=384, bias=True)
                  (proj_drop): Dropout(p=0.0, inplace=False)
                )
                (ls1): LayerScale()
                (drop_path1): DropPath()
                (norm2): LayerNorm((384,), eps=1e-06, elementwise_affine=True)
                (mlp): Mlp(
                  (fc1): Linear(in_features=384, out_features=1536, bias=True)
                  (act): GELU(approximate='none')
                  (fc2): Linear(in_features=1536, out_features=384, bias=True)
                  (drop): Dropout(p=0.0, inplace=False)
                )
                (ls2): LayerScale()
                (drop_path2): DropPath()
              )
            )
          )
          (3): FullyShardedDataParallel(
            (_fsdp_wrapped_module): BlockChunk(
              (0-8): 9 x Identity()
              (9-11): 3 x NestedTensorBlock(
                (norm1): LayerNorm((384,), eps=1e-06, elementwise_affine=True)
                (attn): MemEffAttention(
                  (qkv): Linear(in_features=384, out_features=1152, bias=True)
                  (proj): Linear(in_features=384, out_features=384, bias=True)
                  (proj_drop): Dropout(p=0.0, inplace=False)
                )
                (ls1): LayerScale()
                (drop_path1): DropPath()
                (norm2): LayerNorm((384,), eps=1e-06, elementwise_affine=True)
                (mlp): Mlp(
                  (fc1): Linear(in_features=384, out_features=1536, bias=True)
                  (act): GELU(approximate='none')
                  (fc2): Linear(in_features=1536, out_features=384, bias=True)
                  (drop): Dropout(p=0.0, inplace=False)
                )
                (ls2): LayerScale()
                (drop_path2): DropPath()
              )
            )
          )
        )
        (norm): LayerNorm((384,), eps=1e-06, elementwise_affine=True)
        (head): Identity()
      )
    )
    (dino_head): FullyShardedDataParallel(
      (_fsdp_wrapped_module): DINOHead(
        (mlp): Sequential(
          (0): Linear(in_features=384, out_features=2048, bias=True)
          (1): GELU(approximate='none')
          (2): Linear(in_features=2048, out_features=2048, bias=True)
          (3): GELU(approximate='none')
          (4): Linear(in_features=2048, out_features=256, bias=True)
        )
        (last_layer): Linear(in_features=256, out_features=4096, bias=False)
      )
    )
  )
  (teacher): ModuleDict(
    (backbone): FullyShardedDataParallel(
      (_fsdp_wrapped_module): DinoVisionTransformer(
        (patch_embed): PatchEmbed(
          (proj): Conv2d(3, 384, kernel_size=(16, 16), stride=(16, 16))
          (norm): Identity()
        )
        (blocks): ModuleList(
          (0): FullyShardedDataParallel(
            (_fsdp_wrapped_module): BlockChunk(
              (0-2): 3 x NestedTensorBlock(
                (norm1): LayerNorm((384,), eps=1e-06, elementwise_affine=True)
                (attn): MemEffAttention(
                  (qkv): Linear(in_features=384, out_features=1152, bias=True)
                  (proj): Linear(in_features=384, out_features=384, bias=True)
                  (proj_drop): Dropout(p=0.0, inplace=False)
                )
                (ls1): LayerScale()
                (drop_path1): Identity()
                (norm2): LayerNorm((384,), eps=1e-06, elementwise_affine=True)
                (mlp): Mlp(
                  (fc1): Linear(in_features=384, out_features=1536, bias=True)
                  (act): GELU(approximate='none')
                  (fc2): Linear(in_features=1536, out_features=384, bias=True)
                  (drop): Dropout(p=0.0, inplace=False)
                )
                (ls2): LayerScale()
                (drop_path2): Identity()
              )
            )
          )
          (1): FullyShardedDataParallel(
            (_fsdp_wrapped_module): BlockChunk(
              (0-2): 3 x Identity()
              (3-5): 3 x NestedTensorBlock(
                (norm1): LayerNorm((384,), eps=1e-06, elementwise_affine=True)
                (attn): MemEffAttention(
                  (qkv): Linear(in_features=384, out_features=1152, bias=True)
                  (proj): Linear(in_features=384, out_features=384, bias=True)
                  (proj_drop): Dropout(p=0.0, inplace=False)
                )
                (ls1): LayerScale()
                (drop_path1): Identity()
                (norm2): LayerNorm((384,), eps=1e-06, elementwise_affine=True)
                (mlp): Mlp(
                  (fc1): Linear(in_features=384, out_features=1536, bias=True)
                  (act): GELU(approximate='none')
                  (fc2): Linear(in_features=1536, out_features=384, bias=True)
                  (drop): Dropout(p=0.0, inplace=False)
                )
                (ls2): LayerScale()
                (drop_path2): Identity()
              )
            )
          )
          (2): FullyShardedDataParallel(
            (_fsdp_wrapped_module): BlockChunk(
              (0-5): 6 x Identity()
              (6-8): 3 x NestedTensorBlock(
                (norm1): LayerNorm((384,), eps=1e-06, elementwise_affine=True)
                (attn): MemEffAttention(
                  (qkv): Linear(in_features=384, out_features=1152, bias=True)
                  (proj): Linear(in_features=384, out_features=384, bias=True)
                  (proj_drop): Dropout(p=0.0, inplace=False)
                )
                (ls1): LayerScale()
                (drop_path1): Identity()
                (norm2): LayerNorm((384,), eps=1e-06, elementwise_affine=True)
                (mlp): Mlp(
                  (fc1): Linear(in_features=384, out_features=1536, bias=True)
                  (act): GELU(approximate='none')
                  (fc2): Linear(in_features=1536, out_features=384, bias=True)
                  (drop): Dropout(p=0.0, inplace=False)
                )
                (ls2): LayerScale()
                (drop_path2): Identity()
              )
            )
          )
          (3): FullyShardedDataParallel(
            (_fsdp_wrapped_module): BlockChunk(
              (0-8): 9 x Identity()
              (9-11): 3 x NestedTensorBlock(
                (norm1): LayerNorm((384,), eps=1e-06, elementwise_affine=True)
                (attn): MemEffAttention(
                  (qkv): Linear(in_features=384, out_features=1152, bias=True)
                  (proj): Linear(in_features=384, out_features=384, bias=True)
                  (proj_drop): Dropout(p=0.0, inplace=False)
                )
                (ls1): LayerScale()
                (drop_path1): Identity()
                (norm2): LayerNorm((384,), eps=1e-06, elementwise_affine=True)
                (mlp): Mlp(
                  (fc1): Linear(in_features=384, out_features=1536, bias=True)
                  (act): GELU(approximate='none')
                  (fc2): Linear(in_features=1536, out_features=384, bias=True)
                  (drop): Dropout(p=0.0, inplace=False)
                )
                (ls2): LayerScale()
                (drop_path2): Identity()
              )
            )
          )
        )
        (norm): LayerNorm((384,), eps=1e-06, elementwise_affine=True)
        (head): Identity()
      )
    )
    (dino_head): FullyShardedDataParallel(
      (_fsdp_wrapped_module): DINOHead(
        (mlp): Sequential(
          (0): Linear(in_features=384, out_features=2048, bias=True)
          (1): GELU(approximate='none')
          (2): Linear(in_features=2048, out_features=2048, bias=True)
          (3): GELU(approximate='none')
          (4): Linear(in_features=2048, out_features=256, bias=True)
        )
        (last_layer): Linear(in_features=256, out_features=4096, bias=False)
      )
    )
  )
)
I20260720 11:41:30 1831735 dinov2 param_groups.py:54] chunked fsdp
I20260720 11:41:30 1831735 dinov2 param_groups.py:87] cls_token: lr_multiplier: 0.2541865828329001, wd_multiplier: 1.0
I20260720 11:41:30 1831735 dinov2 param_groups.py:87] pos_embed: lr_multiplier: 0.2541865828329001, wd_multiplier: 1.0
I20260720 11:41:30 1831735 dinov2 param_groups.py:87] mask_token: lr_multiplier: 0.2541865828329001, wd_multiplier: 1.0
I20260720 11:41:30 1831735 dinov2 param_groups.py:87] patch_embed.proj.weight: lr_multiplier: 0.05083731656658002, wd_multiplier: 1.0
I20260720 11:41:30 1831735 dinov2 param_groups.py:87] patch_embed.proj.bias: lr_multiplier: 0.05083731656658002, wd_multiplier: 0.0
I20260720 11:41:30 1831735 dinov2 param_groups.py:87] blocks.0.0.norm1.weight: lr_multiplier: 0.2824295364810001, wd_multiplier: 0.0
I20260720 11:41:30 1831735 dinov2 param_groups.py:87] blocks.0.0.norm1.bias: lr_multiplier: 0.2824295364810001, wd_multiplier: 0.0
I20260720 11:41:30 1831735 dinov2 param_groups.py:87] blocks.0.0.attn.qkv.weight: lr_multiplier: 0.2824295364810001, wd_multiplier: 1.0
I20260720 11:41:30 1831735 dinov2 param_groups.py:87] blocks.0.0.attn.qkv.bias: lr_multiplier: 0.2824295364810001, wd_multiplier: 0.0
I20260720 11:41:30 1831735 dinov2 param_groups.py:87] blocks.0.0.attn.proj.weight: lr_multiplier: 0.2824295364810001, wd_multiplier: 1.0
I20260720 11:41:30 1831735 dinov2 param_groups.py:87] blocks.0.0.attn.proj.bias: lr_multiplier: 0.2824295364810001, wd_multiplier: 0.0
I20260720 11:41:30 1831735 dinov2 param_groups.py:87] blocks.0.0.ls1.gamma: lr_multiplier: 0.2824295364810001, wd_multiplier: 0.0
I20260720 11:41:30 1831735 dinov2 param_groups.py:87] blocks.0.0.norm2.weight: lr_multiplier: 0.2824295364810001, wd_multiplier: 0.0
I20260720 11:41:30 1831735 dinov2 param_groups.py:87] blocks.0.0.norm2.bias: lr_multiplier: 0.2824295364810001, wd_multiplier: 0.0
I20260720 11:41:30 1831735 dinov2 param_groups.py:87] blocks.0.0.mlp.fc1.weight: lr_multiplier: 0.2824295364810001, wd_multiplier: 1.0
I20260720 11:41:30 1831735 dinov2 param_groups.py:87] blocks.0.0.mlp.fc1.bias: lr_multiplier: 0.2824295364810001, wd_multiplier: 0.0
I20260720 11:41:30 1831735 dinov2 param_groups.py:87] blocks.0.0.mlp.fc2.weight: lr_multiplier: 0.2824295364810001, wd_multiplier: 1.0
I20260720 11:41:30 1831735 dinov2 param_groups.py:87] blocks.0.0.mlp.fc2.bias: lr_multiplier: 0.2824295364810001, wd_multiplier: 0.0
I20260720 11:41:30 1831735 dinov2 param_groups.py:87] blocks.0.0.ls2.gamma: lr_multiplier: 0.2824295364810001, wd_multiplier: 0.0
I20260720 11:41:30 1831735 dinov2 param_groups.py:87] blocks.0.1.norm1.weight: lr_multiplier: 0.31381059609000006, wd_multiplier: 0.0
I20260720 11:41:30 1831735 dinov2 param_groups.py:87] blocks.0.1.norm1.bias: lr_multiplier: 0.31381059609000006, wd_multiplier: 0.0
I20260720 11:41:30 1831735 dinov2 param_groups.py:87] blocks.0.1.attn.qkv.weight: lr_multiplier: 0.31381059609000006, wd_multiplier: 1.0
I20260720 11:41:30 1831735 dinov2 param_groups.py:87] blocks.0.1.attn.qkv.bias: lr_multiplier: 0.31381059609000006, wd_multiplier: 0.0
I20260720 11:41:30 1831735 dinov2 param_groups.py:87] blocks.0.1.attn.proj.weight: lr_multiplier: 0.31381059609000006, wd_multiplier: 1.0
I20260720 11:41:30 1831735 dinov2 param_groups.py:87] blocks.0.1.attn.proj.bias: lr_multiplier: 0.31381059609000006, wd_multiplier: 0.0
I20260720 11:41:30 1831735 dinov2 param_groups.py:87] blocks.0.1.ls1.gamma: lr_multiplier: 0.31381059609000006, wd_multiplier: 0.0
I20260720 11:41:30 1831735 dinov2 param_groups.py:87] blocks.0.1.norm2.weight: lr_multiplier: 0.31381059609000006, wd_multiplier: 0.0
I20260720 11:41:30 1831735 dinov2 param_groups.py:87] blocks.0.1.norm2.bias: lr_multiplier: 0.31381059609000006, wd_multiplier: 0.0
I20260720 11:41:30 1831735 dinov2 param_groups.py:87] blocks.0.1.mlp.fc1.weight: lr_multiplier: 0.31381059609000006, wd_multiplier: 1.0
I20260720 11:41:30 1831735 dinov2 param_groups.py:87] blocks.0.1.mlp.fc1.bias: lr_multiplier: 0.31381059609000006, wd_multiplier: 0.0
I20260720 11:41:30 1831735 dinov2 param_groups.py:87] blocks.0.1.mlp.fc2.weight: lr_multiplier: 0.31381059609000006, wd_multiplier: 1.0
I20260720 11:41:30 1831735 dinov2 param_groups.py:87] blocks.0.1.mlp.fc2.bias: lr_multiplier: 0.31381059609000006, wd_multiplier: 0.0
I20260720 11:41:30 1831735 dinov2 param_groups.py:87] blocks.0.1.ls2.gamma: lr_multiplier: 0.31381059609000006, wd_multiplier: 0.0
I20260720 11:41:30 1831735 dinov2 param_groups.py:87] blocks.0.2.norm1.weight: lr_multiplier: 0.3486784401000001, wd_multiplier: 0.0
I20260720 11:41:30 1831735 dinov2 param_groups.py:87] blocks.0.2.norm1.bias: lr_multiplier: 0.3486784401000001, wd_multiplier: 0.0
I20260720 11:41:30 1831735 dinov2 param_groups.py:87] blocks.0.2.attn.qkv.weight: lr_multiplier: 0.3486784401000001, wd_multiplier: 1.0
I20260720 11:41:30 1831735 dinov2 param_groups.py:87] blocks.0.2.attn.qkv.bias: lr_multiplier: 0.3486784401000001, wd_multiplier: 0.0
I20260720 11:41:30 1831735 dinov2 param_groups.py:87] blocks.0.2.attn.proj.weight: lr_multiplier: 0.3486784401000001, wd_multiplier: 1.0
I20260720 11:41:30 1831735 dinov2 param_groups.py:87] blocks.0.2.attn.proj.bias: lr_multiplier: 0.3486784401000001, wd_multiplier: 0.0
I20260720 11:41:30 1831735 dinov2 param_groups.py:87] blocks.0.2.ls1.gamma: lr_multiplier: 0.3486784401000001, wd_multiplier: 0.0
I20260720 11:41:30 1831735 dinov2 param_groups.py:87] blocks.0.2.norm2.weight: lr_multiplier: 0.3486784401000001, wd_multiplier: 0.0
I20260720 11:41:30 1831735 dinov2 param_groups.py:87] blocks.0.2.norm2.bias: lr_multiplier: 0.3486784401000001, wd_multiplier: 0.0
I20260720 11:41:30 1831735 dinov2 param_groups.py:87] blocks.0.2.mlp.fc1.weight: lr_multiplier: 0.3486784401000001, wd_multiplier: 1.0
I20260720 11:41:30 1831735 dinov2 param_groups.py:87] blocks.0.2.mlp.fc1.bias: lr_multiplier: 0.3486784401000001, wd_multiplier: 0.0
I20260720 11:41:30 1831735 dinov2 param_groups.py:87] blocks.0.2.mlp.fc2.weight: lr_multiplier: 0.3486784401000001, wd_multiplier: 1.0
I20260720 11:41:30 1831735 dinov2 param_groups.py:87] blocks.0.2.mlp.fc2.bias: lr_multiplier: 0.3486784401000001, wd_multiplier: 0.0
I20260720 11:41:30 1831735 dinov2 param_groups.py:87] blocks.0.2.ls2.gamma: lr_multiplier: 0.3486784401000001, wd_multiplier: 0.0
I20260720 11:41:30 1831735 dinov2 param_groups.py:87] blocks.1.3.norm1.weight: lr_multiplier: 0.3874204890000001, wd_multiplier: 0.0
I20260720 11:41:30 1831735 dinov2 param_groups.py:87] blocks.1.3.norm1.bias: lr_multiplier: 0.3874204890000001, wd_multiplier: 0.0
I20260720 11:41:30 1831735 dinov2 param_groups.py:87] blocks.1.3.attn.qkv.weight: lr_multiplier: 0.3874204890000001, wd_multiplier: 1.0
I20260720 11:41:30 1831735 dinov2 param_groups.py:87] blocks.1.3.attn.qkv.bias: lr_multiplier: 0.3874204890000001, wd_multiplier: 0.0
I20260720 11:41:30 1831735 dinov2 param_groups.py:87] blocks.1.3.attn.proj.weight: lr_multiplier: 0.3874204890000001, wd_multiplier: 1.0
I20260720 11:41:30 1831735 dinov2 param_groups.py:87] blocks.1.3.attn.proj.bias: lr_multiplier: 0.3874204890000001, wd_multiplier: 0.0
I20260720 11:41:30 1831735 dinov2 param_groups.py:87] blocks.1.3.ls1.gamma: lr_multiplier: 0.3874204890000001, wd_multiplier: 0.0
I20260720 11:41:30 1831735 dinov2 param_groups.py:87] blocks.1.3.norm2.weight: lr_multiplier: 0.3874204890000001, wd_multiplier: 0.0
I20260720 11:41:30 1831735 dinov2 param_groups.py:87] blocks.1.3.norm2.bias: lr_multiplier: 0.3874204890000001, wd_multiplier: 0.0
I20260720 11:41:30 1831735 dinov2 param_groups.py:87] blocks.1.3.mlp.fc1.weight: lr_multiplier: 0.3874204890000001, wd_multiplier: 1.0
I20260720 11:41:30 1831735 dinov2 param_groups.py:87] blocks.1.3.mlp.fc1.bias: lr_multiplier: 0.3874204890000001, wd_multiplier: 0.0
I20260720 11:41:30 1831735 dinov2 param_groups.py:87] blocks.1.3.mlp.fc2.weight: lr_multiplier: 0.3874204890000001, wd_multiplier: 1.0
I20260720 11:41:30 1831735 dinov2 param_groups.py:87] blocks.1.3.mlp.fc2.bias: lr_multiplier: 0.3874204890000001, wd_multiplier: 0.0
I20260720 11:41:30 1831735 dinov2 param_groups.py:87] blocks.1.3.ls2.gamma: lr_multiplier: 0.3874204890000001, wd_multiplier: 0.0
I20260720 11:41:30 1831735 dinov2 param_groups.py:87] blocks.1.4.norm1.weight: lr_multiplier: 0.4304672100000001, wd_multiplier: 0.0
I20260720 11:41:30 1831735 dinov2 param_groups.py:87] blocks.1.4.norm1.bias: lr_multiplier: 0.4304672100000001, wd_multiplier: 0.0
I20260720 11:41:30 1831735 dinov2 param_groups.py:87] blocks.1.4.attn.qkv.weight: lr_multiplier: 0.4304672100000001, wd_multiplier: 1.0
I20260720 11:41:30 1831735 dinov2 param_groups.py:87] blocks.1.4.attn.qkv.bias: lr_multiplier: 0.4304672100000001, wd_multiplier: 0.0
I20260720 11:41:30 1831735 dinov2 param_groups.py:87] blocks.1.4.attn.proj.weight: lr_multiplier: 0.4304672100000001, wd_multiplier: 1.0
I20260720 11:41:30 1831735 dinov2 param_groups.py:87] blocks.1.4.attn.proj.bias: lr_multiplier: 0.4304672100000001, wd_multiplier: 0.0
I20260720 11:41:30 1831735 dinov2 param_groups.py:87] blocks.1.4.ls1.gamma: lr_multiplier: 0.4304672100000001, wd_multiplier: 0.0
I20260720 11:41:30 1831735 dinov2 param_groups.py:87] blocks.1.4.norm2.weight: lr_multiplier: 0.4304672100000001, wd_multiplier: 0.0
I20260720 11:41:30 1831735 dinov2 param_groups.py:87] blocks.1.4.norm2.bias: lr_multiplier: 0.4304672100000001, wd_multiplier: 0.0
I20260720 11:41:30 1831735 dinov2 param_groups.py:87] blocks.1.4.mlp.fc1.weight: lr_multiplier: 0.4304672100000001, wd_multiplier: 1.0
I20260720 11:41:30 1831735 dinov2 param_groups.py:87] blocks.1.4.mlp.fc1.bias: lr_multiplier: 0.4304672100000001, wd_multiplier: 0.0
I20260720 11:41:30 1831735 dinov2 param_groups.py:87] blocks.1.4.mlp.fc2.weight: lr_multiplier: 0.4304672100000001, wd_multiplier: 1.0
I20260720 11:41:30 1831735 dinov2 param_groups.py:87] blocks.1.4.mlp.fc2.bias: lr_multiplier: 0.4304672100000001, wd_multiplier: 0.0
I20260720 11:41:30 1831735 dinov2 param_groups.py:87] blocks.1.4.ls2.gamma: lr_multiplier: 0.4304672100000001, wd_multiplier: 0.0
I20260720 11:41:30 1831735 dinov2 param_groups.py:87] blocks.1.5.norm1.weight: lr_multiplier: 0.4782969000000001, wd_multiplier: 0.0
I20260720 11:41:30 1831735 dinov2 param_groups.py:87] blocks.1.5.norm1.bias: lr_multiplier: 0.4782969000000001, wd_multiplier: 0.0
I20260720 11:41:30 1831735 dinov2 param_groups.py:87] blocks.1.5.attn.qkv.weight: lr_multiplier: 0.4782969000000001, wd_multiplier: 1.0
I20260720 11:41:30 1831735 dinov2 param_groups.py:87] blocks.1.5.attn.qkv.bias: lr_multiplier: 0.4782969000000001, wd_multiplier: 0.0
I20260720 11:41:30 1831735 dinov2 param_groups.py:87] blocks.1.5.attn.proj.weight: lr_multiplier: 0.4782969000000001, wd_multiplier: 1.0
I20260720 11:41:30 1831735 dinov2 param_groups.py:87] blocks.1.5.attn.proj.bias: lr_multiplier: 0.4782969000000001, wd_multiplier: 0.0
I20260720 11:41:30 1831735 dinov2 param_groups.py:87] blocks.1.5.ls1.gamma: lr_multiplier: 0.4782969000000001, wd_multiplier: 0.0
I20260720 11:41:30 1831735 dinov2 param_groups.py:87] blocks.1.5.norm2.weight: lr_multiplier: 0.4782969000000001, wd_multiplier: 0.0
I20260720 11:41:30 1831735 dinov2 param_groups.py:87] blocks.1.5.norm2.bias: lr_multiplier: 0.4782969000000001, wd_multiplier: 0.0
I20260720 11:41:30 1831735 dinov2 param_groups.py:87] blocks.1.5.mlp.fc1.weight: lr_multiplier: 0.4782969000000001, wd_multiplier: 1.0
I20260720 11:41:30 1831735 dinov2 param_groups.py:87] blocks.1.5.mlp.fc1.bias: lr_multiplier: 0.4782969000000001, wd_multiplier: 0.0
I20260720 11:41:30 1831735 dinov2 param_groups.py:87] blocks.1.5.mlp.fc2.weight: lr_multiplier: 0.4782969000000001, wd_multiplier: 1.0
I20260720 11:41:30 1831735 dinov2 param_groups.py:87] blocks.1.5.mlp.fc2.bias: lr_multiplier: 0.4782969000000001, wd_multiplier: 0.0
I20260720 11:41:30 1831735 dinov2 param_groups.py:87] blocks.1.5.ls2.gamma: lr_multiplier: 0.4782969000000001, wd_multiplier: 0.0
I20260720 11:41:30 1831735 dinov2 param_groups.py:87] blocks.2.6.norm1.weight: lr_multiplier: 0.531441, wd_multiplier: 0.0
I20260720 11:41:30 1831735 dinov2 param_groups.py:87] blocks.2.6.norm1.bias: lr_multiplier: 0.531441, wd_multiplier: 0.0
I20260720 11:41:30 1831735 dinov2 param_groups.py:87] blocks.2.6.attn.qkv.weight: lr_multiplier: 0.531441, wd_multiplier: 1.0
I20260720 11:41:30 1831735 dinov2 param_groups.py:87] blocks.2.6.attn.qkv.bias: lr_multiplier: 0.531441, wd_multiplier: 0.0
I20260720 11:41:30 1831735 dinov2 param_groups.py:87] blocks.2.6.attn.proj.weight: lr_multiplier: 0.531441, wd_multiplier: 1.0
I20260720 11:41:30 1831735 dinov2 param_groups.py:87] blocks.2.6.attn.proj.bias: lr_multiplier: 0.531441, wd_multiplier: 0.0
I20260720 11:41:30 1831735 dinov2 param_groups.py:87] blocks.2.6.ls1.gamma: lr_multiplier: 0.531441, wd_multiplier: 0.0
I20260720 11:41:30 1831735 dinov2 param_groups.py:87] blocks.2.6.norm2.weight: lr_multiplier: 0.531441, wd_multiplier: 0.0
I20260720 11:41:30 1831735 dinov2 param_groups.py:87] blocks.2.6.norm2.bias: lr_multiplier: 0.531441, wd_multiplier: 0.0
I20260720 11:41:30 1831735 dinov2 param_groups.py:87] blocks.2.6.mlp.fc1.weight: lr_multiplier: 0.531441, wd_multiplier: 1.0
I20260720 11:41:30 1831735 dinov2 param_groups.py:87] blocks.2.6.mlp.fc1.bias: lr_multiplier: 0.531441, wd_multiplier: 0.0
I20260720 11:41:30 1831735 dinov2 param_groups.py:87] blocks.2.6.mlp.fc2.weight: lr_multiplier: 0.531441, wd_multiplier: 1.0
I20260720 11:41:30 1831735 dinov2 param_groups.py:87] blocks.2.6.mlp.fc2.bias: lr_multiplier: 0.531441, wd_multiplier: 0.0
I20260720 11:41:30 1831735 dinov2 param_groups.py:87] blocks.2.6.ls2.gamma: lr_multiplier: 0.531441, wd_multiplier: 0.0
I20260720 11:41:30 1831735 dinov2 param_groups.py:87] blocks.2.7.norm1.weight: lr_multiplier: 0.5904900000000001, wd_multiplier: 0.0
I20260720 11:41:30 1831735 dinov2 param_groups.py:87] blocks.2.7.norm1.bias: lr_multiplier: 0.5904900000000001, wd_multiplier: 0.0
I20260720 11:41:30 1831735 dinov2 param_groups.py:87] blocks.2.7.attn.qkv.weight: lr_multiplier: 0.5904900000000001, wd_multiplier: 1.0
I20260720 11:41:30 1831735 dinov2 param_groups.py:87] blocks.2.7.attn.qkv.bias: lr_multiplier: 0.5904900000000001, wd_multiplier: 0.0
I20260720 11:41:30 1831735 dinov2 param_groups.py:87] blocks.2.7.attn.proj.weight: lr_multiplier: 0.5904900000000001, wd_multiplier: 1.0
I20260720 11:41:30 1831735 dinov2 param_groups.py:87] blocks.2.7.attn.proj.bias: lr_multiplier: 0.5904900000000001, wd_multiplier: 0.0
I20260720 11:41:30 1831735 dinov2 param_groups.py:87] blocks.2.7.ls1.gamma: lr_multiplier: 0.5904900000000001, wd_multiplier: 0.0
I20260720 11:41:30 1831735 dinov2 param_groups.py:87] blocks.2.7.norm2.weight: lr_multiplier: 0.5904900000000001, wd_multiplier: 0.0
I20260720 11:41:30 1831735 dinov2 param_groups.py:87] blocks.2.7.norm2.bias: lr_multiplier: 0.5904900000000001, wd_multiplier: 0.0
I20260720 11:41:30 1831735 dinov2 param_groups.py:87] blocks.2.7.mlp.fc1.weight: lr_multiplier: 0.5904900000000001, wd_multiplier: 1.0
I20260720 11:41:30 1831735 dinov2 param_groups.py:87] blocks.2.7.mlp.fc1.bias: lr_multiplier: 0.5904900000000001, wd_multiplier: 0.0
I20260720 11:41:30 1831735 dinov2 param_groups.py:87] blocks.2.7.mlp.fc2.weight: lr_multiplier: 0.5904900000000001, wd_multiplier: 1.0
I20260720 11:41:30 1831735 dinov2 param_groups.py:87] blocks.2.7.mlp.fc2.bias: lr_multiplier: 0.5904900000000001, wd_multiplier: 0.0
I20260720 11:41:30 1831735 dinov2 param_groups.py:87] blocks.2.7.ls2.gamma: lr_multiplier: 0.5904900000000001, wd_multiplier: 0.0
I20260720 11:41:30 1831735 dinov2 param_groups.py:87] blocks.2.8.norm1.weight: lr_multiplier: 0.6561, wd_multiplier: 0.0
I20260720 11:41:30 1831735 dinov2 param_groups.py:87] blocks.2.8.norm1.bias: lr_multiplier: 0.6561, wd_multiplier: 0.0
I20260720 11:41:30 1831735 dinov2 param_groups.py:87] blocks.2.8.attn.qkv.weight: lr_multiplier: 0.6561, wd_multiplier: 1.0
I20260720 11:41:30 1831735 dinov2 param_groups.py:87] blocks.2.8.attn.qkv.bias: lr_multiplier: 0.6561, wd_multiplier: 0.0
I20260720 11:41:30 1831735 dinov2 param_groups.py:87] blocks.2.8.attn.proj.weight: lr_multiplier: 0.6561, wd_multiplier: 1.0
I20260720 11:41:30 1831735 dinov2 param_groups.py:87] blocks.2.8.attn.proj.bias: lr_multiplier: 0.6561, wd_multiplier: 0.0
I20260720 11:41:30 1831735 dinov2 param_groups.py:87] blocks.2.8.ls1.gamma: lr_multiplier: 0.6561, wd_multiplier: 0.0
I20260720 11:41:30 1831735 dinov2 param_groups.py:87] blocks.2.8.norm2.weight: lr_multiplier: 0.6561, wd_multiplier: 0.0
I20260720 11:41:30 1831735 dinov2 param_groups.py:87] blocks.2.8.norm2.bias: lr_multiplier: 0.6561, wd_multiplier: 0.0
I20260720 11:41:30 1831735 dinov2 param_groups.py:87] blocks.2.8.mlp.fc1.weight: lr_multiplier: 0.6561, wd_multiplier: 1.0
I20260720 11:41:30 1831735 dinov2 param_groups.py:87] blocks.2.8.mlp.fc1.bias: lr_multiplier: 0.6561, wd_multiplier: 0.0
I20260720 11:41:30 1831735 dinov2 param_groups.py:87] blocks.2.8.mlp.fc2.weight: lr_multiplier: 0.6561, wd_multiplier: 1.0
I20260720 11:41:30 1831735 dinov2 param_groups.py:87] blocks.2.8.mlp.fc2.bias: lr_multiplier: 0.6561, wd_multiplier: 0.0
I20260720 11:41:30 1831735 dinov2 param_groups.py:87] blocks.2.8.ls2.gamma: lr_multiplier: 0.6561, wd_multiplier: 0.0
I20260720 11:41:30 1831735 dinov2 param_groups.py:87] blocks.3.9.norm1.weight: lr_multiplier: 0.7290000000000001, wd_multiplier: 0.0
I20260720 11:41:30 1831735 dinov2 param_groups.py:87] blocks.3.9.norm1.bias: lr_multiplier: 0.7290000000000001, wd_multiplier: 0.0
I20260720 11:41:30 1831735 dinov2 param_groups.py:87] blocks.3.9.attn.qkv.weight: lr_multiplier: 0.7290000000000001, wd_multiplier: 1.0
I20260720 11:41:30 1831735 dinov2 param_groups.py:87] blocks.3.9.attn.qkv.bias: lr_multiplier: 0.7290000000000001, wd_multiplier: 0.0
I20260720 11:41:30 1831735 dinov2 param_groups.py:87] blocks.3.9.attn.proj.weight: lr_multiplier: 0.7290000000000001, wd_multiplier: 1.0
I20260720 11:41:30 1831735 dinov2 param_groups.py:87] blocks.3.9.attn.proj.bias: lr_multiplier: 0.7290000000000001, wd_multiplier: 0.0
I20260720 11:41:30 1831735 dinov2 param_groups.py:87] blocks.3.9.ls1.gamma: lr_multiplier: 0.7290000000000001, wd_multiplier: 0.0
I20260720 11:41:30 1831735 dinov2 param_groups.py:87] blocks.3.9.norm2.weight: lr_multiplier: 0.7290000000000001, wd_multiplier: 0.0
I20260720 11:41:30 1831735 dinov2 param_groups.py:87] blocks.3.9.norm2.bias: lr_multiplier: 0.7290000000000001, wd_multiplier: 0.0
I20260720 11:41:30 1831735 dinov2 param_groups.py:87] blocks.3.9.mlp.fc1.weight: lr_multiplier: 0.7290000000000001, wd_multiplier: 1.0
I20260720 11:41:30 1831735 dinov2 param_groups.py:87] blocks.3.9.mlp.fc1.bias: lr_multiplier: 0.7290000000000001, wd_multiplier: 0.0
I20260720 11:41:30 1831735 dinov2 param_groups.py:87] blocks.3.9.mlp.fc2.weight: lr_multiplier: 0.7290000000000001, wd_multiplier: 1.0
I20260720 11:41:30 1831735 dinov2 param_groups.py:87] blocks.3.9.mlp.fc2.bias: lr_multiplier: 0.7290000000000001, wd_multiplier: 0.0
I20260720 11:41:30 1831735 dinov2 param_groups.py:87] blocks.3.9.ls2.gamma: lr_multiplier: 0.7290000000000001, wd_multiplier: 0.0
I20260720 11:41:30 1831735 dinov2 param_groups.py:87] blocks.3.10.norm1.weight: lr_multiplier: 0.81, wd_multiplier: 0.0
I20260720 11:41:30 1831735 dinov2 param_groups.py:87] blocks.3.10.norm1.bias: lr_multiplier: 0.81, wd_multiplier: 0.0
I20260720 11:41:30 1831735 dinov2 param_groups.py:87] blocks.3.10.attn.qkv.weight: lr_multiplier: 0.81, wd_multiplier: 1.0
I20260720 11:41:30 1831735 dinov2 param_groups.py:87] blocks.3.10.attn.qkv.bias: lr_multiplier: 0.81, wd_multiplier: 0.0
I20260720 11:41:30 1831735 dinov2 param_groups.py:87] blocks.3.10.attn.proj.weight: lr_multiplier: 0.81, wd_multiplier: 1.0
I20260720 11:41:30 1831735 dinov2 param_groups.py:87] blocks.3.10.attn.proj.bias: lr_multiplier: 0.81, wd_multiplier: 0.0
I20260720 11:41:30 1831735 dinov2 param_groups.py:87] blocks.3.10.ls1.gamma: lr_multiplier: 0.81, wd_multiplier: 0.0
I20260720 11:41:30 1831735 dinov2 param_groups.py:87] blocks.3.10.norm2.weight: lr_multiplier: 0.81, wd_multiplier: 0.0
I20260720 11:41:30 1831735 dinov2 param_groups.py:87] blocks.3.10.norm2.bias: lr_multiplier: 0.81, wd_multiplier: 0.0
I20260720 11:41:30 1831735 dinov2 param_groups.py:87] blocks.3.10.mlp.fc1.weight: lr_multiplier: 0.81, wd_multiplier: 1.0
I20260720 11:41:30 1831735 dinov2 param_groups.py:87] blocks.3.10.mlp.fc1.bias: lr_multiplier: 0.81, wd_multiplier: 0.0
I20260720 11:41:30 1831735 dinov2 param_groups.py:87] blocks.3.10.mlp.fc2.weight: lr_multiplier: 0.81, wd_multiplier: 1.0
I20260720 11:41:30 1831735 dinov2 param_groups.py:87] blocks.3.10.mlp.fc2.bias: lr_multiplier: 0.81, wd_multiplier: 0.0
I20260720 11:41:30 1831735 dinov2 param_groups.py:87] blocks.3.10.ls2.gamma: lr_multiplier: 0.81, wd_multiplier: 0.0
I20260720 11:41:30 1831735 dinov2 param_groups.py:87] blocks.3.11.norm1.weight: lr_multiplier: 0.9, wd_multiplier: 0.0
I20260720 11:41:30 1831735 dinov2 param_groups.py:87] blocks.3.11.norm1.bias: lr_multiplier: 0.9, wd_multiplier: 0.0
I20260720 11:41:30 1831735 dinov2 param_groups.py:87] blocks.3.11.attn.qkv.weight: lr_multiplier: 0.9, wd_multiplier: 1.0
I20260720 11:41:30 1831735 dinov2 param_groups.py:87] blocks.3.11.attn.qkv.bias: lr_multiplier: 0.9, wd_multiplier: 0.0
I20260720 11:41:30 1831735 dinov2 param_groups.py:87] blocks.3.11.attn.proj.weight: lr_multiplier: 0.9, wd_multiplier: 1.0
I20260720 11:41:30 1831735 dinov2 param_groups.py:87] blocks.3.11.attn.proj.bias: lr_multiplier: 0.9, wd_multiplier: 0.0
I20260720 11:41:30 1831735 dinov2 param_groups.py:87] blocks.3.11.ls1.gamma: lr_multiplier: 0.9, wd_multiplier: 0.0
I20260720 11:41:30 1831735 dinov2 param_groups.py:87] blocks.3.11.norm2.weight: lr_multiplier: 0.9, wd_multiplier: 0.0
I20260720 11:41:30 1831735 dinov2 param_groups.py:87] blocks.3.11.norm2.bias: lr_multiplier: 0.9, wd_multiplier: 0.0
I20260720 11:41:30 1831735 dinov2 param_groups.py:87] blocks.3.11.mlp.fc1.weight: lr_multiplier: 0.9, wd_multiplier: 1.0
I20260720 11:41:30 1831735 dinov2 param_groups.py:87] blocks.3.11.mlp.fc1.bias: lr_multiplier: 0.9, wd_multiplier: 0.0
I20260720 11:41:30 1831735 dinov2 param_groups.py:87] blocks.3.11.mlp.fc2.weight: lr_multiplier: 0.9, wd_multiplier: 1.0
I20260720 11:41:30 1831735 dinov2 param_groups.py:87] blocks.3.11.mlp.fc2.bias: lr_multiplier: 0.9, wd_multiplier: 0.0
I20260720 11:41:30 1831735 dinov2 param_groups.py:87] blocks.3.11.ls2.gamma: lr_multiplier: 0.9, wd_multiplier: 0.0
I20260720 11:41:30 1831735 dinov2 param_groups.py:87] norm.weight: lr_multiplier: 1.0, wd_multiplier: 0.0
I20260720 11:41:30 1831735 dinov2 param_groups.py:87] norm.bias: lr_multiplier: 1.0, wd_multiplier: 0.0
I20260720 11:41:30 1831735 dinov2 ssl_meta_arch.py:384] fusing param groups
I20260720 11:41:30 1831735 dinov2 param_groups.py:64] else code branch
I20260720 11:41:30 1831735 dinov2 param_groups.py:87] mlp.0.weight: lr_multiplier: 1.0, wd_multiplier: 1.0
I20260720 11:41:30 1831735 dinov2 param_groups.py:87] mlp.0.bias: lr_multiplier: 1.0, wd_multiplier: 0.0
I20260720 11:41:30 1831735 dinov2 param_groups.py:87] mlp.2.weight: lr_multiplier: 1.0, wd_multiplier: 1.0
I20260720 11:41:30 1831735 dinov2 param_groups.py:87] mlp.2.bias: lr_multiplier: 1.0, wd_multiplier: 0.0
I20260720 11:41:30 1831735 dinov2 param_groups.py:87] mlp.4.weight: lr_multiplier: 1.0, wd_multiplier: 1.0
I20260720 11:41:30 1831735 dinov2 param_groups.py:87] mlp.4.bias: lr_multiplier: 1.0, wd_multiplier: 0.0
I20260720 11:41:30 1831735 dinov2 param_groups.py:87] last_layer.weight_g: lr_multiplier: 1.0, wd_multiplier: 1.0
I20260720 11:41:30 1831735 dinov2 param_groups.py:87] last_layer.weight_v: lr_multiplier: 1.0, wd_multiplier: 1.0
I20260720 11:41:30 1831735 dinov2 ssl_meta_arch.py:384] fusing param groups
I20260720 11:41:30 1831735 dinov2 train.py:114] Schedulers ready.
W20260720 11:41:30 1831735 py.warnings warnings.py:109] /sci/labs/arieljaffe/dan.abergel1/torch_env/lib/python3.11/site-packages/torch/distributed/fsdp/fully_sharded_data_parallel.py:822: FutureWarning: FSDP.state_dict_type() and FSDP.set_state_dict_type() are being deprecated. Please use APIs, get_state_dict() and set_state_dict(), which can support different parallelisms, FSDP1, FSDP2, DDP. API doc: https://pytorch.org/docs/stable/distributed.checkpoint.html#torch.distributed.checkpoint.state_dict.get_state_dict .Tutorial: https://pytorch.org/tutorials/recipes/distributed_checkpoint_recipe.html .
  prev_state_dict_settings = FullyShardedDataParallel.set_state_dict_type(

I20260720 11:41:30 1831735 fvcore.common.checkpoint checkpoint.py:148] No checkpoint found. Initializing model from scratch
W20260720 11:41:30 1831735 py.warnings warnings.py:109] /sci/labs/arieljaffe/dan.abergel1/torch_env/lib/python3.11/site-packages/torch/distributed/fsdp/fully_sharded_data_parallel.py:829: FutureWarning: FSDP.state_dict_type() and FSDP.set_state_dict_type() are being deprecated. Please use APIs, get_state_dict() and set_state_dict(), which can support different parallelisms, FSDP1, FSDP2, DDP. API doc: https://pytorch.org/docs/stable/distributed.checkpoint.html#torch.distributed.checkpoint.state_dict.get_state_dict .Tutorial: https://pytorch.org/tutorials/recipes/distributed_checkpoint_recipe.html .
  FullyShardedDataParallel.set_state_dict_type(

I20260720 11:41:30 1831735 dinov2 augmentations.py:35] ###################################
I20260720 11:41:30 1831735 dinov2 augmentations.py:36] Using data augmentation parameters:
I20260720 11:41:30 1831735 dinov2 augmentations.py:37] global_crops_scale: [0.32, 1.0]
I20260720 11:41:30 1831735 dinov2 augmentations.py:38] local_crops_scale: [0.32, 1.0]
I20260720 11:41:30 1831735 dinov2 augmentations.py:39] local_crops_number: 8
I20260720 11:41:30 1831735 dinov2 augmentations.py:40] global_crops_size: 224
I20260720 11:41:30 1831735 dinov2 augmentations.py:41] local_crops_size: 224
I20260720 11:41:30 1831735 dinov2 augmentations.py:42] ###################################
I20260720 11:41:30 1831735 dinov2 loaders.py:96] using dataset: "ImageFolder:root=/sci/labs/arieljaffe/dan.abergel1/brain2d_frames"
I20260720 11:41:34 1831735 dinov2 image_folder.py:51] ImageFolder: 8,672 images at /sci/labs/arieljaffe/dan.abergel1/brain2d_frames
I20260720 11:41:34 1831735 dinov2 loaders.py:101] # of dataset samples: 8,672
I20260720 11:41:34 1831735 dinov2 loaders.py:134] sampler: sharded infinite
I20260720 11:41:34 1831735 dinov2 loaders.py:218] using PyTorch data loader
I20260720 11:41:34 1831735 dinov2 loaders.py:233] infinite data loader
I20260720 11:41:34 1831735 dinov2 train.py:238] Starting training from iteration 0
I20260720 11:42:02 1831735 dinov2 helpers.py:102] Training  [   0/7500]  eta: 2 days, 12:02:56  lr: 0.0000 (0.0000)  wd: 0.0400 (0.0400)  mom: 0.9920 (0.9920)  last_layer_lr: 0.0000 (0.0000)  current_batch_size: 64.0000 (64.0000)  total_loss: 9.6359 (9.6359)  dino_local_crops_loss: 6.6994 (6.6994)  dino_global_crops_loss: 0.8374 (0.8374)  ibot_loss: 2.0991 (2.0991)  time: 28.823544  data: 6.908608  max mem: 19256
I20260720 11:42:06 1831735 dinov2 helpers.py:102] Training  [  10/7500]  eta: 6:04:37  lr: 0.0000 (0.0000)  wd: 0.0400 (0.0400)  mom: 0.9920 (0.9920)  last_layer_lr: 0.0000 (0.0000)  current_batch_size: 64.0000 (64.0000)  total_loss: 10.0310 (10.0023)  dino_local_crops_loss: 7.0418 (7.0191)  dino_global_crops_loss: 0.8802 (0.8774)  ibot_loss: 2.1068 (2.1059)  time: 2.920960  data: 0.628160  max mem: 19472
I20260720 11:42:09 1831735 dinov2 helpers.py:102] Training  [  20/7500]  eta: 3:31:07  lr: 0.0000 (0.0000)  wd: 0.0400 (0.0400)  mom: 0.9920 (0.9920)  last_layer_lr: 0.0000 (0.0000)  current_batch_size: 64.0000 (64.0000)  total_loss: 10.2825 (10.2028)  dino_local_crops_loss: 7.2666 (7.1969)  dino_global_crops_loss: 0.9083 (0.8996)  ibot_loss: 2.1068 (2.1063)  time: 0.336999  data: 0.000137  max mem: 19472
I20260720 11:42:12 1831735 dinov2 helpers.py:102] Training  [  30/7500]  eta: 2:36:19  lr: 0.0000 (0.0000)  wd: 0.0400 (0.0400)  mom: 0.9920 (0.9920)  last_layer_lr: 0.0000 (0.0000)  current_batch_size: 64.0000 (64.0000)  total_loss: 10.4936 (10.3043)  dino_local_crops_loss: 7.4580 (7.2893)  dino_global_crops_loss: 0.9322 (0.9112)  ibot_loss: 2.1033 (2.1038)  time: 0.339592  data: 0.000138  max mem: 19472
I20260720 11:42:17 1831735 dinov2 helpers.py:102] Training  [  40/7500]  eta: 2:12:03  lr: 0.0000 (0.0000)  wd: 0.0400 (0.0400)  mom: 0.9920 (0.9920)  last_layer_lr: 0.0000 (0.0000)  current_batch_size: 64.0000 (64.0000)  total_loss: 10.5099 (10.3508)  dino_local_crops_loss: 7.4811 (7.3349)  dino_global_crops_loss: 0.9351 (0.9169)  ibot_loss: 2.0921 (2.0991)  time: 0.399249  data: 0.062477  max mem: 19472
I20260720 11:42:22 1831735 dinov2 helpers.py:102] Training  [  50/7500]  eta: 1:58:02  lr: 0.0001 (0.0000)  wd: 0.0400 (0.0400)  mom: 0.9920 (0.9920)  last_layer_lr: 0.0000 (0.0000)  current_batch_size: 64.0000 (64.0000)  total_loss: 10.4649 (10.3668)  dino_local_crops_loss: 7.4582 (7.3561)  dino_global_crops_loss: 0.9323 (0.9195)  ibot_loss: 2.0744 (2.0912)  time: 0.478242  data: 0.143770  max mem: 19472
I20260720 11:42:26 1831735 dinov2 helpers.py:102] Training  [  60/7500]  eta: 1:47:26  lr: 0.0001 (0.0000)  wd: 0.0400 (0.0400)  mom: 0.9920 (0.9920)  last_layer_lr: 0.0000 (0.0000)  current_batch_size: 64.0000 (64.0000)  total_loss: 10.3884 (10.3665)  dino_local_crops_loss: 7.4263 (7.3662)  dino_global_crops_loss: 0.9284 (0.9208)  ibot_loss: 2.0381 (2.0794)  time: 0.465388  data: 0.132135  max mem: 19472
I20260720 11:42:31 1831735 dinov2 helpers.py:102] Training  [  70/7500]  eta: 1:40:14  lr: 0.0001 (0.0000)  wd: 0.0401 (0.0400)  mom: 0.9920 (0.9920)  last_layer_lr: 0.0000 (0.0000)  current_batch_size: 64.0000 (64.0000)  total_loss: 10.3321 (10.3578)  dino_local_crops_loss: 7.4058 (7.3694)  dino_global_crops_loss: 0.9264 (0.9213)  ibot_loss: 2.0010 (2.0671)  time: 0.449513  data: 0.115945  max mem: 19472
I20260720 11:42:36 1831735 dinov2 helpers.py:102] Training  [  80/7500]  eta: 1:34:37  lr: 0.0001 (0.0001)  wd: 0.0401 (0.0400)  mom: 0.9920 (0.9920)  last_layer_lr: 0.0000 (0.0000)  current_batch_size: 64.0000 (64.0000)  total_loss: 10.2794 (10.3471)  dino_local_crops_loss: 7.3725 (7.3688)  dino_global_crops_loss: 0.9218 (0.9212)  ibot_loss: 1.9876 (2.0570)  time: 0.455964  data: 0.122247  max mem: 19472
I20260720 11:42:41 1831735 dinov2 helpers.py:102] Training  [  90/7500]  eta: 1:31:21  lr: 0.0001 (0.0001)  wd: 0.0401 (0.0400)  mom: 0.9920 (0.9920)  last_layer_lr: 0.0000 (0.0000)  current_batch_size: 64.0000 (64.0000)  total_loss: 10.2583 (10.3362)  dino_local_crops_loss: 7.3574 (7.3674)  dino_global_crops_loss: 0.9199 (0.9211)  ibot_loss: 1.9771 (2.0478)  time: 0.492143  data: 0.156648  max mem: 19472
I20260720 11:42:45 1831735 dinov2 helpers.py:102] Training  [ 100/7500]  eta: 1:27:09  lr: 0.0001 (0.0001)  wd: 0.0401 (0.0401)  mom: 0.9920 (0.9920)  last_layer_lr: 0.0000 (0.0000)  current_batch_size: 64.0000 (64.0000)  total_loss: 10.2432 (10.3262)  dino_local_crops_loss: 7.3566 (7.3666)  dino_global_crops_loss: 0.9198 (0.9210)  ibot_loss: 1.9664 (2.0386)  time: 0.470222  data: 0.133542  max mem: 19472
I20260720 11:42:50 1831735 dinov2 helpers.py:102] Training  [ 110/7500]  eta: 1:24:23  lr: 0.0001 (0.0001)  wd: 0.0402 (0.0401)  mom: 0.9920 (0.9920)  last_layer_lr: 0.0000 (0.0000)  current_batch_size: 64.0000 (64.0000)  total_loss: 10.2228 (10.3141)  dino_local_crops_loss: 7.3636 (7.3669)  dino_global_crops_loss: 0.9206 (0.9210)  ibot_loss: 1.9342 (2.0262)  time: 0.436862  data: 0.100842  max mem: 19472
I20260720 11:42:54 1831735 dinov2 helpers.py:102] Training  [ 120/7500]  eta: 1:21:53  lr: 0.0001 (0.0001)  wd: 0.0402 (0.0401)  mom: 0.9920 (0.9920)  last_layer_lr: 0.0000 (0.0000)  current_batch_size: 64.0000 (64.0000)  total_loss: 10.1541 (10.2986)  dino_local_crops_loss: 7.3743 (7.3680)  dino_global_crops_loss: 0.9219 (0.9211)  ibot_loss: 1.8530 (2.0095)  time: 0.459268  data: 0.125816  max mem: 19472
I20260720 11:43:00 1831735 dinov2 helpers.py:102] Training  [ 130/7500]  eta: 1:20:55  lr: 0.0002 (0.0001)  wd: 0.0402 (0.0401)  mom: 0.9920 (0.9920)  last_layer_lr: 0.0000 (0.0000)  current_batch_size: 64.0000 (64.0000)  total_loss: 10.0912 (10.2802)  dino_local_crops_loss: 7.3824 (7.3693)  dino_global_crops_loss: 0.9228 (0.9213)  ibot_loss: 1.7877 (1.9896)  time: 0.512151  data: 0.176009  max mem: 19472
I20260720 11:43:04 1831735 dinov2 helpers.py:102] Training  [ 140/7500]  eta: 1:18:28  lr: 0.0002 (0.0001)  wd: 0.0403 (0.0401)  mom: 0.9920 (0.9920)  last_layer_lr: 0.0000 (0.0000)  current_batch_size: 64.0000 (64.0000)  total_loss: 10.0292 (10.2599)  dino_local_crops_loss: 7.3871 (7.3706)  dino_global_crops_loss: 0.9234 (0.9215)  ibot_loss: 1.7191 (1.9678)  time: 0.481518  data: 0.142283  max mem: 19472
I20260720 11:43:08 1831735 dinov2 helpers.py:102] Training  [ 150/7500]  eta: 1:16:18  lr: 0.0002 (0.0001)  wd: 0.0403 (0.0401)  mom: 0.9920 (0.9920)  last_layer_lr: 0.0000 (0.0000)  current_batch_size: 64.0000 (64.0000)  total_loss: 9.9479 (10.2366)  dino_local_crops_loss: 7.3892 (7.3720)  dino_global_crops_loss: 0.9237 (0.9216)  ibot_loss: 1.6353 (1.9429)  time: 0.388182  data: 0.043126  max mem: 19472
I20260720 11:43:11 1831735 dinov2 helpers.py:102] Training  [ 160/7500]  eta: 1:14:03  lr: 0.0002 (0.0001)  wd: 0.0404 (0.0401)  mom: 0.9920 (0.9920)  last_layer_lr: 0.0002 (0.0000)  current_batch_size: 64.0000 (64.0000)  total_loss: 9.8684 (10.2145)  dino_local_crops_loss: 7.3848 (7.3721)  dino_global_crops_loss: 0.9232 (0.9216)  ibot_loss: 1.5691 (1.9208)  time: 0.363762  data: 0.018011  max mem: 19472
I20260720 11:43:14 1831735 dinov2 helpers.py:102] Training  [ 170/7500]  eta: 1:12:04  lr: 0.0002 (0.0001)  wd: 0.0404 (0.0402)  mom: 0.9920 (0.9920)  last_layer_lr: 0.0002 (0.0000)  current_batch_size: 64.0000 (64.0000)  total_loss: 9.8456 (10.1899)  dino_local_crops_loss: 7.3730 (7.3722)  dino_global_crops_loss: 0.9217 (0.9216)  ibot_loss: 1.5534 (1.8960)  time: 0.341521  data: 0.004415  max mem: 19472
I20260720 11:43:18 1831735 dinov2 helpers.py:102] Training  [ 180/7500]  eta: 1:10:25  lr: 0.0002 (0.0001)  wd: 0.0405 (0.0402)  mom: 0.9920 (0.9920)  last_layer_lr: 0.0002 (0.0000)  current_batch_size: 64.0000 (64.0000)  total_loss: 9.7846 (10.1671)  dino_local_crops_loss: 7.3740 (7.3723)  dino_global_crops_loss: 0.9219 (0.9217)  ibot_loss: 1.4865 (1.8731)  time: 0.350059  data: 0.004394  max mem: 19472
I20260720 11:43:22 1831735 dinov2 helpers.py:102] Training  [ 190/7500]  eta: 1:08:52  lr: 0.0002 (0.0001)  wd: 0.0405 (0.0402)  mom: 0.9920 (0.9920)  last_layer_lr: 0.0002 (0.0000)  current_batch_size: 64.0000 (64.0000)  total_loss: 9.7746 (10.1461)  dino_local_crops_loss: 7.3757 (7.3725)  dino_global_crops_loss: 0.9220 (0.9217)  ibot_loss: 1.4779 (1.8519)  time: 0.353680  data: 0.000388  max mem: 19472
I20260720 11:43:25 1831735 dinov2 helpers.py:102] Training  [ 200/7500]  eta: 1:07:23  lr: 0.0003 (0.0001)  wd: 0.0406 (0.0402)  mom: 0.9920 (0.9920)  last_layer_lr: 0.0003 (0.0001)  current_batch_size: 64.0000 (64.0000)  total_loss: 9.7250 (10.1251)  dino_local_crops_loss: 7.3772 (7.3728)  dino_global_crops_loss: 0.9222 (0.9217)  ibot_loss: 1.4256 (1.8306)  time: 0.343705  data: 0.000422  max mem: 19472
I20260720 11:43:29 1831735 dinov2 helpers.py:102] Training  [ 210/7500]  eta: 1:06:10  lr: 0.0003 (0.0001)  wd: 0.0406 (0.0402)  mom: 0.9920 (0.9920)  last_layer_lr: 0.0003 (0.0001)  current_batch_size: 64.0000 (64.0000)  total_loss: 9.7305 (10.1074)  dino_local_crops_loss: 7.3769 (7.3730)  dino_global_crops_loss: 0.9222 (0.9217)  ibot_loss: 1.4319 (1.8127)  time: 0.347830  data: 0.000759  max mem: 19472
I20260720 11:43:32 1831735 dinov2 helpers.py:102] Training  [ 220/7500]  eta: 1:05:00  lr: 0.0003 (0.0001)  wd: 0.0407 (0.0403)  mom: 0.9920 (0.9920)  last_layer_lr: 0.0003 (0.0001)  current_batch_size: 64.0000 (64.0000)  total_loss: 9.7446 (10.0908)  dino_local_crops_loss: 7.3768 (7.3731)  dino_global_crops_loss: 0.9221 (0.9217)  ibot_loss: 1.4457 (1.7959)  time: 0.353489  data: 0.007676  max mem: 19472
I20260720 11:43:36 1831735 dinov2 helpers.py:102] Training  [ 230/7500]  eta: 1:04:07  lr: 0.0003 (0.0002)  wd: 0.0408 (0.0403)  mom: 0.9920 (0.9920)  last_layer_lr: 0.0003 (0.0001)  current_batch_size: 64.0000 (64.0000)  total_loss: 9.7295 (10.0740)  dino_local_crops_loss: 7.3770 (7.3733)  dino_global_crops_loss: 0.9222 (0.9218)  ibot_loss: 1.4298 (1.7789)  time: 0.366646  data: 0.029519  max mem: 19472
I20260720 11:43:40 1831735 dinov2 helpers.py:102] Training  [ 240/7500]  eta: 1:03:12  lr: 0.0003 (0.0002)  wd: 0.0408 (0.0403)  mom: 0.9920 (0.9920)  last_layer_lr: 0.0003 (0.0001)  current_batch_size: 64.0000 (64.0000)  total_loss: 9.7378 (10.0612)  dino_local_crops_loss: 7.3785 (7.3736)  dino_global_crops_loss: 0.9224 (0.9218)  ibot_loss: 1.4360 (1.7659)  time: 0.374087  data: 0.035820  max mem: 19472
I20260720 11:43:43 1831735 dinov2 helpers.py:102] Training  [ 250/7500]  eta: 1:02:26  lr: 0.0003 (0.0002)  wd: 0.0409 (0.0403)  mom: 0.9920 (0.9920)  last_layer_lr: 0.0003 (0.0001)  current_batch_size: 64.0000 (64.0000)  total_loss: 9.7694 (10.0500)  dino_local_crops_loss: 7.3803 (7.3739)  dino_global_crops_loss: 0.9226 (0.9218)  ibot_loss: 1.4647 (1.7542)  time: 0.373180  data: 0.032511  max mem: 19472
I20260720 11:43:47 1831735 dinov2 helpers.py:102] Training  [ 260/7500]  eta: 1:01:32  lr: 0.0003 (0.0002)  wd: 0.0410 (0.0404)  mom: 0.9920 (0.9920)  last_layer_lr: 0.0003 (0.0001)  current_batch_size: 64.0000 (64.0000)  total_loss: 9.7712 (10.0399)  dino_local_crops_loss: 7.3826 (7.3743)  dino_global_crops_loss: 0.9229 (0.9219)  ibot_loss: 1.4651 (1.7437)  time: 0.361016  data: 0.020842  max mem: 19472
I20260720 11:43:50 1831735 dinov2 helpers.py:102] Training  [ 270/7500]  eta: 1:00:46  lr: 0.0003 (0.0002)  wd: 0.0411 (0.0404)  mom: 0.9920 (0.9920)  last_layer_lr: 0.0003 (0.0001)  current_batch_size: 64.0000 (64.0000)  total_loss: 9.7710 (10.0298)  dino_local_crops_loss: 7.3849 (7.3747)  dino_global_crops_loss: 0.9231 (0.9219)  ibot_loss: 1.4647 (1.7332)  time: 0.348147  data: 0.010586  max mem: 19472
I20260720 11:43:54 1831735 dinov2 helpers.py:102] Training  [ 280/7500]  eta: 1:00:05  lr: 0.0004 (0.0002)  wd: 0.0411 (0.0404)  mom: 0.9920 (0.9920)  last_layer_lr: 0.0004 (0.0001)  current_batch_size: 64.0000 (64.0000)  total_loss: 9.7684 (10.0204)  dino_local_crops_loss: 7.3872 (7.3752)  dino_global_crops_loss: 0.9234 (0.9220)  ibot_loss: 1.4585 (1.7232)  time: 0.359679  data: 0.021449  max mem: 19472
I20260720 11:43:57 1831735 dinov2 helpers.py:102] Training  [ 290/7500]  eta: 0:59:23  lr: 0.0004 (0.0002)  wd: 0.0412 (0.0404)  mom: 0.9920 (0.9920)  last_layer_lr: 0.0004 (0.0001)  current_batch_size: 64.0000 (64.0000)  total_loss: 9.7626 (10.0117)  dino_local_crops_loss: 7.3886 (7.3757)  dino_global_crops_loss: 0.9236 (0.9221)  ibot_loss: 1.4492 (1.7139)  time: 0.356202  data: 0.012784  max mem: 19472
I20260720 11:44:01 1831735 dinov2 helpers.py:102] Training  [ 300/7500]  eta: 0:58:41  lr: 0.0004 (0.0002)  wd: 0.0413 (0.0405)  mom: 0.9920 (0.9920)  last_layer_lr: 0.0004 (0.0002)  current_batch_size: 64.0000 (64.0000)  total_loss: 9.7391 (10.0031)  dino_local_crops_loss: 7.3902 (7.3762)  dino_global_crops_loss: 0.9238 (0.9221)  ibot_loss: 1.4252 (1.7048)  time: 0.346294  data: 0.000353  max mem: 19472
I20260720 11:44:04 1831735 dinov2 helpers.py:102] Training  [ 310/7500]  eta: 0:58:07  lr: 0.0004 (0.0002)  wd: 0.0414 (0.0405)  mom: 0.9920 (0.9920)  last_layer_lr: 0.0004 (0.0002)  current_batch_size: 64.0000 (64.0000)  total_loss: 9.7574 (9.9964)  dino_local_crops_loss: 7.3910 (7.3767)  dino_global_crops_loss: 0.9239 (0.9222)  ibot_loss: 1.4421 (1.6975)  time: 0.351452  data: 0.012196  max mem: 19472
I20260720 11:44:08 1831735 dinov2 helpers.py:102] Training  [ 320/7500]  eta: 0:57:36  lr: 0.0004 (0.0002)  wd: 0.0415 (0.0405)  mom: 0.9920 (0.9920)  last_layer_lr: 0.0004 (0.0002)  current_batch_size: 64.0000 (64.0000)  total_loss: 9.8172 (9.9905)  dino_local_crops_loss: 7.3915 (7.3772)  dino_global_crops_loss: 0.9240 (0.9222)  ibot_loss: 1.5020 (1.6911)  time: 0.364039  data: 0.026336  max mem: 19472
I20260720 11:44:12 1831735 dinov2 helpers.py:102] Training  [ 330/7500]  eta: 0:57:01  lr: 0.0004 (0.0002)  wd: 0.0416 (0.0406)  mom: 0.9920 (0.9920)  last_layer_lr: 0.0004 (0.0002)  current_batch_size: 64.0000 (64.0000)  total_loss: 9.8195 (9.9847)  dino_local_crops_loss: 7.3919 (7.3776)  dino_global_crops_loss: 0.9240 (0.9223)  ibot_loss: 1.5034 (1.6848)  time: 0.355443  data: 0.014378  max mem: 19472
I20260720 11:44:15 1831735 dinov2 helpers.py:102] Training  [ 340/7500]  eta: 0:56:29  lr: 0.0004 (0.0002)  wd: 0.0417 (0.0406)  mom: 0.9920 (0.9920)  last_layer_lr: 0.0004 (0.0002)  current_batch_size: 64.0000 (64.0000)  total_loss: 9.8100 (9.9806)  dino_local_crops_loss: 7.3923 (7.3780)  dino_global_crops_loss: 0.9241 (0.9223)  ibot_loss: 1.4937 (1.6803)  time: 0.344310  data: 0.000389  max mem: 19472
I20260720 11:44:19 1831735 dinov2 helpers.py:102] Training  [ 350/7500]  eta: 0:55:58  lr: 0.0005 (0.0002)  wd: 0.0418 (0.0406)  mom: 0.9920 (0.9920)  last_layer_lr: 0.0005 (0.0002)  current_batch_size: 64.0000 (64.0000)  total_loss: 9.8276 (9.9759)  dino_local_crops_loss: 7.3926 (7.3785)  dino_global_crops_loss: 0.9241 (0.9224)  ibot_loss: 1.5109 (1.6751)  time: 0.346158  data: 0.000556  max mem: 19472
I20260720 11:44:22 1831735 dinov2 helpers.py:102] Training  [ 360/7500]  eta: 0:55:27  lr: 0.0005 (0.0002)  wd: 0.0419 (0.0407)  mom: 0.9920 (0.9920)  last_layer_lr: 0.0005 (0.0002)  current_batch_size: 64.0000 (64.0000)  total_loss: 9.8168 (9.9716)  dino_local_crops_loss: 7.3928 (7.3789)  dino_global_crops_loss: 0.9241 (0.9224)  ibot_loss: 1.4998 (1.6703)  time: 0.341144  data: 0.000551  max mem: 19472
I20260720 11:44:25 1831735 dinov2 helpers.py:102] Training  [ 370/7500]  eta: 0:55:00  lr: 0.0005 (0.0002)  wd: 0.0420 (0.0407)  mom: 0.9920 (0.9920)  last_layer_lr: 0.0005 (0.0002)  current_batch_size: 64.0000 (64.0000)  total_loss: 9.8103 (9.9673)  dino_local_crops_loss: 7.3929 (7.3792)  dino_global_crops_loss: 0.9241 (0.9225)  ibot_loss: 1.4932 (1.6656)  time: 0.344094  data: 0.009014  max mem: 19472
I20260720 11:44:29 1831735 dinov2 helpers.py:102] Training  [ 380/7500]  eta: 0:54:39  lr: 0.0005 (0.0003)  wd: 0.0422 (0.0408)  mom: 0.9920 (0.9920)  last_layer_lr: 0.0005 (0.0002)  current_batch_size: 64.0000 (64.0000)  total_loss: 9.8223 (9.9641)  dino_local_crops_loss: 7.3931 (7.3796)  dino_global_crops_loss: 0.9242 (0.9225)  ibot_loss: 1.5050 (1.6620)  time: 0.362278  data: 0.023668  max mem: 19472
I20260720 11:44:33 1831735 dinov2 helpers.py:102] Training  [ 390/7500]  eta: 0:54:25  lr: 0.0005 (0.0003)  wd: 0.0423 (0.0408)  mom: 0.9921 (0.9920)  last_layer_lr: 0.0005 (0.0002)  current_batch_size: 64.0000 (64.0000)  total_loss: 9.8223 (9.9609)  dino_local_crops_loss: 7.3932 (7.3800)  dino_global_crops_loss: 0.9242 (0.9226)  ibot_loss: 1.5050 (1.6584)  time: 0.391568  data: 0.047143  max mem: 19472
I20260720 11:44:37 1831735 dinov2 helpers.py:102] Training  [ 400/7500]  eta: 0:54:01  lr: 0.0005 (0.0003)  wd: 0.0424 (0.0408)  mom: 0.9921 (0.9920)  last_layer_lr: 0.0005 (0.0002)  current_batch_size: 64.0000 (64.0000)  total_loss: 9.8216 (9.9573)  dino_local_crops_loss: 7.3932 (7.3803)  dino_global_crops_loss: 0.9242 (0.9226)  ibot_loss: 1.5043 (1.6544)  time: 0.379013  data: 0.032321  max mem: 19472
I20260720 11:44:40 1831735 dinov2 helpers.py:102] Training  [ 410/7500]  eta: 0:53:36  lr: 0.0005 (0.0003)  wd: 0.0425 (0.0409)  mom: 0.9921 (0.9920)  last_layer_lr: 0.0005 (0.0002)  current_batch_size: 64.0000 (64.0000)  total_loss: 9.8249 (9.9543)  dino_local_crops_loss: 7.3933 (7.3806)  dino_global_crops_loss: 0.9242 (0.9226)  ibot_loss: 1.5073 (1.6511)  time: 0.343533  data: 0.000226  max mem: 19472
I20260720 11:44:44 1831735 dinov2 helpers.py:102] Training  [ 420/7500]  eta: 0:53:22  lr: 0.0005 (0.0003)  wd: 0.0426 (0.0409)  mom: 0.9921 (0.9920)  last_layer_lr: 0.0005 (0.0002)  current_batch_size: 64.0000 (64.0000)  total_loss: 9.8285 (9.9510)  dino_local_crops_loss: 7.3934 (7.3809)  dino_global_crops_loss: 0.9242 (0.9227)  ibot_loss: 1.5110 (1.6474)  time: 0.367956  data: 0.028297  max mem: 19472
I20260720 11:44:48 1831735 dinov2 helpers.py:102] Training  [ 430/7500]  eta: 0:53:08  lr: 0.0006 (0.0003)  wd: 0.0428 (0.0410)  mom: 0.9921 (0.9920)  last_layer_lr: 0.0006 (0.0003)  current_batch_size: 64.0000 (64.0000)  total_loss: 9.8234 (9.9482)  dino_local_crops_loss: 7.3934 (7.3812)  dino_global_crops_loss: 0.9242 (0.9227)  ibot_loss: 1.5058 (1.6442)  time: 0.396056  data: 0.056517  max mem: 19472
I20260720 11:44:52 1831735 dinov2 helpers.py:102] Training  [ 440/7500]  eta: 0:52:48  lr: 0.0006 (0.0003)  wd: 0.0429 (0.0410)  mom: 0.9921 (0.9920)  last_layer_lr: 0.0006 (0.0003)  current_batch_size: 64.0000 (64.0000)  total_loss: 9.8234 (9.9456)  dino_local_crops_loss: 7.3935 (7.3815)  dino_global_crops_loss: 0.9242 (0.9228)  ibot_loss: 1.5058 (1.6413)  time: 0.374682  data: 0.028759  max mem: 19472
W20260720 11:44:55 1831735 py.warnings warnings.py:109] /sci/labs/arieljaffe/dan.abergel1/torch_env/lib/python3.11/site-packages/torch/distributed/fsdp/fully_sharded_data_parallel.py:822: FutureWarning: FSDP.state_dict_type() and FSDP.set_state_dict_type() are being deprecated. Please use APIs, get_state_dict() and set_state_dict(), which can support different parallelisms, FSDP1, FSDP2, DDP. API doc: https://pytorch.org/docs/stable/distributed.checkpoint.html#torch.distributed.checkpoint.state_dict.get_state_dict .Tutorial: https://pytorch.org/tutorials/recipes/distributed_checkpoint_recipe.html .
  prev_state_dict_settings = FullyShardedDataParallel.set_state_dict_type(

W20260720 11:44:55 1831735 py.warnings warnings.py:109] /sci/labs/arieljaffe/dan.abergel1/torch_env/lib/python3.11/site-packages/torch/utils/_contextlib.py:124: UserWarning: When using ``NO_SHARD`` for ``ShardingStrategy``, full_state_dict will be returned.
  return func(*args, **kwargs)

W20260720 11:44:55 1831735 py.warnings warnings.py:109] /sci/labs/arieljaffe/dan.abergel1/torch_env/lib/python3.11/site-packages/torch/distributed/fsdp/fully_sharded_data_parallel.py:829: FutureWarning: FSDP.state_dict_type() and FSDP.set_state_dict_type() are being deprecated. Please use APIs, get_state_dict() and set_state_dict(), which can support different parallelisms, FSDP1, FSDP2, DDP. API doc: https://pytorch.org/docs/stable/distributed.checkpoint.html#torch.distributed.checkpoint.state_dict.get_state_dict .Tutorial: https://pytorch.org/tutorials/recipes/distributed_checkpoint_recipe.html .
  FullyShardedDataParallel.set_state_dict_type(

I20260720 11:44:55 1831735 fvcore.common.checkpoint __init__.py:109] Saving checkpoint to /sci/labs/arieljaffe/dan.abergel1/runs/brain/hcp_imgnet_localglobal/model_0000449.rank_0.pth
W20260720 11:44:56 1831735 py.warnings warnings.py:109] /sci/labs/arieljaffe/dan.abergel1/torch_env/lib/python3.11/site-packages/torch/distributed/c10d_logger.py:83: UserWarning: barrier(): using the device under current context. You can specify `device_id` in `init_process_group` to mute this warning.
  return func(*args, **kwargs)

I20260720 11:44:56 1831735 dinov2 helpers.py:102] Training  [ 450/7500]  eta: 0:52:48  lr: 0.0006 (0.0003)  wd: 0.0430 (0.0411)  mom: 0.9921 (0.9920)  last_layer_lr: 0.0006 (0.0003)  current_batch_size: 64.0000 (64.0000)  total_loss: 9.8208 (9.9431)  dino_local_crops_loss: 7.3935 (7.3818)  dino_global_crops_loss: 0.9242 (0.9228)  ibot_loss: 1.5032 (1.6386)  time: 0.414922  data: 0.000828  max mem: 19472
I20260720 11:45:00 1831735 dinov2 helpers.py:102] Training  [ 460/7500]  eta: 0:52:26  lr: 0.0006 (0.0003)  wd: 0.0432 (0.0411)  mom: 0.9921 (0.9920)  last_layer_lr: 0.0006 (0.0003)  current_batch_size: 64.0000 (64.0000)  total_loss: 9.8605 (9.9420)  dino_local_crops_loss: 7.3935 (7.3820)  dino_global_crops_loss: 0.9242 (0.9228)  ibot_loss: 1.5427 (1.6372)  time: 0.406791  data: 0.000701  max mem: 19472
I20260720 11:45:03 1831735 dinov2 helpers.py:102] Training  [ 470/7500]  eta: 0:52:05  lr: 0.0006 (0.0003)  wd: 0.0433 (0.0412)  mom: 0.9921 (0.9920)  last_layer_lr: 0.0006 (0.0003)  current_batch_size: 64.0000 (64.0000)  total_loss: 9.8679 (9.9401)  dino_local_crops_loss: 7.3936 (7.3823)  dino_global_crops_loss: 0.9242 (0.9228)  ibot_loss: 1.5501 (1.6350)  time: 0.337664  data: 0.000390  max mem: 19472
I20260720 11:45:07 1831735 dinov2 helpers.py:102] Training  [ 480/7500]  eta: 0:51:45  lr: 0.0006 (0.0003)  wd: 0.0435 (0.0412)  mom: 0.9921 (0.9920)  last_layer_lr: 0.0006 (0.0003)  current_batch_size: 64.0000 (64.0000)  total_loss: 9.8553 (9.9385)  dino_local_crops_loss: 7.3937 (7.3825)  dino_global_crops_loss: 0.9242 (0.9229)  ibot_loss: 1.5375 (1.6331)  time: 0.338562  data: 0.000232  max mem: 19472
I20260720 11:45:10 1831735 dinov2 helpers.py:102] Training  [ 490/7500]  eta: 0:51:26  lr: 0.0006 (0.0003)  wd: 0.0436 (0.0413)  mom: 0.9921 (0.9920)  last_layer_lr: 0.0006 (0.0003)  current_batch_size: 64.0000 (64.0000)  total_loss: 9.8727 (9.9368)  dino_local_crops_loss: 7.3937 (7.3827)  dino_global_crops_loss: 0.9242 (0.9229)  ibot_loss: 1.5547 (1.6312)  time: 0.338901  data: 0.000242  max mem: 19472
I20260720 11:45:13 1831735 dinov2 helpers.py:102] Training  [ 500/7500]  eta: 0:51:07  lr: 0.0007 (0.0003)  wd: 0.0438 (0.0413)  mom: 0.9921 (0.9920)  last_layer_lr: 0.0007 (0.0003)  current_batch_size: 64.0000 (64.0000)  total_loss: 9.8885 (9.9359)  dino_local_crops_loss: 7.3937 (7.3829)  dino_global_crops_loss: 0.9242 (0.9229)  ibot_loss: 1.5706 (1.6300)  time: 0.338405  data: 0.000252  max mem: 19472
I20260720 11:45:17 1831735 dinov2 helpers.py:102] Training  [ 510/7500]  eta: 0:50:51  lr: 0.0007 (0.0003)  wd: 0.0439 (0.0414)  mom: 0.9921 (0.9920)  last_layer_lr: 0.0007 (0.0003)  current_batch_size: 64.0000 (64.0000)  total_loss: 9.8952 (9.9350)  dino_local_crops_loss: 7.3936 (7.3831)  dino_global_crops_loss: 0.9242 (0.9230)  ibot_loss: 1.5772 (1.6289)  time: 0.342420  data: 0.000226  max mem: 19472
I20260720 11:45:20 1831735 dinov2 helpers.py:102] Training  [ 520/7500]  eta: 0:50:35  lr: 0.0007 (0.0003)  wd: 0.0441 (0.0414)  mom: 0.9921 (0.9920)  last_layer_lr: 0.0007 (0.0003)  current_batch_size: 64.0000 (64.0000)  total_loss: 9.8880 (9.9343)  dino_local_crops_loss: 7.3936 (7.3834)  dino_global_crops_loss: 0.9242 (0.9230)  ibot_loss: 1.5701 (1.6279)  time: 0.351395  data: 0.000361  max mem: 19472
I20260720 11:45:24 1831735 dinov2 helpers.py:102] Training  [ 530/7500]  eta: 0:50:19  lr: 0.0007 (0.0004)  wd: 0.0443 (0.0415)  mom: 0.9921 (0.9920)  last_layer_lr: 0.0007 (0.0003)  current_batch_size: 64.0000 (64.0000)  total_loss: 9.8794 (9.9331)  dino_local_crops_loss: 7.3936 (7.3835)  dino_global_crops_loss: 0.9242 (0.9230)  ibot_loss: 1.5613 (1.6265)  time: 0.349081  data: 0.001960  max mem: 19472
I20260720 11:45:27 1831735 dinov2 helpers.py:102] Training  [ 540/7500]  eta: 0:50:04  lr: 0.0007 (0.0004)  wd: 0.0444 (0.0415)  mom: 0.9921 (0.9920)  last_layer_lr: 0.0007 (0.0003)  current_batch_size: 64.0000 (64.0000)  total_loss: 9.8732 (9.9320)  dino_local_crops_loss: 7.3937 (7.3837)  dino_global_crops_loss: 0.9242 (0.9230)  ibot_loss: 1.5554 (1.6253)  time: 0.345824  data: 0.002009  max mem: 19472
I20260720 11:45:31 1831735 dinov2 helpers.py:102] Training  [ 550/7500]  eta: 0:49:52  lr: 0.0007 (0.0004)  wd: 0.0446 (0.0416)  mom: 0.9921 (0.9920)  last_layer_lr: 0.0007 (0.0003)  current_batch_size: 64.0000 (64.0000)  total_loss: 9.8768 (9.9310)  dino_local_crops_loss: 7.3936 (7.3839)  dino_global_crops_loss: 0.9242 (0.9230)  ibot_loss: 1.5589 (1.6240)  time: 0.360406  data: 0.013548  max mem: 19472
I20260720 11:45:35 1831735 dinov2 helpers.py:102] Training  [ 560/7500]  eta: 0:49:40  lr: 0.0007 (0.0004)  wd: 0.0448 (0.0416)  mom: 0.9921 (0.9920)  last_layer_lr: 0.0007 (0.0003)  current_batch_size: 64.0000 (64.0000)  total_loss: 9.8752 (9.9299)  dino_local_crops_loss: 7.3936 (7.3841)  dino_global_crops_loss: 0.9242 (0.9231)  ibot_loss: 1.5571 (1.6227)  time: 0.370423  data: 0.027216  max mem: 19472
I20260720 11:45:38 1831735 dinov2 helpers.py:102] Training  [ 570/7500]  eta: 0:49:25  lr: 0.0007 (0.0004)  wd: 0.0449 (0.0417)  mom: 0.9921 (0.9920)  last_layer_lr: 0.0007 (0.0004)  current_batch_size: 64.0000 (64.0000)  total_loss: 9.8465 (9.9282)  dino_local_crops_loss: 7.3936 (7.3843)  dino_global_crops_loss: 0.9242 (0.9231)  ibot_loss: 1.5285 (1.6208)  time: 0.355678  data: 0.017090  max mem: 19472
I20260720 11:45:42 1831735 dinov2 helpers.py:102] Training  [ 580/7500]  eta: 0:49:13  lr: 0.0008 (0.0004)  wd: 0.0451 (0.0418)  mom: 0.9921 (0.9920)  last_layer_lr: 0.0008 (0.0004)  current_batch_size: 64.0000 (64.0000)  total_loss: 9.8369 (9.9268)  dino_local_crops_loss: 7.3937 (7.3844)  dino_global_crops_loss: 0.9242 (0.9231)  ibot_loss: 1.5191 (1.6193)  time: 0.351374  data: 0.013447  max mem: 19472
I20260720 11:45:45 1831735 dinov2 helpers.py:102] Training  [ 590/7500]  eta: 0:48:58  lr: 0.0008 (0.0004)  wd: 0.0453 (0.0418)  mom: 0.9921 (0.9920)  last_layer_lr: 0.0008 (0.0004)  current_batch_size: 64.0000 (64.0000)  total_loss: 9.8481 (9.9254)  dino_local_crops_loss: 7.3937 (7.3846)  dino_global_crops_loss: 0.9242 (0.9231)  ibot_loss: 1.5302 (1.6177)  time: 0.348125  data: 0.010451  max mem: 19472
I20260720 11:45:48 1831735 dinov2 helpers.py:102] Training  [ 600/7500]  eta: 0:48:44  lr: 0.0008 (0.0004)  wd: 0.0455 (0.0419)  mom: 0.9921 (0.9920)  last_layer_lr: 0.0008 (0.0004)  current_batch_size: 64.0000 (64.0000)  total_loss: 9.8147 (9.9232)  dino_local_crops_loss: 7.3937 (7.3847)  dino_global_crops_loss: 0.9242 (0.9231)  ibot_loss: 1.4966 (1.6153)  time: 0.338515  data: 0.000230  max mem: 19472
I20260720 11:45:52 1831735 dinov2 helpers.py:102] Training  [ 610/7500]  eta: 0:48:35  lr: 0.0008 (0.0004)  wd: 0.0457 (0.0420)  mom: 0.9921 (0.9920)  last_layer_lr: 0.0008 (0.0004)  current_batch_size: 64.0000 (64.0000)  total_loss: 9.7928 (9.9211)  dino_local_crops_loss: 7.3937 (7.3849)  dino_global_crops_loss: 0.9242 (0.9232)  ibot_loss: 1.4748 (1.6131)  time: 0.359307  data: 0.019602  max mem: 19472
I20260720 11:45:56 1831735 dinov2 helpers.py:102] Training  [ 620/7500]  eta: 0:48:24  lr: 0.0008 (0.0004)  wd: 0.0458 (0.0420)  mom: 0.9921 (0.9920)  last_layer_lr: 0.0008 (0.0004)  current_batch_size: 64.0000 (64.0000)  total_loss: 9.7850 (9.9188)  dino_local_crops_loss: 7.3937 (7.3850)  dino_global_crops_loss: 0.9242 (0.9232)  ibot_loss: 1.4670 (1.6106)  time: 0.369879  data: 0.031366  max mem: 19472
I20260720 11:46:00 1831735 dinov2 helpers.py:102] Training  [ 630/7500]  eta: 0:48:15  lr: 0.0008 (0.0004)  wd: 0.0460 (0.0421)  mom: 0.9921 (0.9920)  last_layer_lr: 0.0008 (0.0004)  current_batch_size: 64.0000 (64.0000)  total_loss: 9.7678 (9.9163)  dino_local_crops_loss: 7.3937 (7.3852)  dino_global_crops_loss: 0.9242 (0.9232)  ibot_loss: 1.4499 (1.6079)  time: 0.372318  data: 0.032091  max mem: 19472
I20260720 11:46:03 1831735 dinov2 helpers.py:102] Training  [ 640/7500]  eta: 0:48:02  lr: 0.0008 (0.0004)  wd: 0.0462 (0.0421)  mom: 0.9921 (0.9920)  last_layer_lr: 0.0008 (0.0004)  current_batch_size: 64.0000 (64.0000)  total_loss: 9.7789 (9.9141)  dino_local_crops_loss: 7.3936 (7.3853)  dino_global_crops_loss: 0.9242 (0.9232)  ibot_loss: 1.4611 (1.6056)  time: 0.362165  data: 0.020307  max mem: 19472
I20260720 11:46:07 1831735 dinov2 helpers.py:102] Training  [ 650/7500]  eta: 0:47:50  lr: 0.0009 (0.0004)  wd: 0.0464 (0.0422)  mom: 0.9921 (0.9920)  last_layer_lr: 0.0009 (0.0004)  current_batch_size: 64.0000 (64.0000)  total_loss: 9.7827 (9.9120)  dino_local_crops_loss: 7.3936 (7.3854)  dino_global_crops_loss: 0.9242 (0.9232)  ibot_loss: 1.4649 (1.6034)  time: 0.340649  data: 0.000233  max mem: 19472
I20260720 11:46:10 1831735 dinov2 helpers.py:102] Training  [ 660/7500]  eta: 0:47:37  lr: 0.0009 (0.0004)  wd: 0.0466 (0.0423)  mom: 0.9921 (0.9921)  last_layer_lr: 0.0009 (0.0004)  current_batch_size: 64.0000 (64.0000)  total_loss: 9.7722 (9.9096)  dino_local_crops_loss: 7.3936 (7.3855)  dino_global_crops_loss: 0.9242 (0.9232)  ibot_loss: 1.4542 (1.6008)  time: 0.340155  data: 0.000433  max mem: 19472
I20260720 11:46:14 1831735 dinov2 helpers.py:102] Training  [ 670/7500]  eta: 0:47:27  lr: 0.0009 (0.0004)  wd: 0.0468 (0.0424)  mom: 0.9922 (0.9921)  last_layer_lr: 0.0009 (0.0004)  current_batch_size: 64.0000 (64.0000)  total_loss: 9.7298 (9.9068)  dino_local_crops_loss: 7.3936 (7.3857)  dino_global_crops_loss: 0.9242 (0.9233)  ibot_loss: 1.4119 (1.5979)  time: 0.351284  data: 0.003329  max mem: 19472
I20260720 11:46:17 1831735 dinov2 helpers.py:102] Training  [ 680/7500]  eta: 0:47:16  lr: 0.0009 (0.0005)  wd: 0.0470 (0.0424)  mom: 0.9922 (0.9921)  last_layer_lr: 0.0009 (0.0004)  current_batch_size: 64.0000 (64.0000)  total_loss: 9.7190 (9.9044)  dino_local_crops_loss: 7.3936 (7.3858)  dino_global_crops_loss: 0.9242 (0.9233)  ibot_loss: 1.4011 (1.5953)  time: 0.354633  data: 0.003142  max mem: 19472
I20260720 11:46:20 1831735 dinov2 helpers.py:102] Training  [ 690/7500]  eta: 0:47:05  lr: 0.0009 (0.0005)  wd: 0.0473 (0.0425)  mom: 0.9922 (0.9921)  last_layer_lr: 0.0009 (0.0004)  current_batch_size: 64.0000 (64.0000)  total_loss: 9.7138 (9.9019)  dino_local_crops_loss: 7.3937 (7.3859)  dino_global_crops_loss: 0.9242 (0.9233)  ibot_loss: 1.3959 (1.5927)  time: 0.346246  data: 0.000192  max mem: 19472
I20260720 11:46:24 1831735 dinov2 helpers.py:102] Training  [ 700/7500]  eta: 0:46:53  lr: 0.0009 (0.0005)  wd: 0.0475 (0.0426)  mom: 0.9922 (0.9921)  last_layer_lr: 0.0009 (0.0004)  current_batch_size: 64.0000 (64.0000)  total_loss: 9.7069 (9.8991)  dino_local_crops_loss: 7.3937 (7.3860)  dino_global_crops_loss: 0.9242 (0.9233)  ibot_loss: 1.3886 (1.5898)  time: 0.340591  data: 0.000203  max mem: 19472
I20260720 11:46:27 1831735 dinov2 helpers.py:102] Training  [ 710/7500]  eta: 0:46:42  lr: 0.0009 (0.0005)  wd: 0.0477 (0.0426)  mom: 0.9922 (0.9921)  last_layer_lr: 0.0009 (0.0005)  current_batch_size: 64.0000 (64.0000)  total_loss: 9.7019 (9.8965)  dino_local_crops_loss: 7.3938 (7.3861)  dino_global_crops_loss: 0.9242 (0.9233)  ibot_loss: 1.3838 (1.5871)  time: 0.335496  data: 0.000220  max mem: 19472
I20260720 11:46:31 1831735 dinov2 helpers.py:102] Training  [ 720/7500]  eta: 0:46:33  lr: 0.0009 (0.0005)  wd: 0.0479 (0.0427)  mom: 0.9922 (0.9921)  last_layer_lr: 0.0009 (0.0005)  current_batch_size: 64.0000 (64.0000)  total_loss: 9.7073 (9.8939)  dino_local_crops_loss: 7.3938 (7.3862)  dino_global_crops_loss: 0.9242 (0.9233)  ibot_loss: 1.3894 (1.5843)  time: 0.351814  data: 0.009533  max mem: 19472
I20260720 11:46:35 1831735 dinov2 helpers.py:102] Training  [ 730/7500]  eta: 0:46:27  lr: 0.0010 (0.0005)  wd: 0.0481 (0.0428)  mom: 0.9922 (0.9921)  last_layer_lr: 0.0010 (0.0005)  current_batch_size: 64.0000 (64.0000)  total_loss: 9.6975 (9.8911)  dino_local_crops_loss: 7.3937 (7.3863)  dino_global_crops_loss: 0.9242 (0.9233)  ibot_loss: 1.3796 (1.5814)  time: 0.380615  data: 0.038503  max mem: 19472
I20260720 11:46:39 1831735 dinov2 helpers.py:102] Training  [ 740/7500]  eta: 0:46:22  lr: 0.0010 (0.0005)  wd: 0.0483 (0.0429)  mom: 0.9922 (0.9921)  last_layer_lr: 0.0010 (0.0005)  current_batch_size: 64.0000 (64.0000)  total_loss: 9.6934 (9.8885)  dino_local_crops_loss: 7.3936 (7.3864)  dino_global_crops_loss: 0.9242 (0.9234)  ibot_loss: 1.3755 (1.5788)  time: 0.397004  data: 0.061784  max mem: 19472
I20260720 11:46:42 1831735 dinov2 helpers.py:102] Training  [ 750/7500]  eta: 0:46:12  lr: 0.0010 (0.0005)  wd: 0.0486 (0.0429)  mom: 0.9922 (0.9921)  last_layer_lr: 0.0010 (0.0005)  current_batch_size: 64.0000 (64.0000)  total_loss: 9.6779 (9.8858)  dino_local_crops_loss: 7.3937 (7.3865)  dino_global_crops_loss: 0.9242 (0.9234)  ibot_loss: 1.3600 (1.5759)  time: 0.369558  data: 0.032950  max mem: 19472
I20260720 11:46:46 1831735 dinov2 helpers.py:102] Training  [ 760/7500]  eta: 0:46:01  lr: 0.0010 (0.0005)  wd: 0.0488 (0.0430)  mom: 0.9922 (0.9921)  last_layer_lr: 0.0010 (0.0005)  current_batch_size: 64.0000 (64.0000)  total_loss: 9.6689 (9.8830)  dino_local_crops_loss: 7.3937 (7.3866)  dino_global_crops_loss: 0.9242 (0.9234)  ibot_loss: 1.3510 (1.5730)  time: 0.339355  data: 0.000348  max mem: 19472
I20260720 11:46:49 1831735 dinov2 helpers.py:102] Training  [ 770/7500]  eta: 0:45:51  lr: 0.0010 (0.0005)  wd: 0.0490 (0.0431)  mom: 0.9922 (0.9921)  last_layer_lr: 0.0010 (0.0005)  current_batch_size: 64.0000 (64.0000)  total_loss: 9.6511 (9.8797)  dino_local_crops_loss: 7.3937 (7.3867)  dino_global_crops_loss: 0.9242 (0.9234)  ibot_loss: 1.3331 (1.5697)  time: 0.339556  data: 0.000403  max mem: 19472
I20260720 11:46:53 1831735 dinov2 helpers.py:102] Training  [ 780/7500]  eta: 0:45:43  lr: 0.0010 (0.0005)  wd: 0.0493 (0.0432)  mom: 0.9922 (0.9921)  last_layer_lr: 0.0010 (0.0005)  current_batch_size: 64.0000 (64.0000)  total_loss: 9.6156 (9.8762)  dino_local_crops_loss: 7.3936 (7.3868)  dino_global_crops_loss: 0.9242 (0.9234)  ibot_loss: 1.2978 (1.5660)  time: 0.349634  data: 0.008434  max mem: 19472
I20260720 11:46:57 1831735 dinov2 helpers.py:102] Training  [ 790/7500]  eta: 0:45:37  lr: 0.0010 (0.0005)  wd: 0.0495 (0.0433)  mom: 0.9922 (0.9921)  last_layer_lr: 0.0010 (0.0005)  current_batch_size: 64.0000 (64.0000)  total_loss: 9.6052 (9.8729)  dino_local_crops_loss: 7.3936 (7.3869)  dino_global_crops_loss: 0.9242 (0.9234)  ibot_loss: 1.2874 (1.5627)  time: 0.375551  data: 0.032326  max mem: 19472
I20260720 11:47:00 1831735 dinov2 helpers.py:102] Training  [ 800/7500]  eta: 0:45:28  lr: 0.0010 (0.0005)  wd: 0.0498 (0.0434)  mom: 0.9922 (0.9921)  last_layer_lr: 0.0010 (0.0005)  current_batch_size: 64.0000 (64.0000)  total_loss: 9.6176 (9.8697)  dino_local_crops_loss: 7.3936 (7.3870)  dino_global_crops_loss: 0.9242 (0.9234)  ibot_loss: 1.2997 (1.5593)  time: 0.365547  data: 0.026132  max mem: 19472
I20260720 11:47:03 1831735 dinov2 helpers.py:102] Training  [ 810/7500]  eta: 0:45:19  lr: 0.0010 (0.0005)  wd: 0.0500 (0.0434)  mom: 0.9922 (0.9921)  last_layer_lr: 0.0010 (0.0005)  current_batch_size: 64.0000 (64.0000)  total_loss: 9.6290 (9.8667)  dino_local_crops_loss: 7.3936 (7.3870)  dino_global_crops_loss: 0.9242 (0.9234)  ibot_loss: 1.3110 (1.5562)  time: 0.346279  data: 0.002237  max mem: 19472
I20260720 11:47:07 1831735 dinov2 helpers.py:102] Training  [ 820/7500]  eta: 0:45:12  lr: 0.0010 (0.0005)  wd: 0.0503 (0.0435)  mom: 0.9922 (0.9921)  last_layer_lr: 0.0010 (0.0005)  current_batch_size: 64.0000 (64.0000)  total_loss: 9.6288 (9.8639)  dino_local_crops_loss: 7.3936 (7.3871)  dino_global_crops_loss: 0.9242 (0.9234)  ibot_loss: 1.3110 (1.5534)  time: 0.360045  data: 0.017037  max mem: 19472
I20260720 11:47:11 1831735 dinov2 helpers.py:102] Training  [ 830/7500]  eta: 0:45:03  lr: 0.0010 (0.0005)  wd: 0.0505 (0.0436)  mom: 0.9922 (0.9921)  last_layer_lr: 0.0010 (0.0005)  current_batch_size: 64.0000 (64.0000)  total_loss: 9.6262 (9.8609)  dino_local_crops_loss: 7.3936 (7.3872)  dino_global_crops_loss: 0.9242 (0.9234)  ibot_loss: 1.3083 (1.5502)  time: 0.359608  data: 0.021728  max mem: 19472
I20260720 11:47:14 1831735 dinov2 helpers.py:102] Training  [ 840/7500]  eta: 0:44:56  lr: 0.0010 (0.0006)  wd: 0.0508 (0.0437)  mom: 0.9922 (0.9921)  last_layer_lr: 0.0010 (0.0005)  current_batch_size: 64.0000 (64.0000)  total_loss: 9.6141 (9.8579)  dino_local_crops_loss: 7.3937 (7.3873)  dino_global_crops_loss: 0.9242 (0.9235)  ibot_loss: 1.2963 (1.5472)  time: 0.357700  data: 0.015135  max mem: 19472
I20260720 11:47:18 1831735 dinov2 helpers.py:102] Training  [ 850/7500]  eta: 0:44:50  lr: 0.0010 (0.0006)  wd: 0.0510 (0.0438)  mom: 0.9922 (0.9921)  last_layer_lr: 0.0010 (0.0005)  current_batch_size: 64.0000 (64.0000)  total_loss: 9.6079 (9.8549)  dino_local_crops_loss: 7.3936 (7.3874)  dino_global_crops_loss: 0.9242 (0.9235)  ibot_loss: 1.2898 (1.5440)  time: 0.370232  data: 0.027830  max mem: 19472
I20260720 11:47:22 1831735 dinov2 helpers.py:102] Training  [ 860/7500]  eta: 0:44:42  lr: 0.0010 (0.0006)  wd: 0.0513 (0.0439)  mom: 0.9923 (0.9921)  last_layer_lr: 0.0010 (0.0005)  current_batch_size: 64.0000 (64.0000)  total_loss: 9.6214 (9.8522)  dino_local_crops_loss: 7.3936 (7.3874)  dino_global_crops_loss: 0.9242 (0.9235)  ibot_loss: 1.3034 (1.5413)  time: 0.366721  data: 0.027679  max mem: 19472
I20260720 11:47:25 1831735 dinov2 helpers.py:102] Training  [ 870/7500]  eta: 0:44:35  lr: 0.0010 (0.0006)  wd: 0.0516 (0.0440)  mom: 0.9923 (0.9921)  last_layer_lr: 0.0010 (0.0006)  current_batch_size: 64.0000 (64.0000)  total_loss: 9.6271 (9.8497)  dino_local_crops_loss: 7.3936 (7.3875)  dino_global_crops_loss: 0.9242 (0.9235)  ibot_loss: 1.3092 (1.5387)  time: 0.360044  data: 0.020154  max mem: 19472
I20260720 11:47:29 1831735 dinov2 helpers.py:102] Training  [ 880/7500]  eta: 0:44:28  lr: 0.0010 (0.0006)  wd: 0.0518 (0.0441)  mom: 0.9923 (0.9921)  last_layer_lr: 0.0010 (0.0006)  current_batch_size: 64.0000 (64.0000)  total_loss: 9.5600 (9.8465)  dino_local_crops_loss: 7.3936 (7.3876)  dino_global_crops_loss: 0.9242 (0.9235)  ibot_loss: 1.2422 (1.5355)  time: 0.367334  data: 0.028151  max mem: 19472
I20260720 11:47:32 1831735 dinov2 helpers.py:102] Training  [ 890/7500]  eta: 0:44:20  lr: 0.0010 (0.0006)  wd: 0.0521 (0.0441)  mom: 0.9923 (0.9921)  last_layer_lr: 0.0010 (0.0006)  current_batch_size: 64.0000 (64.0000)  total_loss: 9.5446 (9.8435)  dino_local_crops_loss: 7.3936 (7.3876)  dino_global_crops_loss: 0.9242 (0.9235)  ibot_loss: 1.2268 (1.5324)  time: 0.357482  data: 0.018108  max mem: 19472
I20260720 11:47:36 1831735 fvcore.common.checkpoint __init__.py:109] Saving checkpoint to /sci/labs/arieljaffe/dan.abergel1/runs/brain/hcp_imgnet_localglobal/model_0000899.rank_0.pth
I20260720 11:47:37 1831735 dinov2 helpers.py:102] Training  [ 900/7500]  eta: 0:44:20  lr: 0.0010 (0.0006)  wd: 0.0524 (0.0442)  mom: 0.9923 (0.9921)  last_layer_lr: 0.0010 (0.0006)  current_batch_size: 64.0000 (64.0000)  total_loss: 9.5749 (9.8405)  dino_local_crops_loss: 7.3936 (7.3877)  dino_global_crops_loss: 0.9242 (0.9235)  ibot_loss: 1.2571 (1.5293)  time: 0.398148  data: 0.000233  max mem: 19472
I20260720 11:47:40 1831735 dinov2 helpers.py:102] Training  [ 910/7500]  eta: 0:44:11  lr: 0.0010 (0.0006)  wd: 0.0526 (0.0443)  mom: 0.9923 (0.9921)  last_layer_lr: 0.0010 (0.0006)  current_batch_size: 64.0000 (64.0000)  total_loss: 9.5749 (9.8376)  dino_local_crops_loss: 7.3936 (7.3878)  dino_global_crops_loss: 0.9242 (0.9235)  ibot_loss: 1.2571 (1.5263)  time: 0.398488  data: 0.000245  max mem: 19472
I20260720 11:47:44 1831735 dinov2 helpers.py:102] Training  [ 920/7500]  eta: 0:44:03  lr: 0.0010 (0.0006)  wd: 0.0529 (0.0444)  mom: 0.9923 (0.9921)  last_layer_lr: 0.0010 (0.0006)  current_batch_size: 64.0000 (64.0000)  total_loss: 9.5605 (9.8348)  dino_local_crops_loss: 7.3936 (7.3878)  dino_global_crops_loss: 0.9242 (0.9235)  ibot_loss: 1.2427 (1.5234)  time: 0.340002  data: 0.000257  max mem: 19472
I20260720 11:47:47 1831735 dinov2 helpers.py:102] Training  [ 930/7500]  eta: 0:43:54  lr: 0.0010 (0.0006)  wd: 0.0532 (0.0445)  mom: 0.9923 (0.9921)  last_layer_lr: 0.0010 (0.0006)  current_batch_size: 64.0000 (64.0000)  total_loss: 9.5580 (9.8318)  dino_local_crops_loss: 7.3936 (7.3879)  dino_global_crops_loss: 0.9242 (0.9235)  ibot_loss: 1.2400 (1.5204)  time: 0.338212  data: 0.000259  max mem: 19472
I20260720 11:47:51 1831735 dinov2 helpers.py:102] Training  [ 940/7500]  eta: 0:43:46  lr: 0.0010 (0.0006)  wd: 0.0535 (0.0446)  mom: 0.9923 (0.9921)  last_layer_lr: 0.0010 (0.0006)  current_batch_size: 64.0000 (64.0000)  total_loss: 9.5409 (9.8288)  dino_local_crops_loss: 7.3936 (7.3880)  dino_global_crops_loss: 0.9242 (0.9235)  ibot_loss: 1.2231 (1.5173)  time: 0.340473  data: 0.001807  max mem: 19472
I20260720 11:47:54 1831735 dinov2 helpers.py:102] Training  [ 950/7500]  eta: 0:43:38  lr: 0.0010 (0.0006)  wd: 0.0538 (0.0447)  mom: 0.9923 (0.9921)  last_layer_lr: 0.0010 (0.0006)  current_batch_size: 64.0000 (64.0000)  total_loss: 9.5472 (9.8263)  dino_local_crops_loss: 7.3936 (7.3880)  dino_global_crops_loss: 0.9242 (0.9235)  ibot_loss: 1.2293 (1.5147)  time: 0.340575  data: 0.001786  max mem: 19472
I20260720 11:47:57 1831735 dinov2 helpers.py:102] Training  [ 960/7500]  eta: 0:43:30  lr: 0.0010 (0.0006)  wd: 0.0541 (0.0448)  mom: 0.9923 (0.9921)  last_layer_lr: 0.0010 (0.0006)  current_batch_size: 64.0000 (64.0000)  total_loss: 9.5889 (9.8239)  dino_local_crops_loss: 7.3936 (7.3881)  dino_global_crops_loss: 0.9242 (0.9235)  ibot_loss: 1.2710 (1.5122)  time: 0.340986  data: 0.000207  max mem: 19472
I20260720 11:48:01 1831735 dinov2 helpers.py:102] Training  [ 970/7500]  eta: 0:43:25  lr: 0.0010 (0.0006)  wd: 0.0544 (0.0449)  mom: 0.9923 (0.9921)  last_layer_lr: 0.0010 (0.0006)  current_batch_size: 64.0000 (64.0000)  total_loss: 9.5889 (9.8215)  dino_local_crops_loss: 7.3936 (7.3881)  dino_global_crops_loss: 0.9242 (0.9236)  ibot_loss: 1.2710 (1.5098)  time: 0.361775  data: 0.021838  max mem: 19472
I20260720 11:48:05 1831735 dinov2 helpers.py:102] Training  [ 980/7500]  eta: 0:43:18  lr: 0.0010 (0.0006)  wd: 0.0547 (0.0450)  mom: 0.9923 (0.9921)  last_layer_lr: 0.0010 (0.0006)  current_batch_size: 64.0000 (64.0000)  total_loss: 9.5653 (9.8186)  dino_local_crops_loss: 7.3936 (7.3882)  dino_global_crops_loss: 0.9242 (0.9236)  ibot_loss: 1.2475 (1.5068)  time: 0.371273  data: 0.035551  max mem: 19472
I20260720 11:48:09 1831735 dinov2 helpers.py:102] Training  [ 990/7500]  eta: 0:43:12  lr: 0.0010 (0.0006)  wd: 0.0550 (0.0451)  mom: 0.9923 (0.9921)  last_layer_lr: 0.0010 (0.0006)  current_batch_size: 64.0000 (64.0000)  total_loss: 9.5401 (9.8159)  dino_local_crops_loss: 7.3936 (7.3882)  dino_global_crops_loss: 0.9242 (0.9236)  ibot_loss: 1.2222 (1.5041)  time: 0.363549  data: 0.025094  max mem: 19472
I20260720 11:48:12 1831735 dinov2 helpers.py:102] Training  [1000/7500]  eta: 0:43:06  lr: 0.0010 (0.0006)  wd: 0.0553 (0.0452)  mom: 0.9923 (0.9921)  last_layer_lr: 0.0010 (0.0006)  current_batch_size: 64.0000 (64.0000)  total_loss: 9.5531 (9.8133)  dino_local_crops_loss: 7.3937 (7.3883)  dino_global_crops_loss: 0.9242 (0.9236)  ibot_loss: 1.2352 (1.5014)  time: 0.368023  data: 0.022625  max mem: 19472
I20260720 11:48:16 1831735 dinov2 helpers.py:102] Training  [1010/7500]  eta: 0:43:02  lr: 0.0010 (0.0006)  wd: 0.0556 (0.0453)  mom: 0.9923 (0.9921)  last_layer_lr: 0.0010 (0.0006)  current_batch_size: 64.0000 (64.0000)  total_loss: 9.5515 (9.8106)  dino_local_crops_loss: 7.3937 (7.3884)  dino_global_crops_loss: 0.9242 (0.9236)  ibot_loss: 1.2338 (1.4986)  time: 0.379794  data: 0.038335  max mem: 19472
I20260720 11:48:20 1831735 dinov2 helpers.py:102] Training  [1020/7500]  eta: 0:42:58  lr: 0.0010 (0.0006)  wd: 0.0559 (0.0454)  mom: 0.9924 (0.9921)  last_layer_lr: 0.0010 (0.0006)  current_batch_size: 64.0000 (64.0000)  total_loss: 9.5124 (9.8077)  dino_local_crops_loss: 7.3937 (7.3884)  dino_global_crops_loss: 0.9242 (0.9236)  ibot_loss: 1.1946 (1.4957)  time: 0.394177  data: 0.056738  max mem: 19472
I20260720 11:48:24 1831735 dinov2 helpers.py:102] Training  [1030/7500]  eta: 0:42:52  lr: 0.0010 (0.0006)  wd: 0.0562 (0.0455)  mom: 0.9924 (0.9921)  last_layer_lr: 0.0010 (0.0006)  current_batch_size: 64.0000 (64.0000)  total_loss: 9.5098 (9.8052)  dino_local_crops_loss: 7.3937 (7.3885)  dino_global_crops_loss: 0.9242 (0.9236)  ibot_loss: 1.1919 (1.4932)  time: 0.387420  data: 0.050195  max mem: 19472
I20260720 11:48:27 1831735 dinov2 helpers.py:102] Training  [1040/7500]  eta: 0:42:46  lr: 0.0010 (0.0006)  wd: 0.0565 (0.0456)  mom: 0.9924 (0.9921)  last_layer_lr: 0.0010 (0.0006)  current_batch_size: 64.0000 (64.0000)  total_loss: 9.5463 (9.8027)  dino_local_crops_loss: 7.3937 (7.3885)  dino_global_crops_loss: 0.9242 (0.9236)  ibot_loss: 1.2283 (1.4906)  time: 0.364922  data: 0.025302  max mem: 19472
I20260720 11:48:31 1831735 dinov2 helpers.py:102] Training  [1050/7500]  eta: 0:42:39  lr: 0.0010 (0.0006)  wd: 0.0568 (0.0458)  mom: 0.9924 (0.9921)  last_layer_lr: 0.0010 (0.0006)  current_batch_size: 64.0000 (64.0000)  total_loss: 9.5409 (9.8001)  dino_local_crops_loss: 7.3937 (7.3886)  dino_global_crops_loss: 0.9242 (0.9236)  ibot_loss: 1.2230 (1.4880)  time: 0.350982  data: 0.004958  max mem: 19472
I20260720 11:48:34 1831735 dinov2 helpers.py:102] Training  [1060/7500]  eta: 0:42:32  lr: 0.0010 (0.0006)  wd: 0.0571 (0.0459)  mom: 0.9924 (0.9921)  last_layer_lr: 0.0010 (0.0006)  current_batch_size: 64.0000 (64.0000)  total_loss: 9.5409 (9.7977)  dino_local_crops_loss: 7.3937 (7.3886)  dino_global_crops_loss: 0.9242 (0.9236)  ibot_loss: 1.2230 (1.4855)  time: 0.348002  data: 0.000221  max mem: 19472
I20260720 11:48:38 1831735 dinov2 helpers.py:102] Training  [1070/7500]  eta: 0:42:25  lr: 0.0010 (0.0006)  wd: 0.0575 (0.0460)  mom: 0.9924 (0.9921)  last_layer_lr: 0.0010 (0.0006)  current_batch_size: 64.0000 (64.0000)  total_loss: 9.4994 (9.7946)  dino_local_crops_loss: 7.3937 (7.3887)  dino_global_crops_loss: 0.9242 (0.9236)  ibot_loss: 1.1816 (1.4823)  time: 0.347546  data: 0.001827  max mem: 19472
I20260720 11:48:41 1831735 dinov2 helpers.py:102] Training  [1080/7500]  eta: 0:42:18  lr: 0.0010 (0.0007)  wd: 0.0578 (0.0461)  mom: 0.9924 (0.9921)  last_layer_lr: 0.0010 (0.0006)  current_batch_size: 64.0000 (64.0000)  total_loss: 9.4546 (9.7918)  dino_local_crops_loss: 7.3937 (7.3887)  dino_global_crops_loss: 0.9242 (0.9236)  ibot_loss: 1.1367 (1.4795)  time: 0.347172  data: 0.001816  max mem: 19472
I20260720 11:48:45 1831735 dinov2 helpers.py:102] Training  [1090/7500]  eta: 0:42:11  lr: 0.0010 (0.0007)  wd: 0.0581 (0.0462)  mom: 0.9924 (0.9921)  last_layer_lr: 0.0010 (0.0006)  current_batch_size: 64.0000 (64.0000)  total_loss: 9.5071 (9.7892)  dino_local_crops_loss: 7.3936 (7.3887)  dino_global_crops_loss: 0.9242 (0.9236)  ibot_loss: 1.1892 (1.4769)  time: 0.343819  data: 0.000229  max mem: 19472
I20260720 11:48:48 1831735 dinov2 helpers.py:102] Training  [1100/7500]  eta: 0:42:04  lr: 0.0010 (0.0007)  wd: 0.0584 (0.0463)  mom: 0.9924 (0.9921)  last_layer_lr: 0.0010 (0.0006)  current_batch_size: 64.0000 (64.0000)  total_loss: 9.5071 (9.7864)  dino_local_crops_loss: 7.3936 (7.3888)  dino_global_crops_loss: 0.9242 (0.9236)  ibot_loss: 1.1892 (1.4740)  time: 0.340139  data: 0.000264  max mem: 19472
I20260720 11:48:52 1831735 dinov2 helpers.py:102] Training  [1110/7500]  eta: 0:41:57  lr: 0.0010 (0.0007)  wd: 0.0588 (0.0464)  mom: 0.9924 (0.9921)  last_layer_lr: 0.0010 (0.0006)  current_batch_size: 64.0000 (64.0000)  total_loss: 9.4716 (9.7836)  dino_local_crops_loss: 7.3937 (7.3888)  dino_global_crops_loss: 0.9242 (0.9236)  ibot_loss: 1.1539 (1.4711)  time: 0.340254  data: 0.000280  max mem: 19472
I20260720 11:48:55 1831735 dinov2 helpers.py:102] Training  [1120/7500]  eta: 0:41:50  lr: 0.0010 (0.0007)  wd: 0.0591 (0.0465)  mom: 0.9924 (0.9921)  last_layer_lr: 0.0010 (0.0007)  current_batch_size: 64.0000 (64.0000)  total_loss: 9.4665 (9.7805)  dino_local_crops_loss: 7.3936 (7.3889)  dino_global_crops_loss: 0.9242 (0.9236)  ibot_loss: 1.1488 (1.4680)  time: 0.340142  data: 0.000404  max mem: 19472
I20260720 11:48:58 1831735 dinov2 helpers.py:102] Training  [1130/7500]  eta: 0:41:43  lr: 0.0010 (0.0007)  wd: 0.0594 (0.0466)  mom: 0.9924 (0.9921)  last_layer_lr: 0.0010 (0.0007)  current_batch_size: 64.0000 (64.0000)  total_loss: 9.4607 (9.7777)  dino_local_crops_loss: 7.3936 (7.3889)  dino_global_crops_loss: 0.9242 (0.9237)  ibot_loss: 1.1428 (1.4651)  time: 0.338291  data: 0.000390  max mem: 19472
I20260720 11:49:02 1831735 dinov2 helpers.py:102] Training  [1140/7500]  eta: 0:41:36  lr: 0.0010 (0.0007)  wd: 0.0598 (0.0468)  mom: 0.9924 (0.9922)  last_layer_lr: 0.0010 (0.0007)  current_batch_size: 64.0000 (64.0000)  total_loss: 9.4607 (9.7748)  dino_local_crops_loss: 7.3937 (7.3890)  dino_global_crops_loss: 0.9242 (0.9237)  ibot_loss: 1.1428 (1.4621)  time: 0.340667  data: 0.000222  max mem: 19472
I20260720 11:49:05 1831735 dinov2 helpers.py:102] Training  [1150/7500]  eta: 0:41:30  lr: 0.0010 (0.0007)  wd: 0.0601 (0.0469)  mom: 0.9924 (0.9922)  last_layer_lr: 0.0010 (0.0007)  current_batch_size: 64.0000 (64.0000)  total_loss: 9.4519 (9.7721)  dino_local_crops_loss: 7.3936 (7.3890)  dino_global_crops_loss: 0.9242 (0.9237)  ibot_loss: 1.1341 (1.4594)  time: 0.346796  data: 0.003558  max mem: 19472
I20260720 11:49:09 1831735 dinov2 helpers.py:102] Training  [1160/7500]  eta: 0:41:24  lr: 0.0010 (0.0007)  wd: 0.0605 (0.0470)  mom: 0.9925 (0.9922)  last_layer_lr: 0.0010 (0.0007)  current_batch_size: 64.0000 (64.0000)  total_loss: 9.4551 (9.7694)  dino_local_crops_loss: 7.3936 (7.3890)  dino_global_crops_loss: 0.9242 (0.9237)  ibot_loss: 1.1372 (1.4567)  time: 0.355164  data: 0.014600  max mem: 19472
I20260720 11:49:13 1831735 dinov2 helpers.py:102] Training  [1170/7500]  eta: 0:41:20  lr: 0.0010 (0.0007)  wd: 0.0608 (0.0471)  mom: 0.9925 (0.9922)  last_layer_lr: 0.0010 (0.0007)  current_batch_size: 64.0000 (64.0000)  total_loss: 9.4551 (9.7666)  dino_local_crops_loss: 7.3936 (7.3891)  dino_global_crops_loss: 0.9242 (0.9237)  ibot_loss: 1.1372 (1.4539)  time: 0.380107  data: 0.042654  max mem: 19472
I20260720 11:49:16 1831735 dinov2 helpers.py:102] Training  [1180/7500]  eta: 0:41:15  lr: 0.0010 (0.0007)  wd: 0.0612 (0.0472)  mom: 0.9925 (0.9922)  last_layer_lr: 0.0010 (0.0007)  current_batch_size: 64.0000 (64.0000)  total_loss: 9.4514 (9.7638)  dino_local_crops_loss: 7.3936 (7.3891)  dino_global_crops_loss: 0.9242 (0.9237)  ibot_loss: 1.1336 (1.4510)  time: 0.378408  data: 0.038176  max mem: 19472
I20260720 11:49:20 1831735 dinov2 helpers.py:102] Training  [1190/7500]  eta: 0:41:08  lr: 0.0010 (0.0007)  wd: 0.0615 (0.0474)  mom: 0.9925 (0.9922)  last_layer_lr: 0.0010 (0.0007)  current_batch_size: 64.0000 (64.0000)  total_loss: 9.4427 (9.7610)  dino_local_crops_loss: 7.3936 (7.3892)  dino_global_crops_loss: 0.9242 (0.9237)  ibot_loss: 1.1249 (1.4482)  time: 0.350464  data: 0.006945  max mem: 19472
I20260720 11:49:23 1831735 dinov2 helpers.py:102] Training  [1200/7500]  eta: 0:41:02  lr: 0.0010 (0.0007)  wd: 0.0619 (0.0475)  mom: 0.9925 (0.9922)  last_layer_lr: 0.0010 (0.0007)  current_batch_size: 64.0000 (64.0000)  total_loss: 9.4211 (9.7581)  dino_local_crops_loss: 7.3936 (7.3892)  dino_global_crops_loss: 0.9242 (0.9237)  ibot_loss: 1.1033 (1.4452)  time: 0.344452  data: 0.000535  max mem: 19472
I20260720 11:49:27 1831735 dinov2 helpers.py:102] Training  [1210/7500]  eta: 0:40:55  lr: 0.0010 (0.0007)  wd: 0.0623 (0.0476)  mom: 0.9925 (0.9922)  last_layer_lr: 0.0010 (0.0007)  current_batch_size: 64.0000 (64.0000)  total_loss: 9.4177 (9.7553)  dino_local_crops_loss: 7.3936 (7.3892)  dino_global_crops_loss: 0.9242 (0.9237)  ibot_loss: 1.0998 (1.4424)  time: 0.343401  data: 0.001975  max mem: 19472
I20260720 11:49:30 1831735 dinov2 helpers.py:102] Training  [1220/7500]  eta: 0:40:49  lr: 0.0010 (0.0007)  wd: 0.0626 (0.0477)  mom: 0.9925 (0.9922)  last_layer_lr: 0.0010 (0.0007)  current_batch_size: 64.0000 (64.0000)  total_loss: 9.4026 (9.7523)  dino_local_crops_loss: 7.3936 (7.3893)  dino_global_crops_loss: 0.9242 (0.9237)  ibot_loss: 1.0847 (1.4393)  time: 0.345473  data: 0.006862  max mem: 19472
I20260720 11:49:34 1831735 dinov2 helpers.py:102] Training  [1230/7500]  eta: 0:40:46  lr: 0.0010 (0.0007)  wd: 0.0630 (0.0479)  mom: 0.9925 (0.9922)  last_layer_lr: 0.0010 (0.0007)  current_batch_size: 64.0000 (64.0000)  total_loss: 9.3650 (9.7490)  dino_local_crops_loss: 7.3936 (7.3893)  dino_global_crops_loss: 0.9242 (0.9237)  ibot_loss: 1.0472 (1.4360)  time: 0.374396  data: 0.030717  max mem: 19472
I20260720 11:49:38 1831735 dinov2 helpers.py:102] Training  [1240/7500]  eta: 0:40:40  lr: 0.0010 (0.0007)  wd: 0.0634 (0.0480)  mom: 0.9925 (0.9922)  last_layer_lr: 0.0010 (0.0007)  current_batch_size: 64.0000 (64.0000)  total_loss: 9.3843 (9.7462)  dino_local_crops_loss: 7.3936 (7.3893)  dino_global_crops_loss: 0.9242 (0.9237)  ibot_loss: 1.0665 (1.4332)  time: 0.378511  data: 0.035476  max mem: 19472
I20260720 11:49:41 1831735 dinov2 helpers.py:102] Training  [1250/7500]  eta: 0:40:34  lr: 0.0010 (0.0007)  wd: 0.0637 (0.0481)  mom: 0.9925 (0.9922)  last_layer_lr: 0.0010 (0.0007)  current_batch_size: 64.0000 (64.0000)  total_loss: 9.3815 (9.7432)  dino_local_crops_loss: 7.3937 (7.3894)  dino_global_crops_loss: 0.9242 (0.9237)  ibot_loss: 1.0637 (1.4301)  time: 0.352076  data: 0.011501  max mem: 19472
I20260720 11:49:45 1831735 dinov2 helpers.py:102] Training  [1260/7500]  eta: 0:40:30  lr: 0.0010 (0.0007)  wd: 0.0641 (0.0482)  mom: 0.9925 (0.9922)  last_layer_lr: 0.0010 (0.0007)  current_batch_size: 64.0000 (64.0000)  total_loss: 9.3517 (9.7401)  dino_local_crops_loss: 7.3937 (7.3894)  dino_global_crops_loss: 0.9242 (0.9237)  ibot_loss: 1.0339 (1.4270)  time: 0.360003  data: 0.012746  max mem: 19472
I20260720 11:49:48 1831735 dinov2 helpers.py:102] Training  [1270/7500]  eta: 0:40:23  lr: 0.0010 (0.0007)  wd: 0.0645 (0.0484)  mom: 0.9925 (0.9922)  last_layer_lr: 0.0010 (0.0007)  current_batch_size: 64.0000 (64.0000)  total_loss: 9.3414 (9.7371)  dino_local_crops_loss: 7.3936 (7.3894)  dino_global_crops_loss: 0.9242 (0.9237)  ibot_loss: 1.0235 (1.4240)  time: 0.356580  data: 0.011255  max mem: 19472
I20260720 11:49:52 1831735 dinov2 helpers.py:102] Training  [1280/7500]  eta: 0:40:17  lr: 0.0010 (0.0007)  wd: 0.0649 (0.0485)  mom: 0.9926 (0.9922)  last_layer_lr: 0.0010 (0.0007)  current_batch_size: 64.0000 (64.0000)  total_loss: 9.3414 (9.7340)  dino_local_crops_loss: 7.3937 (7.3895)  dino_global_crops_loss: 0.9242 (0.9237)  ibot_loss: 1.0235 (1.4208)  time: 0.341620  data: 0.000195  max mem: 19472
I20260720 11:49:56 1831735 dinov2 helpers.py:102] Training  [1290/7500]  eta: 0:40:12  lr: 0.0010 (0.0007)  wd: 0.0653 (0.0486)  mom: 0.9926 (0.9922)  last_layer_lr: 0.0010 (0.0007)  current_batch_size: 64.0000 (64.0000)  total_loss: 9.3693 (9.7313)  dino_local_crops_loss: 7.3937 (7.3895)  dino_global_crops_loss: 0.9242 (0.9237)  ibot_loss: 1.0514 (1.4180)  time: 0.353932  data: 0.010766  max mem: 19472
I20260720 11:49:59 1831735 dinov2 helpers.py:102] Training  [1300/7500]  eta: 0:40:08  lr: 0.0010 (0.0007)  wd: 0.0656 (0.0488)  mom: 0.9926 (0.9922)  last_layer_lr: 0.0010 (0.0007)  current_batch_size: 64.0000 (64.0000)  total_loss: 9.3732 (9.7284)  dino_local_crops_loss: 7.3936 (7.3895)  dino_global_crops_loss: 0.9242 (0.9237)  ibot_loss: 1.0554 (1.4152)  time: 0.373274  data: 0.033794  max mem: 19472
I20260720 11:50:03 1831735 dinov2 helpers.py:102] Training  [1310/7500]  eta: 0:40:03  lr: 0.0010 (0.0007)  wd: 0.0660 (0.0489)  mom: 0.9926 (0.9922)  last_layer_lr: 0.0010 (0.0007)  current_batch_size: 64.0000 (64.0000)  total_loss: 9.3480 (9.7253)  dino_local_crops_loss: 7.3936 (7.3896)  dino_global_crops_loss: 0.9242 (0.9237)  ibot_loss: 1.0302 (1.4120)  time: 0.378305  data: 0.037329  max mem: 19472
I20260720 11:50:07 1831735 dinov2 helpers.py:102] Training  [1320/7500]  eta: 0:39:59  lr: 0.0010 (0.0007)  wd: 0.0664 (0.0490)  mom: 0.9926 (0.9922)  last_layer_lr: 0.0010 (0.0007)  current_batch_size: 64.0000 (64.0000)  total_loss: 9.3048 (9.7220)  dino_local_crops_loss: 7.3936 (7.3896)  dino_global_crops_loss: 0.9242 (0.9237)  ibot_loss: 0.9870 (1.4087)  time: 0.379556  data: 0.036878  max mem: 19472
I20260720 11:50:11 1831735 dinov2 helpers.py:102] Training  [1330/7500]  eta: 0:39:54  lr: 0.0010 (0.0007)  wd: 0.0668 (0.0492)  mom: 0.9926 (0.9922)  last_layer_lr: 0.0010 (0.0007)  current_batch_size: 64.0000 (64.0000)  total_loss: 9.2903 (9.7189)  dino_local_crops_loss: 7.3936 (7.3896)  dino_global_crops_loss: 0.9242 (0.9237)  ibot_loss: 0.9725 (1.4056)  time: 0.372174  data: 0.032790  max mem: 19472
I20260720 11:50:14 1831735 dinov2 helpers.py:102] Training  [1340/7500]  eta: 0:39:50  lr: 0.0010 (0.0007)  wd: 0.0672 (0.0493)  mom: 0.9926 (0.9922)  last_layer_lr: 0.0010 (0.0007)  current_batch_size: 64.0000 (64.0000)  total_loss: 9.3064 (9.7158)  dino_local_crops_loss: 7.3936 (7.3897)  dino_global_crops_loss: 0.9242 (0.9237)  ibot_loss: 0.9886 (1.4024)  time: 0.370898  data: 0.032127  max mem: 19472
I20260720 11:50:18 1831735 fvcore.common.checkpoint __init__.py:109] Saving checkpoint to /sci/labs/arieljaffe/dan.abergel1/runs/brain/hcp_imgnet_localglobal/model_0001349.rank_0.pth
I20260720 11:50:19 1831735 dinov2 helpers.py:102] Training  [1350/7500]  eta: 0:39:50  lr: 0.0010 (0.0007)  wd: 0.0676 (0.0494)  mom: 0.9926 (0.9922)  last_layer_lr: 0.0010 (0.0007)  current_batch_size: 64.0000 (64.0000)  total_loss: 9.3056 (9.7127)  dino_local_crops_loss: 7.3936 (7.3897)  dino_global_crops_loss: 0.9242 (0.9237)  ibot_loss: 0.9878 (1.3993)  time: 0.430780  data: 0.022303  max mem: 19472
I20260720 11:50:23 1831735 dinov2 helpers.py:102] Training  [1360/7500]  eta: 0:39:45  lr: 0.0010 (0.0007)  wd: 0.0680 (0.0496)  mom: 0.9926 (0.9922)  last_layer_lr: 0.0010 (0.0007)  current_batch_size: 64.0000 (64.0000)  total_loss: 9.2980 (9.7095)  dino_local_crops_loss: 7.3936 (7.3897)  dino_global_crops_loss: 0.9242 (0.9237)  ibot_loss: 0.9802 (1.3961)  time: 0.413502  data: 0.000416  max mem: 19472
I20260720 11:50:26 1831735 dinov2 helpers.py:102] Training  [1370/7500]  eta: 0:39:38  lr: 0.0010 (0.0007)  wd: 0.0684 (0.0497)  mom: 0.9926 (0.9922)  last_layer_lr: 0.0010 (0.0007)  current_batch_size: 64.0000 (64.0000)  total_loss: 9.2704 (9.7063)  dino_local_crops_loss: 7.3936 (7.3897)  dino_global_crops_loss: 0.9242 (0.9237)  ibot_loss: 0.9526 (1.3928)  time: 0.342934  data: 0.000383  max mem: 19472
I20260720 11:50:30 1831735 dinov2 helpers.py:102] Training  [1380/7500]  eta: 0:39:33  lr: 0.0010 (0.0007)  wd: 0.0688 (0.0499)  mom: 0.9926 (0.9922)  last_layer_lr: 0.0010 (0.0007)  current_batch_size: 64.0000 (64.0000)  total_loss: 9.2608 (9.7032)  dino_local_crops_loss: 7.3936 (7.3898)  dino_global_crops_loss: 0.9242 (0.9238)  ibot_loss: 0.9430 (1.3897)  time: 0.343202  data: 0.000532  max mem: 19472
I20260720 11:50:33 1831735 dinov2 helpers.py:102] Training  [1390/7500]  eta: 0:39:27  lr: 0.0010 (0.0007)  wd: 0.0692 (0.0500)  mom: 0.9926 (0.9922)  last_layer_lr: 0.0010 (0.0007)  current_batch_size: 64.0000 (64.0000)  total_loss: 9.2436 (9.6998)  dino_local_crops_loss: 7.3936 (7.3898)  dino_global_crops_loss: 0.9242 (0.9238)  ibot_loss: 0.9258 (1.3862)  time: 0.347068  data: 0.000379  max mem: 19472
I20260720 11:50:36 1831735 dinov2 helpers.py:102] Training  [1400/7500]  eta: 0:39:21  lr: 0.0010 (0.0007)  wd: 0.0697 (0.0501)  mom: 0.9927 (0.9922)  last_layer_lr: 0.0010 (0.0007)  current_batch_size: 64.0000 (64.0000)  total_loss: 9.1833 (9.6960)  dino_local_crops_loss: 7.3936 (7.3898)  dino_global_crops_loss: 0.9242 (0.9238)  ibot_loss: 0.8652 (1.3824)  time: 0.342671  data: 0.000262  max mem: 19472
I20260720 11:50:40 1831735 dinov2 helpers.py:102] Training  [1410/7500]  eta: 0:39:15  lr: 0.0010 (0.0007)  wd: 0.0701 (0.0503)  mom: 0.9927 (0.9922)  last_layer_lr: 0.0010 (0.0007)  current_batch_size: 64.0000 (64.0000)  total_loss: 9.1937 (9.6926)  dino_local_crops_loss: 7.3936 (7.3899)  dino_global_crops_loss: 0.9242 (0.9238)  ibot_loss: 0.8758 (1.3790)  time: 0.341379  data: 0.000245  max mem: 19472
I20260720 11:50:43 1831735 dinov2 helpers.py:102] Training  [1420/7500]  eta: 0:39:10  lr: 0.0010 (0.0007)  wd: 0.0705 (0.0504)  mom: 0.9927 (0.9922)  last_layer_lr: 0.0010 (0.0007)  current_batch_size: 64.0000 (64.0000)  total_loss: 9.2443 (9.6894)  dino_local_crops_loss: 7.3936 (7.3899)  dino_global_crops_loss: 0.9242 (0.9238)  ibot_loss: 0.9265 (1.3758)  time: 0.345787  data: 0.000173  max mem: 19472
I20260720 11:50:47 1831735 dinov2 helpers.py:102] Training  [1430/7500]  eta: 0:39:04  lr: 0.0010 (0.0007)  wd: 0.0709 (0.0506)  mom: 0.9927 (0.9922)  last_layer_lr: 0.0010 (0.0007)  current_batch_size: 64.0000 (64.0000)  total_loss: 9.1989 (9.6857)  dino_local_crops_loss: 7.3936 (7.3899)  dino_global_crops_loss: 0.9242 (0.9238)  ibot_loss: 0.8810 (1.3720)  time: 0.345498  data: 0.000167  max mem: 19472
I20260720 11:50:50 1831735 dinov2 helpers.py:102] Training  [1440/7500]  eta: 0:38:58  lr: 0.0010 (0.0007)  wd: 0.0713 (0.0507)  mom: 0.9927 (0.9922)  last_layer_lr: 0.0010 (0.0007)  current_batch_size: 64.0000 (64.0000)  total_loss: 9.1490 (9.6820)  dino_local_crops_loss: 7.3936 (7.3899)  dino_global_crops_loss: 0.9242 (0.9238)  ibot_loss: 0.8312 (1.3683)  time: 0.342669  data: 0.000198  max mem: 19472
I20260720 11:50:54 1831735 dinov2 helpers.py:102] Training  [1450/7500]  eta: 0:38:53  lr: 0.0010 (0.0007)  wd: 0.0718 (0.0509)  mom: 0.9927 (0.9922)  last_layer_lr: 0.0010 (0.0007)  current_batch_size: 64.0000 (64.0000)  total_loss: 9.1590 (9.6784)  dino_local_crops_loss: 7.3936 (7.3900)  dino_global_crops_loss: 0.9242 (0.9238)  ibot_loss: 0.8412 (1.3647)  time: 0.342796  data: 0.000238  max mem: 19472
I20260720 11:50:57 1831735 dinov2 helpers.py:102] Training  [1460/7500]  eta: 0:38:47  lr: 0.0010 (0.0007)  wd: 0.0722 (0.0510)  mom: 0.9927 (0.9922)  last_layer_lr: 0.0010 (0.0007)  current_batch_size: 64.0000 (64.0000)  total_loss: 9.1443 (9.6747)  dino_local_crops_loss: 7.3936 (7.3900)  dino_global_crops_loss: 0.9242 (0.9238)  ibot_loss: 0.8265 (1.3610)  time: 0.345596  data: 0.002878  max mem: 19472
I20260720 11:51:01 1831735 dinov2 helpers.py:102] Training  [1470/7500]  eta: 0:38:44  lr: 0.0010 (0.0007)  wd: 0.0726 (0.0512)  mom: 0.9927 (0.9922)  last_layer_lr: 0.0010 (0.0007)  current_batch_size: 64.0000 (64.0000)  total_loss: 9.0911 (9.6705)  dino_local_crops_loss: 7.3936 (7.3900)  dino_global_crops_loss: 0.9242 (0.9238)  ibot_loss: 0.7732 (1.3568)  time: 0.369165  data: 0.025102  max mem: 19472
I20260720 11:51:04 1831735 dinov2 helpers.py:102] Training  [1480/7500]  eta: 0:38:38  lr: 0.0010 (0.0007)  wd: 0.0731 (0.0513)  mom: 0.9927 (0.9923)  last_layer_lr: 0.0010 (0.0007)  current_batch_size: 64.0000 (64.0000)  total_loss: 9.0498 (9.6664)  dino_local_crops_loss: 7.3936 (7.3900)  dino_global_crops_loss: 0.9242 (0.9238)  ibot_loss: 0.7318 (1.3526)  time: 0.366287  data: 0.024010  max mem: 19472
I20260720 11:51:08 1831735 dinov2 helpers.py:102] Training  [1490/7500]  eta: 0:38:35  lr: 0.0010 (0.0007)  wd: 0.0735 (0.0515)  mom: 0.9927 (0.9923)  last_layer_lr: 0.0010 (0.0007)  current_batch_size: 64.0000 (64.0000)  total_loss: 9.0463 (9.6622)  dino_local_crops_loss: 7.3936 (7.3901)  dino_global_crops_loss: 0.9242 (0.9238)  ibot_loss: 0.7284 (1.3484)  time: 0.373820  data: 0.031829  max mem: 19472
I20260720 11:51:12 1831735 dinov2 helpers.py:102] Training  [1500/7500]  eta: 0:38:30  lr: 0.0010 (0.0007)  wd: 0.0739 (0.0516)  mom: 0.9928 (0.9923)  last_layer_lr: 0.0010 (0.0007)  current_batch_size: 64.0000 (64.0000)  total_loss: 9.0134 (9.6578)  dino_local_crops_loss: 7.3936 (7.3901)  dino_global_crops_loss: 0.9242 (0.9238)  ibot_loss: 0.6956 (1.3439)  time: 0.375001  data: 0.036016  max mem: 19472
I20260720 11:51:16 1831735 dinov2 helpers.py:102] Training  [1510/7500]  eta: 0:38:25  lr: 0.0010 (0.0007)  wd: 0.0744 (0.0518)  mom: 0.9928 (0.9923)  last_layer_lr: 0.0010 (0.0007)  current_batch_size: 64.0000 (64.0000)  total_loss: 8.9532 (9.6531)  dino_local_crops_loss: 7.3936 (7.3901)  dino_global_crops_loss: 0.9242 (0.9238)  ibot_loss: 0.6354 (1.3392)  time: 0.353577  data: 0.016095  max mem: 19472
I20260720 11:51:19 1831735 dinov2 helpers.py:102] Training  [1520/7500]  eta: 0:38:21  lr: 0.0010 (0.0007)  wd: 0.0748 (0.0519)  mom: 0.9928 (0.9923)  last_layer_lr: 0.0010 (0.0007)  current_batch_size: 64.0000 (64.0000)  total_loss: 8.9544 (9.6486)  dino_local_crops_loss: 7.3936 (7.3901)  dino_global_crops_loss: 0.9242 (0.9238)  ibot_loss: 0.6366 (1.3346)  time: 0.368028  data: 0.027812  max mem: 19472
I20260720 11:51:23 1831735 dinov2 helpers.py:102] Training  [1530/7500]  eta: 0:38:15  lr: 0.0010 (0.0007)  wd: 0.0753 (0.0521)  mom: 0.9928 (0.9923)  last_layer_lr: 0.0010 (0.0007)  current_batch_size: 64.0000 (64.0000)  total_loss: 8.9540 (9.6439)  dino_local_crops_loss: 7.3936 (7.3902)  dino_global_crops_loss: 0.9242 (0.9238)  ibot_loss: 0.6362 (1.3299)  time: 0.360739  data: 0.017678  max mem: 19472
I20260720 11:51:26 1831735 dinov2 helpers.py:102] Training  [1540/7500]  eta: 0:38:10  lr: 0.0010 (0.0008)  wd: 0.0757 (0.0522)  mom: 0.9928 (0.9923)  last_layer_lr: 0.0010 (0.0007)  current_batch_size: 64.0000 (64.0000)  total_loss: 8.9178 (9.6391)  dino_local_crops_loss: 7.3936 (7.3902)  dino_global_crops_loss: 0.9242 (0.9238)  ibot_loss: 0.6000 (1.3251)  time: 0.345899  data: 0.000224  max mem: 19472
I20260720 11:51:30 1831735 dinov2 helpers.py:102] Training  [1550/7500]  eta: 0:38:05  lr: 0.0010 (0.0008)  wd: 0.0762 (0.0524)  mom: 0.9928 (0.9923)  last_layer_lr: 0.0010 (0.0007)  current_batch_size: 64.0000 (64.0000)  total_loss: 8.9065 (9.6344)  dino_local_crops_loss: 7.3936 (7.3902)  dino_global_crops_loss: 0.9242 (0.9238)  ibot_loss: 0.5887 (1.3204)  time: 0.353507  data: 0.009905  max mem: 19472
I20260720 11:51:34 1831735 dinov2 helpers.py:102] Training  [1560/7500]  eta: 0:38:01  lr: 0.0010 (0.0008)  wd: 0.0766 (0.0525)  mom: 0.9928 (0.9923)  last_layer_lr: 0.0010 (0.0007)  current_batch_size: 64.0000 (64.0000)  total_loss: 8.9190 (9.6299)  dino_local_crops_loss: 7.3936 (7.3902)  dino_global_crops_loss: 0.9242 (0.9238)  ibot_loss: 0.6012 (1.3158)  time: 0.368361  data: 0.026727  max mem: 19472
I20260720 11:51:37 1831735 dinov2 helpers.py:102] Training  [1570/7500]  eta: 0:37:55  lr: 0.0010 (0.0008)  wd: 0.0771 (0.0527)  mom: 0.9928 (0.9923)  last_layer_lr: 0.0010 (0.0007)  current_batch_size: 64.0000 (64.0000)  total_loss: 8.8834 (9.6251)  dino_local_crops_loss: 7.3936 (7.3902)  dino_global_crops_loss: 0.9242 (0.9238)  ibot_loss: 0.5656 (1.3110)  time: 0.357654  data: 0.018951  max mem: 19472
I20260720 11:51:41 1831735 dinov2 helpers.py:102] Training  [1580/7500]  eta: 0:37:52  lr: 0.0010 (0.0008)  wd: 0.0775 (0.0529)  mom: 0.9928 (0.9923)  last_layer_lr: 0.0010 (0.0007)  current_batch_size: 64.0000 (64.0000)  total_loss: 8.8691 (9.6203)  dino_local_crops_loss: 7.3936 (7.3903)  dino_global_crops_loss: 0.9242 (0.9238)  ibot_loss: 0.5513 (1.3062)  time: 0.373155  data: 0.031637  max mem: 19472
I20260720 11:51:44 1831735 dinov2 helpers.py:102] Training  [1590/7500]  eta: 0:37:47  lr: 0.0010 (0.0008)  wd: 0.0780 (0.0530)  mom: 0.9928 (0.9923)  last_layer_lr: 0.0010 (0.0007)  current_batch_size: 64.0000 (64.0000)  total_loss: 8.8664 (9.6155)  dino_local_crops_loss: 7.3936 (7.3903)  dino_global_crops_loss: 0.9242 (0.9238)  ibot_loss: 0.5486 (1.3015)  time: 0.371727  data: 0.029704  max mem: 19472
I20260720 11:51:48 1831735 dinov2 helpers.py:102] Training  [1600/7500]  eta: 0:37:43  lr: 0.0010 (0.0008)  wd: 0.0785 (0.0532)  mom: 0.9929 (0.9923)  last_layer_lr: 0.0010 (0.0007)  current_batch_size: 64.0000 (64.0000)  total_loss: 8.8538 (9.6108)  dino_local_crops_loss: 7.3936 (7.3903)  dino_global_crops_loss: 0.9242 (0.9238)  ibot_loss: 0.5360 (1.2967)  time: 0.359976  data: 0.020623  max mem: 19472
I20260720 11:51:52 1831735 dinov2 helpers.py:102] Training  [1610/7500]  eta: 0:37:39  lr: 0.0010 (0.0008)  wd: 0.0789 (0.0533)  mom: 0.9929 (0.9923)  last_layer_lr: 0.0010 (0.0008)  current_batch_size: 64.0000 (64.0000)  total_loss: 8.8508 (9.6060)  dino_local_crops_loss: 7.3936 (7.3903)  dino_global_crops_loss: 0.9242 (0.9238)  ibot_loss: 0.5330 (1.2918)  time: 0.374457  data: 0.035046  max mem: 19472
I20260720 11:51:55 1831735 dinov2 helpers.py:102] Training  [1620/7500]  eta: 0:37:33  lr: 0.0010 (0.0008)  wd: 0.0794 (0.0535)  mom: 0.9929 (0.9923)  last_layer_lr: 0.0010 (0.0008)  current_batch_size: 64.0000 (64.0000)  total_loss: 8.8469 (9.6013)  dino_local_crops_loss: 7.3936 (7.3903)  dino_global_crops_loss: 0.9242 (0.9238)  ibot_loss: 0.5291 (1.2871)  time: 0.356036  data: 0.014792  max mem: 19472
I20260720 11:51:59 1831735 dinov2 helpers.py:102] Training  [1630/7500]  eta: 0:37:28  lr: 0.0010 (0.0008)  wd: 0.0799 (0.0537)  mom: 0.9929 (0.9923)  last_layer_lr: 0.0010 (0.0008)  current_batch_size: 64.0000 (64.0000)  total_loss: 8.8462 (9.5966)  dino_local_crops_loss: 7.3936 (7.3904)  dino_global_crops_loss: 0.9242 (0.9238)  ibot_loss: 0.5284 (1.2824)  time: 0.342898  data: 0.000398  max mem: 19472
I20260720 11:52:02 1831735 dinov2 helpers.py:102] Training  [1640/7500]  eta: 0:37:23  lr: 0.0010 (0.0008)  wd: 0.0804 (0.0538)  mom: 0.9929 (0.9923)  last_layer_lr: 0.0010 (0.0008)  current_batch_size: 64.0000 (64.0000)  total_loss: 8.8385 (9.5920)  dino_local_crops_loss: 7.3936 (7.3904)  dino_global_crops_loss: 0.9242 (0.9238)  ibot_loss: 0.5207 (1.2778)  time: 0.339508  data: 0.000247  max mem: 19472
I20260720 11:52:06 1831735 dinov2 helpers.py:102] Training  [1650/7500]  eta: 0:37:18  lr: 0.0010 (0.0008)  wd: 0.0808 (0.0540)  mom: 0.9929 (0.9923)  last_layer_lr: 0.0010 (0.0008)  current_batch_size: 64.0000 (64.0000)  total_loss: 8.8361 (9.5874)  dino_local_crops_loss: 7.3936 (7.3904)  dino_global_crops_loss: 0.9242 (0.9238)  ibot_loss: 0.5182 (1.2732)  time: 0.344573  data: 0.000589  max mem: 19472
I20260720 11:52:09 1831735 dinov2 helpers.py:102] Training  [1660/7500]  eta: 0:37:13  lr: 0.0010 (0.0008)  wd: 0.0813 (0.0542)  mom: 0.9929 (0.9923)  last_layer_lr: 0.0010 (0.0008)  current_batch_size: 64.0000 (64.0000)  total_loss: 8.8199 (9.5828)  dino_local_crops_loss: 7.3936 (7.3904)  dino_global_crops_loss: 0.9242 (0.9238)  ibot_loss: 0.5021 (1.2685)  time: 0.349045  data: 0.000751  max mem: 19472
I20260720 11:52:13 1831735 dinov2 helpers.py:102] Training  [1670/7500]  eta: 0:37:07  lr: 0.0010 (0.0008)  wd: 0.0818 (0.0543)  mom: 0.9929 (0.9923)  last_layer_lr: 0.0010 (0.0008)  current_batch_size: 64.0000 (64.0000)  total_loss: 8.8175 (9.5782)  dino_local_crops_loss: 7.3936 (7.3904)  dino_global_crops_loss: 0.9242 (0.9238)  ibot_loss: 0.4997 (1.2639)  time: 0.340769  data: 0.000434  max mem: 19472
I20260720 11:52:16 1831735 dinov2 helpers.py:102] Training  [1680/7500]  eta: 0:37:02  lr: 0.0010 (0.0008)  wd: 0.0823 (0.0545)  mom: 0.9929 (0.9923)  last_layer_lr: 0.0010 (0.0008)  current_batch_size: 64.0000 (64.0000)  total_loss: 8.8149 (9.5735)  dino_local_crops_loss: 7.3936 (7.3905)  dino_global_crops_loss: 0.9242 (0.9238)  ibot_loss: 0.4971 (1.2592)  time: 0.347841  data: 0.011815  max mem: 19472
I20260720 11:52:20 1831735 dinov2 helpers.py:102] Training  [1690/7500]  eta: 0:36:59  lr: 0.0010 (0.0008)  wd: 0.0828 (0.0547)  mom: 0.9930 (0.9923)  last_layer_lr: 0.0010 (0.0008)  current_batch_size: 64.0000 (64.0000)  total_loss: 8.7924 (9.5689)  dino_local_crops_loss: 7.3936 (7.3905)  dino_global_crops_loss: 0.9242 (0.9238)  ibot_loss: 0.4746 (1.2545)  time: 0.370816  data: 0.033397  max mem: 19472
I20260720 11:52:24 1831735 dinov2 helpers.py:102] Training  [1700/7500]  eta: 0:36:54  lr: 0.0010 (0.0008)  wd: 0.0832 (0.0548)  mom: 0.9930 (0.9923)  last_layer_lr: 0.0010 (0.0008)  current_batch_size: 64.0000 (64.0000)  total_loss: 8.7744 (9.5641)  dino_local_crops_loss: 7.3936 (7.3905)  dino_global_crops_loss: 0.9242 (0.9238)  ibot_loss: 0.4566 (1.2498)  time: 0.374661  data: 0.032553  max mem: 19472
I20260720 11:52:27 1831735 dinov2 helpers.py:102] Training  [1710/7500]  eta: 0:36:49  lr: 0.0010 (0.0008)  wd: 0.0837 (0.0550)  mom: 0.9930 (0.9923)  last_layer_lr: 0.0010 (0.0008)  current_batch_size: 64.0000 (64.0000)  total_loss: 8.7603 (9.5595)  dino_local_crops_loss: 7.3936 (7.3905)  dino_global_crops_loss: 0.9242 (0.9238)  ibot_loss: 0.4425 (1.2451)  time: 0.355014  data: 0.011309  max mem: 19472
I20260720 11:52:31 1831735 dinov2 helpers.py:102] Training  [1720/7500]  eta: 0:36:45  lr: 0.0010 (0.0008)  wd: 0.0842 (0.0552)  mom: 0.9930 (0.9923)  last_layer_lr: 0.0010 (0.0008)  current_batch_size: 64.0000 (64.0000)  total_loss: 8.7652 (9.5549)  dino_local_crops_loss: 7.3936 (7.3905)  dino_global_crops_loss: 0.9242 (0.9238)  ibot_loss: 0.4474 (1.2406)  time: 0.352753  data: 0.014885  max mem: 19472
I20260720 11:52:35 1831735 dinov2 helpers.py:102] Training  [1730/7500]  eta: 0:36:42  lr: 0.0009 (0.0008)  wd: 0.0847 (0.0553)  mom: 0.9930 (0.9923)  last_layer_lr: 0.0009 (0.0008)  current_batch_size: 64.0000 (64.0000)  total_loss: 8.7576 (9.5503)  dino_local_crops_loss: 7.3936 (7.3906)  dino_global_crops_loss: 0.9242 (0.9238)  ibot_loss: 0.4398 (1.2359)  time: 0.386606  data: 0.048999  max mem: 19472
I20260720 11:52:39 1831735 dinov2 helpers.py:102] Training  [1740/7500]  eta: 0:36:39  lr: 0.0009 (0.0008)  wd: 0.0852 (0.0555)  mom: 0.9930 (0.9923)  last_layer_lr: 0.0009 (0.0008)  current_batch_size: 64.0000 (64.0000)  total_loss: 8.7588 (9.5459)  dino_local_crops_loss: 7.3936 (7.3906)  dino_global_crops_loss: 0.9242 (0.9238)  ibot_loss: 0.4410 (1.2314)  time: 0.413020  data: 0.071560  max mem: 19472
I20260720 11:52:42 1831735 dinov2 helpers.py:102] Training  [1750/7500]  eta: 0:36:34  lr: 0.0009 (0.0008)  wd: 0.0857 (0.0557)  mom: 0.9930 (0.9923)  last_layer_lr: 0.0009 (0.0008)  current_batch_size: 64.0000 (64.0000)  total_loss: 8.7773 (9.5414)  dino_local_crops_loss: 7.3936 (7.3906)  dino_global_crops_loss: 0.9242 (0.9238)  ibot_loss: 0.4595 (1.2270)  time: 0.379669  data: 0.038646  max mem: 19472
I20260720 11:52:46 1831735 dinov2 helpers.py:102] Training  [1760/7500]  eta: 0:36:29  lr: 0.0009 (0.0008)  wd: 0.0862 (0.0559)  mom: 0.9930 (0.9924)  last_layer_lr: 0.0009 (0.0008)  current_batch_size: 64.0000 (64.0000)  total_loss: 8.7464 (9.5369)  dino_local_crops_loss: 7.3936 (7.3906)  dino_global_crops_loss: 0.9242 (0.9239)  ibot_loss: 0.4286 (1.2225)  time: 0.342743  data: 0.001747  max mem: 19472
I20260720 11:52:49 1831735 dinov2 helpers.py:102] Training  [1770/7500]  eta: 0:36:24  lr: 0.0009 (0.0008)  wd: 0.0867 (0.0560)  mom: 0.9930 (0.9924)  last_layer_lr: 0.0009 (0.0008)  current_batch_size: 64.0000 (64.0000)  total_loss: 8.7472 (9.5325)  dino_local_crops_loss: 7.3936 (7.3906)  dino_global_crops_loss: 0.9242 (0.9239)  ibot_loss: 0.4294 (1.2181)  time: 0.340368  data: 0.000178  max mem: 19472
I20260720 11:52:53 1831735 dinov2 helpers.py:102] Training  [1780/7500]  eta: 0:36:19  lr: 0.0009 (0.0008)  wd: 0.0872 (0.0562)  mom: 0.9930 (0.9924)  last_layer_lr: 0.0009 (0.0008)  current_batch_size: 64.0000 (64.0000)  total_loss: 8.7480 (9.5281)  dino_local_crops_loss: 7.3936 (7.3906)  dino_global_crops_loss: 0.9242 (0.9239)  ibot_loss: 0.4302 (1.2136)  time: 0.347321  data: 0.007233  max mem: 19472
I20260720 11:52:56 1831735 dinov2 helpers.py:102] Training  [1790/7500]  eta: 0:36:14  lr: 0.0009 (0.0008)  wd: 0.0878 (0.0564)  mom: 0.9931 (0.9924)  last_layer_lr: 0.0009 (0.0008)  current_batch_size: 64.0000 (64.0000)  total_loss: 8.7379 (9.5237)  dino_local_crops_loss: 7.3936 (7.3907)  dino_global_crops_loss: 0.9242 (0.9239)  ibot_loss: 0.4200 (1.2092)  time: 0.350922  data: 0.007290  max mem: 19472
I20260720 11:53:00 1831735 fvcore.common.checkpoint __init__.py:109] Saving checkpoint to /sci/labs/arieljaffe/dan.abergel1/runs/brain/hcp_imgnet_localglobal/model_0001799.rank_0.pth
I20260720 11:53:01 1831735 dinov2 helpers.py:102] Training  [1800/7500]  eta: 0:36:13  lr: 0.0009 (0.0008)  wd: 0.0883 (0.0566)  mom: 0.9931 (0.9924)  last_layer_lr: 0.0009 (0.0008)  current_batch_size: 64.0000 (64.0000)  total_loss: 8.7397 (9.5194)  dino_local_crops_loss: 7.3936 (7.3907)  dino_global_crops_loss: 0.9242 (0.9239)  ibot_loss: 0.4219 (1.2049)  time: 0.405871  data: 0.009196  max mem: 19472
I20260720 11:53:04 1831735 dinov2 helpers.py:102] Training  [1810/7500]  eta: 0:36:08  lr: 0.0009 (0.0008)  wd: 0.0888 (0.0568)  mom: 0.9931 (0.9924)  last_layer_lr: 0.0009 (0.0008)  current_batch_size: 64.0000 (64.0000)  total_loss: 8.7483 (9.5152)  dino_local_crops_loss: 7.3936 (7.3907)  dino_global_crops_loss: 0.9242 (0.9239)  ibot_loss: 0.4305 (1.2006)  time: 0.402927  data: 0.009150  max mem: 19472
I20260720 11:53:08 1831735 dinov2 helpers.py:102] Training  [1820/7500]  eta: 0:36:03  lr: 0.0009 (0.0008)  wd: 0.0893 (0.0569)  mom: 0.9931 (0.9924)  last_layer_lr: 0.0009 (0.0008)  current_batch_size: 64.0000 (64.0000)  total_loss: 8.7612 (9.5110)  dino_local_crops_loss: 7.3936 (7.3907)  dino_global_crops_loss: 0.9242 (0.9239)  ibot_loss: 0.4433 (1.1965)  time: 0.343717  data: 0.000234  max mem: 19472
I20260720 11:53:11 1831735 dinov2 helpers.py:102] Training  [1830/7500]  eta: 0:35:58  lr: 0.0009 (0.0008)  wd: 0.0898 (0.0571)  mom: 0.9931 (0.9924)  last_layer_lr: 0.0009 (0.0008)  current_batch_size: 64.0000 (64.0000)  total_loss: 8.7583 (9.5069)  dino_local_crops_loss: 7.3936 (7.3907)  dino_global_crops_loss: 0.9242 (0.9239)  ibot_loss: 0.4405 (1.1923)  time: 0.345345  data: 0.000244  max mem: 19472
I20260720 11:53:15 1831735 dinov2 helpers.py:102] Training  [1840/7500]  eta: 0:35:53  lr: 0.0009 (0.0008)  wd: 0.0903 (0.0573)  mom: 0.9931 (0.9924)  last_layer_lr: 0.0009 (0.0008)  current_batch_size: 64.0000 (64.0000)  total_loss: 8.7575 (9.5029)  dino_local_crops_loss: 7.3936 (7.3907)  dino_global_crops_loss: 0.9242 (0.9239)  ibot_loss: 0.4397 (1.1883)  time: 0.343724  data: 0.000429  max mem: 19472
I20260720 11:53:18 1831735 dinov2 helpers.py:102] Training  [1850/7500]  eta: 0:35:48  lr: 0.0009 (0.0008)  wd: 0.0909 (0.0575)  mom: 0.9931 (0.9924)  last_layer_lr: 0.0009 (0.0008)  current_batch_size: 64.0000 (64.0000)  total_loss: 8.7722 (9.4989)  dino_local_crops_loss: 7.3936 (7.3907)  dino_global_crops_loss: 0.9242 (0.9239)  ibot_loss: 0.4543 (1.1843)  time: 0.340917  data: 0.000408  max mem: 19472
I20260720 11:53:22 1831735 dinov2 helpers.py:102] Training  [1860/7500]  eta: 0:35:43  lr: 0.0009 (0.0008)  wd: 0.0914 (0.0577)  mom: 0.9931 (0.9924)  last_layer_lr: 0.0009 (0.0008)  current_batch_size: 64.0000 (64.0000)  total_loss: 8.7722 (9.4950)  dino_local_crops_loss: 7.3936 (7.3908)  dino_global_crops_loss: 0.9242 (0.9239)  ibot_loss: 0.4543 (1.1803)  time: 0.340790  data: 0.000203  max mem: 19472
I20260720 11:53:25 1831735 dinov2 helpers.py:102] Training  [1870/7500]  eta: 0:35:38  lr: 0.0009 (0.0008)  wd: 0.0919 (0.0579)  mom: 0.9932 (0.9924)  last_layer_lr: 0.0009 (0.0008)  current_batch_size: 64.0000 (64.0000)  total_loss: 8.7589 (9.4911)  dino_local_crops_loss: 7.3936 (7.3908)  dino_global_crops_loss: 0.9242 (0.9239)  ibot_loss: 0.4410 (1.1764)  time: 0.345099  data: 0.000213  max mem: 19472
I20260720 11:53:28 1831735 dinov2 helpers.py:102] Training  [1880/7500]  eta: 0:35:33  lr: 0.0009 (0.0008)  wd: 0.0925 (0.0580)  mom: 0.9932 (0.9924)  last_layer_lr: 0.0009 (0.0008)  current_batch_size: 64.0000 (64.0000)  total_loss: 8.7410 (9.4870)  dino_local_crops_loss: 7.3936 (7.3908)  dino_global_crops_loss: 0.9242 (0.9239)  ibot_loss: 0.4231 (1.1724)  time: 0.344047  data: 0.000235  max mem: 19472
I20260720 11:53:32 1831735 dinov2 helpers.py:102] Training  [1890/7500]  eta: 0:35:28  lr: 0.0009 (0.0008)  wd: 0.0930 (0.0582)  mom: 0.9932 (0.9924)  last_layer_lr: 0.0009 (0.0008)  current_batch_size: 64.0000 (64.0000)  total_loss: 8.7308 (9.4831)  dino_local_crops_loss: 7.3936 (7.3908)  dino_global_crops_loss: 0.9242 (0.9239)  ibot_loss: 0.4130 (1.1684)  time: 0.340738  data: 0.001931  max mem: 19472
I20260720 11:53:35 1831735 dinov2 helpers.py:102] Training  [1900/7500]  eta: 0:35:24  lr: 0.0009 (0.0008)  wd: 0.0935 (0.0584)  mom: 0.9932 (0.9924)  last_layer_lr: 0.0009 (0.0008)  current_batch_size: 64.0000 (64.0000)  total_loss: 8.7342 (9.4792)  dino_local_crops_loss: 7.3936 (7.3908)  dino_global_crops_loss: 0.9242 (0.9239)  ibot_loss: 0.4164 (1.1645)  time: 0.345810  data: 0.004394  max mem: 19472
I20260720 11:53:39 1831735 dinov2 helpers.py:102] Training  [1910/7500]  eta: 0:35:19  lr: 0.0009 (0.0008)  wd: 0.0941 (0.0586)  mom: 0.9932 (0.9924)  last_layer_lr: 0.0009 (0.0008)  current_batch_size: 64.0000 (64.0000)  total_loss: 8.7328 (9.4753)  dino_local_crops_loss: 7.3936 (7.3908)  dino_global_crops_loss: 0.9242 (0.9239)  ibot_loss: 0.4150 (1.1606)  time: 0.347731  data: 0.002708  max mem: 19472
I20260720 11:53:42 1831735 dinov2 helpers.py:102] Training  [1920/7500]  eta: 0:35:14  lr: 0.0009 (0.0008)  wd: 0.0946 (0.0588)  mom: 0.9932 (0.9924)  last_layer_lr: 0.0009 (0.0008)  current_batch_size: 64.0000 (64.0000)  total_loss: 8.7385 (9.4715)  dino_local_crops_loss: 7.3936 (7.3909)  dino_global_crops_loss: 0.9242 (0.9239)  ibot_loss: 0.4207 (1.1567)  time: 0.344843  data: 0.000222  max mem: 19472
I20260720 11:53:46 1831735 dinov2 helpers.py:102] Training  [1930/7500]  eta: 0:35:10  lr: 0.0009 (0.0008)  wd: 0.0951 (0.0590)  mom: 0.9932 (0.9924)  last_layer_lr: 0.0009 (0.0008)  current_batch_size: 64.0000 (64.0000)  total_loss: 8.7446 (9.4677)  dino_local_crops_loss: 7.3936 (7.3909)  dino_global_crops_loss: 0.9242 (0.9239)  ibot_loss: 0.4268 (1.1530)  time: 0.358571  data: 0.011518  max mem: 19472
I20260720 11:53:49 1831735 dinov2 helpers.py:102] Training  [1940/7500]  eta: 0:35:05  lr: 0.0009 (0.0008)  wd: 0.0957 (0.0592)  mom: 0.9932 (0.9924)  last_layer_lr: 0.0009 (0.0008)  current_batch_size: 64.0000 (64.0000)  total_loss: 8.7541 (9.4640)  dino_local_crops_loss: 7.3936 (7.3909)  dino_global_crops_loss: 0.9242 (0.9239)  ibot_loss: 0.4363 (1.1493)  time: 0.356360  data: 0.011543  max mem: 19472
I20260720 11:53:53 1831735 dinov2 helpers.py:102] Training  [1950/7500]  eta: 0:35:01  lr: 0.0009 (0.0008)  wd: 0.0962 (0.0594)  mom: 0.9932 (0.9924)  last_layer_lr: 0.0009 (0.0008)  current_batch_size: 64.0000 (64.0000)  total_loss: 8.7694 (9.4605)  dino_local_crops_loss: 7.3936 (7.3909)  dino_global_crops_loss: 0.9242 (0.9239)  ibot_loss: 0.4516 (1.1457)  time: 0.345355  data: 0.000232  max mem: 19472
I20260720 11:53:57 1831735 dinov2 helpers.py:102] Training  [1960/7500]  eta: 0:34:58  lr: 0.0009 (0.0008)  wd: 0.0968 (0.0596)  mom: 0.9933 (0.9924)  last_layer_lr: 0.0009 (0.0008)  current_batch_size: 64.0000 (64.0000)  total_loss: 8.7789 (9.4570)  dino_local_crops_loss: 7.3936 (7.3909)  dino_global_crops_loss: 0.9242 (0.9239)  ibot_loss: 0.4611 (1.1422)  time: 0.374193  data: 0.030984  max mem: 19472
I20260720 11:54:00 1831735 dinov2 helpers.py:102] Training  [1970/7500]  eta: 0:34:53  lr: 0.0009 (0.0008)  wd: 0.0973 (0.0597)  mom: 0.9933 (0.9924)  last_layer_lr: 0.0009 (0.0008)  current_batch_size: 64.0000 (64.0000)  total_loss: 8.7844 (9.4536)  dino_local_crops_loss: 7.3936 (7.3909)  dino_global_crops_loss: 0.9242 (0.9239)  ibot_loss: 0.4666 (1.1388)  time: 0.379253  data: 0.038816  max mem: 19472
I20260720 11:54:04 1831735 dinov2 helpers.py:102] Training  [1980/7500]  eta: 0:34:49  lr: 0.0009 (0.0008)  wd: 0.0979 (0.0599)  mom: 0.9933 (0.9924)  last_layer_lr: 0.0009 (0.0008)  current_batch_size: 64.0000 (64.0000)  total_loss: 8.7893 (9.4503)  dino_local_crops_loss: 7.3936 (7.3909)  dino_global_crops_loss: 0.9242 (0.9239)  ibot_loss: 0.4715 (1.1354)  time: 0.367323  data: 0.025615  max mem: 19472
I20260720 11:54:08 1831735 dinov2 helpers.py:102] Training  [1990/7500]  eta: 0:34:45  lr: 0.0009 (0.0008)  wd: 0.0984 (0.0601)  mom: 0.9933 (0.9924)  last_layer_lr: 0.0009 (0.0008)  current_batch_size: 64.0000 (64.0000)  total_loss: 8.7862 (9.4469)  dino_local_crops_loss: 7.3936 (7.3909)  dino_global_crops_loss: 0.9242 (0.9239)  ibot_loss: 0.4683 (1.1321)  time: 0.365118  data: 0.025121  max mem: 19472
I20260720 11:54:11 1831735 dinov2 helpers.py:102] Training  [2000/7500]  eta: 0:34:40  lr: 0.0009 (0.0008)  wd: 0.0990 (0.0603)  mom: 0.9933 (0.9925)  last_layer_lr: 0.0009 (0.0008)  current_batch_size: 64.0000 (64.0000)  total_loss: 8.7765 (9.4435)  dino_local_crops_loss: 7.3936 (7.3910)  dino_global_crops_loss: 0.9242 (0.9239)  ibot_loss: 0.4587 (1.1287)  time: 0.348645  data: 0.007577  max mem: 19472
I20260720 11:54:15 1831735 dinov2 helpers.py:102] Training  [2010/7500]  eta: 0:34:35  lr: 0.0009 (0.0008)  wd: 0.0996 (0.0605)  mom: 0.9933 (0.9925)  last_layer_lr: 0.0009 (0.0008)  current_batch_size: 64.0000 (64.0000)  total_loss: 8.7811 (9.4403)  dino_local_crops_loss: 7.3936 (7.3910)  dino_global_crops_loss: 0.9242 (0.9239)  ibot_loss: 0.4633 (1.1254)  time: 0.344691  data: 0.000228  max mem: 19472
I20260720 11:54:18 1831735 dinov2 helpers.py:102] Training  [2020/7500]  eta: 0:34:31  lr: 0.0009 (0.0008)  wd: 0.1001 (0.0607)  mom: 0.9933 (0.9925)  last_layer_lr: 0.0009 (0.0008)  current_batch_size: 64.0000 (64.0000)  total_loss: 8.7908 (9.4371)  dino_local_crops_loss: 7.3936 (7.3910)  dino_global_crops_loss: 0.9242 (0.9239)  ibot_loss: 0.4730 (1.1222)  time: 0.345243  data: 0.001800  max mem: 19472
I20260720 11:54:22 1831735 dinov2 helpers.py:102] Training  [2030/7500]  eta: 0:34:26  lr: 0.0009 (0.0008)  wd: 0.1007 (0.0609)  mom: 0.9933 (0.9925)  last_layer_lr: 0.0009 (0.0008)  current_batch_size: 64.0000 (64.0000)  total_loss: 8.7958 (9.4338)  dino_local_crops_loss: 7.3936 (7.3910)  dino_global_crops_loss: 0.9242 (0.9239)  ibot_loss: 0.4780 (1.1189)  time: 0.344479  data: 0.004129  max mem: 19472
I20260720 11:54:25 1831735 dinov2 helpers.py:102] Training  [2040/7500]  eta: 0:34:22  lr: 0.0009 (0.0008)  wd: 0.1012 (0.0611)  mom: 0.9934 (0.9925)  last_layer_lr: 0.0009 (0.0008)  current_batch_size: 64.0000 (64.0000)  total_loss: 8.7898 (9.4307)  dino_local_crops_loss: 7.3936 (7.3910)  dino_global_crops_loss: 0.9242 (0.9239)  ibot_loss: 0.4720 (1.1158)  time: 0.346168  data: 0.005586  max mem: 19472
I20260720 11:54:29 1831735 dinov2 helpers.py:102] Training  [2050/7500]  eta: 0:34:19  lr: 0.0009 (0.0008)  wd: 0.1018 (0.0613)  mom: 0.9934 (0.9925)  last_layer_lr: 0.0009 (0.0008)  current_batch_size: 64.0000 (64.0000)  total_loss: 8.7883 (9.4276)  dino_local_crops_loss: 7.3936 (7.3910)  dino_global_crops_loss: 0.9242 (0.9239)  ibot_loss: 0.4704 (1.1126)  time: 0.386856  data: 0.038177  max mem: 19472
I20260720 11:54:33 1831735 dinov2 helpers.py:102] Training  [2060/7500]  eta: 0:34:14  lr: 0.0009 (0.0008)  wd: 0.1024 (0.0615)  mom: 0.9934 (0.9925)  last_layer_lr: 0.0009 (0.0008)  current_batch_size: 64.0000 (64.0000)  total_loss: 8.7818 (9.4244)  dino_local_crops_loss: 7.3936 (7.3910)  dino_global_crops_loss: 0.9242 (0.9239)  ibot_loss: 0.4640 (1.1095)  time: 0.387230  data: 0.035135  max mem: 19472
I20260720 11:54:36 1831735 dinov2 helpers.py:102] Training  [2070/7500]  eta: 0:34:10  lr: 0.0009 (0.0008)  wd: 0.1030 (0.0617)  mom: 0.9934 (0.9925)  last_layer_lr: 0.0009 (0.0008)  current_batch_size: 64.0000 (64.0000)  total_loss: 8.7767 (9.4213)  dino_local_crops_loss: 7.3936 (7.3911)  dino_global_crops_loss: 0.9242 (0.9239)  ibot_loss: 0.4589 (1.1063)  time: 0.352633  data: 0.009219  max mem: 19472
I20260720 11:54:40 1831735 dinov2 helpers.py:102] Training  [2080/7500]  eta: 0:34:07  lr: 0.0009 (0.0008)  wd: 0.1035 (0.0619)  mom: 0.9934 (0.9925)  last_layer_lr: 0.0009 (0.0008)  current_batch_size: 64.0000 (64.0000)  total_loss: 8.7700 (9.4182)  dino_local_crops_loss: 7.3936 (7.3911)  dino_global_crops_loss: 0.9242 (0.9239)  ibot_loss: 0.4522 (1.1032)  time: 0.377001  data: 0.039354  max mem: 19472
I20260720 11:54:44 1831735 dinov2 helpers.py:102] Training  [2090/7500]  eta: 0:34:03  lr: 0.0009 (0.0008)  wd: 0.1041 (0.0621)  mom: 0.9934 (0.9925)  last_layer_lr: 0.0009 (0.0008)  current_batch_size: 64.0000 (64.0000)  total_loss: 8.7895 (9.4152)  dino_local_crops_loss: 7.3936 (7.3911)  dino_global_crops_loss: 0.9242 (0.9239)  ibot_loss: 0.4717 (1.1002)  time: 0.381422  data: 0.045054  max mem: 19472
I20260720 11:54:47 1831735 dinov2 helpers.py:102] Training  [2100/7500]  eta: 0:33:58  lr: 0.0009 (0.0008)  wd: 0.1047 (0.0623)  mom: 0.9934 (0.9925)  last_layer_lr: 0.0009 (0.0008)  current_batch_size: 64.0000 (64.0000)  total_loss: 8.7913 (9.4122)  dino_local_crops_loss: 7.3936 (7.3911)  dino_global_crops_loss: 0.9242 (0.9239)  ibot_loss: 0.4735 (1.0972)  time: 0.353880  data: 0.015072  max mem: 19472
I20260720 11:54:51 1831735 dinov2 helpers.py:102] Training  [2110/7500]  eta: 0:33:53  lr: 0.0009 (0.0008)  wd: 0.1053 (0.0625)  mom: 0.9935 (0.9925)  last_layer_lr: 0.0009 (0.0008)  current_batch_size: 64.0000 (64.0000)  total_loss: 8.7969 (9.4093)  dino_local_crops_loss: 7.3936 (7.3911)  dino_global_crops_loss: 0.9242 (0.9239)  ibot_loss: 0.4791 (1.0943)  time: 0.339949  data: 0.000378  max mem: 19472
I20260720 11:54:54 1831735 dinov2 helpers.py:102] Training  [2120/7500]  eta: 0:33:49  lr: 0.0009 (0.0008)  wd: 0.1058 (0.0627)  mom: 0.9935 (0.9925)  last_layer_lr: 0.0009 (0.0008)  current_batch_size: 64.0000 (64.0000)  total_loss: 8.7925 (9.4064)  dino_local_crops_loss: 7.3937 (7.3911)  dino_global_crops_loss: 0.9242 (0.9239)  ibot_loss: 0.4746 (1.0914)  time: 0.348671  data: 0.010384  max mem: 19472
I20260720 11:54:58 1831735 dinov2 helpers.py:102] Training  [2130/7500]  eta: 0:33:46  lr: 0.0009 (0.0008)  wd: 0.1064 (0.0630)  mom: 0.9935 (0.9925)  last_layer_lr: 0.0009 (0.0008)  current_batch_size: 64.0000 (64.0000)  total_loss: 8.7904 (9.4036)  dino_local_crops_loss: 7.3936 (7.3911)  dino_global_crops_loss: 0.9242 (0.9239)  ibot_loss: 0.4722 (1.0885)  time: 0.373008  data: 0.034589  max mem: 19472
I20260720 11:55:02 1831735 dinov2 helpers.py:102] Training  [2140/7500]  eta: 0:33:41  lr: 0.0009 (0.0008)  wd: 0.1070 (0.0632)  mom: 0.9935 (0.9925)  last_layer_lr: 0.0009 (0.0008)  current_batch_size: 64.0000 (64.0000)  total_loss: 8.7918 (9.4008)  dino_local_crops_loss: 7.3936 (7.3911)  dino_global_crops_loss: 0.9242 (0.9239)  ibot_loss: 0.4739 (1.0857)  time: 0.373289  data: 0.035322  max mem: 19472
I20260720 11:55:06 1831735 dinov2 helpers.py:102] Training  [2150/7500]  eta: 0:33:38  lr: 0.0009 (0.0008)  wd: 0.1076 (0.0634)  mom: 0.9935 (0.9925)  last_layer_lr: 0.0009 (0.0008)  current_batch_size: 64.0000 (64.0000)  total_loss: 8.8098 (9.3980)  dino_local_crops_loss: 7.3936 (7.3911)  dino_global_crops_loss: 0.9242 (0.9239)  ibot_loss: 0.4919 (1.0829)  time: 0.368996  data: 0.027120  max mem: 19472
I20260720 11:55:10 1831735 dinov2 helpers.py:102] Training  [2160/7500]  eta: 0:33:34  lr: 0.0009 (0.0008)  wd: 0.1082 (0.0636)  mom: 0.9935 (0.9925)  last_layer_lr: 0.0009 (0.0008)  current_batch_size: 64.0000 (64.0000)  total_loss: 8.8098 (9.3952)  dino_local_crops_loss: 7.3936 (7.3912)  dino_global_crops_loss: 0.9242 (0.9239)  ibot_loss: 0.4919 (1.0802)  time: 0.385711  data: 0.046018  max mem: 19472
I20260720 11:55:13 1831735 dinov2 helpers.py:102] Training  [2170/7500]  eta: 0:33:30  lr: 0.0009 (0.0008)  wd: 0.1088 (0.0638)  mom: 0.9935 (0.9925)  last_layer_lr: 0.0009 (0.0008)  current_batch_size: 64.0000 (64.0000)  total_loss: 8.7997 (9.3925)  dino_local_crops_loss: 7.3936 (7.3912)  dino_global_crops_loss: 0.9242 (0.9239)  ibot_loss: 0.4818 (1.0774)  time: 0.369860  data: 0.029981  max mem: 19472
I20260720 11:55:17 1831735 dinov2 helpers.py:102] Training  [2180/7500]  eta: 0:33:26  lr: 0.0009 (0.0008)  wd: 0.1094 (0.0640)  mom: 0.9935 (0.9925)  last_layer_lr: 0.0009 (0.0008)  current_batch_size: 64.0000 (64.0000)  total_loss: 8.7997 (9.3897)  dino_local_crops_loss: 7.3936 (7.3912)  dino_global_crops_loss: 0.9242 (0.9239)  ibot_loss: 0.4818 (1.0746)  time: 0.353747  data: 0.009872  max mem: 19472
I20260720 11:55:20 1831735 dinov2 helpers.py:102] Training  [2190/7500]  eta: 0:33:21  lr: 0.0009 (0.0008)  wd: 0.1100 (0.0642)  mom: 0.9936 (0.9925)  last_layer_lr: 0.0009 (0.0008)  current_batch_size: 64.0000 (64.0000)  total_loss: 8.7898 (9.3870)  dino_local_crops_loss: 7.3936 (7.3912)  dino_global_crops_loss: 0.9242 (0.9239)  ibot_loss: 0.4719 (1.0719)  time: 0.350703  data: 0.009901  max mem: 19472
I20260720 11:55:24 1831735 dinov2 helpers.py:102] Training  [2200/7500]  eta: 0:33:17  lr: 0.0009 (0.0008)  wd: 0.1106 (0.0644)  mom: 0.9936 (0.9925)  last_layer_lr: 0.0009 (0.0008)  current_batch_size: 64.0000 (64.0000)  total_loss: 8.7889 (9.3843)  dino_local_crops_loss: 7.3936 (7.3912)  dino_global_crops_loss: 0.9242 (0.9239)  ibot_loss: 0.4711 (1.0692)  time: 0.346080  data: 0.005468  max mem: 19472
I20260720 11:55:27 1831735 dinov2 helpers.py:102] Training  [2210/7500]  eta: 0:33:12  lr: 0.0009 (0.0008)  wd: 0.1112 (0.0646)  mom: 0.9936 (0.9925)  last_layer_lr: 0.0009 (0.0008)  current_batch_size: 64.0000 (64.0000)  total_loss: 8.7906 (9.3817)  dino_local_crops_loss: 7.3936 (7.3912)  dino_global_crops_loss: 0.9242 (0.9239)  ibot_loss: 0.4728 (1.0665)  time: 0.350050  data: 0.005626  max mem: 19472
I20260720 11:55:31 1831735 dinov2 helpers.py:102] Training  [2220/7500]  eta: 0:33:08  lr: 0.0009 (0.0008)  wd: 0.1118 (0.0648)  mom: 0.9936 (0.9926)  last_layer_lr: 0.0009 (0.0008)  current_batch_size: 64.0000 (64.0000)  total_loss: 8.7989 (9.3790)  dino_local_crops_loss: 7.3936 (7.3912)  dino_global_crops_loss: 0.9242 (0.9239)  ibot_loss: 0.4811 (1.0638)  time: 0.347106  data: 0.000401  max mem: 19472
I20260720 11:55:34 1831735 dinov2 helpers.py:102] Training  [2230/7500]  eta: 0:33:03  lr: 0.0009 (0.0008)  wd: 0.1124 (0.0651)  mom: 0.9936 (0.9926)  last_layer_lr: 0.0009 (0.0008)  current_batch_size: 64.0000 (64.0000)  total_loss: 8.8059 (9.3764)  dino_local_crops_loss: 7.3936 (7.3912)  dino_global_crops_loss: 0.9242 (0.9239)  ibot_loss: 0.4881 (1.0612)  time: 0.343971  data: 0.000215  max mem: 19472
I20260720 11:55:37 1831735 dinov2 helpers.py:102] Training  [2240/7500]  eta: 0:32:58  lr: 0.0009 (0.0008)  wd: 0.1130 (0.0653)  mom: 0.9936 (0.9926)  last_layer_lr: 0.0009 (0.0008)  current_batch_size: 64.0000 (64.0000)  total_loss: 8.8004 (9.3738)  dino_local_crops_loss: 7.3936 (7.3912)  dino_global_crops_loss: 0.9242 (0.9239)  ibot_loss: 0.4826 (1.0586)  time: 0.342575  data: 0.000170  max mem: 19472
I20260720 11:55:41 1831735 fvcore.common.checkpoint __init__.py:109] Saving checkpoint to /sci/labs/arieljaffe/dan.abergel1/runs/brain/hcp_imgnet_localglobal/model_0002249.rank_0.pth
I20260720 11:55:42 1831735 dinov2 helpers.py:102] Training  [2250/7500]  eta: 0:32:57  lr: 0.0009 (0.0008)  wd: 0.1136 (0.0655)  mom: 0.9936 (0.9926)  last_layer_lr: 0.0009 (0.0008)  current_batch_size: 64.0000 (64.0000)  total_loss: 8.7968 (9.3713)  dino_local_crops_loss: 7.3936 (7.3913)  dino_global_crops_loss: 0.9242 (0.9239)  ibot_loss: 0.4789 (1.0561)  time: 0.409872  data: 0.003930  max mem: 19472
I20260720 11:55:45 1831735 dinov2 helpers.py:102] Training  [2260/7500]  eta: 0:32:52  lr: 0.0009 (0.0008)  wd: 0.1142 (0.0657)  mom: 0.9936 (0.9926)  last_layer_lr: 0.0009 (0.0008)  current_batch_size: 64.0000 (64.0000)  total_loss: 8.8090 (9.3689)  dino_local_crops_loss: 7.3936 (7.3913)  dino_global_crops_loss: 0.9242 (0.9239)  ibot_loss: 0.4912 (1.0537)  time: 0.404414  data: 0.003975  max mem: 19472
I20260720 11:55:49 1831735 dinov2 helpers.py:102] Training  [2270/7500]  eta: 0:32:48  lr: 0.0009 (0.0008)  wd: 0.1148 (0.0659)  mom: 0.9937 (0.9926)  last_layer_lr: 0.0009 (0.0008)  current_batch_size: 64.0000 (64.0000)  total_loss: 8.8204 (9.3664)  dino_local_crops_loss: 7.3936 (7.3913)  dino_global_crops_loss: 0.9242 (0.9239)  ibot_loss: 0.5026 (1.0512)  time: 0.338357  data: 0.000259  max mem: 19472
I20260720 11:55:52 1831735 dinov2 helpers.py:102] Training  [2280/7500]  eta: 0:32:43  lr: 0.0009 (0.0008)  wd: 0.1154 (0.0661)  mom: 0.9937 (0.9926)  last_layer_lr: 0.0009 (0.0008)  current_batch_size: 64.0000 (64.0000)  total_loss: 8.8117 (9.3640)  dino_local_crops_loss: 7.3936 (7.3913)  dino_global_crops_loss: 0.9242 (0.9239)  ibot_loss: 0.4939 (1.0488)  time: 0.343560  data: 0.000217  max mem: 19472
I20260720 11:55:56 1831735 dinov2 helpers.py:102] Training  [2290/7500]  eta: 0:32:39  lr: 0.0009 (0.0008)  wd: 0.1160 (0.0664)  mom: 0.9937 (0.9926)  last_layer_lr: 0.0009 (0.0008)  current_batch_size: 64.0000 (64.0000)  total_loss: 8.8036 (9.3615)  dino_local_crops_loss: 7.3936 (7.3913)  dino_global_crops_loss: 0.9242 (0.9239)  ibot_loss: 0.4858 (1.0463)  time: 0.347788  data: 0.004805  max mem: 19472
I20260720 11:55:59 1831735 dinov2 helpers.py:102] Training  [2300/7500]  eta: 0:32:34  lr: 0.0009 (0.0008)  wd: 0.1167 (0.0666)  mom: 0.9937 (0.9926)  last_layer_lr: 0.0009 (0.0008)  current_batch_size: 64.0000 (64.0000)  total_loss: 8.7966 (9.3591)  dino_local_crops_loss: 7.3936 (7.3913)  dino_global_crops_loss: 0.9242 (0.9239)  ibot_loss: 0.4787 (1.0439)  time: 0.346403  data: 0.004828  max mem: 19472
I20260720 11:56:03 1831735 dinov2 helpers.py:102] Training  [2310/7500]  eta: 0:32:30  lr: 0.0009 (0.0008)  wd: 0.1173 (0.0668)  mom: 0.9937 (0.9926)  last_layer_lr: 0.0009 (0.0008)  current_batch_size: 64.0000 (64.0000)  total_loss: 8.7943 (9.3566)  dino_local_crops_loss: 7.3936 (7.3913)  dino_global_crops_loss: 0.9242 (0.9239)  ibot_loss: 0.4765 (1.0414)  time: 0.343244  data: 0.000222  max mem: 19472
I20260720 11:56:06 1831735 dinov2 helpers.py:102] Training  [2320/7500]  eta: 0:32:25  lr: 0.0009 (0.0008)  wd: 0.1179 (0.0670)  mom: 0.9937 (0.9926)  last_layer_lr: 0.0009 (0.0008)  current_batch_size: 64.0000 (64.0000)  total_loss: 8.7904 (9.3542)  dino_local_crops_loss: 7.3936 (7.3913)  dino_global_crops_loss: 0.9242 (0.9239)  ibot_loss: 0.4726 (1.0389)  time: 0.341085  data: 0.000225  max mem: 19472
I20260720 11:56:10 1831735 dinov2 helpers.py:102] Training  [2330/7500]  eta: 0:32:21  lr: 0.0009 (0.0008)  wd: 0.1185 (0.0673)  mom: 0.9937 (0.9926)  last_layer_lr: 0.0009 (0.0008)  current_batch_size: 64.0000 (64.0000)  total_loss: 8.7934 (9.3518)  dino_local_crops_loss: 7.3936 (7.3913)  dino_global_crops_loss: 0.9242 (0.9239)  ibot_loss: 0.4756 (1.0365)  time: 0.336956  data: 0.000222  max mem: 19472
I20260720 11:56:13 1831735 dinov2 helpers.py:102] Training  [2340/7500]  eta: 0:32:16  lr: 0.0009 (0.0008)  wd: 0.1191 (0.0675)  mom: 0.9938 (0.9926)  last_layer_lr: 0.0009 (0.0008)  current_batch_size: 64.0000 (64.0000)  total_loss: 8.8017 (9.3494)  dino_local_crops_loss: 7.3936 (7.3913)  dino_global_crops_loss: 0.9242 (0.9239)  ibot_loss: 0.4839 (1.0342)  time: 0.342326  data: 0.003154  max mem: 19472
I20260720 11:56:17 1831735 dinov2 helpers.py:102] Training  [2350/7500]  eta: 0:32:13  lr: 0.0009 (0.0008)  wd: 0.1198 (0.0677)  mom: 0.9938 (0.9926)  last_layer_lr: 0.0009 (0.0008)  current_batch_size: 64.0000 (64.0000)  total_loss: 8.7955 (9.3470)  dino_local_crops_loss: 7.3936 (7.3914)  dino_global_crops_loss: 0.9242 (0.9239)  ibot_loss: 0.4777 (1.0317)  time: 0.362968  data: 0.023864  max mem: 19472
I20260720 11:56:20 1831735 dinov2 helpers.py:102] Training  [2360/7500]  eta: 0:32:09  lr: 0.0009 (0.0008)  wd: 0.1204 (0.0679)  mom: 0.9938 (0.9926)  last_layer_lr: 0.0009 (0.0008)  current_batch_size: 64.0000 (64.0000)  total_loss: 8.7865 (9.3447)  dino_local_crops_loss: 7.3936 (7.3914)  dino_global_crops_loss: 0.9242 (0.9239)  ibot_loss: 0.4687 (1.0294)  time: 0.371165  data: 0.030132  max mem: 19472
I20260720 11:56:24 1831735 dinov2 helpers.py:102] Training  [2370/7500]  eta: 0:32:04  lr: 0.0009 (0.0008)  wd: 0.1210 (0.0681)  mom: 0.9938 (0.9926)  last_layer_lr: 0.0009 (0.0008)  current_batch_size: 64.0000 (64.0000)  total_loss: 8.8015 (9.3424)  dino_local_crops_loss: 7.3936 (7.3914)  dino_global_crops_loss: 0.9242 (0.9239)  ibot_loss: 0.4837 (1.0271)  time: 0.361156  data: 0.011593  max mem: 19472
I20260720 11:56:28 1831735 dinov2 helpers.py:102] Training  [2380/7500]  eta: 0:32:01  lr: 0.0009 (0.0008)  wd: 0.1216 (0.0684)  mom: 0.9938 (0.9926)  last_layer_lr: 0.0009 (0.0008)  current_batch_size: 64.0000 (64.0000)  total_loss: 8.7997 (9.3401)  dino_local_crops_loss: 7.3936 (7.3914)  dino_global_crops_loss: 0.9242 (0.9239)  ibot_loss: 0.4819 (1.0248)  time: 0.367842  data: 0.023124  max mem: 19472
I20260720 11:56:31 1831735 dinov2 helpers.py:102] Training  [2390/7500]  eta: 0:31:56  lr: 0.0009 (0.0008)  wd: 0.1223 (0.0686)  mom: 0.9938 (0.9926)  last_layer_lr: 0.0009 (0.0008)  current_batch_size: 64.0000 (64.0000)  total_loss: 8.7992 (9.3379)  dino_local_crops_loss: 7.3936 (7.3914)  dino_global_crops_loss: 0.9242 (0.9239)  ibot_loss: 0.4814 (1.0225)  time: 0.364951  data: 0.020941  max mem: 19472
I20260720 11:56:35 1831735 dinov2 helpers.py:102] Training  [2400/7500]  eta: 0:31:54  lr: 0.0009 (0.0008)  wd: 0.1229 (0.0688)  mom: 0.9938 (0.9926)  last_layer_lr: 0.0009 (0.0008)  current_batch_size: 64.0000 (64.0000)  total_loss: 8.8017 (9.3357)  dino_local_crops_loss: 7.3936 (7.3914)  dino_global_crops_loss: 0.9242 (0.9239)  ibot_loss: 0.4839 (1.0203)  time: 0.382659  data: 0.034366  max mem: 19472
I20260720 11:56:39 1831735 dinov2 helpers.py:102] Training  [2410/7500]  eta: 0:31:49  lr: 0.0009 (0.0008)  wd: 0.1236 (0.0691)  mom: 0.9939 (0.9926)  last_layer_lr: 0.0009 (0.0008)  current_batch_size: 64.0000 (64.0000)  total_loss: 8.7988 (9.3335)  dino_local_crops_loss: 7.3936 (7.3914)  dino_global_crops_loss: 0.9242 (0.9239)  ibot_loss: 0.4810 (1.0181)  time: 0.377479  data: 0.034389  max mem: 19472
I20260720 11:56:43 1831735 dinov2 helpers.py:102] Training  [2420/7500]  eta: 0:31:46  lr: 0.0009 (0.0008)  wd: 0.1242 (0.0693)  mom: 0.9939 (0.9927)  last_layer_lr: 0.0009 (0.0008)  current_batch_size: 64.0000 (64.0000)  total_loss: 8.7958 (9.3313)  dino_local_crops_loss: 7.3936 (7.3914)  dino_global_crops_loss: 0.9242 (0.9239)  ibot_loss: 0.4780 (1.0159)  time: 0.371479  data: 0.029116  max mem: 19472
I20260720 11:56:46 1831735 dinov2 helpers.py:102] Training  [2430/7500]  eta: 0:31:42  lr: 0.0009 (0.0008)  wd: 0.1248 (0.0695)  mom: 0.9939 (0.9927)  last_layer_lr: 0.0009 (0.0008)  current_batch_size: 64.0000 (64.0000)  total_loss: 8.7950 (9.3290)  dino_local_crops_loss: 7.3936 (7.3914)  dino_global_crops_loss: 0.9242 (0.9240)  ibot_loss: 0.4772 (1.0136)  time: 0.377549  data: 0.030678  max mem: 19472
I20260720 11:56:50 1831735 dinov2 helpers.py:102] Training  [2440/7500]  eta: 0:31:37  lr: 0.0009 (0.0008)  wd: 0.1255 (0.0697)  mom: 0.9939 (0.9927)  last_layer_lr: 0.0009 (0.0008)  current_batch_size: 64.0000 (64.0000)  total_loss: 8.7922 (9.3268)  dino_local_crops_loss: 7.3936 (7.3914)  dino_global_crops_loss: 0.9242 (0.9240)  ibot_loss: 0.4744 (1.0114)  time: 0.346778  data: 0.001802  max mem: 19472
I20260720 11:56:54 1831735 dinov2 helpers.py:102] Training  [2450/7500]  eta: 0:31:34  lr: 0.0009 (0.0008)  wd: 0.1261 (0.0700)  mom: 0.9939 (0.9927)  last_layer_lr: 0.0009 (0.0008)  current_batch_size: 64.0000 (64.0000)  total_loss: 8.7800 (9.3246)  dino_local_crops_loss: 7.3936 (7.3914)  dino_global_crops_loss: 0.9242 (0.9240)  ibot_loss: 0.4622 (1.0092)  time: 0.370364  data: 0.027533  max mem: 19472
I20260720 11:56:57 1831735 dinov2 helpers.py:102] Training  [2460/7500]  eta: 0:31:30  lr: 0.0009 (0.0008)  wd: 0.1268 (0.0702)  mom: 0.9939 (0.9927)  last_layer_lr: 0.0009 (0.0008)  current_batch_size: 64.0000 (64.0000)  total_loss: 8.7785 (9.3224)  dino_local_crops_loss: 7.3936 (7.3915)  dino_global_crops_loss: 0.9242 (0.9240)  ibot_loss: 0.4607 (1.0070)  time: 0.371071  data: 0.027498  max mem: 19472
I20260720 11:57:01 1831735 dinov2 helpers.py:102] Training  [2470/7500]  eta: 0:31:25  lr: 0.0008 (0.0008)  wd: 0.1274 (0.0704)  mom: 0.9939 (0.9927)  last_layer_lr: 0.0008 (0.0008)  current_batch_size: 64.0000 (64.0000)  total_loss: 8.7869 (9.3202)  dino_local_crops_loss: 7.3936 (7.3915)  dino_global_crops_loss: 0.9242 (0.9240)  ibot_loss: 0.4691 (1.0048)  time: 0.339372  data: 0.000163  max mem: 19472
I20260720 11:57:04 1831735 dinov2 helpers.py:102] Training  [2480/7500]  eta: 0:31:21  lr: 0.0008 (0.0008)  wd: 0.1280 (0.0707)  mom: 0.9940 (0.9927)  last_layer_lr: 0.0008 (0.0008)  current_batch_size: 64.0000 (64.0000)  total_loss: 8.7787 (9.3180)  dino_local_crops_loss: 7.3936 (7.3915)  dino_global_crops_loss: 0.9242 (0.9240)  ibot_loss: 0.4609 (1.0026)  time: 0.341399  data: 0.000182  max mem: 19472
I20260720 11:57:08 1831735 dinov2 helpers.py:102] Training  [2490/7500]  eta: 0:31:17  lr: 0.0008 (0.0008)  wd: 0.1287 (0.0709)  mom: 0.9940 (0.9927)  last_layer_lr: 0.0008 (0.0008)  current_batch_size: 64.0000 (64.0000)  total_loss: 8.7742 (9.3159)  dino_local_crops_loss: 7.3936 (7.3915)  dino_global_crops_loss: 0.9242 (0.9240)  ibot_loss: 0.4564 (1.0004)  time: 0.353679  data: 0.009949  max mem: 19472
I20260720 11:57:11 1831735 dinov2 helpers.py:102] Training  [2500/7500]  eta: 0:31:12  lr: 0.0008 (0.0008)  wd: 0.1293 (0.0711)  mom: 0.9940 (0.9927)  last_layer_lr: 0.0008 (0.0008)  current_batch_size: 64.0000 (64.0000)  total_loss: 8.7742 (9.3137)  dino_local_crops_loss: 7.3936 (7.3915)  dino_global_crops_loss: 0.9242 (0.9240)  ibot_loss: 0.4564 (0.9983)  time: 0.354711  data: 0.009940  max mem: 19472
I20260720 11:57:15 1831735 dinov2 helpers.py:102] Training  [2510/7500]  eta: 0:31:08  lr: 0.0008 (0.0008)  wd: 0.1300 (0.0714)  mom: 0.9940 (0.9927)  last_layer_lr: 0.0008 (0.0008)  current_batch_size: 64.0000 (64.0000)  total_loss: 8.7807 (9.3116)  dino_local_crops_loss: 7.3936 (7.3915)  dino_global_crops_loss: 0.9242 (0.9240)  ibot_loss: 0.4629 (0.9961)  time: 0.343171  data: 0.000219  max mem: 19472
I20260720 11:57:18 1831735 dinov2 helpers.py:102] Training  [2520/7500]  eta: 0:31:04  lr: 0.0008 (0.0008)  wd: 0.1307 (0.0716)  mom: 0.9940 (0.9927)  last_layer_lr: 0.0008 (0.0008)  current_batch_size: 64.0000 (64.0000)  total_loss: 8.7782 (9.3095)  dino_local_crops_loss: 7.3936 (7.3915)  dino_global_crops_loss: 0.9242 (0.9240)  ibot_loss: 0.4603 (0.9940)  time: 0.344395  data: 0.000393  max mem: 19472
I20260720 11:57:22 1831735 dinov2 helpers.py:102] Training  [2530/7500]  eta: 0:30:59  lr: 0.0008 (0.0008)  wd: 0.1313 (0.0719)  mom: 0.9940 (0.9927)  last_layer_lr: 0.0008 (0.0008)  current_batch_size: 64.0000 (64.0000)  total_loss: 8.7670 (9.3073)  dino_local_crops_loss: 7.3936 (7.3915)  dino_global_crops_loss: 0.9242 (0.9240)  ibot_loss: 0.4492 (0.9919)  time: 0.347873  data: 0.000426  max mem: 19472
I20260720 11:57:25 1831735 dinov2 helpers.py:102] Training  [2540/7500]  eta: 0:30:55  lr: 0.0008 (0.0008)  wd: 0.1320 (0.0721)  mom: 0.9940 (0.9927)  last_layer_lr: 0.0008 (0.0008)  current_batch_size: 64.0000 (64.0000)  total_loss: 8.7724 (9.3053)  dino_local_crops_loss: 7.3936 (7.3915)  dino_global_crops_loss: 0.9242 (0.9240)  ibot_loss: 0.4546 (0.9898)  time: 0.342109  data: 0.000243  max mem: 19472
I20260720 11:57:29 1831735 dinov2 helpers.py:102] Training  [2550/7500]  eta: 0:30:51  lr: 0.0008 (0.0008)  wd: 0.1326 (0.0723)  mom: 0.9941 (0.9927)  last_layer_lr: 0.0008 (0.0008)  current_batch_size: 64.0000 (64.0000)  total_loss: 8.7846 (9.3032)  dino_local_crops_loss: 7.3936 (7.3915)  dino_global_crops_loss: 0.9242 (0.9240)  ibot_loss: 0.4668 (0.9877)  time: 0.358892  data: 0.021943  max mem: 19472
I20260720 11:57:32 1831735 dinov2 helpers.py:102] Training  [2560/7500]  eta: 0:30:48  lr: 0.0008 (0.0008)  wd: 0.1333 (0.0726)  mom: 0.9941 (0.9927)  last_layer_lr: 0.0008 (0.0008)  current_batch_size: 64.0000 (64.0000)  total_loss: 8.7801 (9.3012)  dino_local_crops_loss: 7.3936 (7.3915)  dino_global_crops_loss: 0.9242 (0.9240)  ibot_loss: 0.4623 (0.9856)  time: 0.378585  data: 0.040814  max mem: 19472
I20260720 11:57:36 1831735 dinov2 helpers.py:102] Training  [2570/7500]  eta: 0:30:44  lr: 0.0008 (0.0008)  wd: 0.1339 (0.0728)  mom: 0.9941 (0.9927)  last_layer_lr: 0.0008 (0.0008)  current_batch_size: 64.0000 (64.0000)  total_loss: 8.7742 (9.2992)  dino_local_crops_loss: 7.3936 (7.3916)  dino_global_crops_loss: 0.9242 (0.9240)  ibot_loss: 0.4563 (0.9836)  time: 0.377759  data: 0.037098  max mem: 19472
I20260720 11:57:40 1831735 dinov2 helpers.py:102] Training  [2580/7500]  eta: 0:30:40  lr: 0.0008 (0.0008)  wd: 0.1346 (0.0731)  mom: 0.9941 (0.9927)  last_layer_lr: 0.0008 (0.0008)  current_batch_size: 64.0000 (64.0000)  total_loss: 8.7842 (9.2972)  dino_local_crops_loss: 7.3936 (7.3916)  dino_global_crops_loss: 0.9242 (0.9240)  ibot_loss: 0.4664 (0.9816)  time: 0.357911  data: 0.018237  max mem: 19472
I20260720 11:57:43 1831735 dinov2 helpers.py:102] Training  [2590/7500]  eta: 0:30:35  lr: 0.0008 (0.0008)  wd: 0.1353 (0.0733)  mom: 0.9941 (0.9927)  last_layer_lr: 0.0008 (0.0008)  current_batch_size: 64.0000 (64.0000)  total_loss: 8.7739 (9.2951)  dino_local_crops_loss: 7.3936 (7.3916)  dino_global_crops_loss: 0.9242 (0.9240)  ibot_loss: 0.4561 (0.9796)  time: 0.338477  data: 0.000206  max mem: 19472
I20260720 11:57:47 1831735 dinov2 helpers.py:102] Training  [2600/7500]  eta: 0:30:31  lr: 0.0008 (0.0008)  wd: 0.1359 (0.0735)  mom: 0.9941 (0.9927)  last_layer_lr: 0.0008 (0.0008)  current_batch_size: 64.0000 (64.0000)  total_loss: 8.7578 (9.2930)  dino_local_crops_loss: 7.3936 (7.3916)  dino_global_crops_loss: 0.9242 (0.9240)  ibot_loss: 0.4400 (0.9775)  time: 0.341515  data: 0.000207  max mem: 19472
I20260720 11:57:50 1831735 dinov2 helpers.py:102] Training  [2610/7500]  eta: 0:30:27  lr: 0.0008 (0.0008)  wd: 0.1366 (0.0738)  mom: 0.9941 (0.9928)  last_layer_lr: 0.0008 (0.0008)  current_batch_size: 64.0000 (64.0000)  total_loss: 8.7422 (9.2909)  dino_local_crops_loss: 7.3936 (7.3916)  dino_global_crops_loss: 0.9242 (0.9240)  ibot_loss: 0.4244 (0.9754)  time: 0.349064  data: 0.000409  max mem: 19472
I20260720 11:57:54 1831735 dinov2 helpers.py:102] Training  [2620/7500]  eta: 0:30:23  lr: 0.0008 (0.0008)  wd: 0.1373 (0.0740)  mom: 0.9942 (0.9928)  last_layer_lr: 0.0008 (0.0008)  current_batch_size: 64.0000 (64.0000)  total_loss: 8.7399 (9.2888)  dino_local_crops_loss: 7.3936 (7.3916)  dino_global_crops_loss: 0.9242 (0.9240)  ibot_loss: 0.4221 (0.9732)  time: 0.358567  data: 0.010131  max mem: 19472
I20260720 11:57:57 1831735 dinov2 helpers.py:102] Training  [2630/7500]  eta: 0:30:19  lr: 0.0008 (0.0008)  wd: 0.1379 (0.0743)  mom: 0.9942 (0.9928)  last_layer_lr: 0.0008 (0.0008)  current_batch_size: 64.0000 (64.0000)  total_loss: 8.7407 (9.2868)  dino_local_crops_loss: 7.3936 (7.3916)  dino_global_crops_loss: 0.9242 (0.9240)  ibot_loss: 0.4229 (0.9712)  time: 0.357263  data: 0.010072  max mem: 19472
I20260720 11:58:01 1831735 dinov2 helpers.py:102] Training  [2640/7500]  eta: 0:30:14  lr: 0.0008 (0.0008)  wd: 0.1386 (0.0745)  mom: 0.9942 (0.9928)  last_layer_lr: 0.0008 (0.0008)  current_batch_size: 64.0000 (64.0000)  total_loss: 8.7467 (9.2847)  dino_local_crops_loss: 7.3936 (7.3916)  dino_global_crops_loss: 0.9242 (0.9240)  ibot_loss: 0.4289 (0.9691)  time: 0.346531  data: 0.000487  max mem: 19472
I20260720 11:58:04 1831735 dinov2 helpers.py:102] Training  [2650/7500]  eta: 0:30:10  lr: 0.0008 (0.0008)  wd: 0.1393 (0.0748)  mom: 0.9942 (0.9928)  last_layer_lr: 0.0008 (0.0008)  current_batch_size: 64.0000 (64.0000)  total_loss: 8.7591 (9.2828)  dino_local_crops_loss: 7.3936 (7.3916)  dino_global_crops_loss: 0.9242 (0.9240)  ibot_loss: 0.4413 (0.9672)  time: 0.342021  data: 0.000377  max mem: 19472
I20260720 11:58:08 1831735 dinov2 helpers.py:102] Training  [2660/7500]  eta: 0:30:06  lr: 0.0008 (0.0008)  wd: 0.1400 (0.0750)  mom: 0.9942 (0.9928)  last_layer_lr: 0.0008 (0.0008)  current_batch_size: 64.0000 (64.0000)  total_loss: 8.7444 (9.2807)  dino_local_crops_loss: 7.3936 (7.3916)  dino_global_crops_loss: 0.9242 (0.9240)  ibot_loss: 0.4266 (0.9651)  time: 0.350091  data: 0.009549  max mem: 19472
I20260720 11:58:11 1831735 dinov2 helpers.py:102] Training  [2670/7500]  eta: 0:30:02  lr: 0.0008 (0.0008)  wd: 0.1406 (0.0753)  mom: 0.9942 (0.9928)  last_layer_lr: 0.0008 (0.0008)  current_batch_size: 64.0000 (64.0000)  total_loss: 8.7444 (9.2787)  dino_local_crops_loss: 7.3936 (7.3916)  dino_global_crops_loss: 0.9242 (0.9240)  ibot_loss: 0.4266 (0.9631)  time: 0.351186  data: 0.009688  max mem: 19472
I20260720 11:58:15 1831735 dinov2 helpers.py:102] Training  [2680/7500]  eta: 0:29:58  lr: 0.0008 (0.0008)  wd: 0.1413 (0.0755)  mom: 0.9943 (0.9928)  last_layer_lr: 0.0008 (0.0008)  current_batch_size: 64.0000 (64.0000)  total_loss: 8.7486 (9.2767)  dino_local_crops_loss: 7.3936 (7.3916)  dino_global_crops_loss: 0.9242 (0.9240)  ibot_loss: 0.4308 (0.9611)  time: 0.363800  data: 0.024902  max mem: 19472
I20260720 11:58:19 1831735 dinov2 helpers.py:102] Training  [2690/7500]  eta: 0:29:54  lr: 0.0008 (0.0008)  wd: 0.1420 (0.0757)  mom: 0.9943 (0.9928)  last_layer_lr: 0.0008 (0.0008)  current_batch_size: 64.0000 (64.0000)  total_loss: 8.7487 (9.2748)  dino_local_crops_loss: 7.3936 (7.3916)  dino_global_crops_loss: 0.9242 (0.9240)  ibot_loss: 0.4309 (0.9592)  time: 0.376138  data: 0.038650  max mem: 19472
I20260720 11:58:22 1831735 fvcore.common.checkpoint __init__.py:109] Saving checkpoint to /sci/labs/arieljaffe/dan.abergel1/runs/brain/hcp_imgnet_localglobal/model_0002699.rank_0.pth
I20260720 11:58:24 1831735 dinov2 helpers.py:102] Training  [2700/7500]  eta: 0:29:53  lr: 0.0008 (0.0008)  wd: 0.1427 (0.0760)  mom: 0.9943 (0.9928)  last_layer_lr: 0.0008 (0.0008)  current_batch_size: 64.0000 (64.0000)  total_loss: 8.7472 (9.2728)  dino_local_crops_loss: 7.3936 (7.3916)  dino_global_crops_loss: 0.9242 (0.9240)  ibot_loss: 0.4294 (0.9572)  time: 0.430867  data: 0.035001  max mem: 19472
I20260720 11:58:27 1831735 dinov2 helpers.py:102] Training  [2710/7500]  eta: 0:29:49  lr: 0.0008 (0.0008)  wd: 0.1434 (0.0762)  mom: 0.9943 (0.9928)  last_layer_lr: 0.0008 (0.0008)  current_batch_size: 64.0000 (64.0000)  total_loss: 8.7430 (9.2709)  dino_local_crops_loss: 7.3936 (7.3917)  dino_global_crops_loss: 0.9242 (0.9240)  ibot_loss: 0.4252 (0.9553)  time: 0.418812  data: 0.021112  max mem: 19472
I20260720 11:58:30 1831735 dinov2 helpers.py:102] Training  [2720/7500]  eta: 0:29:44  lr: 0.0008 (0.0008)  wd: 0.1440 (0.0765)  mom: 0.9943 (0.9928)  last_layer_lr: 0.0008 (0.0008)  current_batch_size: 64.0000 (64.0000)  total_loss: 8.7445 (9.2690)  dino_local_crops_loss: 7.3936 (7.3917)  dino_global_crops_loss: 0.9242 (0.9240)  ibot_loss: 0.4267 (0.9533)  time: 0.341460  data: 0.000259  max mem: 19472
I20260720 11:58:34 1831735 dinov2 helpers.py:102] Training  [2730/7500]  eta: 0:29:40  lr: 0.0008 (0.0008)  wd: 0.1447 (0.0767)  mom: 0.9943 (0.9928)  last_layer_lr: 0.0008 (0.0008)  current_batch_size: 64.0000 (64.0000)  total_loss: 8.7455 (9.2671)  dino_local_crops_loss: 7.3936 (7.3917)  dino_global_crops_loss: 0.9242 (0.9240)  ibot_loss: 0.4277 (0.9514)  time: 0.339512  data: 0.000351  max mem: 19472
I20260720 11:58:37 1831735 dinov2 helpers.py:102] Training  [2740/7500]  eta: 0:29:36  lr: 0.0008 (0.0008)  wd: 0.1454 (0.0770)  mom: 0.9943 (0.9928)  last_layer_lr: 0.0008 (0.0008)  current_batch_size: 64.0000 (64.0000)  total_loss: 8.7445 (9.2652)  dino_local_crops_loss: 7.3936 (7.3917)  dino_global_crops_loss: 0.9242 (0.9240)  ibot_loss: 0.4267 (0.9495)  time: 0.349828  data: 0.000327  max mem: 19472
I20260720 11:58:41 1831735 dinov2 helpers.py:102] Training  [2750/7500]  eta: 0:29:32  lr: 0.0008 (0.0008)  wd: 0.1461 (0.0773)  mom: 0.9944 (0.9928)  last_layer_lr: 0.0008 (0.0008)  current_batch_size: 64.0000 (64.0000)  total_loss: 8.7443 (9.2633)  dino_local_crops_loss: 7.3936 (7.3917)  dino_global_crops_loss: 0.9242 (0.9240)  ibot_loss: 0.4266 (0.9476)  time: 0.353058  data: 0.000381  max mem: 19472
I20260720 11:58:44 1831735 dinov2 helpers.py:102] Training  [2760/7500]  eta: 0:29:27  lr: 0.0008 (0.0008)  wd: 0.1468 (0.0775)  mom: 0.9944 (0.9928)  last_layer_lr: 0.0008 (0.0008)  current_batch_size: 64.0000 (64.0000)  total_loss: 8.7441 (9.2614)  dino_local_crops_loss: 7.3936 (7.3917)  dino_global_crops_loss: 0.9242 (0.9240)  ibot_loss: 0.4263 (0.9457)  time: 0.344828  data: 0.000385  max mem: 19472
I20260720 11:58:48 1831735 dinov2 helpers.py:102] Training  [2770/7500]  eta: 0:29:23  lr: 0.0008 (0.0008)  wd: 0.1475 (0.0778)  mom: 0.9944 (0.9928)  last_layer_lr: 0.0008 (0.0008)  current_batch_size: 64.0000 (64.0000)  total_loss: 8.7450 (9.2595)  dino_local_crops_loss: 7.3936 (7.3917)  dino_global_crops_loss: 0.9242 (0.9240)  ibot_loss: 0.4272 (0.9439)  time: 0.347507  data: 0.006865  max mem: 19472
I20260720 11:58:52 1831735 dinov2 helpers.py:102] Training  [2780/7500]  eta: 0:29:20  lr: 0.0008 (0.0008)  wd: 0.1482 (0.0780)  mom: 0.9944 (0.9928)  last_layer_lr: 0.0008 (0.0008)  current_batch_size: 64.0000 (64.0000)  total_loss: 8.7450 (9.2577)  dino_local_crops_loss: 7.3936 (7.3917)  dino_global_crops_loss: 0.9242 (0.9240)  ibot_loss: 0.4272 (0.9420)  time: 0.363894  data: 0.024718  max mem: 19472
I20260720 11:58:55 1831735 dinov2 helpers.py:102] Training  [2790/7500]  eta: 0:29:15  lr: 0.0008 (0.0008)  wd: 0.1489 (0.0783)  mom: 0.9944 (0.9929)  last_layer_lr: 0.0008 (0.0008)  current_batch_size: 64.0000 (64.0000)  total_loss: 8.7480 (9.2559)  dino_local_crops_loss: 7.3936 (7.3917)  dino_global_crops_loss: 0.9242 (0.9240)  ibot_loss: 0.4302 (0.9402)  time: 0.357610  data: 0.018217  max mem: 19472
I20260720 11:58:58 1831735 dinov2 helpers.py:102] Training  [2800/7500]  eta: 0:29:11  lr: 0.0008 (0.0008)  wd: 0.1496 (0.0785)  mom: 0.9944 (0.9929)  last_layer_lr: 0.0008 (0.0008)  current_batch_size: 64.0000 (64.0000)  total_loss: 8.7473 (9.2540)  dino_local_crops_loss: 7.3936 (7.3917)  dino_global_crops_loss: 0.9242 (0.9240)  ibot_loss: 0.4295 (0.9383)  time: 0.342712  data: 0.000526  max mem: 19472
I20260720 11:59:02 1831735 dinov2 helpers.py:102] Training  [2810/7500]  eta: 0:29:07  lr: 0.0008 (0.0008)  wd: 0.1502 (0.0788)  mom: 0.9944 (0.9929)  last_layer_lr: 0.0008 (0.0008)  current_batch_size: 64.0000 (64.0000)  total_loss: 8.7271 (9.2521)  dino_local_crops_loss: 7.3936 (7.3917)  dino_global_crops_loss: 0.9242 (0.9240)  ibot_loss: 0.4093 (0.9364)  time: 0.349459  data: 0.005324  max mem: 19472
I20260720 11:59:06 1831735 dinov2 helpers.py:102] Training  [2820/7500]  eta: 0:29:03  lr: 0.0008 (0.0008)  wd: 0.1509 (0.0790)  mom: 0.9945 (0.9929)  last_layer_lr: 0.0008 (0.0008)  current_batch_size: 64.0000 (64.0000)  total_loss: 8.7243 (9.2503)  dino_local_crops_loss: 7.3936 (7.3917)  dino_global_crops_loss: 0.9242 (0.9240)  ibot_loss: 0.4064 (0.9345)  time: 0.352877  data: 0.005153  max mem: 19472
I20260720 11:59:09 1831735 dinov2 helpers.py:102] Training  [2830/7500]  eta: 0:28:59  lr: 0.0008 (0.0008)  wd: 0.1516 (0.0793)  mom: 0.9945 (0.9929)  last_layer_lr: 0.0008 (0.0008)  current_batch_size: 64.0000 (64.0000)  total_loss: 8.7243 (9.2484)  dino_local_crops_loss: 7.3936 (7.3917)  dino_global_crops_loss: 0.9242 (0.9240)  ibot_loss: 0.4064 (0.9327)  time: 0.347004  data: 0.001782  max mem: 19472
I20260720 11:59:12 1831735 dinov2 helpers.py:102] Training  [2840/7500]  eta: 0:28:55  lr: 0.0008 (0.0008)  wd: 0.1523 (0.0796)  mom: 0.9945 (0.9929)  last_layer_lr: 0.0008 (0.0008)  current_batch_size: 64.0000 (64.0000)  total_loss: 8.7233 (9.2466)  dino_local_crops_loss: 7.3936 (7.3917)  dino_global_crops_loss: 0.9242 (0.9240)  ibot_loss: 0.4055 (0.9309)  time: 0.345524  data: 0.001801  max mem: 19472
I20260720 11:59:16 1831735 dinov2 helpers.py:102] Training  [2850/7500]  eta: 0:28:51  lr: 0.0008 (0.0008)  wd: 0.1530 (0.0798)  mom: 0.9945 (0.9929)  last_layer_lr: 0.0008 (0.0008)  current_batch_size: 64.0000 (64.0000)  total_loss: 8.7230 (9.2448)  dino_local_crops_loss: 7.3936 (7.3918)  dino_global_crops_loss: 0.9242 (0.9240)  ibot_loss: 0.4052 (0.9290)  time: 0.353430  data: 0.011922  max mem: 19472
I20260720 11:59:20 1831735 dinov2 helpers.py:102] Training  [2860/7500]  eta: 0:28:47  lr: 0.0008 (0.0008)  wd: 0.1537 (0.0801)  mom: 0.9945 (0.9929)  last_layer_lr: 0.0008 (0.0008)  current_batch_size: 64.0000 (64.0000)  total_loss: 8.7171 (9.2429)  dino_local_crops_loss: 7.3936 (7.3918)  dino_global_crops_loss: 0.9242 (0.9240)  ibot_loss: 0.3993 (0.9271)  time: 0.375896  data: 0.039163  max mem: 19472
I20260720 11:59:23 1831735 dinov2 helpers.py:102] Training  [2870/7500]  eta: 0:28:43  lr: 0.0008 (0.0008)  wd: 0.1544 (0.0803)  mom: 0.9945 (0.9929)  last_layer_lr: 0.0008 (0.0008)  current_batch_size: 64.0000 (64.0000)  total_loss: 8.6979 (9.2410)  dino_local_crops_loss: 7.3936 (7.3918)  dino_global_crops_loss: 0.9242 (0.9240)  ibot_loss: 0.3802 (0.9253)  time: 0.366077  data: 0.027465  max mem: 19472
I20260720 11:59:27 1831735 dinov2 helpers.py:102] Training  [2880/7500]  eta: 0:28:39  lr: 0.0008 (0.0008)  wd: 0.1551 (0.0806)  mom: 0.9946 (0.9929)  last_layer_lr: 0.0008 (0.0008)  current_batch_size: 64.0000 (64.0000)  total_loss: 8.6978 (9.2392)  dino_local_crops_loss: 7.3936 (7.3918)  dino_global_crops_loss: 0.9242 (0.9240)  ibot_loss: 0.3800 (0.9234)  time: 0.341390  data: 0.000229  max mem: 19472
I20260720 11:59:30 1831735 dinov2 helpers.py:102] Training  [2890/7500]  eta: 0:28:35  lr: 0.0008 (0.0008)  wd: 0.1558 (0.0809)  mom: 0.9946 (0.9929)  last_layer_lr: 0.0008 (0.0008)  current_batch_size: 64.0000 (64.0000)  total_loss: 8.7011 (9.2373)  dino_local_crops_loss: 7.3936 (7.3918)  dino_global_crops_loss: 0.9242 (0.9240)  ibot_loss: 0.3833 (0.9215)  time: 0.350992  data: 0.011204  max mem: 19472
I20260720 11:59:35 1831735 dinov2 helpers.py:102] Training  [2900/7500]  eta: 0:28:32  lr: 0.0008 (0.0008)  wd: 0.1566 (0.0811)  mom: 0.9946 (0.9929)  last_layer_lr: 0.0008 (0.0008)  current_batch_size: 64.0000 (64.0000)  total_loss: 8.7010 (9.2354)  dino_local_crops_loss: 7.3936 (7.3918)  dino_global_crops_loss: 0.9242 (0.9240)  ibot_loss: 0.3832 (0.9197)  time: 0.397617  data: 0.062549  max mem: 19472
I20260720 11:59:38 1831735 dinov2 helpers.py:102] Training  [2910/7500]  eta: 0:28:28  lr: 0.0008 (0.0008)  wd: 0.1573 (0.0814)  mom: 0.9946 (0.9929)  last_layer_lr: 0.0008 (0.0008)  current_batch_size: 64.0000 (64.0000)  total_loss: 8.6956 (9.2336)  dino_local_crops_loss: 7.3936 (7.3918)  dino_global_crops_loss: 0.9242 (0.9240)  ibot_loss: 0.3778 (0.9178)  time: 0.393395  data: 0.058472  max mem: 19472
I20260720 11:59:42 1831735 dinov2 helpers.py:102] Training  [2920/7500]  eta: 0:28:24  lr: 0.0008 (0.0008)  wd: 0.1580 (0.0816)  mom: 0.9946 (0.9929)  last_layer_lr: 0.0008 (0.0008)  current_batch_size: 64.0000 (64.0000)  total_loss: 8.6978 (9.2318)  dino_local_crops_loss: 7.3936 (7.3918)  dino_global_crops_loss: 0.9242 (0.9240)  ibot_loss: 0.3800 (0.9160)  time: 0.355792  data: 0.017852  max mem: 19472
I20260720 11:59:45 1831735 dinov2 helpers.py:102] Training  [2930/7500]  eta: 0:28:20  lr: 0.0008 (0.0008)  wd: 0.1587 (0.0819)  mom: 0.9946 (0.9929)  last_layer_lr: 0.0008 (0.0008)  current_batch_size: 64.0000 (64.0000)  total_loss: 8.6904 (9.2299)  dino_local_crops_loss: 7.3936 (7.3918)  dino_global_crops_loss: 0.9242 (0.9240)  ibot_loss: 0.3726 (0.9141)  time: 0.353341  data: 0.010961  max mem: 19472
I20260720 11:59:49 1831735 dinov2 helpers.py:102] Training  [2940/7500]  eta: 0:28:17  lr: 0.0008 (0.0008)  wd: 0.1594 (0.0822)  mom: 0.9947 (0.9929)  last_layer_lr: 0.0008 (0.0008)  current_batch_size: 64.0000 (64.0000)  total_loss: 8.6933 (9.2281)  dino_local_crops_loss: 7.3936 (7.3918)  dino_global_crops_loss: 0.9242 (0.9240)  ibot_loss: 0.3755 (0.9123)  time: 0.365661  data: 0.021497  max mem: 19472
I20260720 11:59:53 1831735 dinov2 helpers.py:102] Training  [2950/7500]  eta: 0:28:13  lr: 0.0008 (0.0008)  wd: 0.1601 (0.0824)  mom: 0.9947 (0.9929)  last_layer_lr: 0.0008 (0.0008)  current_batch_size: 64.0000 (64.0000)  total_loss: 8.6926 (9.2263)  dino_local_crops_loss: 7.3936 (7.3918)  dino_global_crops_loss: 0.9242 (0.9240)  ibot_loss: 0.3748 (0.9105)  time: 0.375258  data: 0.034086  max mem: 19472
I20260720 11:59:57 1831735 dinov2 helpers.py:102] Training  [2960/7500]  eta: 0:28:10  lr: 0.0008 (0.0008)  wd: 0.1608 (0.0827)  mom: 0.9947 (0.9929)  last_layer_lr: 0.0008 (0.0008)  current_batch_size: 64.0000 (64.0000)  total_loss: 8.6812 (9.2244)  dino_local_crops_loss: 7.3936 (7.3918)  dino_global_crops_loss: 0.9242 (0.9240)  ibot_loss: 0.3634 (0.9086)  time: 0.385455  data: 0.044384  max mem: 19472
I20260720 12:00:00 1831735 dinov2 helpers.py:102] Training  [2970/7500]  eta: 0:28:06  lr: 0.0008 (0.0008)  wd: 0.1615 (0.0830)  mom: 0.9947 (0.9930)  last_layer_lr: 0.0008 (0.0008)  current_batch_size: 64.0000 (64.0000)  total_loss: 8.6789 (9.2226)  dino_local_crops_loss: 7.3936 (7.3918)  dino_global_crops_loss: 0.9242 (0.9240)  ibot_loss: 0.3611 (0.9068)  time: 0.374399  data: 0.033321  max mem: 19472
I20260720 12:00:04 1831735 dinov2 helpers.py:102] Training  [2980/7500]  eta: 0:28:02  lr: 0.0008 (0.0008)  wd: 0.1622 (0.0832)  mom: 0.9947 (0.9930)  last_layer_lr: 0.0008 (0.0008)  current_batch_size: 64.0000 (64.0000)  total_loss: 8.6787 (9.2208)  dino_local_crops_loss: 7.3936 (7.3918)  dino_global_crops_loss: 0.9242 (0.9240)  ibot_loss: 0.3608 (0.9049)  time: 0.355652  data: 0.018820  max mem: 19472
I20260720 12:00:08 1831735 dinov2 helpers.py:102] Training  [2990/7500]  eta: 0:27:58  lr: 0.0008 (0.0008)  wd: 0.1629 (0.0835)  mom: 0.9947 (0.9930)  last_layer_lr: 0.0008 (0.0008)  current_batch_size: 64.0000 (64.0000)  total_loss: 8.6789 (9.2190)  dino_local_crops_loss: 7.3936 (7.3918)  dino_global_crops_loss: 0.9242 (0.9240)  ibot_loss: 0.3612 (0.9031)  time: 0.378158  data: 0.041977  max mem: 19472
I20260720 12:00:11 1831735 dinov2 helpers.py:102] Training  [3000/7500]  eta: 0:27:54  lr: 0.0008 (0.0008)  wd: 0.1637 (0.0838)  mom: 0.9947 (0.9930)  last_layer_lr: 0.0008 (0.0008)  current_batch_size: 64.0000 (64.0000)  total_loss: 8.6861 (9.2172)  dino_local_crops_loss: 7.3936 (7.3918)  dino_global_crops_loss: 0.9242 (0.9240)  ibot_loss: 0.3683 (0.9014)  time: 0.364473  data: 0.027949  max mem: 19472
I20260720 12:00:15 1831735 dinov2 helpers.py:102] Training  [3010/7500]  eta: 0:27:50  lr: 0.0008 (0.0008)  wd: 0.1644 (0.0840)  mom: 0.9948 (0.9930)  last_layer_lr: 0.0008 (0.0008)  current_batch_size: 64.0000 (64.0000)  total_loss: 8.6813 (9.2154)  dino_local_crops_loss: 7.3936 (7.3919)  dino_global_crops_loss: 0.9242 (0.9240)  ibot_loss: 0.3635 (0.8995)  time: 0.344287  data: 0.008755  max mem: 19472
I20260720 12:00:18 1831735 dinov2 helpers.py:102] Training  [3020/7500]  eta: 0:27:46  lr: 0.0007 (0.0008)  wd: 0.1651 (0.0843)  mom: 0.9948 (0.9930)  last_layer_lr: 0.0007 (0.0008)  current_batch_size: 64.0000 (64.0000)  total_loss: 8.6849 (9.2137)  dino_local_crops_loss: 7.3936 (7.3919)  dino_global_crops_loss: 0.9242 (0.9240)  ibot_loss: 0.3671 (0.8978)  time: 0.348222  data: 0.005859  max mem: 19472
I20260720 12:00:22 1831735 dinov2 helpers.py:102] Training  [3030/7500]  eta: 0:27:42  lr: 0.0007 (0.0008)  wd: 0.1658 (0.0846)  mom: 0.9948 (0.9930)  last_layer_lr: 0.0007 (0.0008)  current_batch_size: 64.0000 (64.0000)  total_loss: 8.6923 (9.2119)  dino_local_crops_loss: 7.3936 (7.3919)  dino_global_crops_loss: 0.9242 (0.9240)  ibot_loss: 0.3744 (0.8961)  time: 0.345813  data: 0.000336  max mem: 19472
I20260720 12:00:25 1831735 dinov2 helpers.py:102] Training  [3040/7500]  eta: 0:27:38  lr: 0.0007 (0.0008)  wd: 0.1665 (0.0849)  mom: 0.9948 (0.9930)  last_layer_lr: 0.0007 (0.0008)  current_batch_size: 64.0000 (64.0000)  total_loss: 8.6808 (9.2102)  dino_local_crops_loss: 7.3936 (7.3919)  dino_global_crops_loss: 0.9242 (0.9240)  ibot_loss: 0.3630 (0.8943)  time: 0.345323  data: 0.000203  max mem: 19472
I20260720 12:00:29 1831735 dinov2 helpers.py:102] Training  [3050/7500]  eta: 0:27:33  lr: 0.0007 (0.0008)  wd: 0.1673 (0.0851)  mom: 0.9948 (0.9930)  last_layer_lr: 0.0007 (0.0008)  current_batch_size: 64.0000 (64.0000)  total_loss: 8.6889 (9.2085)  dino_local_crops_loss: 7.3936 (7.3919)  dino_global_crops_loss: 0.9242 (0.9240)  ibot_loss: 0.3711 (0.8926)  time: 0.343370  data: 0.000221  max mem: 19472
I20260720 12:00:32 1831735 dinov2 helpers.py:102] Training  [3060/7500]  eta: 0:27:29  lr: 0.0007 (0.0008)  wd: 0.1680 (0.0854)  mom: 0.9948 (0.9930)  last_layer_lr: 0.0007 (0.0008)  current_batch_size: 64.0000 (64.0000)  total_loss: 8.6863 (9.2067)  dino_local_crops_loss: 7.3936 (7.3919)  dino_global_crops_loss: 0.9242 (0.9240)  ibot_loss: 0.3685 (0.8909)  time: 0.340268  data: 0.000336  max mem: 19472
I20260720 12:00:36 1831735 dinov2 helpers.py:102] Training  [3070/7500]  eta: 0:27:25  lr: 0.0007 (0.0008)  wd: 0.1687 (0.0857)  mom: 0.9949 (0.9930)  last_layer_lr: 0.0007 (0.0008)  current_batch_size: 64.0000 (64.0000)  total_loss: 8.6819 (9.2051)  dino_local_crops_loss: 7.3936 (7.3919)  dino_global_crops_loss: 0.9242 (0.9240)  ibot_loss: 0.3641 (0.8892)  time: 0.349929  data: 0.003888  max mem: 19472
I20260720 12:00:39 1831735 dinov2 helpers.py:102] Training  [3080/7500]  eta: 0:27:21  lr: 0.0007 (0.0008)  wd: 0.1694 (0.0859)  mom: 0.9949 (0.9930)  last_layer_lr: 0.0007 (0.0008)  current_batch_size: 64.0000 (64.0000)  total_loss: 8.7017 (9.2034)  dino_local_crops_loss: 7.3936 (7.3919)  dino_global_crops_loss: 0.9242 (0.9240)  ibot_loss: 0.3839 (0.8875)  time: 0.354298  data: 0.010383  max mem: 19472
I20260720 12:00:43 1831735 dinov2 helpers.py:102] Training  [3090/7500]  eta: 0:27:18  lr: 0.0007 (0.0008)  wd: 0.1701 (0.0862)  mom: 0.9949 (0.9930)  last_layer_lr: 0.0007 (0.0008)  current_batch_size: 64.0000 (64.0000)  total_loss: 8.7059 (9.2018)  dino_local_crops_loss: 7.3936 (7.3919)  dino_global_crops_loss: 0.9242 (0.9240)  ibot_loss: 0.3881 (0.8859)  time: 0.360821  data: 0.019344  max mem: 19472
I20260720 12:00:46 1831735 dinov2 helpers.py:102] Training  [3100/7500]  eta: 0:27:14  lr: 0.0007 (0.0008)  wd: 0.1709 (0.0865)  mom: 0.9949 (0.9930)  last_layer_lr: 0.0007 (0.0008)  current_batch_size: 64.0000 (64.0000)  total_loss: 8.6926 (9.2001)  dino_local_crops_loss: 7.3936 (7.3919)  dino_global_crops_loss: 0.9242 (0.9240)  ibot_loss: 0.3748 (0.8842)  time: 0.369802  data: 0.025353  max mem: 19472
I20260720 12:00:50 1831735 dinov2 helpers.py:102] Training  [3110/7500]  eta: 0:27:10  lr: 0.0007 (0.0008)  wd: 0.1716 (0.0868)  mom: 0.9949 (0.9930)  last_layer_lr: 0.0007 (0.0008)  current_batch_size: 64.0000 (64.0000)  total_loss: 8.6789 (9.1984)  dino_local_crops_loss: 7.3936 (7.3919)  dino_global_crops_loss: 0.9242 (0.9240)  ibot_loss: 0.3611 (0.8825)  time: 0.359121  data: 0.012832  max mem: 19472
I20260720 12:00:53 1831735 dinov2 helpers.py:102] Training  [3120/7500]  eta: 0:27:06  lr: 0.0007 (0.0008)  wd: 0.1723 (0.0870)  mom: 0.9949 (0.9930)  last_layer_lr: 0.0007 (0.0008)  current_batch_size: 64.0000 (64.0000)  total_loss: 8.6781 (9.1968)  dino_local_crops_loss: 7.3936 (7.3919)  dino_global_crops_loss: 0.9242 (0.9240)  ibot_loss: 0.3603 (0.8809)  time: 0.344930  data: 0.000404  max mem: 19472
I20260720 12:00:57 1831735 dinov2 helpers.py:102] Training  [3130/7500]  eta: 0:27:02  lr: 0.0007 (0.0008)  wd: 0.1730 (0.0873)  mom: 0.9950 (0.9931)  last_layer_lr: 0.0007 (0.0008)  current_batch_size: 64.0000 (64.0000)  total_loss: 8.6901 (9.1952)  dino_local_crops_loss: 7.3936 (7.3919)  dino_global_crops_loss: 0.9242 (0.9240)  ibot_loss: 0.3723 (0.8792)  time: 0.351416  data: 0.003471  max mem: 19472
I20260720 12:01:00 1831735 dinov2 helpers.py:102] Training  [3140/7500]  eta: 0:26:58  lr: 0.0007 (0.0008)  wd: 0.1738 (0.0876)  mom: 0.9950 (0.9931)  last_layer_lr: 0.0007 (0.0008)  current_batch_size: 64.0000 (64.0000)  total_loss: 8.6875 (9.1935)  dino_local_crops_loss: 7.3936 (7.3919)  dino_global_crops_loss: 0.9242 (0.9240)  ibot_loss: 0.3697 (0.8776)  time: 0.349740  data: 0.003260  max mem: 19472
I20260720 12:01:04 1831735 fvcore.common.checkpoint __init__.py:109] Saving checkpoint to /sci/labs/arieljaffe/dan.abergel1/runs/brain/hcp_imgnet_localglobal/model_0003149.rank_0.pth
I20260720 12:01:05 1831735 dinov2 helpers.py:102] Training  [3150/7500]  eta: 0:26:55  lr: 0.0007 (0.0008)  wd: 0.1745 (0.0879)  mom: 0.9950 (0.9931)  last_layer_lr: 0.0007 (0.0008)  current_batch_size: 64.0000 (64.0000)  total_loss: 8.6809 (9.1919)  dino_local_crops_loss: 7.3936 (7.3919)  dino_global_crops_loss: 0.9242 (0.9240)  ibot_loss: 0.3611 (0.8759)  time: 0.405893  data: 0.004159  max mem: 19472
I20260720 12:01:09 1831735 dinov2 helpers.py:102] Training  [3160/7500]  eta: 0:26:51  lr: 0.0007 (0.0008)  wd: 0.1752 (0.0882)  mom: 0.9950 (0.9931)  last_layer_lr: 0.0007 (0.0008)  current_batch_size: 64.0000 (64.0000)  total_loss: 8.6761 (9.1902)  dino_local_crops_loss: 7.3936 (7.3919)  dino_global_crops_loss: 0.9242 (0.9240)  ibot_loss: 0.3583 (0.8743)  time: 0.406052  data: 0.004128  max mem: 19472
I20260720 12:01:12 1831735 dinov2 helpers.py:102] Training  [3170/7500]  eta: 0:26:47  lr: 0.0007 (0.0008)  wd: 0.1760 (0.0884)  mom: 0.9950 (0.9931)  last_layer_lr: 0.0007 (0.0008)  current_batch_size: 64.0000 (64.0000)  total_loss: 8.6743 (9.1886)  dino_local_crops_loss: 7.3936 (7.3919)  dino_global_crops_loss: 0.9242 (0.9240)  ibot_loss: 0.3565 (0.8727)  time: 0.342165  data: 0.000320  max mem: 19472
I20260720 12:01:16 1831735 dinov2 helpers.py:102] Training  [3180/7500]  eta: 0:26:43  lr: 0.0007 (0.0008)  wd: 0.1767 (0.0887)  mom: 0.9950 (0.9931)  last_layer_lr: 0.0007 (0.0008)  current_batch_size: 64.0000 (64.0000)  total_loss: 8.6819 (9.1871)  dino_local_crops_loss: 7.3936 (7.3919)  dino_global_crops_loss: 0.9242 (0.9240)  ibot_loss: 0.3641 (0.8711)  time: 0.349689  data: 0.000507  max mem: 19472
I20260720 12:01:19 1831735 dinov2 helpers.py:102] Training  [3190/7500]  eta: 0:26:39  lr: 0.0007 (0.0008)  wd: 0.1774 (0.0890)  mom: 0.9951 (0.9931)  last_layer_lr: 0.0007 (0.0008)  current_batch_size: 64.0000 (64.0000)  total_loss: 8.6819 (9.1855)  dino_local_crops_loss: 7.3936 (7.3919)  dino_global_crops_loss: 0.9242 (0.9240)  ibot_loss: 0.3641 (0.8695)  time: 0.350084  data: 0.000362  max mem: 19472
I20260720 12:01:22 1831735 dinov2 helpers.py:102] Training  [3200/7500]  eta: 0:26:35  lr: 0.0007 (0.0008)  wd: 0.1782 (0.0893)  mom: 0.9951 (0.9931)  last_layer_lr: 0.0007 (0.0008)  current_batch_size: 64.0000 (64.0000)  total_loss: 8.6828 (9.1839)  dino_local_crops_loss: 7.3936 (7.3920)  dino_global_crops_loss: 0.9242 (0.9240)  ibot_loss: 0.3650 (0.8679)  time: 0.348893  data: 0.000198  max mem: 19472
I20260720 12:01:26 1831735 dinov2 helpers.py:102] Training  [3210/7500]  eta: 0:26:31  lr: 0.0007 (0.0008)  wd: 0.1789 (0.0895)  mom: 0.9951 (0.9931)  last_layer_lr: 0.0007 (0.0008)  current_batch_size: 64.0000 (64.0000)  total_loss: 8.6828 (9.1823)  dino_local_crops_loss: 7.3936 (7.3920)  dino_global_crops_loss: 0.9242 (0.9240)  ibot_loss: 0.3650 (0.8664)  time: 0.343974  data: 0.000178  max mem: 19472
I20260720 12:01:30 1831735 dinov2 helpers.py:102] Training  [3220/7500]  eta: 0:26:28  lr: 0.0007 (0.0008)  wd: 0.1796 (0.0898)  mom: 0.9951 (0.9931)  last_layer_lr: 0.0007 (0.0008)  current_batch_size: 64.0000 (64.0000)  total_loss: 8.6869 (9.1808)  dino_local_crops_loss: 7.3936 (7.3920)  dino_global_crops_loss: 0.9242 (0.9240)  ibot_loss: 0.3691 (0.8648)  time: 0.383615  data: 0.040925  max mem: 19472
I20260720 12:01:34 1831735 dinov2 helpers.py:102] Training  [3230/7500]  eta: 0:26:24  lr: 0.0007 (0.0008)  wd: 0.1804 (0.0901)  mom: 0.9951 (0.9931)  last_layer_lr: 0.0007 (0.0008)  current_batch_size: 64.0000 (64.0000)  total_loss: 8.6907 (9.1793)  dino_local_crops_loss: 7.3936 (7.3920)  dino_global_crops_loss: 0.9242 (0.9240)  ibot_loss: 0.3729 (0.8633)  time: 0.389155  data: 0.041094  max mem: 19472
I20260720 12:01:37 1831735 dinov2 helpers.py:102] Training  [3240/7500]  eta: 0:26:20  lr: 0.0007 (0.0008)  wd: 0.1811 (0.0904)  mom: 0.9951 (0.9931)  last_layer_lr: 0.0007 (0.0008)  current_batch_size: 64.0000 (64.0000)  total_loss: 8.6746 (9.1777)  dino_local_crops_loss: 7.3936 (7.3920)  dino_global_crops_loss: 0.9242 (0.9240)  ibot_loss: 0.3569 (0.8617)  time: 0.355595  data: 0.003887  max mem: 19472
I20260720 12:01:41 1831735 dinov2 helpers.py:102] Training  [3250/7500]  eta: 0:26:16  lr: 0.0007 (0.0008)  wd: 0.1818 (0.0907)  mom: 0.9952 (0.9931)  last_layer_lr: 0.0007 (0.0008)  current_batch_size: 64.0000 (64.0000)  total_loss: 8.6845 (9.1762)  dino_local_crops_loss: 7.3936 (7.3920)  dino_global_crops_loss: 0.9242 (0.9240)  ibot_loss: 0.3667 (0.8602)  time: 0.353959  data: 0.003750  max mem: 19472
I20260720 12:01:44 1831735 dinov2 helpers.py:102] Training  [3260/7500]  eta: 0:26:12  lr: 0.0007 (0.0008)  wd: 0.1826 (0.0910)  mom: 0.9952 (0.9931)  last_layer_lr: 0.0007 (0.0008)  current_batch_size: 64.0000 (64.0000)  total_loss: 8.6768 (9.1747)  dino_local_crops_loss: 7.3936 (7.3920)  dino_global_crops_loss: 0.9242 (0.9240)  ibot_loss: 0.3590 (0.8587)  time: 0.349150  data: 0.000529  max mem: 19472
I20260720 12:01:48 1831735 dinov2 helpers.py:102] Training  [3270/7500]  eta: 0:26:08  lr: 0.0007 (0.0008)  wd: 0.1833 (0.0912)  mom: 0.9952 (0.9931)  last_layer_lr: 0.0007 (0.0008)  current_batch_size: 64.0000 (64.0000)  total_loss: 8.6768 (9.1732)  dino_local_crops_loss: 7.3936 (7.3920)  dino_global_crops_loss: 0.9242 (0.9240)  ibot_loss: 0.3590 (0.8572)  time: 0.348717  data: 0.000519  max mem: 19472
I20260720 12:01:51 1831735 dinov2 helpers.py:102] Training  [3280/7500]  eta: 0:26:04  lr: 0.0007 (0.0008)  wd: 0.1841 (0.0915)  mom: 0.9952 (0.9931)  last_layer_lr: 0.0007 (0.0008)  current_batch_size: 64.0000 (64.0000)  total_loss: 8.6799 (9.1716)  dino_local_crops_loss: 7.3936 (7.3920)  dino_global_crops_loss: 0.9242 (0.9240)  ibot_loss: 0.3620 (0.8556)  time: 0.350115  data: 0.000395  max mem: 19472
I20260720 12:01:55 1831735 dinov2 helpers.py:102] Training  [3290/7500]  eta: 0:26:00  lr: 0.0007 (0.0008)  wd: 0.1848 (0.0918)  mom: 0.9952 (0.9932)  last_layer_lr: 0.0007 (0.0008)  current_batch_size: 64.0000 (64.0000)  total_loss: 8.6779 (9.1702)  dino_local_crops_loss: 7.3936 (7.3920)  dino_global_crops_loss: 0.9242 (0.9240)  ibot_loss: 0.3601 (0.8542)  time: 0.354038  data: 0.000562  max mem: 19472
I20260720 12:01:58 1831735 dinov2 helpers.py:102] Training  [3300/7500]  eta: 0:25:57  lr: 0.0007 (0.0008)  wd: 0.1855 (0.0921)  mom: 0.9952 (0.9932)  last_layer_lr: 0.0007 (0.0008)  current_batch_size: 64.0000 (64.0000)  total_loss: 8.6803 (9.1687)  dino_local_crops_loss: 7.3936 (7.3920)  dino_global_crops_loss: 0.9242 (0.9240)  ibot_loss: 0.3625 (0.8527)  time: 0.353793  data: 0.000391  max mem: 19472
I20260720 12:02:02 1831735 dinov2 helpers.py:102] Training  [3310/7500]  eta: 0:25:53  lr: 0.0007 (0.0008)  wd: 0.1863 (0.0924)  mom: 0.9953 (0.9932)  last_layer_lr: 0.0007 (0.0008)  current_batch_size: 64.0000 (64.0000)  total_loss: 8.6777 (9.1672)  dino_local_crops_loss: 7.3936 (7.3920)  dino_global_crops_loss: 0.9242 (0.9240)  ibot_loss: 0.3600 (0.8512)  time: 0.350441  data: 0.000237  max mem: 19472
I20260720 12:02:05 1831735 dinov2 helpers.py:102] Training  [3320/7500]  eta: 0:25:48  lr: 0.0007 (0.0008)  wd: 0.1870 (0.0927)  mom: 0.9953 (0.9932)  last_layer_lr: 0.0007 (0.0008)  current_batch_size: 64.0000 (64.0000)  total_loss: 8.6702 (9.1657)  dino_local_crops_loss: 7.3936 (7.3920)  dino_global_crops_loss: 0.9242 (0.9240)  ibot_loss: 0.3524 (0.8497)  time: 0.345119  data: 0.000214  max mem: 19472
I20260720 12:02:09 1831735 dinov2 helpers.py:102] Training  [3330/7500]  eta: 0:25:44  lr: 0.0007 (0.0008)  wd: 0.1878 (0.0930)  mom: 0.9953 (0.9932)  last_layer_lr: 0.0007 (0.0008)  current_batch_size: 64.0000 (64.0000)  total_loss: 8.6866 (9.1643)  dino_local_crops_loss: 7.3936 (7.3920)  dino_global_crops_loss: 0.9242 (0.9240)  ibot_loss: 0.3688 (0.8482)  time: 0.342090  data: 0.000216  max mem: 19472
I20260720 12:02:12 1831735 dinov2 helpers.py:102] Training  [3340/7500]  eta: 0:25:40  lr: 0.0007 (0.0008)  wd: 0.1885 (0.0932)  mom: 0.9953 (0.9932)  last_layer_lr: 0.0007 (0.0008)  current_batch_size: 64.0000 (64.0000)  total_loss: 8.6900 (9.1629)  dino_local_crops_loss: 7.3936 (7.3920)  dino_global_crops_loss: 0.9242 (0.9240)  ibot_loss: 0.3722 (0.8468)  time: 0.339916  data: 0.000231  max mem: 19472
I20260720 12:02:16 1831735 dinov2 helpers.py:102] Training  [3350/7500]  eta: 0:25:36  lr: 0.0007 (0.0008)  wd: 0.1892 (0.0935)  mom: 0.9953 (0.9932)  last_layer_lr: 0.0007 (0.0008)  current_batch_size: 64.0000 (64.0000)  total_loss: 8.6877 (9.1614)  dino_local_crops_loss: 7.3936 (7.3920)  dino_global_crops_loss: 0.9242 (0.9240)  ibot_loss: 0.3700 (0.8454)  time: 0.347862  data: 0.002677  max mem: 19472
I20260720 12:02:19 1831735 dinov2 helpers.py:102] Training  [3360/7500]  eta: 0:25:33  lr: 0.0007 (0.0008)  wd: 0.1900 (0.0938)  mom: 0.9953 (0.9932)  last_layer_lr: 0.0007 (0.0008)  current_batch_size: 64.0000 (64.0000)  total_loss: 8.6883 (9.1600)  dino_local_crops_loss: 7.3936 (7.3920)  dino_global_crops_loss: 0.9242 (0.9240)  ibot_loss: 0.3705 (0.8440)  time: 0.369124  data: 0.024720  max mem: 19472
I20260720 12:02:23 1831735 dinov2 helpers.py:102] Training  [3370/7500]  eta: 0:25:29  lr: 0.0007 (0.0008)  wd: 0.1907 (0.0941)  mom: 0.9953 (0.9932)  last_layer_lr: 0.0007 (0.0008)  current_batch_size: 64.0000 (64.0000)  total_loss: 8.6880 (9.1586)  dino_local_crops_loss: 7.3936 (7.3920)  dino_global_crops_loss: 0.9242 (0.9240)  ibot_loss: 0.3702 (0.8426)  time: 0.379998  data: 0.044035  max mem: 19472
I20260720 12:02:27 1831735 dinov2 helpers.py:102] Training  [3380/7500]  eta: 0:25:25  lr: 0.0007 (0.0008)  wd: 0.1915 (0.0944)  mom: 0.9954 (0.9932)  last_layer_lr: 0.0007 (0.0008)  current_batch_size: 64.0000 (64.0000)  total_loss: 8.6928 (9.1573)  dino_local_crops_loss: 7.3936 (7.3920)  dino_global_crops_loss: 0.9242 (0.9240)  ibot_loss: 0.3750 (0.8412)  time: 0.366120  data: 0.023675  max mem: 19472
I20260720 12:02:30 1831735 dinov2 helpers.py:102] Training  [3390/7500]  eta: 0:25:21  lr: 0.0007 (0.0008)  wd: 0.1922 (0.0947)  mom: 0.9954 (0.9932)  last_layer_lr: 0.0007 (0.0008)  current_batch_size: 64.0000 (64.0000)  total_loss: 8.7006 (9.1560)  dino_local_crops_loss: 7.3936 (7.3920)  dino_global_crops_loss: 0.9242 (0.9240)  ibot_loss: 0.3828 (0.8399)  time: 0.347756  data: 0.003972  max mem: 19472
I20260720 12:02:35 1831735 dinov2 helpers.py:102] Training  [3400/7500]  eta: 0:25:18  lr: 0.0007 (0.0008)  wd: 0.1930 (0.0950)  mom: 0.9954 (0.9932)  last_layer_lr: 0.0007 (0.0008)  current_batch_size: 64.0000 (64.0000)  total_loss: 8.6971 (9.1546)  dino_local_crops_loss: 7.3936 (7.3921)  dino_global_crops_loss: 0.9242 (0.9240)  ibot_loss: 0.3793 (0.8385)  time: 0.389462  data: 0.054127  max mem: 19472
I20260720 12:02:38 1831735 dinov2 helpers.py:102] Training  [3410/7500]  eta: 0:25:15  lr: 0.0007 (0.0008)  wd: 0.1937 (0.0953)  mom: 0.9954 (0.9932)  last_layer_lr: 0.0007 (0.0008)  current_batch_size: 64.0000 (64.0000)  total_loss: 8.6968 (9.1533)  dino_local_crops_loss: 7.3936 (7.3921)  dino_global_crops_loss: 0.9242 (0.9240)  ibot_loss: 0.3790 (0.8372)  time: 0.404794  data: 0.061574  max mem: 19472
I20260720 12:02:42 1831735 dinov2 helpers.py:102] Training  [3420/7500]  eta: 0:25:11  lr: 0.0007 (0.0008)  wd: 0.1945 (0.0956)  mom: 0.9954 (0.9932)  last_layer_lr: 0.0007 (0.0008)  current_batch_size: 64.0000 (64.0000)  total_loss: 8.6987 (9.1520)  dino_local_crops_loss: 7.3936 (7.3921)  dino_global_crops_loss: 0.9242 (0.9240)  ibot_loss: 0.3809 (0.8359)  time: 0.358649  data: 0.015098  max mem: 19472
I20260720 12:02:45 1831735 dinov2 helpers.py:102] Training  [3430/7500]  eta: 0:25:07  lr: 0.0007 (0.0008)  wd: 0.1952 (0.0958)  mom: 0.9954 (0.9932)  last_layer_lr: 0.0007 (0.0008)  current_batch_size: 64.0000 (64.0000)  total_loss: 8.6981 (9.1507)  dino_local_crops_loss: 7.3936 (7.3921)  dino_global_crops_loss: 0.9242 (0.9240)  ibot_loss: 0.3803 (0.8346)  time: 0.343312  data: 0.005591  max mem: 19472
I20260720 12:02:49 1831735 dinov2 helpers.py:102] Training  [3440/7500]  eta: 0:25:03  lr: 0.0007 (0.0008)  wd: 0.1959 (0.0961)  mom: 0.9955 (0.9932)  last_layer_lr: 0.0007 (0.0008)  current_batch_size: 64.0000 (64.0000)  total_loss: 8.6973 (9.1493)  dino_local_crops_loss: 7.3936 (7.3921)  dino_global_crops_loss: 0.9242 (0.9240)  ibot_loss: 0.3795 (0.8332)  time: 0.344233  data: 0.000233  max mem: 19472
I20260720 12:02:52 1831735 dinov2 helpers.py:102] Training  [3450/7500]  eta: 0:24:59  lr: 0.0007 (0.0008)  wd: 0.1967 (0.0964)  mom: 0.9955 (0.9933)  last_layer_lr: 0.0007 (0.0008)  current_batch_size: 64.0000 (64.0000)  total_loss: 8.6951 (9.1480)  dino_local_crops_loss: 7.3936 (7.3921)  dino_global_crops_loss: 0.9242 (0.9240)  ibot_loss: 0.3773 (0.8319)  time: 0.347451  data: 0.000220  max mem: 19472
I20260720 12:02:56 1831735 dinov2 helpers.py:102] Training  [3460/7500]  eta: 0:24:55  lr: 0.0007 (0.0008)  wd: 0.1974 (0.0967)  mom: 0.9955 (0.9933)  last_layer_lr: 0.0007 (0.0008)  current_batch_size: 64.0000 (64.0000)  total_loss: 8.6879 (9.1467)  dino_local_crops_loss: 7.3936 (7.3921)  dino_global_crops_loss: 0.9242 (0.9240)  ibot_loss: 0.3701 (0.8306)  time: 0.353162  data: 0.000331  max mem: 19472
I20260720 12:02:59 1831735 dinov2 helpers.py:102] Training  [3470/7500]  eta: 0:24:51  lr: 0.0007 (0.0008)  wd: 0.1982 (0.0970)  mom: 0.9955 (0.9933)  last_layer_lr: 0.0007 (0.0008)  current_batch_size: 64.0000 (64.0000)  total_loss: 8.6879 (9.1454)  dino_local_crops_loss: 7.3936 (7.3921)  dino_global_crops_loss: 0.9242 (0.9240)  ibot_loss: 0.3701 (0.8293)  time: 0.351349  data: 0.000339  max mem: 19472
I20260720 12:03:03 1831735 dinov2 helpers.py:102] Training  [3480/7500]  eta: 0:24:47  lr: 0.0007 (0.0008)  wd: 0.1989 (0.0973)  mom: 0.9955 (0.9933)  last_layer_lr: 0.0007 (0.0008)  current_batch_size: 64.0000 (64.0000)  total_loss: 8.6945 (9.1440)  dino_local_crops_loss: 7.3936 (7.3921)  dino_global_crops_loss: 0.9242 (0.9240)  ibot_loss: 0.3767 (0.8279)  time: 0.339945  data: 0.000331  max mem: 19472
I20260720 12:03:06 1831735 dinov2 helpers.py:102] Training  [3490/7500]  eta: 0:24:43  lr: 0.0006 (0.0008)  wd: 0.1997 (0.0976)  mom: 0.9955 (0.9933)  last_layer_lr: 0.0006 (0.0008)  current_batch_size: 64.0000 (64.0000)  total_loss: 8.6925 (9.1428)  dino_local_crops_loss: 7.3936 (7.3921)  dino_global_crops_loss: 0.9242 (0.9240)  ibot_loss: 0.3748 (0.8266)  time: 0.341586  data: 0.000485  max mem: 19472
I20260720 12:03:10 1831735 dinov2 helpers.py:102] Training  [3500/7500]  eta: 0:24:39  lr: 0.0006 (0.0008)  wd: 0.2004 (0.0979)  mom: 0.9956 (0.9933)  last_layer_lr: 0.0006 (0.0008)  current_batch_size: 64.0000 (64.0000)  total_loss: 8.6922 (9.1415)  dino_local_crops_loss: 7.3936 (7.3921)  dino_global_crops_loss: 0.9242 (0.9240)  ibot_loss: 0.3744 (0.8254)  time: 0.347715  data: 0.000378  max mem: 19472
I20260720 12:03:13 1831735 dinov2 helpers.py:102] Training  [3510/7500]  eta: 0:24:35  lr: 0.0006 (0.0008)  wd: 0.2012 (0.0982)  mom: 0.9956 (0.9933)  last_layer_lr: 0.0006 (0.0008)  current_batch_size: 64.0000 (64.0000)  total_loss: 8.6902 (9.1402)  dino_local_crops_loss: 7.3936 (7.3921)  dino_global_crops_loss: 0.9242 (0.9240)  ibot_loss: 0.3724 (0.8241)  time: 0.344687  data: 0.001957  max mem: 19472
I20260720 12:03:16 1831735 dinov2 helpers.py:102] Training  [3520/7500]  eta: 0:24:31  lr: 0.0006 (0.0008)  wd: 0.2019 (0.0985)  mom: 0.9956 (0.9933)  last_layer_lr: 0.0006 (0.0008)  current_batch_size: 64.0000 (64.0000)  total_loss: 8.6825 (9.1389)  dino_local_crops_loss: 7.3936 (7.3921)  dino_global_crops_loss: 0.9242 (0.9240)  ibot_loss: 0.3646 (0.8228)  time: 0.345023  data: 0.002605  max mem: 19472
I20260720 12:03:20 1831735 dinov2 helpers.py:102] Training  [3530/7500]  eta: 0:24:27  lr: 0.0006 (0.0008)  wd: 0.2027 (0.0988)  mom: 0.9956 (0.9933)  last_layer_lr: 0.0006 (0.0008)  current_batch_size: 64.0000 (64.0000)  total_loss: 8.6871 (9.1377)  dino_local_crops_loss: 7.3936 (7.3921)  dino_global_crops_loss: 0.9242 (0.9240)  ibot_loss: 0.3692 (0.8216)  time: 0.346746  data: 0.000875  max mem: 19472
I20260720 12:03:23 1831735 dinov2 helpers.py:102] Training  [3540/7500]  eta: 0:24:23  lr: 0.0006 (0.0008)  wd: 0.2034 (0.0991)  mom: 0.9956 (0.9933)  last_layer_lr: 0.0006 (0.0008)  current_batch_size: 64.0000 (64.0000)  total_loss: 8.7078 (9.1365)  dino_local_crops_loss: 7.3936 (7.3921)  dino_global_crops_loss: 0.9242 (0.9240)  ibot_loss: 0.3900 (0.8204)  time: 0.349639  data: 0.005949  max mem: 19472
I20260720 12:03:28 1831735 dinov2 helpers.py:102] Training  [3550/7500]  eta: 0:24:20  lr: 0.0006 (0.0008)  wd: 0.2042 (0.0994)  mom: 0.9956 (0.9933)  last_layer_lr: 0.0006 (0.0008)  current_batch_size: 64.0000 (64.0000)  total_loss: 8.7118 (9.1353)  dino_local_crops_loss: 7.3936 (7.3921)  dino_global_crops_loss: 0.9242 (0.9240)  ibot_loss: 0.3940 (0.8192)  time: 0.385669  data: 0.035553  max mem: 19472
I20260720 12:03:31 1831735 dinov2 helpers.py:102] Training  [3560/7500]  eta: 0:24:16  lr: 0.0006 (0.0008)  wd: 0.2049 (0.0997)  mom: 0.9957 (0.9933)  last_layer_lr: 0.0006 (0.0008)  current_batch_size: 64.0000 (64.0000)  total_loss: 8.7100 (9.1341)  dino_local_crops_loss: 7.3936 (7.3921)  dino_global_crops_loss: 0.9242 (0.9240)  ibot_loss: 0.3922 (0.8180)  time: 0.386953  data: 0.039839  max mem: 19472
I20260720 12:03:35 1831735 dinov2 helpers.py:102] Training  [3570/7500]  eta: 0:24:12  lr: 0.0006 (0.0008)  wd: 0.2057 (0.1000)  mom: 0.9957 (0.9933)  last_layer_lr: 0.0006 (0.0008)  current_batch_size: 64.0000 (64.0000)  total_loss: 8.7029 (9.1329)  dino_local_crops_loss: 7.3936 (7.3921)  dino_global_crops_loss: 0.9242 (0.9240)  ibot_loss: 0.3850 (0.8168)  time: 0.361321  data: 0.021924  max mem: 19472
I20260720 12:03:38 1831735 dinov2 helpers.py:102] Training  [3580/7500]  eta: 0:24:09  lr: 0.0006 (0.0008)  wd: 0.2064 (0.1003)  mom: 0.9957 (0.9933)  last_layer_lr: 0.0006 (0.0008)  current_batch_size: 64.0000 (64.0000)  total_loss: 8.6962 (9.1317)  dino_local_crops_loss: 7.3936 (7.3921)  dino_global_crops_loss: 0.9242 (0.9240)  ibot_loss: 0.3784 (0.8155)  time: 0.364748  data: 0.020125  max mem: 19472
I20260720 12:03:42 1831735 dinov2 helpers.py:102] Training  [3590/7500]  eta: 0:24:05  lr: 0.0006 (0.0008)  wd: 0.2072 (0.1006)  mom: 0.9957 (0.9933)  last_layer_lr: 0.0006 (0.0008)  current_batch_size: 64.0000 (64.0000)  total_loss: 8.7027 (9.1305)  dino_local_crops_loss: 7.3936 (7.3921)  dino_global_crops_loss: 0.9242 (0.9240)  ibot_loss: 0.3849 (0.8144)  time: 0.355195  data: 0.008414  max mem: 19472
I20260720 12:03:45 1831735 fvcore.common.checkpoint __init__.py:109] Saving checkpoint to /sci/labs/arieljaffe/dan.abergel1/runs/brain/hcp_imgnet_localglobal/model_0003599.rank_0.pth
I20260720 12:03:47 1831735 dinov2 helpers.py:102] Training  [3600/7500]  eta: 0:24:02  lr: 0.0006 (0.0008)  wd: 0.2079 (0.1009)  mom: 0.9957 (0.9934)  last_layer_lr: 0.0006 (0.0008)  current_batch_size: 64.0000 (64.0000)  total_loss: 8.6958 (9.1293)  dino_local_crops_loss: 7.3936 (7.3921)  dino_global_crops_loss: 0.9242 (0.9240)  ibot_loss: 0.3780 (0.8131)  time: 0.414716  data: 0.000240  max mem: 19472
I20260720 12:03:50 1831735 dinov2 helpers.py:102] Training  [3610/7500]  eta: 0:23:58  lr: 0.0006 (0.0008)  wd: 0.2087 (0.1012)  mom: 0.9957 (0.9934)  last_layer_lr: 0.0006 (0.0008)  current_batch_size: 64.0000 (64.0000)  total_loss: 8.6953 (9.1281)  dino_local_crops_loss: 7.3936 (7.3921)  dino_global_crops_loss: 0.9242 (0.9240)  ibot_loss: 0.3775 (0.8120)  time: 0.411825  data: 0.000251  max mem: 19472
I20260720 12:03:54 1831735 dinov2 helpers.py:102] Training  [3620/7500]  eta: 0:23:54  lr: 0.0006 (0.0008)  wd: 0.2095 (0.1015)  mom: 0.9958 (0.9934)  last_layer_lr: 0.0006 (0.0008)  current_batch_size: 64.0000 (64.0000)  total_loss: 8.6929 (9.1269)  dino_local_crops_loss: 7.3936 (7.3921)  dino_global_crops_loss: 0.9242 (0.9240)  ibot_loss: 0.3750 (0.8107)  time: 0.339110  data: 0.000341  max mem: 19472
I20260720 12:03:57 1831735 dinov2 helpers.py:102] Training  [3630/7500]  eta: 0:23:50  lr: 0.0006 (0.0008)  wd: 0.2102 (0.1018)  mom: 0.9958 (0.9934)  last_layer_lr: 0.0006 (0.0008)  current_batch_size: 64.0000 (64.0000)  total_loss: 8.7003 (9.1258)  dino_local_crops_loss: 7.3936 (7.3922)  dino_global_crops_loss: 0.9242 (0.9240)  ibot_loss: 0.3825 (0.8096)  time: 0.336790  data: 0.000376  max mem: 19472
I20260720 12:04:00 1831735 dinov2 helpers.py:102] Training  [3640/7500]  eta: 0:23:46  lr: 0.0006 (0.0008)  wd: 0.2110 (0.1021)  mom: 0.9958 (0.9934)  last_layer_lr: 0.0006 (0.0008)  current_batch_size: 64.0000 (64.0000)  total_loss: 8.7006 (9.1246)  dino_local_crops_loss: 7.3936 (7.3922)  dino_global_crops_loss: 0.9242 (0.9240)  ibot_loss: 0.3828 (0.8084)  time: 0.339083  data: 0.000230  max mem: 19472
I20260720 12:04:04 1831735 dinov2 helpers.py:102] Training  [3650/7500]  eta: 0:23:42  lr: 0.0006 (0.0008)  wd: 0.2117 (0.1024)  mom: 0.9958 (0.9934)  last_layer_lr: 0.0006 (0.0008)  current_batch_size: 64.0000 (64.0000)  total_loss: 8.6956 (9.1234)  dino_local_crops_loss: 7.3936 (7.3922)  dino_global_crops_loss: 0.9242 (0.9240)  ibot_loss: 0.3774 (0.8072)  time: 0.346804  data: 0.001738  max mem: 19472
I20260720 12:04:07 1831735 dinov2 helpers.py:102] Training  [3660/7500]  eta: 0:23:38  lr: 0.0006 (0.0008)  wd: 0.2125 (0.1027)  mom: 0.9958 (0.9934)  last_layer_lr: 0.0006 (0.0008)  current_batch_size: 64.0000 (64.0000)  total_loss: 8.6936 (9.1222)  dino_local_crops_loss: 7.3936 (7.3922)  dino_global_crops_loss: 0.9242 (0.9240)  ibot_loss: 0.3758 (0.8060)  time: 0.343678  data: 0.001765  max mem: 19472
I20260720 12:04:11 1831735 dinov2 helpers.py:102] Training  [3670/7500]  eta: 0:23:34  lr: 0.0006 (0.0008)  wd: 0.2132 (0.1030)  mom: 0.9958 (0.9934)  last_layer_lr: 0.0006 (0.0008)  current_batch_size: 64.0000 (64.0000)  total_loss: 8.6832 (9.1210)  dino_local_crops_loss: 7.3936 (7.3922)  dino_global_crops_loss: 0.9242 (0.9240)  ibot_loss: 0.3653 (0.8048)  time: 0.342181  data: 0.000352  max mem: 19472
I20260720 12:04:14 1831735 dinov2 helpers.py:102] Training  [3680/7500]  eta: 0:23:30  lr: 0.0006 (0.0008)  wd: 0.2140 (0.1033)  mom: 0.9959 (0.9934)  last_layer_lr: 0.0006 (0.0008)  current_batch_size: 64.0000 (64.0000)  total_loss: 8.6791 (9.1198)  dino_local_crops_loss: 7.3936 (7.3922)  dino_global_crops_loss: 0.9242 (0.9240)  ibot_loss: 0.3613 (0.8036)  time: 0.342869  data: 0.000365  max mem: 19472
I20260720 12:04:18 1831735 dinov2 helpers.py:102] Training  [3690/7500]  eta: 0:23:27  lr: 0.0006 (0.0008)  wd: 0.2147 (0.1036)  mom: 0.9959 (0.9934)  last_layer_lr: 0.0006 (0.0008)  current_batch_size: 64.0000 (64.0000)  total_loss: 8.6842 (9.1187)  dino_local_crops_loss: 7.3936 (7.3922)  dino_global_crops_loss: 0.9242 (0.9240)  ibot_loss: 0.3663 (0.8025)  time: 0.359600  data: 0.018628  max mem: 19472
I20260720 12:04:22 1831735 dinov2 helpers.py:102] Training  [3700/7500]  eta: 0:23:23  lr: 0.0006 (0.0008)  wd: 0.2155 (0.1039)  mom: 0.9959 (0.9934)  last_layer_lr: 0.0006 (0.0008)  current_batch_size: 64.0000 (64.0000)  total_loss: 8.6907 (9.1175)  dino_local_crops_loss: 7.3936 (7.3922)  dino_global_crops_loss: 0.9242 (0.9240)  ibot_loss: 0.3729 (0.8013)  time: 0.372411  data: 0.026007  max mem: 19472
I20260720 12:04:25 1831735 dinov2 helpers.py:102] Training  [3710/7500]  eta: 0:23:19  lr: 0.0006 (0.0008)  wd: 0.2162 (0.1042)  mom: 0.9959 (0.9934)  last_layer_lr: 0.0006 (0.0008)  current_batch_size: 64.0000 (64.0000)  total_loss: 8.6931 (9.1164)  dino_local_crops_loss: 7.3936 (7.3922)  dino_global_crops_loss: 0.9242 (0.9240)  ibot_loss: 0.3753 (0.8002)  time: 0.372709  data: 0.026286  max mem: 19472
I20260720 12:04:29 1831735 dinov2 helpers.py:102] Training  [3720/7500]  eta: 0:23:15  lr: 0.0006 (0.0008)  wd: 0.2170 (0.1045)  mom: 0.9959 (0.9934)  last_layer_lr: 0.0006 (0.0008)  current_batch_size: 64.0000 (64.0000)  total_loss: 8.7002 (9.1153)  dino_local_crops_loss: 7.3936 (7.3922)  dino_global_crops_loss: 0.9242 (0.9240)  ibot_loss: 0.3824 (0.7991)  time: 0.361036  data: 0.018939  max mem: 19472
I20260720 12:04:33 1831735 dinov2 helpers.py:102] Training  [3730/7500]  eta: 0:23:12  lr: 0.0006 (0.0008)  wd: 0.2177 (0.1048)  mom: 0.9959 (0.9934)  last_layer_lr: 0.0006 (0.0008)  current_batch_size: 64.0000 (64.0000)  total_loss: 8.6888 (9.1141)  dino_local_crops_loss: 7.3936 (7.3922)  dino_global_crops_loss: 0.9242 (0.9240)  ibot_loss: 0.3709 (0.7979)  time: 0.366876  data: 0.024915  max mem: 19472
I20260720 12:04:36 1831735 dinov2 helpers.py:102] Training  [3740/7500]  eta: 0:23:08  lr: 0.0006 (0.0008)  wd: 0.2185 (0.1051)  mom: 0.9960 (0.9934)  last_layer_lr: 0.0006 (0.0008)  current_batch_size: 64.0000 (64.0000)  total_loss: 8.6822 (9.1130)  dino_local_crops_loss: 7.3936 (7.3922)  dino_global_crops_loss: 0.9242 (0.9240)  ibot_loss: 0.3644 (0.7968)  time: 0.376982  data: 0.029125  max mem: 19472
I20260720 12:04:40 1831735 dinov2 helpers.py:102] Training  [3750/7500]  eta: 0:23:04  lr: 0.0006 (0.0008)  wd: 0.2192 (0.1054)  mom: 0.9960 (0.9935)  last_layer_lr: 0.0006 (0.0008)  current_batch_size: 64.0000 (64.0000)  total_loss: 8.6748 (9.1118)  dino_local_crops_loss: 7.3936 (7.3922)  dino_global_crops_loss: 0.9242 (0.9240)  ibot_loss: 0.3570 (0.7956)  time: 0.355141  data: 0.004476  max mem: 19472
I20260720 12:04:43 1831735 dinov2 helpers.py:102] Training  [3760/7500]  eta: 0:23:00  lr: 0.0006 (0.0008)  wd: 0.2200 (0.1057)  mom: 0.9960 (0.9935)  last_layer_lr: 0.0006 (0.0008)  current_batch_size: 64.0000 (64.0000)  total_loss: 8.6778 (9.1107)  dino_local_crops_loss: 7.3936 (7.3922)  dino_global_crops_loss: 0.9242 (0.9240)  ibot_loss: 0.3601 (0.7945)  time: 0.350393  data: 0.000218  max mem: 19472
I20260720 12:04:47 1831735 dinov2 helpers.py:102] Training  [3770/7500]  eta: 0:22:56  lr: 0.0006 (0.0008)  wd: 0.2208 (0.1060)  mom: 0.9960 (0.9935)  last_layer_lr: 0.0006 (0.0008)  current_batch_size: 64.0000 (64.0000)  total_loss: 8.6898 (9.1096)  dino_local_crops_loss: 7.3936 (7.3922)  dino_global_crops_loss: 0.9242 (0.9240)  ibot_loss: 0.3720 (0.7934)  time: 0.346271  data: 0.000213  max mem: 19472
I20260720 12:04:50 1831735 dinov2 helpers.py:102] Training  [3780/7500]  eta: 0:22:52  lr: 0.0006 (0.0008)  wd: 0.2215 (0.1063)  mom: 0.9960 (0.9935)  last_layer_lr: 0.0006 (0.0008)  current_batch_size: 64.0000 (64.0000)  total_loss: 8.6842 (9.1085)  dino_local_crops_loss: 7.3936 (7.3922)  dino_global_crops_loss: 0.9242 (0.9240)  ibot_loss: 0.3664 (0.7922)  time: 0.345625  data: 0.004584  max mem: 19472
I20260720 12:04:54 1831735 dinov2 helpers.py:102] Training  [3790/7500]  eta: 0:22:49  lr: 0.0006 (0.0008)  wd: 0.2223 (0.1066)  mom: 0.9961 (0.9935)  last_layer_lr: 0.0006 (0.0008)  current_batch_size: 64.0000 (64.0000)  total_loss: 8.6880 (9.1074)  dino_local_crops_loss: 7.3936 (7.3922)  dino_global_crops_loss: 0.9242 (0.9240)  ibot_loss: 0.3702 (0.7911)  time: 0.348228  data: 0.004602  max mem: 19472
I20260720 12:04:57 1831735 dinov2 helpers.py:102] Training  [3800/7500]  eta: 0:22:45  lr: 0.0006 (0.0008)  wd: 0.2230 (0.1069)  mom: 0.9961 (0.9935)  last_layer_lr: 0.0006 (0.0008)  current_batch_size: 64.0000 (64.0000)  total_loss: 8.6893 (9.1063)  dino_local_crops_loss: 7.3936 (7.3922)  dino_global_crops_loss: 0.9242 (0.9240)  ibot_loss: 0.3715 (0.7900)  time: 0.346364  data: 0.000229  max mem: 19472
I20260720 12:05:01 1831735 dinov2 helpers.py:102] Training  [3810/7500]  eta: 0:22:41  lr: 0.0006 (0.0008)  wd: 0.2238 (0.1073)  mom: 0.9961 (0.9935)  last_layer_lr: 0.0006 (0.0008)  current_batch_size: 64.0000 (64.0000)  total_loss: 8.6913 (9.1052)  dino_local_crops_loss: 7.3936 (7.3922)  dino_global_crops_loss: 0.9242 (0.9240)  ibot_loss: 0.3734 (0.7890)  time: 0.343167  data: 0.000235  max mem: 19472
I20260720 12:05:04 1831735 dinov2 helpers.py:102] Training  [3820/7500]  eta: 0:22:37  lr: 0.0006 (0.0008)  wd: 0.2245 (0.1076)  mom: 0.9961 (0.9935)  last_layer_lr: 0.0006 (0.0008)  current_batch_size: 64.0000 (64.0000)  total_loss: 8.7024 (9.1042)  dino_local_crops_loss: 7.3936 (7.3922)  dino_global_crops_loss: 0.9242 (0.9240)  ibot_loss: 0.3845 (0.7879)  time: 0.342718  data: 0.000228  max mem: 19472
I20260720 12:05:08 1831735 dinov2 helpers.py:102] Training  [3830/7500]  eta: 0:22:33  lr: 0.0006 (0.0008)  wd: 0.2253 (0.1079)  mom: 0.9961 (0.9935)  last_layer_lr: 0.0006 (0.0008)  current_batch_size: 64.0000 (64.0000)  total_loss: 8.7049 (9.1032)  dino_local_crops_loss: 7.3936 (7.3922)  dino_global_crops_loss: 0.9242 (0.9240)  ibot_loss: 0.3870 (0.7869)  time: 0.347797  data: 0.004961  max mem: 19472
I20260720 12:05:11 1831735 dinov2 helpers.py:102] Training  [3840/7500]  eta: 0:22:29  lr: 0.0006 (0.0008)  wd: 0.2260 (0.1082)  mom: 0.9961 (0.9935)  last_layer_lr: 0.0006 (0.0008)  current_batch_size: 64.0000 (64.0000)  total_loss: 8.7024 (9.1021)  dino_local_crops_loss: 7.3936 (7.3922)  dino_global_crops_loss: 0.9242 (0.9240)  ibot_loss: 0.3846 (0.7858)  time: 0.354511  data: 0.013583  max mem: 19472
I20260720 12:05:15 1831735 dinov2 helpers.py:102] Training  [3850/7500]  eta: 0:22:25  lr: 0.0006 (0.0008)  wd: 0.2268 (0.1085)  mom: 0.9962 (0.9935)  last_layer_lr: 0.0006 (0.0008)  current_batch_size: 64.0000 (64.0000)  total_loss: 8.6974 (9.1010)  dino_local_crops_loss: 7.3936 (7.3922)  dino_global_crops_loss: 0.9242 (0.9240)  ibot_loss: 0.3796 (0.7847)  time: 0.350733  data: 0.008835  max mem: 19472
I20260720 12:05:18 1831735 dinov2 helpers.py:102] Training  [3860/7500]  eta: 0:22:21  lr: 0.0006 (0.0008)  wd: 0.2275 (0.1088)  mom: 0.9962 (0.9935)  last_layer_lr: 0.0006 (0.0008)  current_batch_size: 64.0000 (64.0000)  total_loss: 8.6916 (9.1000)  dino_local_crops_loss: 7.3936 (7.3922)  dino_global_crops_loss: 0.9242 (0.9240)  ibot_loss: 0.3739 (0.7837)  time: 0.344368  data: 0.000228  max mem: 19472
I20260720 12:05:21 1831735 dinov2 helpers.py:102] Training  [3870/7500]  eta: 0:22:17  lr: 0.0006 (0.0008)  wd: 0.2283 (0.1091)  mom: 0.9962 (0.9935)  last_layer_lr: 0.0006 (0.0008)  current_batch_size: 64.0000 (64.0000)  total_loss: 8.6931 (9.0990)  dino_local_crops_loss: 7.3936 (7.3922)  dino_global_crops_loss: 0.9242 (0.9240)  ibot_loss: 0.3753 (0.7827)  time: 0.346073  data: 0.000825  max mem: 19472
I20260720 12:05:25 1831735 dinov2 helpers.py:102] Training  [3880/7500]  eta: 0:22:13  lr: 0.0006 (0.0008)  wd: 0.2290 (0.1094)  mom: 0.9962 (0.9935)  last_layer_lr: 0.0006 (0.0008)  current_batch_size: 64.0000 (64.0000)  total_loss: 8.7039 (9.0979)  dino_local_crops_loss: 7.3936 (7.3922)  dino_global_crops_loss: 0.9242 (0.9240)  ibot_loss: 0.3861 (0.7816)  time: 0.343805  data: 0.000839  max mem: 19472
I20260720 12:05:29 1831735 dinov2 helpers.py:102] Training  [3890/7500]  eta: 0:22:10  lr: 0.0006 (0.0008)  wd: 0.2298 (0.1097)  mom: 0.9962 (0.9935)  last_layer_lr: 0.0006 (0.0008)  current_batch_size: 64.0000 (64.0000)  total_loss: 8.6977 (9.0969)  dino_local_crops_loss: 7.3936 (7.3922)  dino_global_crops_loss: 0.9242 (0.9240)  ibot_loss: 0.3799 (0.7806)  time: 0.365380  data: 0.026613  max mem: 19472
I20260720 12:05:33 1831735 dinov2 helpers.py:102] Training  [3900/7500]  eta: 0:22:06  lr: 0.0006 (0.0008)  wd: 0.2305 (0.1100)  mom: 0.9962 (0.9936)  last_layer_lr: 0.0006 (0.0008)  current_batch_size: 64.0000 (64.0000)  total_loss: 8.6792 (9.0958)  dino_local_crops_loss: 7.3936 (7.3923)  dino_global_crops_loss: 0.9242 (0.9240)  ibot_loss: 0.3614 (0.7795)  time: 0.388758  data: 0.048404  max mem: 19472
I20260720 12:05:36 1831735 dinov2 helpers.py:102] Training  [3910/7500]  eta: 0:22:03  lr: 0.0006 (0.0008)  wd: 0.2313 (0.1104)  mom: 0.9963 (0.9936)  last_layer_lr: 0.0006 (0.0008)  current_batch_size: 64.0000 (64.0000)  total_loss: 8.6885 (9.0948)  dino_local_crops_loss: 7.3936 (7.3923)  dino_global_crops_loss: 0.9242 (0.9240)  ibot_loss: 0.3707 (0.7785)  time: 0.384278  data: 0.040545  max mem: 19472
I20260720 12:05:40 1831735 dinov2 helpers.py:102] Training  [3920/7500]  eta: 0:21:59  lr: 0.0006 (0.0008)  wd: 0.2321 (0.1107)  mom: 0.9963 (0.9936)  last_layer_lr: 0.0006 (0.0008)  current_batch_size: 64.0000 (64.0000)  total_loss: 8.6885 (9.0938)  dino_local_crops_loss: 7.3936 (7.3923)  dino_global_crops_loss: 0.9242 (0.9240)  ibot_loss: 0.3707 (0.7775)  time: 0.366548  data: 0.026084  max mem: 19472
I20260720 12:05:43 1831735 dinov2 helpers.py:102] Training  [3930/7500]  eta: 0:21:55  lr: 0.0005 (0.0008)  wd: 0.2328 (0.1110)  mom: 0.9963 (0.9936)  last_layer_lr: 0.0005 (0.0008)  current_batch_size: 64.0000 (64.0000)  total_loss: 8.6892 (9.0928)  dino_local_crops_loss: 7.3936 (7.3923)  dino_global_crops_loss: 0.9242 (0.9240)  ibot_loss: 0.3714 (0.7765)  time: 0.345928  data: 0.007558  max mem: 19472
I20260720 12:05:47 1831735 dinov2 helpers.py:102] Training  [3940/7500]  eta: 0:21:52  lr: 0.0005 (0.0008)  wd: 0.2336 (0.1113)  mom: 0.9963 (0.9936)  last_layer_lr: 0.0005 (0.0008)  current_batch_size: 64.0000 (64.0000)  total_loss: 8.7011 (9.0918)  dino_local_crops_loss: 7.3936 (7.3923)  dino_global_crops_loss: 0.9242 (0.9240)  ibot_loss: 0.3833 (0.7755)  time: 0.363463  data: 0.022076  max mem: 19472
I20260720 12:05:51 1831735 dinov2 helpers.py:102] Training  [3950/7500]  eta: 0:21:48  lr: 0.0005 (0.0008)  wd: 0.2343 (0.1116)  mom: 0.9963 (0.9936)  last_layer_lr: 0.0005 (0.0008)  current_batch_size: 64.0000 (64.0000)  total_loss: 8.7154 (9.0908)  dino_local_crops_loss: 7.3936 (7.3923)  dino_global_crops_loss: 0.9242 (0.9240)  ibot_loss: 0.3976 (0.7745)  time: 0.364665  data: 0.022061  max mem: 19472
I20260720 12:05:54 1831735 dinov2 helpers.py:102] Training  [3960/7500]  eta: 0:21:44  lr: 0.0005 (0.0008)  wd: 0.2351 (0.1119)  mom: 0.9963 (0.9936)  last_layer_lr: 0.0005 (0.0008)  current_batch_size: 64.0000 (64.0000)  total_loss: 8.7073 (9.0899)  dino_local_crops_loss: 7.3936 (7.3923)  dino_global_crops_loss: 0.9242 (0.9241)  ibot_loss: 0.3895 (0.7736)  time: 0.338205  data: 0.000156  max mem: 19472
I20260720 12:05:58 1831735 dinov2 helpers.py:102] Training  [3970/7500]  eta: 0:21:40  lr: 0.0005 (0.0008)  wd: 0.2358 (0.1122)  mom: 0.9964 (0.9936)  last_layer_lr: 0.0005 (0.0008)  current_batch_size: 64.0000 (64.0000)  total_loss: 8.7188 (9.0889)  dino_local_crops_loss: 7.3936 (7.3923)  dino_global_crops_loss: 0.9242 (0.9241)  ibot_loss: 0.4009 (0.7726)  time: 0.341150  data: 0.000162  max mem: 19472
I20260720 12:06:01 1831735 dinov2 helpers.py:102] Training  [3980/7500]  eta: 0:21:36  lr: 0.0005 (0.0008)  wd: 0.2366 (0.1125)  mom: 0.9964 (0.9936)  last_layer_lr: 0.0005 (0.0008)  current_batch_size: 64.0000 (64.0000)  total_loss: 8.7219 (9.0880)  dino_local_crops_loss: 7.3936 (7.3923)  dino_global_crops_loss: 0.9242 (0.9241)  ibot_loss: 0.4041 (0.7717)  time: 0.349640  data: 0.000372  max mem: 19472
I20260720 12:06:05 1831735 dinov2 helpers.py:102] Training  [3990/7500]  eta: 0:21:32  lr: 0.0005 (0.0008)  wd: 0.2373 (0.1129)  mom: 0.9964 (0.9936)  last_layer_lr: 0.0005 (0.0008)  current_batch_size: 64.0000 (64.0000)  total_loss: 8.7025 (9.0870)  dino_local_crops_loss: 7.3936 (7.3923)  dino_global_crops_loss: 0.9242 (0.9241)  ibot_loss: 0.3848 (0.7707)  time: 0.352646  data: 0.002727  max mem: 19472
I20260720 12:06:08 1831735 dinov2 helpers.py:102] Training  [4000/7500]  eta: 0:21:28  lr: 0.0005 (0.0008)  wd: 0.2381 (0.1132)  mom: 0.9964 (0.9936)  last_layer_lr: 0.0005 (0.0008)  current_batch_size: 64.0000 (64.0000)  total_loss: 8.6981 (9.0861)  dino_local_crops_loss: 7.3936 (7.3923)  dino_global_crops_loss: 0.9242 (0.9241)  ibot_loss: 0.3802 (0.7697)  time: 0.350184  data: 0.002547  max mem: 19472
I20260720 12:06:12 1831735 dinov2 helpers.py:102] Training  [4010/7500]  eta: 0:21:25  lr: 0.0005 (0.0008)  wd: 0.2388 (0.1135)  mom: 0.9964 (0.9936)  last_layer_lr: 0.0005 (0.0008)  current_batch_size: 64.0000 (64.0000)  total_loss: 8.7134 (9.0851)  dino_local_crops_loss: 7.3936 (7.3923)  dino_global_crops_loss: 0.9242 (0.9241)  ibot_loss: 0.3956 (0.7688)  time: 0.371939  data: 0.022414  max mem: 19472
I20260720 12:06:16 1831735 dinov2 helpers.py:102] Training  [4020/7500]  eta: 0:21:21  lr: 0.0005 (0.0008)  wd: 0.2396 (0.1138)  mom: 0.9964 (0.9936)  last_layer_lr: 0.0005 (0.0008)  current_batch_size: 64.0000 (64.0000)  total_loss: 8.7067 (9.0842)  dino_local_crops_loss: 7.3936 (7.3923)  dino_global_crops_loss: 0.9242 (0.9241)  ibot_loss: 0.3889 (0.7678)  time: 0.395086  data: 0.047307  max mem: 19472
I20260720 12:06:19 1831735 dinov2 helpers.py:102] Training  [4030/7500]  eta: 0:21:17  lr: 0.0005 (0.0008)  wd: 0.2403 (0.1141)  mom: 0.9965 (0.9936)  last_layer_lr: 0.0005 (0.0008)  current_batch_size: 64.0000 (64.0000)  total_loss: 8.7136 (9.0833)  dino_local_crops_loss: 7.3936 (7.3923)  dino_global_crops_loss: 0.9242 (0.9241)  ibot_loss: 0.3958 (0.7669)  time: 0.364280  data: 0.025088  max mem: 19472
I20260720 12:06:23 1831735 dinov2 helpers.py:102] Training  [4040/7500]  eta: 0:21:14  lr: 0.0005 (0.0008)  wd: 0.2411 (0.1144)  mom: 0.9965 (0.9937)  last_layer_lr: 0.0005 (0.0008)  current_batch_size: 64.0000 (64.0000)  total_loss: 8.7103 (9.0823)  dino_local_crops_loss: 7.3936 (7.3923)  dino_global_crops_loss: 0.9242 (0.9241)  ibot_loss: 0.3925 (0.7660)  time: 0.340560  data: 0.000179  max mem: 19472
I20260720 12:06:26 1831735 fvcore.common.checkpoint __init__.py:109] Saving checkpoint to /sci/labs/arieljaffe/dan.abergel1/runs/brain/hcp_imgnet_localglobal/model_0004049.rank_0.pth
I20260720 12:06:28 1831735 dinov2 helpers.py:102] Training  [4050/7500]  eta: 0:21:11  lr: 0.0005 (0.0008)  wd: 0.2418 (0.1147)  mom: 0.9965 (0.9937)  last_layer_lr: 0.0005 (0.0008)  current_batch_size: 64.0000 (64.0000)  total_loss: 8.7056 (9.0814)  dino_local_crops_loss: 7.3936 (7.3923)  dino_global_crops_loss: 0.9242 (0.9241)  ibot_loss: 0.3878 (0.7650)  time: 0.426351  data: 0.001742  max mem: 19472
I20260720 12:06:31 1831735 dinov2 helpers.py:102] Training  [4060/7500]  eta: 0:21:07  lr: 0.0005 (0.0008)  wd: 0.2426 (0.1151)  mom: 0.9965 (0.9937)  last_layer_lr: 0.0005 (0.0008)  current_batch_size: 64.0000 (64.0000)  total_loss: 8.6953 (9.0804)  dino_local_crops_loss: 7.3936 (7.3923)  dino_global_crops_loss: 0.9242 (0.9241)  ibot_loss: 0.3776 (0.7641)  time: 0.425825  data: 0.001768  max mem: 19472
I20260720 12:06:35 1831735 dinov2 helpers.py:102] Training  [4070/7500]  eta: 0:21:03  lr: 0.0005 (0.0008)  wd: 0.2433 (0.1154)  mom: 0.9965 (0.9937)  last_layer_lr: 0.0005 (0.0008)  current_batch_size: 64.0000 (64.0000)  total_loss: 8.6918 (9.0795)  dino_local_crops_loss: 7.3936 (7.3923)  dino_global_crops_loss: 0.9242 (0.9241)  ibot_loss: 0.3740 (0.7632)  time: 0.342947  data: 0.000197  max mem: 19472
I20260720 12:06:38 1831735 dinov2 helpers.py:102] Training  [4080/7500]  eta: 0:20:59  lr: 0.0005 (0.0008)  wd: 0.2441 (0.1157)  mom: 0.9965 (0.9937)  last_layer_lr: 0.0005 (0.0008)  current_batch_size: 64.0000 (64.0000)  total_loss: 8.7068 (9.0786)  dino_local_crops_loss: 7.3936 (7.3923)  dino_global_crops_loss: 0.9242 (0.9241)  ibot_loss: 0.3890 (0.7623)  time: 0.341015  data: 0.000225  max mem: 19472
I20260720 12:06:42 1831735 dinov2 helpers.py:102] Training  [4090/7500]  eta: 0:20:55  lr: 0.0005 (0.0008)  wd: 0.2448 (0.1160)  mom: 0.9966 (0.9937)  last_layer_lr: 0.0005 (0.0008)  current_batch_size: 64.0000 (64.0000)  total_loss: 8.7068 (9.0777)  dino_local_crops_loss: 7.3936 (7.3923)  dino_global_crops_loss: 0.9242 (0.9241)  ibot_loss: 0.3890 (0.7613)  time: 0.343576  data: 0.000289  max mem: 19472
I20260720 12:06:45 1831735 dinov2 helpers.py:102] Training  [4100/7500]  eta: 0:20:52  lr: 0.0005 (0.0008)  wd: 0.2455 (0.1163)  mom: 0.9966 (0.9937)  last_layer_lr: 0.0005 (0.0008)  current_batch_size: 64.0000 (64.0000)  total_loss: 8.7021 (9.0768)  dino_local_crops_loss: 7.3936 (7.3923)  dino_global_crops_loss: 0.9242 (0.9241)  ibot_loss: 0.3842 (0.7604)  time: 0.343514  data: 0.000256  max mem: 19472
I20260720 12:06:49 1831735 dinov2 helpers.py:102] Training  [4110/7500]  eta: 0:20:48  lr: 0.0005 (0.0008)  wd: 0.2463 (0.1166)  mom: 0.9966 (0.9937)  last_layer_lr: 0.0005 (0.0008)  current_batch_size: 64.0000 (64.0000)  total_loss: 8.7141 (9.0759)  dino_local_crops_loss: 7.3936 (7.3923)  dino_global_crops_loss: 0.9242 (0.9241)  ibot_loss: 0.3962 (0.7595)  time: 0.344011  data: 0.000405  max mem: 19472
I20260720 12:06:52 1831735 dinov2 helpers.py:102] Training  [4120/7500]  eta: 0:20:44  lr: 0.0005 (0.0008)  wd: 0.2470 (0.1170)  mom: 0.9966 (0.9937)  last_layer_lr: 0.0005 (0.0008)  current_batch_size: 64.0000 (64.0000)  total_loss: 8.7174 (9.0751)  dino_local_crops_loss: 7.3936 (7.3923)  dino_global_crops_loss: 0.9242 (0.9241)  ibot_loss: 0.3997 (0.7587)  time: 0.341781  data: 0.000423  max mem: 19472
I20260720 12:06:55 1831735 dinov2 helpers.py:102] Training  [4130/7500]  eta: 0:20:40  lr: 0.0005 (0.0008)  wd: 0.2478 (0.1173)  mom: 0.9966 (0.9937)  last_layer_lr: 0.0005 (0.0008)  current_batch_size: 64.0000 (64.0000)  total_loss: 8.7174 (9.0742)  dino_local_crops_loss: 7.3936 (7.3923)  dino_global_crops_loss: 0.9242 (0.9241)  ibot_loss: 0.3997 (0.7578)  time: 0.341823  data: 0.000230  max mem: 19472
I20260720 12:06:59 1831735 dinov2 helpers.py:102] Training  [4140/7500]  eta: 0:20:36  lr: 0.0005 (0.0008)  wd: 0.2485 (0.1176)  mom: 0.9966 (0.9937)  last_layer_lr: 0.0005 (0.0008)  current_batch_size: 64.0000 (64.0000)  total_loss: 8.7285 (9.0734)  dino_local_crops_loss: 7.3936 (7.3923)  dino_global_crops_loss: 0.9242 (0.9241)  ibot_loss: 0.4107 (0.7570)  time: 0.343632  data: 0.000216  max mem: 19472
I20260720 12:07:03 1831735 dinov2 helpers.py:102] Training  [4150/7500]  eta: 0:20:32  lr: 0.0005 (0.0008)  wd: 0.2493 (0.1179)  mom: 0.9967 (0.9937)  last_layer_lr: 0.0005 (0.0008)  current_batch_size: 64.0000 (64.0000)  total_loss: 8.7284 (9.0725)  dino_local_crops_loss: 7.3936 (7.3923)  dino_global_crops_loss: 0.9242 (0.9241)  ibot_loss: 0.4106 (0.7561)  time: 0.365447  data: 0.024778  max mem: 19472
I20260720 12:07:06 1831735 dinov2 helpers.py:102] Training  [4160/7500]  eta: 0:20:29  lr: 0.0005 (0.0008)  wd: 0.2500 (0.1182)  mom: 0.9967 (0.9937)  last_layer_lr: 0.0005 (0.0008)  current_batch_size: 64.0000 (64.0000)  total_loss: 8.7284 (9.0717)  dino_local_crops_loss: 7.3936 (7.3923)  dino_global_crops_loss: 0.9242 (0.9241)  ibot_loss: 0.4106 (0.7553)  time: 0.383041  data: 0.041881  max mem: 19472
I20260720 12:07:10 1831735 dinov2 helpers.py:102] Training  [4170/7500]  eta: 0:20:25  lr: 0.0005 (0.0008)  wd: 0.2508 (0.1185)  mom: 0.9967 (0.9937)  last_layer_lr: 0.0005 (0.0008)  current_batch_size: 64.0000 (64.0000)  total_loss: 8.7359 (9.0709)  dino_local_crops_loss: 7.3936 (7.3923)  dino_global_crops_loss: 0.9242 (0.9241)  ibot_loss: 0.4181 (0.7545)  time: 0.359259  data: 0.017484  max mem: 19472
I20260720 12:07:14 1831735 dinov2 helpers.py:102] Training  [4180/7500]  eta: 0:20:21  lr: 0.0005 (0.0008)  wd: 0.2515 (0.1189)  mom: 0.9967 (0.9938)  last_layer_lr: 0.0005 (0.0008)  current_batch_size: 64.0000 (64.0000)  total_loss: 8.7153 (9.0700)  dino_local_crops_loss: 7.3936 (7.3923)  dino_global_crops_loss: 0.9242 (0.9241)  ibot_loss: 0.3975 (0.7536)  time: 0.357611  data: 0.017084  max mem: 19472
I20260720 12:07:17 1831735 dinov2 helpers.py:102] Training  [4190/7500]  eta: 0:20:18  lr: 0.0005 (0.0008)  wd: 0.2522 (0.1192)  mom: 0.9967 (0.9938)  last_layer_lr: 0.0005 (0.0008)  current_batch_size: 64.0000 (64.0000)  total_loss: 8.7153 (9.0692)  dino_local_crops_loss: 7.3936 (7.3923)  dino_global_crops_loss: 0.9242 (0.9241)  ibot_loss: 0.3975 (0.7528)  time: 0.370719  data: 0.030456  max mem: 19472
I20260720 12:07:21 1831735 dinov2 helpers.py:102] Training  [4200/7500]  eta: 0:20:14  lr: 0.0005 (0.0008)  wd: 0.2530 (0.1195)  mom: 0.9967 (0.9938)  last_layer_lr: 0.0005 (0.0008)  current_batch_size: 64.0000 (64.0000)  total_loss: 8.7085 (9.0684)  dino_local_crops_loss: 7.3936 (7.3923)  dino_global_crops_loss: 0.9242 (0.9241)  ibot_loss: 0.3908 (0.7520)  time: 0.357605  data: 0.013768  max mem: 19472
I20260720 12:07:24 1831735 dinov2 helpers.py:102] Training  [4210/7500]  eta: 0:20:10  lr: 0.0005 (0.0008)  wd: 0.2537 (0.1198)  mom: 0.9967 (0.9938)  last_layer_lr: 0.0005 (0.0008)  current_batch_size: 64.0000 (64.0000)  total_loss: 8.7196 (9.0676)  dino_local_crops_loss: 7.3936 (7.3924)  dino_global_crops_loss: 0.9242 (0.9241)  ibot_loss: 0.4019 (0.7512)  time: 0.345060  data: 0.000266  max mem: 19472
I20260720 12:07:28 1831735 dinov2 helpers.py:102] Training  [4220/7500]  eta: 0:20:06  lr: 0.0005 (0.0008)  wd: 0.2545 (0.1201)  mom: 0.9968 (0.9938)  last_layer_lr: 0.0005 (0.0008)  current_batch_size: 64.0000 (64.0000)  total_loss: 8.7146 (9.0668)  dino_local_crops_loss: 7.3936 (7.3924)  dino_global_crops_loss: 0.9242 (0.9241)  ibot_loss: 0.3967 (0.7504)  time: 0.357467  data: 0.013437  max mem: 19472
I20260720 12:07:32 1831735 dinov2 helpers.py:102] Training  [4230/7500]  eta: 0:20:03  lr: 0.0005 (0.0008)  wd: 0.2552 (0.1205)  mom: 0.9968 (0.9938)  last_layer_lr: 0.0005 (0.0008)  current_batch_size: 64.0000 (64.0000)  total_loss: 8.7146 (9.0660)  dino_local_crops_loss: 7.3936 (7.3924)  dino_global_crops_loss: 0.9242 (0.9241)  ibot_loss: 0.3967 (0.7495)  time: 0.380517  data: 0.039283  max mem: 19472
I20260720 12:07:36 1831735 dinov2 helpers.py:102] Training  [4240/7500]  eta: 0:19:59  lr: 0.0005 (0.0008)  wd: 0.2559 (0.1208)  mom: 0.9968 (0.9938)  last_layer_lr: 0.0005 (0.0007)  current_batch_size: 64.0000 (64.0000)  total_loss: 8.7264 (9.0652)  dino_local_crops_loss: 7.3936 (7.3924)  dino_global_crops_loss: 0.9242 (0.9241)  ibot_loss: 0.4086 (0.7487)  time: 0.385044  data: 0.047351  max mem: 19472
I20260720 12:07:39 1831735 dinov2 helpers.py:102] Training  [4250/7500]  eta: 0:19:55  lr: 0.0005 (0.0008)  wd: 0.2567 (0.1211)  mom: 0.9968 (0.9938)  last_layer_lr: 0.0005 (0.0007)  current_batch_size: 64.0000 (64.0000)  total_loss: 8.7264 (9.0643)  dino_local_crops_loss: 7.3936 (7.3924)  dino_global_crops_loss: 0.9242 (0.9241)  ibot_loss: 0.4086 (0.7479)  time: 0.359142  data: 0.021468  max mem: 19472
I20260720 12:07:43 1831735 dinov2 helpers.py:102] Training  [4260/7500]  eta: 0:19:51  lr: 0.0005 (0.0008)  wd: 0.2574 (0.1214)  mom: 0.9968 (0.9938)  last_layer_lr: 0.0005 (0.0007)  current_batch_size: 64.0000 (64.0000)  total_loss: 8.7271 (9.0636)  dino_local_crops_loss: 7.3936 (7.3924)  dino_global_crops_loss: 0.9242 (0.9241)  ibot_loss: 0.4093 (0.7471)  time: 0.345818  data: 0.001638  max mem: 19472
I20260720 12:07:46 1831735 dinov2 helpers.py:102] Training  [4270/7500]  eta: 0:19:48  lr: 0.0005 (0.0008)  wd: 0.2582 (0.1217)  mom: 0.9968 (0.9938)  last_layer_lr: 0.0005 (0.0007)  current_batch_size: 64.0000 (64.0000)  total_loss: 8.7321 (9.0628)  dino_local_crops_loss: 7.3936 (7.3924)  dino_global_crops_loss: 0.9242 (0.9241)  ibot_loss: 0.4142 (0.7464)  time: 0.358643  data: 0.008503  max mem: 19472
I20260720 12:07:50 1831735 dinov2 helpers.py:102] Training  [4280/7500]  eta: 0:19:44  lr: 0.0005 (0.0008)  wd: 0.2589 (0.1221)  mom: 0.9969 (0.9938)  last_layer_lr: 0.0005 (0.0007)  current_batch_size: 64.0000 (64.0000)  total_loss: 8.7326 (9.0620)  dino_local_crops_loss: 7.3936 (7.3924)  dino_global_crops_loss: 0.9242 (0.9241)  ibot_loss: 0.4149 (0.7456)  time: 0.351508  data: 0.007054  max mem: 19472
I20260720 12:07:53 1831735 dinov2 helpers.py:102] Training  [4290/7500]  eta: 0:19:40  lr: 0.0005 (0.0007)  wd: 0.2596 (0.1224)  mom: 0.9969 (0.9938)  last_layer_lr: 0.0005 (0.0007)  current_batch_size: 64.0000 (64.0000)  total_loss: 8.7265 (9.0612)  dino_local_crops_loss: 7.3936 (7.3924)  dino_global_crops_loss: 0.9242 (0.9241)  ibot_loss: 0.4087 (0.7448)  time: 0.342135  data: 0.000202  max mem: 19472
I20260720 12:07:56 1831735 dinov2 helpers.py:102] Training  [4300/7500]  eta: 0:19:36  lr: 0.0005 (0.0007)  wd: 0.2604 (0.1227)  mom: 0.9969 (0.9938)  last_layer_lr: 0.0005 (0.0007)  current_batch_size: 64.0000 (64.0000)  total_loss: 8.7265 (9.0605)  dino_local_crops_loss: 7.3936 (7.3924)  dino_global_crops_loss: 0.9242 (0.9241)  ibot_loss: 0.4087 (0.7440)  time: 0.344202  data: 0.000223  max mem: 19472
I20260720 12:08:00 1831735 dinov2 helpers.py:102] Training  [4310/7500]  eta: 0:19:32  lr: 0.0005 (0.0007)  wd: 0.2611 (0.1230)  mom: 0.9969 (0.9938)  last_layer_lr: 0.0005 (0.0007)  current_batch_size: 64.0000 (64.0000)  total_loss: 8.7291 (9.0597)  dino_local_crops_loss: 7.3936 (7.3924)  dino_global_crops_loss: 0.9242 (0.9241)  ibot_loss: 0.4113 (0.7433)  time: 0.343903  data: 0.000223  max mem: 19472
I20260720 12:08:04 1831735 dinov2 helpers.py:102] Training  [4320/7500]  eta: 0:19:29  lr: 0.0005 (0.0007)  wd: 0.2618 (0.1234)  mom: 0.9969 (0.9939)  last_layer_lr: 0.0005 (0.0007)  current_batch_size: 64.0000 (64.0000)  total_loss: 8.7360 (9.0590)  dino_local_crops_loss: 7.3936 (7.3924)  dino_global_crops_loss: 0.9242 (0.9241)  ibot_loss: 0.4183 (0.7425)  time: 0.356262  data: 0.009413  max mem: 19472
I20260720 12:08:07 1831735 dinov2 helpers.py:102] Training  [4330/7500]  eta: 0:19:25  lr: 0.0005 (0.0007)  wd: 0.2626 (0.1237)  mom: 0.9969 (0.9939)  last_layer_lr: 0.0005 (0.0007)  current_batch_size: 64.0000 (64.0000)  total_loss: 8.7259 (9.0582)  dino_local_crops_loss: 7.3936 (7.3924)  dino_global_crops_loss: 0.9242 (0.9241)  ibot_loss: 0.4081 (0.7417)  time: 0.372972  data: 0.025499  max mem: 19472
I20260720 12:08:11 1831735 dinov2 helpers.py:102] Training  [4340/7500]  eta: 0:19:21  lr: 0.0005 (0.0007)  wd: 0.2633 (0.1240)  mom: 0.9970 (0.9939)  last_layer_lr: 0.0005 (0.0007)  current_batch_size: 64.0000 (64.0000)  total_loss: 8.7141 (9.0575)  dino_local_crops_loss: 7.3936 (7.3924)  dino_global_crops_loss: 0.9242 (0.9241)  ibot_loss: 0.3963 (0.7410)  time: 0.377816  data: 0.032735  max mem: 19472
I20260720 12:08:15 1831735 dinov2 helpers.py:102] Training  [4350/7500]  eta: 0:19:18  lr: 0.0005 (0.0007)  wd: 0.2640 (0.1243)  mom: 0.9970 (0.9939)  last_layer_lr: 0.0005 (0.0007)  current_batch_size: 64.0000 (64.0000)  total_loss: 8.7185 (9.0567)  dino_local_crops_loss: 7.3936 (7.3924)  dino_global_crops_loss: 0.9242 (0.9241)  ibot_loss: 0.4007 (0.7402)  time: 0.363016  data: 0.018638  max mem: 19472
I20260720 12:08:18 1831735 dinov2 helpers.py:102] Training  [4360/7500]  eta: 0:19:14  lr: 0.0004 (0.0007)  wd: 0.2648 (0.1246)  mom: 0.9970 (0.9939)  last_layer_lr: 0.0004 (0.0007)  current_batch_size: 64.0000 (64.0000)  total_loss: 8.7284 (9.0560)  dino_local_crops_loss: 7.3936 (7.3924)  dino_global_crops_loss: 0.9242 (0.9241)  ibot_loss: 0.4107 (0.7395)  time: 0.345911  data: 0.002239  max mem: 19472
I20260720 12:08:21 1831735 dinov2 helpers.py:102] Training  [4370/7500]  eta: 0:19:10  lr: 0.0004 (0.0007)  wd: 0.2655 (0.1250)  mom: 0.9970 (0.9939)  last_layer_lr: 0.0004 (0.0007)  current_batch_size: 64.0000 (64.0000)  total_loss: 8.7437 (9.0552)  dino_local_crops_loss: 7.3936 (7.3924)  dino_global_crops_loss: 0.9242 (0.9241)  ibot_loss: 0.4259 (0.7388)  time: 0.341660  data: 0.000319  max mem: 19472
I20260720 12:08:25 1831735 dinov2 helpers.py:102] Training  [4380/7500]  eta: 0:19:06  lr: 0.0004 (0.0007)  wd: 0.2662 (0.1253)  mom: 0.9970 (0.9939)  last_layer_lr: 0.0004 (0.0007)  current_batch_size: 64.0000 (64.0000)  total_loss: 8.7424 (9.0545)  dino_local_crops_loss: 7.3936 (7.3924)  dino_global_crops_loss: 0.9242 (0.9241)  ibot_loss: 0.4246 (0.7381)  time: 0.356532  data: 0.017784  max mem: 19472
I20260720 12:08:29 1831735 dinov2 helpers.py:102] Training  [4390/7500]  eta: 0:19:02  lr: 0.0004 (0.0007)  wd: 0.2670 (0.1256)  mom: 0.9970 (0.9939)  last_layer_lr: 0.0004 (0.0007)  current_batch_size: 64.0000 (64.0000)  total_loss: 8.7424 (9.0539)  dino_local_crops_loss: 7.3936 (7.3924)  dino_global_crops_loss: 0.9242 (0.9241)  ibot_loss: 0.4246 (0.7374)  time: 0.363005  data: 0.017689  max mem: 19472
I20260720 12:08:32 1831735 dinov2 helpers.py:102] Training  [4400/7500]  eta: 0:18:59  lr: 0.0004 (0.0007)  wd: 0.2677 (0.1259)  mom: 0.9971 (0.9939)  last_layer_lr: 0.0004 (0.0007)  current_batch_size: 64.0000 (64.0000)  total_loss: 8.7479 (9.0531)  dino_local_crops_loss: 7.3936 (7.3924)  dino_global_crops_loss: 0.9242 (0.9241)  ibot_loss: 0.4301 (0.7367)  time: 0.344304  data: 0.000215  max mem: 19472
I20260720 12:08:36 1831735 dinov2 helpers.py:102] Training  [4410/7500]  eta: 0:18:55  lr: 0.0004 (0.0007)  wd: 0.2684 (0.1263)  mom: 0.9971 (0.9939)  last_layer_lr: 0.0004 (0.0007)  current_batch_size: 64.0000 (64.0000)  total_loss: 8.7436 (9.0524)  dino_local_crops_loss: 7.3936 (7.3924)  dino_global_crops_loss: 0.9242 (0.9241)  ibot_loss: 0.4258 (0.7360)  time: 0.340634  data: 0.000247  max mem: 19472
I20260720 12:08:39 1831735 dinov2 helpers.py:102] Training  [4420/7500]  eta: 0:18:51  lr: 0.0004 (0.0007)  wd: 0.2691 (0.1266)  mom: 0.9971 (0.9939)  last_layer_lr: 0.0004 (0.0007)  current_batch_size: 64.0000 (64.0000)  total_loss: 8.7441 (9.0517)  dino_local_crops_loss: 7.3936 (7.3924)  dino_global_crops_loss: 0.9242 (0.9241)  ibot_loss: 0.4264 (0.7352)  time: 0.351535  data: 0.009576  max mem: 19472
I20260720 12:08:43 1831735 dinov2 helpers.py:102] Training  [4430/7500]  eta: 0:18:48  lr: 0.0004 (0.0007)  wd: 0.2699 (0.1269)  mom: 0.9971 (0.9939)  last_layer_lr: 0.0004 (0.0007)  current_batch_size: 64.0000 (64.0000)  total_loss: 8.7306 (9.0510)  dino_local_crops_loss: 7.3936 (7.3924)  dino_global_crops_loss: 0.9242 (0.9241)  ibot_loss: 0.4127 (0.7345)  time: 0.386785  data: 0.038642  max mem: 19472
I20260720 12:08:47 1831735 dinov2 helpers.py:102] Training  [4440/7500]  eta: 0:18:44  lr: 0.0004 (0.0007)  wd: 0.2706 (0.1272)  mom: 0.9971 (0.9939)  last_layer_lr: 0.0004 (0.0007)  current_batch_size: 64.0000 (64.0000)  total_loss: 8.7355 (9.0503)  dino_local_crops_loss: 7.3936 (7.3924)  dino_global_crops_loss: 0.9242 (0.9241)  ibot_loss: 0.4177 (0.7339)  time: 0.387806  data: 0.040152  max mem: 19472
I20260720 12:08:50 1831735 dinov2 helpers.py:102] Training  [4450/7500]  eta: 0:18:40  lr: 0.0004 (0.0007)  wd: 0.2713 (0.1276)  mom: 0.9971 (0.9939)  last_layer_lr: 0.0004 (0.0007)  current_batch_size: 64.0000 (64.0000)  total_loss: 8.7591 (9.0497)  dino_local_crops_loss: 7.3936 (7.3924)  dino_global_crops_loss: 0.9242 (0.9241)  ibot_loss: 0.4413 (0.7332)  time: 0.348673  data: 0.011056  max mem: 19472
I20260720 12:08:54 1831735 dinov2 helpers.py:102] Training  [4460/7500]  eta: 0:18:37  lr: 0.0004 (0.0007)  wd: 0.2720 (0.1279)  mom: 0.9972 (0.9940)  last_layer_lr: 0.0004 (0.0007)  current_batch_size: 64.0000 (64.0000)  total_loss: 8.7498 (9.0490)  dino_local_crops_loss: 7.3936 (7.3924)  dino_global_crops_loss: 0.9242 (0.9241)  ibot_loss: 0.4321 (0.7325)  time: 0.372438  data: 0.025507  max mem: 19472
I20260720 12:08:58 1831735 dinov2 helpers.py:102] Training  [4470/7500]  eta: 0:18:33  lr: 0.0004 (0.0007)  wd: 0.2727 (0.1282)  mom: 0.9972 (0.9940)  last_layer_lr: 0.0004 (0.0007)  current_batch_size: 64.0000 (64.0000)  total_loss: 8.7364 (9.0483)  dino_local_crops_loss: 7.3936 (7.3924)  dino_global_crops_loss: 0.9242 (0.9241)  ibot_loss: 0.4186 (0.7318)  time: 0.384815  data: 0.034794  max mem: 19472
I20260720 12:09:02 1831735 dinov2 helpers.py:102] Training  [4480/7500]  eta: 0:18:29  lr: 0.0004 (0.0007)  wd: 0.2735 (0.1285)  mom: 0.9972 (0.9940)  last_layer_lr: 0.0004 (0.0007)  current_batch_size: 64.0000 (64.0000)  total_loss: 8.7440 (9.0476)  dino_local_crops_loss: 7.3936 (7.3924)  dino_global_crops_loss: 0.9242 (0.9241)  ibot_loss: 0.4262 (0.7312)  time: 0.368009  data: 0.020509  max mem: 19472
I20260720 12:09:05 1831735 dinov2 helpers.py:102] Training  [4490/7500]  eta: 0:18:26  lr: 0.0004 (0.0007)  wd: 0.2742 (0.1289)  mom: 0.9972 (0.9940)  last_layer_lr: 0.0004 (0.0007)  current_batch_size: 64.0000 (64.0000)  total_loss: 8.7378 (9.0470)  dino_local_crops_loss: 7.3936 (7.3924)  dino_global_crops_loss: 0.9242 (0.9241)  ibot_loss: 0.4200 (0.7305)  time: 0.367498  data: 0.021889  max mem: 19472
I20260720 12:09:09 1831735 fvcore.common.checkpoint __init__.py:109] Saving checkpoint to /sci/labs/arieljaffe/dan.abergel1/runs/brain/hcp_imgnet_localglobal/model_0004499.rank_0.pth
I20260720 12:09:10 1831735 dinov2 helpers.py:102] Training  [4500/7500]  eta: 0:18:23  lr: 0.0004 (0.0007)  wd: 0.2749 (0.1292)  mom: 0.9972 (0.9940)  last_layer_lr: 0.0004 (0.0007)  current_batch_size: 64.0000 (64.0000)  total_loss: 8.7381 (9.0463)  dino_local_crops_loss: 7.3936 (7.3924)  dino_global_crops_loss: 0.9242 (0.9241)  ibot_loss: 0.4203 (0.7298)  time: 0.425469  data: 0.026435  max mem: 19472
I20260720 12:09:14 1831735 dinov2 helpers.py:102] Training  [4510/7500]  eta: 0:18:19  lr: 0.0004 (0.0007)  wd: 0.2756 (0.1295)  mom: 0.9972 (0.9940)  last_layer_lr: 0.0004 (0.0007)  current_batch_size: 64.0000 (64.0000)  total_loss: 8.7479 (9.0456)  dino_local_crops_loss: 7.3936 (7.3924)  dino_global_crops_loss: 0.9242 (0.9241)  ibot_loss: 0.4301 (0.7291)  time: 0.413245  data: 0.015787  max mem: 19472
I20260720 12:09:17 1831735 dinov2 helpers.py:102] Training  [4520/7500]  eta: 0:18:15  lr: 0.0004 (0.0007)  wd: 0.2763 (0.1298)  mom: 0.9973 (0.9940)  last_layer_lr: 0.0004 (0.0007)  current_batch_size: 64.0000 (64.0000)  total_loss: 8.7582 (9.0450)  dino_local_crops_loss: 7.3936 (7.3924)  dino_global_crops_loss: 0.9242 (0.9241)  ibot_loss: 0.4398 (0.7285)  time: 0.340850  data: 0.000202  max mem: 19472
I20260720 12:09:21 1831735 dinov2 helpers.py:102] Training  [4530/7500]  eta: 0:18:11  lr: 0.0004 (0.0007)  wd: 0.2771 (0.1302)  mom: 0.9973 (0.9940)  last_layer_lr: 0.0004 (0.0007)  current_batch_size: 64.0000 (64.0000)  total_loss: 8.7576 (9.0444)  dino_local_crops_loss: 7.3936 (7.3924)  dino_global_crops_loss: 0.9242 (0.9241)  ibot_loss: 0.4398 (0.7279)  time: 0.345606  data: 0.000202  max mem: 19472
I20260720 12:09:24 1831735 dinov2 helpers.py:102] Training  [4540/7500]  eta: 0:18:07  lr: 0.0004 (0.0007)  wd: 0.2778 (0.1305)  mom: 0.9973 (0.9940)  last_layer_lr: 0.0004 (0.0007)  current_batch_size: 64.0000 (64.0000)  total_loss: 8.7487 (9.0437)  dino_local_crops_loss: 7.3936 (7.3924)  dino_global_crops_loss: 0.9242 (0.9241)  ibot_loss: 0.4309 (0.7272)  time: 0.344859  data: 0.000216  max mem: 19472
I20260720 12:09:27 1831735 dinov2 helpers.py:102] Training  [4550/7500]  eta: 0:18:04  lr: 0.0004 (0.0007)  wd: 0.2785 (0.1308)  mom: 0.9973 (0.9940)  last_layer_lr: 0.0004 (0.0007)  current_batch_size: 64.0000 (64.0000)  total_loss: 8.7487 (9.0431)  dino_local_crops_loss: 7.3936 (7.3924)  dino_global_crops_loss: 0.9242 (0.9241)  ibot_loss: 0.4309 (0.7266)  time: 0.342146  data: 0.000230  max mem: 19472
I20260720 12:09:31 1831735 dinov2 helpers.py:102] Training  [4560/7500]  eta: 0:18:00  lr: 0.0004 (0.0007)  wd: 0.2792 (0.1311)  mom: 0.9973 (0.9940)  last_layer_lr: 0.0004 (0.0007)  current_batch_size: 64.0000 (64.0000)  total_loss: 8.7527 (9.0425)  dino_local_crops_loss: 7.3936 (7.3924)  dino_global_crops_loss: 0.9242 (0.9241)  ibot_loss: 0.4349 (0.7259)  time: 0.339511  data: 0.000223  max mem: 19472
I20260720 12:09:34 1831735 dinov2 helpers.py:102] Training  [4570/7500]  eta: 0:17:56  lr: 0.0004 (0.0007)  wd: 0.2799 (0.1315)  mom: 0.9973 (0.9940)  last_layer_lr: 0.0004 (0.0007)  current_batch_size: 64.0000 (64.0000)  total_loss: 8.7503 (9.0418)  dino_local_crops_loss: 7.3936 (7.3924)  dino_global_crops_loss: 0.9242 (0.9241)  ibot_loss: 0.4325 (0.7253)  time: 0.339213  data: 0.000433  max mem: 19472
I20260720 12:09:38 1831735 dinov2 helpers.py:102] Training  [4580/7500]  eta: 0:17:52  lr: 0.0004 (0.0007)  wd: 0.2806 (0.1318)  mom: 0.9973 (0.9940)  last_layer_lr: 0.0004 (0.0007)  current_batch_size: 64.0000 (64.0000)  total_loss: 8.7555 (9.0412)  dino_local_crops_loss: 7.3936 (7.3925)  dino_global_crops_loss: 0.9242 (0.9241)  ibot_loss: 0.4377 (0.7247)  time: 0.351600  data: 0.007202  max mem: 19472
I20260720 12:09:42 1831735 dinov2 helpers.py:102] Training  [4590/7500]  eta: 0:17:49  lr: 0.0004 (0.0007)  wd: 0.2813 (0.1321)  mom: 0.9974 (0.9940)  last_layer_lr: 0.0004 (0.0007)  current_batch_size: 64.0000 (64.0000)  total_loss: 8.7636 (9.0406)  dino_local_crops_loss: 7.3936 (7.3925)  dino_global_crops_loss: 0.9242 (0.9241)  ibot_loss: 0.4457 (0.7241)  time: 0.369451  data: 0.021140  max mem: 19472
I20260720 12:09:45 1831735 dinov2 helpers.py:102] Training  [4600/7500]  eta: 0:17:45  lr: 0.0004 (0.0007)  wd: 0.2820 (0.1324)  mom: 0.9974 (0.9941)  last_layer_lr: 0.0004 (0.0007)  current_batch_size: 64.0000 (64.0000)  total_loss: 8.7582 (9.0400)  dino_local_crops_loss: 7.3936 (7.3925)  dino_global_crops_loss: 0.9242 (0.9241)  ibot_loss: 0.4404 (0.7235)  time: 0.375544  data: 0.028176  max mem: 19472
I20260720 12:09:49 1831735 dinov2 helpers.py:102] Training  [4610/7500]  eta: 0:17:41  lr: 0.0004 (0.0007)  wd: 0.2827 (0.1328)  mom: 0.9974 (0.9941)  last_layer_lr: 0.0004 (0.0007)  current_batch_size: 64.0000 (64.0000)  total_loss: 8.7410 (9.0394)  dino_local_crops_loss: 7.3936 (7.3925)  dino_global_crops_loss: 0.9242 (0.9241)  ibot_loss: 0.4232 (0.7228)  time: 0.362127  data: 0.018758  max mem: 19472
I20260720 12:09:52 1831735 dinov2 helpers.py:102] Training  [4620/7500]  eta: 0:17:37  lr: 0.0004 (0.0007)  wd: 0.2834 (0.1331)  mom: 0.9974 (0.9941)  last_layer_lr: 0.0004 (0.0007)  current_batch_size: 64.0000 (64.0000)  total_loss: 8.7440 (9.0388)  dino_local_crops_loss: 7.3936 (7.3925)  dino_global_crops_loss: 0.9242 (0.9241)  ibot_loss: 0.4261 (0.7222)  time: 0.347036  data: 0.004969  max mem: 19472
I20260720 12:09:56 1831735 dinov2 helpers.py:102] Training  [4630/7500]  eta: 0:17:34  lr: 0.0004 (0.0007)  wd: 0.2842 (0.1334)  mom: 0.9974 (0.9941)  last_layer_lr: 0.0004 (0.0007)  current_batch_size: 64.0000 (64.0000)  total_loss: 8.7420 (9.0381)  dino_local_crops_loss: 7.3936 (7.3925)  dino_global_crops_loss: 0.9242 (0.9241)  ibot_loss: 0.4243 (0.7216)  time: 0.348723  data: 0.000389  max mem: 19472
I20260720 12:09:59 1831735 dinov2 helpers.py:102] Training  [4640/7500]  eta: 0:17:30  lr: 0.0004 (0.0007)  wd: 0.2849 (0.1338)  mom: 0.9974 (0.9941)  last_layer_lr: 0.0004 (0.0007)  current_batch_size: 64.0000 (64.0000)  total_loss: 8.7420 (9.0375)  dino_local_crops_loss: 7.3936 (7.3925)  dino_global_crops_loss: 0.9242 (0.9241)  ibot_loss: 0.4243 (0.7210)  time: 0.347934  data: 0.000432  max mem: 19472
I20260720 12:10:03 1831735 dinov2 helpers.py:102] Training  [4650/7500]  eta: 0:17:26  lr: 0.0004 (0.0007)  wd: 0.2856 (0.1341)  mom: 0.9975 (0.9941)  last_layer_lr: 0.0004 (0.0007)  current_batch_size: 64.0000 (64.0000)  total_loss: 8.7531 (9.0369)  dino_local_crops_loss: 7.3936 (7.3925)  dino_global_crops_loss: 0.9242 (0.9241)  ibot_loss: 0.4353 (0.7204)  time: 0.347043  data: 0.000263  max mem: 19472
I20260720 12:10:06 1831735 dinov2 helpers.py:102] Training  [4660/7500]  eta: 0:17:22  lr: 0.0004 (0.0007)  wd: 0.2863 (0.1344)  mom: 0.9975 (0.9941)  last_layer_lr: 0.0004 (0.0007)  current_batch_size: 64.0000 (64.0000)  total_loss: 8.7693 (9.0364)  dino_local_crops_loss: 7.3936 (7.3925)  dino_global_crops_loss: 0.9242 (0.9241)  ibot_loss: 0.4515 (0.7198)  time: 0.351508  data: 0.000759  max mem: 19472
I20260720 12:10:10 1831735 dinov2 helpers.py:102] Training  [4670/7500]  eta: 0:17:18  lr: 0.0004 (0.0007)  wd: 0.2870 (0.1347)  mom: 0.9975 (0.9941)  last_layer_lr: 0.0004 (0.0007)  current_batch_size: 64.0000 (64.0000)  total_loss: 8.7629 (9.0357)  dino_local_crops_loss: 7.3936 (7.3925)  dino_global_crops_loss: 0.9242 (0.9241)  ibot_loss: 0.4451 (0.7192)  time: 0.349504  data: 0.000786  max mem: 19472
I20260720 12:10:13 1831735 dinov2 helpers.py:102] Training  [4680/7500]  eta: 0:17:15  lr: 0.0004 (0.0007)  wd: 0.2877 (0.1351)  mom: 0.9975 (0.9941)  last_layer_lr: 0.0004 (0.0007)  current_batch_size: 64.0000 (64.0000)  total_loss: 8.7641 (9.0352)  dino_local_crops_loss: 7.3936 (7.3925)  dino_global_crops_loss: 0.9242 (0.9241)  ibot_loss: 0.4463 (0.7186)  time: 0.353086  data: 0.000400  max mem: 19472
I20260720 12:10:17 1831735 dinov2 helpers.py:102] Training  [4690/7500]  eta: 0:17:11  lr: 0.0004 (0.0007)  wd: 0.2884 (0.1354)  mom: 0.9975 (0.9941)  last_layer_lr: 0.0004 (0.0007)  current_batch_size: 64.0000 (64.0000)  total_loss: 8.7740 (9.0346)  dino_local_crops_loss: 7.3936 (7.3925)  dino_global_crops_loss: 0.9242 (0.9241)  ibot_loss: 0.4562 (0.7181)  time: 0.347255  data: 0.000383  max mem: 19472
I20260720 12:10:20 1831735 dinov2 helpers.py:102] Training  [4700/7500]  eta: 0:17:07  lr: 0.0004 (0.0007)  wd: 0.2891 (0.1357)  mom: 0.9975 (0.9941)  last_layer_lr: 0.0004 (0.0007)  current_batch_size: 64.0000 (64.0000)  total_loss: 8.7624 (9.0341)  dino_local_crops_loss: 7.3936 (7.3925)  dino_global_crops_loss: 0.9242 (0.9241)  ibot_loss: 0.4446 (0.7175)  time: 0.345614  data: 0.006553  max mem: 19472
I20260720 12:10:24 1831735 dinov2 helpers.py:102] Training  [4710/7500]  eta: 0:17:03  lr: 0.0004 (0.0007)  wd: 0.2898 (0.1360)  mom: 0.9976 (0.9941)  last_layer_lr: 0.0004 (0.0007)  current_batch_size: 64.0000 (64.0000)  total_loss: 8.7524 (9.0335)  dino_local_crops_loss: 7.3936 (7.3925)  dino_global_crops_loss: 0.9242 (0.9241)  ibot_loss: 0.4345 (0.7169)  time: 0.349358  data: 0.006723  max mem: 19472
I20260720 12:10:27 1831735 dinov2 helpers.py:102] Training  [4720/7500]  eta: 0:16:59  lr: 0.0004 (0.0007)  wd: 0.2904 (0.1364)  mom: 0.9976 (0.9941)  last_layer_lr: 0.0004 (0.0007)  current_batch_size: 64.0000 (64.0000)  total_loss: 8.7524 (9.0329)  dino_local_crops_loss: 7.3936 (7.3925)  dino_global_crops_loss: 0.9242 (0.9241)  ibot_loss: 0.4345 (0.7163)  time: 0.348444  data: 0.000396  max mem: 19472
I20260720 12:10:31 1831735 dinov2 helpers.py:102] Training  [4730/7500]  eta: 0:16:56  lr: 0.0004 (0.0007)  wd: 0.2911 (0.1367)  mom: 0.9976 (0.9941)  last_layer_lr: 0.0004 (0.0007)  current_batch_size: 64.0000 (64.0000)  total_loss: 8.7765 (9.0324)  dino_local_crops_loss: 7.3936 (7.3925)  dino_global_crops_loss: 0.9242 (0.9241)  ibot_loss: 0.4587 (0.7158)  time: 0.355162  data: 0.003132  max mem: 19472
I20260720 12:10:34 1831735 dinov2 helpers.py:102] Training  [4740/7500]  eta: 0:16:52  lr: 0.0004 (0.0007)  wd: 0.2918 (0.1370)  mom: 0.9976 (0.9942)  last_layer_lr: 0.0004 (0.0007)  current_batch_size: 64.0000 (64.0000)  total_loss: 8.7668 (9.0318)  dino_local_crops_loss: 7.3936 (7.3925)  dino_global_crops_loss: 0.9242 (0.9241)  ibot_loss: 0.4490 (0.7152)  time: 0.347932  data: 0.003345  max mem: 19472
I20260720 12:10:38 1831735 dinov2 helpers.py:102] Training  [4750/7500]  eta: 0:16:48  lr: 0.0004 (0.0007)  wd: 0.2925 (0.1374)  mom: 0.9976 (0.9942)  last_layer_lr: 0.0004 (0.0007)  current_batch_size: 64.0000 (64.0000)  total_loss: 8.7762 (9.0313)  dino_local_crops_loss: 7.3936 (7.3925)  dino_global_crops_loss: 0.9242 (0.9241)  ibot_loss: 0.4584 (0.7147)  time: 0.344137  data: 0.000604  max mem: 19472
I20260720 12:10:41 1831735 dinov2 helpers.py:102] Training  [4760/7500]  eta: 0:16:45  lr: 0.0004 (0.0007)  wd: 0.2932 (0.1377)  mom: 0.9976 (0.9942)  last_layer_lr: 0.0004 (0.0007)  current_batch_size: 64.0000 (64.0000)  total_loss: 8.7757 (9.0308)  dino_local_crops_loss: 7.3936 (7.3925)  dino_global_crops_loss: 0.9242 (0.9241)  ibot_loss: 0.4580 (0.7142)  time: 0.361541  data: 0.014448  max mem: 19472
I20260720 12:10:45 1831735 dinov2 helpers.py:102] Training  [4770/7500]  eta: 0:16:41  lr: 0.0004 (0.0007)  wd: 0.2939 (0.1380)  mom: 0.9976 (0.9942)  last_layer_lr: 0.0004 (0.0007)  current_batch_size: 64.0000 (64.0000)  total_loss: 8.7714 (9.0303)  dino_local_crops_loss: 7.3936 (7.3925)  dino_global_crops_loss: 0.9242 (0.9241)  ibot_loss: 0.4536 (0.7137)  time: 0.369065  data: 0.027952  max mem: 19472
I20260720 12:10:49 1831735 dinov2 helpers.py:102] Training  [4780/7500]  eta: 0:16:37  lr: 0.0004 (0.0007)  wd: 0.2946 (0.1383)  mom: 0.9977 (0.9942)  last_layer_lr: 0.0004 (0.0007)  current_batch_size: 64.0000 (64.0000)  total_loss: 8.8025 (9.0298)  dino_local_crops_loss: 7.3936 (7.3925)  dino_global_crops_loss: 0.9242 (0.9241)  ibot_loss: 0.4847 (0.7133)  time: 0.384880  data: 0.042871  max mem: 19472
I20260720 12:10:53 1831735 dinov2 helpers.py:102] Training  [4790/7500]  eta: 0:16:34  lr: 0.0004 (0.0007)  wd: 0.2953 (0.1387)  mom: 0.9977 (0.9942)  last_layer_lr: 0.0004 (0.0007)  current_batch_size: 64.0000 (64.0000)  total_loss: 8.7862 (9.0293)  dino_local_crops_loss: 7.3936 (7.3925)  dino_global_crops_loss: 0.9242 (0.9241)  ibot_loss: 0.4684 (0.7127)  time: 0.372815  data: 0.029198  max mem: 19472
I20260720 12:10:56 1831735 dinov2 helpers.py:102] Training  [4800/7500]  eta: 0:16:30  lr: 0.0003 (0.0007)  wd: 0.2960 (0.1390)  mom: 0.9977 (0.9942)  last_layer_lr: 0.0003 (0.0007)  current_batch_size: 64.0000 (64.0000)  total_loss: 8.7931 (9.0288)  dino_local_crops_loss: 7.3936 (7.3925)  dino_global_crops_loss: 0.9242 (0.9241)  ibot_loss: 0.4753 (0.7122)  time: 0.339119  data: 0.000253  max mem: 19472
I20260720 12:10:59 1831735 dinov2 helpers.py:102] Training  [4810/7500]  eta: 0:16:26  lr: 0.0003 (0.0007)  wd: 0.2966 (0.1393)  mom: 0.9977 (0.9942)  last_layer_lr: 0.0003 (0.0007)  current_batch_size: 64.0000 (64.0000)  total_loss: 8.7986 (9.0283)  dino_local_crops_loss: 7.3936 (7.3925)  dino_global_crops_loss: 0.9242 (0.9241)  ibot_loss: 0.4808 (0.7117)  time: 0.346518  data: 0.006041  max mem: 19472
I20260720 12:11:03 1831735 dinov2 helpers.py:102] Training  [4820/7500]  eta: 0:16:22  lr: 0.0003 (0.0007)  wd: 0.2973 (0.1397)  mom: 0.9977 (0.9942)  last_layer_lr: 0.0003 (0.0007)  current_batch_size: 64.0000 (64.0000)  total_loss: 8.8087 (9.0279)  dino_local_crops_loss: 7.3936 (7.3925)  dino_global_crops_loss: 0.9242 (0.9241)  ibot_loss: 0.4909 (0.7113)  time: 0.365055  data: 0.018309  max mem: 19472
I20260720 12:11:07 1831735 dinov2 helpers.py:102] Training  [4830/7500]  eta: 0:16:19  lr: 0.0003 (0.0007)  wd: 0.2980 (0.1400)  mom: 0.9977 (0.9942)  last_layer_lr: 0.0003 (0.0007)  current_batch_size: 64.0000 (64.0000)  total_loss: 8.8012 (9.0274)  dino_local_crops_loss: 7.3936 (7.3925)  dino_global_crops_loss: 0.9242 (0.9241)  ibot_loss: 0.4835 (0.7108)  time: 0.362341  data: 0.012485  max mem: 19472
I20260720 12:11:10 1831735 dinov2 helpers.py:102] Training  [4840/7500]  eta: 0:16:15  lr: 0.0003 (0.0007)  wd: 0.2987 (0.1403)  mom: 0.9977 (0.9942)  last_layer_lr: 0.0003 (0.0007)  current_batch_size: 64.0000 (64.0000)  total_loss: 8.7966 (9.0270)  dino_local_crops_loss: 7.3936 (7.3925)  dino_global_crops_loss: 0.9242 (0.9241)  ibot_loss: 0.4788 (0.7104)  time: 0.346250  data: 0.000194  max mem: 19472
I20260720 12:11:14 1831735 dinov2 helpers.py:102] Training  [4850/7500]  eta: 0:16:11  lr: 0.0003 (0.0007)  wd: 0.2994 (0.1406)  mom: 0.9978 (0.9942)  last_layer_lr: 0.0003 (0.0007)  current_batch_size: 64.0000 (64.0000)  total_loss: 8.7966 (9.0265)  dino_local_crops_loss: 7.3936 (7.3925)  dino_global_crops_loss: 0.9242 (0.9241)  ibot_loss: 0.4788 (0.7099)  time: 0.342806  data: 0.000220  max mem: 19472
I20260720 12:11:17 1831735 dinov2 helpers.py:102] Training  [4860/7500]  eta: 0:16:07  lr: 0.0003 (0.0007)  wd: 0.3000 (0.1410)  mom: 0.9978 (0.9942)  last_layer_lr: 0.0003 (0.0007)  current_batch_size: 64.0000 (64.0000)  total_loss: 8.8082 (9.0261)  dino_local_crops_loss: 7.3936 (7.3925)  dino_global_crops_loss: 0.9242 (0.9241)  ibot_loss: 0.4904 (0.7095)  time: 0.350688  data: 0.009966  max mem: 19472
I20260720 12:11:21 1831735 dinov2 helpers.py:102] Training  [4870/7500]  eta: 0:16:04  lr: 0.0003 (0.0007)  wd: 0.3007 (0.1413)  mom: 0.9978 (0.9943)  last_layer_lr: 0.0003 (0.0007)  current_batch_size: 64.0000 (64.0000)  total_loss: 8.8092 (9.0256)  dino_local_crops_loss: 7.3936 (7.3925)  dino_global_crops_loss: 0.9242 (0.9241)  ibot_loss: 0.4915 (0.7090)  time: 0.351093  data: 0.011549  max mem: 19472
I20260720 12:11:25 1831735 dinov2 helpers.py:102] Training  [4880/7500]  eta: 0:16:00  lr: 0.0003 (0.0007)  wd: 0.3014 (0.1416)  mom: 0.9978 (0.9943)  last_layer_lr: 0.0003 (0.0007)  current_batch_size: 64.0000 (64.0000)  total_loss: 8.8067 (9.0252)  dino_local_crops_loss: 7.3936 (7.3925)  dino_global_crops_loss: 0.9242 (0.9241)  ibot_loss: 0.4890 (0.7086)  time: 0.370582  data: 0.031227  max mem: 19472
I20260720 12:11:28 1831735 dinov2 helpers.py:102] Training  [4890/7500]  eta: 0:15:56  lr: 0.0003 (0.0007)  wd: 0.3021 (0.1420)  mom: 0.9978 (0.9943)  last_layer_lr: 0.0003 (0.0007)  current_batch_size: 64.0000 (64.0000)  total_loss: 8.8140 (9.0248)  dino_local_crops_loss: 7.3936 (7.3925)  dino_global_crops_loss: 0.9242 (0.9241)  ibot_loss: 0.4962 (0.7082)  time: 0.368977  data: 0.029650  max mem: 19472
I20260720 12:11:32 1831735 dinov2 helpers.py:102] Training  [4900/7500]  eta: 0:15:53  lr: 0.0003 (0.0007)  wd: 0.3027 (0.1423)  mom: 0.9978 (0.9943)  last_layer_lr: 0.0003 (0.0007)  current_batch_size: 64.0000 (64.0000)  total_loss: 8.8005 (9.0243)  dino_local_crops_loss: 7.3936 (7.3925)  dino_global_crops_loss: 0.9242 (0.9241)  ibot_loss: 0.4827 (0.7077)  time: 0.350833  data: 0.013098  max mem: 19472
I20260720 12:11:36 1831735 dinov2 helpers.py:102] Training  [4910/7500]  eta: 0:15:49  lr: 0.0003 (0.0007)  wd: 0.3034 (0.1426)  mom: 0.9979 (0.9943)  last_layer_lr: 0.0003 (0.0007)  current_batch_size: 64.0000 (64.0000)  total_loss: 8.7956 (9.0239)  dino_local_crops_loss: 7.3936 (7.3925)  dino_global_crops_loss: 0.9242 (0.9241)  ibot_loss: 0.4777 (0.7073)  time: 0.392654  data: 0.049913  max mem: 19472
I20260720 12:11:40 1831735 dinov2 helpers.py:102] Training  [4920/7500]  eta: 0:15:46  lr: 0.0003 (0.0007)  wd: 0.3041 (0.1429)  mom: 0.9979 (0.9943)  last_layer_lr: 0.0003 (0.0007)  current_batch_size: 64.0000 (64.0000)  total_loss: 8.8199 (9.0235)  dino_local_crops_loss: 7.3936 (7.3925)  dino_global_crops_loss: 0.9242 (0.9241)  ibot_loss: 0.5021 (0.7069)  time: 0.401586  data: 0.055211  max mem: 19472
I20260720 12:11:43 1831735 dinov2 helpers.py:102] Training  [4930/7500]  eta: 0:15:42  lr: 0.0003 (0.0007)  wd: 0.3047 (0.1433)  mom: 0.9979 (0.9943)  last_layer_lr: 0.0003 (0.0007)  current_batch_size: 64.0000 (64.0000)  total_loss: 8.8104 (9.0231)  dino_local_crops_loss: 7.3936 (7.3925)  dino_global_crops_loss: 0.9242 (0.9241)  ibot_loss: 0.4926 (0.7064)  time: 0.362396  data: 0.018413  max mem: 19472
I20260720 12:11:46 1831735 dinov2 helpers.py:102] Training  [4940/7500]  eta: 0:15:38  lr: 0.0003 (0.0007)  wd: 0.3054 (0.1436)  mom: 0.9979 (0.9943)  last_layer_lr: 0.0003 (0.0007)  current_batch_size: 64.0000 (64.0000)  total_loss: 8.7971 (9.0226)  dino_local_crops_loss: 7.3936 (7.3925)  dino_global_crops_loss: 0.9242 (0.9241)  ibot_loss: 0.4793 (0.7060)  time: 0.340615  data: 0.000421  max mem: 19472
I20260720 12:11:50 1831735 fvcore.common.checkpoint __init__.py:109] Saving checkpoint to /sci/labs/arieljaffe/dan.abergel1/runs/brain/hcp_imgnet_localglobal/model_0004949.rank_0.pth
I20260720 12:11:51 1831735 dinov2 helpers.py:102] Training  [4950/7500]  eta: 0:15:35  lr: 0.0003 (0.0007)  wd: 0.3061 (0.1439)  mom: 0.9979 (0.9943)  last_layer_lr: 0.0003 (0.0007)  current_batch_size: 64.0000 (64.0000)  total_loss: 8.8064 (9.0222)  dino_local_crops_loss: 7.3936 (7.3925)  dino_global_crops_loss: 0.9242 (0.9241)  ibot_loss: 0.4886 (0.7056)  time: 0.392951  data: 0.003859  max mem: 19472
I20260720 12:11:54 1831735 dinov2 helpers.py:102] Training  [4960/7500]  eta: 0:15:31  lr: 0.0003 (0.0007)  wd: 0.3067 (0.1443)  mom: 0.9979 (0.9943)  last_layer_lr: 0.0003 (0.0007)  current_batch_size: 64.0000 (64.0000)  total_loss: 8.8113 (9.0218)  dino_local_crops_loss: 7.3936 (7.3925)  dino_global_crops_loss: 0.9242 (0.9241)  ibot_loss: 0.4936 (0.7052)  time: 0.393478  data: 0.003654  max mem: 19472
I20260720 12:11:58 1831735 dinov2 helpers.py:102] Training  [4970/7500]  eta: 0:15:27  lr: 0.0003 (0.0007)  wd: 0.3074 (0.1446)  mom: 0.9979 (0.9943)  last_layer_lr: 0.0003 (0.0007)  current_batch_size: 64.0000 (64.0000)  total_loss: 8.8074 (9.0214)  dino_local_crops_loss: 7.3936 (7.3925)  dino_global_crops_loss: 0.9242 (0.9241)  ibot_loss: 0.4896 (0.7047)  time: 0.336303  data: 0.000182  max mem: 19472
I20260720 12:12:01 1831735 dinov2 helpers.py:102] Training  [4980/7500]  eta: 0:15:23  lr: 0.0003 (0.0007)  wd: 0.3080 (0.1449)  mom: 0.9980 (0.9943)  last_layer_lr: 0.0003 (0.0007)  current_batch_size: 64.0000 (64.0000)  total_loss: 8.7986 (9.0209)  dino_local_crops_loss: 7.3936 (7.3925)  dino_global_crops_loss: 0.9242 (0.9241)  ibot_loss: 0.4808 (0.7043)  time: 0.343383  data: 0.000210  max mem: 19472
I20260720 12:12:05 1831735 dinov2 helpers.py:102] Training  [4990/7500]  eta: 0:15:20  lr: 0.0003 (0.0007)  wd: 0.3087 (0.1452)  mom: 0.9980 (0.9943)  last_layer_lr: 0.0003 (0.0007)  current_batch_size: 64.0000 (64.0000)  total_loss: 8.7959 (9.0205)  dino_local_crops_loss: 7.3936 (7.3925)  dino_global_crops_loss: 0.9242 (0.9241)  ibot_loss: 0.4781 (0.7039)  time: 0.345426  data: 0.000257  max mem: 19472
I20260720 12:12:08 1831735 dinov2 helpers.py:102] Training  [5000/7500]  eta: 0:15:16  lr: 0.0003 (0.0007)  wd: 0.3093 (0.1456)  mom: 0.9980 (0.9943)  last_layer_lr: 0.0003 (0.0007)  current_batch_size: 64.0000 (64.0000)  total_loss: 8.8115 (9.0201)  dino_local_crops_loss: 7.3936 (7.3925)  dino_global_crops_loss: 0.9242 (0.9241)  ibot_loss: 0.4937 (0.7035)  time: 0.343468  data: 0.001826  max mem: 19472
I20260720 12:12:12 1831735 dinov2 helpers.py:102] Training  [5010/7500]  eta: 0:15:12  lr: 0.0003 (0.0007)  wd: 0.3100 (0.1459)  mom: 0.9980 (0.9944)  last_layer_lr: 0.0003 (0.0007)  current_batch_size: 64.0000 (64.0000)  total_loss: 8.8107 (9.0197)  dino_local_crops_loss: 7.3936 (7.3926)  dino_global_crops_loss: 0.9242 (0.9241)  ibot_loss: 0.4929 (0.7030)  time: 0.349255  data: 0.001811  max mem: 19472
I20260720 12:12:15 1831735 dinov2 helpers.py:102] Training  [5020/7500]  eta: 0:15:08  lr: 0.0003 (0.0007)  wd: 0.3107 (0.1462)  mom: 0.9980 (0.9944)  last_layer_lr: 0.0003 (0.0007)  current_batch_size: 64.0000 (64.0000)  total_loss: 8.7919 (9.0193)  dino_local_crops_loss: 7.3936 (7.3926)  dino_global_crops_loss: 0.9242 (0.9241)  ibot_loss: 0.4740 (0.7026)  time: 0.349826  data: 0.000231  max mem: 19472
I20260720 12:12:19 1831735 dinov2 helpers.py:102] Training  [5030/7500]  eta: 0:15:05  lr: 0.0003 (0.0007)  wd: 0.3113 (0.1466)  mom: 0.9980 (0.9944)  last_layer_lr: 0.0003 (0.0007)  current_batch_size: 64.0000 (64.0000)  total_loss: 8.8043 (9.0189)  dino_local_crops_loss: 7.3936 (7.3926)  dino_global_crops_loss: 0.9242 (0.9241)  ibot_loss: 0.4865 (0.7022)  time: 0.345097  data: 0.000219  max mem: 19472
I20260720 12:12:22 1831735 dinov2 helpers.py:102] Training  [5040/7500]  eta: 0:15:01  lr: 0.0003 (0.0007)  wd: 0.3120 (0.1469)  mom: 0.9980 (0.9944)  last_layer_lr: 0.0003 (0.0007)  current_batch_size: 64.0000 (64.0000)  total_loss: 8.8142 (9.0185)  dino_local_crops_loss: 7.3936 (7.3926)  dino_global_crops_loss: 0.9242 (0.9241)  ibot_loss: 0.4965 (0.7018)  time: 0.347261  data: 0.000190  max mem: 19472
I20260720 12:12:26 1831735 dinov2 helpers.py:102] Training  [5050/7500]  eta: 0:14:57  lr: 0.0003 (0.0007)  wd: 0.3126 (0.1472)  mom: 0.9981 (0.9944)  last_layer_lr: 0.0003 (0.0007)  current_batch_size: 64.0000 (64.0000)  total_loss: 8.8155 (9.0181)  dino_local_crops_loss: 7.3936 (7.3926)  dino_global_crops_loss: 0.9242 (0.9241)  ibot_loss: 0.4976 (0.7014)  time: 0.366566  data: 0.016118  max mem: 19472
I20260720 12:12:29 1831735 dinov2 helpers.py:102] Training  [5060/7500]  eta: 0:14:53  lr: 0.0003 (0.0007)  wd: 0.3132 (0.1475)  mom: 0.9981 (0.9944)  last_layer_lr: 0.0003 (0.0007)  current_batch_size: 64.0000 (64.0000)  total_loss: 8.8322 (9.0177)  dino_local_crops_loss: 7.3936 (7.3926)  dino_global_crops_loss: 0.9242 (0.9241)  ibot_loss: 0.5143 (0.7010)  time: 0.370032  data: 0.023931  max mem: 19472
I20260720 12:12:33 1831735 dinov2 helpers.py:102] Training  [5070/7500]  eta: 0:14:50  lr: 0.0003 (0.0007)  wd: 0.3139 (0.1479)  mom: 0.9981 (0.9944)  last_layer_lr: 0.0003 (0.0007)  current_batch_size: 64.0000 (64.0000)  total_loss: 8.8288 (9.0173)  dino_local_crops_loss: 7.3936 (7.3926)  dino_global_crops_loss: 0.9242 (0.9241)  ibot_loss: 0.5111 (0.7007)  time: 0.359784  data: 0.007974  max mem: 19472
I20260720 12:12:37 1831735 dinov2 helpers.py:102] Training  [5080/7500]  eta: 0:14:46  lr: 0.0003 (0.0007)  wd: 0.3145 (0.1482)  mom: 0.9981 (0.9944)  last_layer_lr: 0.0003 (0.0007)  current_batch_size: 64.0000 (64.0000)  total_loss: 8.8213 (9.0169)  dino_local_crops_loss: 7.3936 (7.3926)  dino_global_crops_loss: 0.9242 (0.9241)  ibot_loss: 0.5035 (0.7003)  time: 0.356234  data: 0.000437  max mem: 19472
I20260720 12:12:40 1831735 dinov2 helpers.py:102] Training  [5090/7500]  eta: 0:14:42  lr: 0.0003 (0.0007)  wd: 0.3152 (0.1485)  mom: 0.9981 (0.9944)  last_layer_lr: 0.0003 (0.0007)  current_batch_size: 64.0000 (64.0000)  total_loss: 8.8219 (9.0166)  dino_local_crops_loss: 7.3936 (7.3926)  dino_global_crops_loss: 0.9242 (0.9241)  ibot_loss: 0.5041 (0.6999)  time: 0.350911  data: 0.000615  max mem: 19472
I20260720 12:12:43 1831735 dinov2 helpers.py:102] Training  [5100/7500]  eta: 0:14:39  lr: 0.0003 (0.0007)  wd: 0.3158 (0.1489)  mom: 0.9981 (0.9944)  last_layer_lr: 0.0003 (0.0007)  current_batch_size: 64.0000 (64.0000)  total_loss: 8.8238 (9.0162)  dino_local_crops_loss: 7.3936 (7.3926)  dino_global_crops_loss: 0.9242 (0.9241)  ibot_loss: 0.5060 (0.6995)  time: 0.345108  data: 0.000553  max mem: 19472
I20260720 12:12:47 1831735 dinov2 helpers.py:102] Training  [5110/7500]  eta: 0:14:35  lr: 0.0003 (0.0007)  wd: 0.3164 (0.1492)  mom: 0.9981 (0.9944)  last_layer_lr: 0.0003 (0.0007)  current_batch_size: 64.0000 (64.0000)  total_loss: 8.8313 (9.0158)  dino_local_crops_loss: 7.3936 (7.3926)  dino_global_crops_loss: 0.9242 (0.9241)  ibot_loss: 0.5135 (0.6992)  time: 0.347337  data: 0.000400  max mem: 19472
I20260720 12:12:50 1831735 dinov2 helpers.py:102] Training  [5120/7500]  eta: 0:14:31  lr: 0.0003 (0.0007)  wd: 0.3171 (0.1495)  mom: 0.9982 (0.9944)  last_layer_lr: 0.0003 (0.0007)  current_batch_size: 64.0000 (64.0000)  total_loss: 8.8384 (9.0155)  dino_local_crops_loss: 7.3936 (7.3926)  dino_global_crops_loss: 0.9242 (0.9241)  ibot_loss: 0.5207 (0.6988)  time: 0.350045  data: 0.000227  max mem: 19472
I20260720 12:12:54 1831735 dinov2 helpers.py:102] Training  [5130/7500]  eta: 0:14:27  lr: 0.0003 (0.0007)  wd: 0.3177 (0.1498)  mom: 0.9982 (0.9944)  last_layer_lr: 0.0003 (0.0007)  current_batch_size: 64.0000 (64.0000)  total_loss: 8.8332 (9.0151)  dino_local_crops_loss: 7.3936 (7.3926)  dino_global_crops_loss: 0.9242 (0.9241)  ibot_loss: 0.5155 (0.6985)  time: 0.344735  data: 0.000388  max mem: 19472
I20260720 12:12:57 1831735 dinov2 helpers.py:102] Training  [5140/7500]  eta: 0:14:24  lr: 0.0003 (0.0007)  wd: 0.3184 (0.1502)  mom: 0.9982 (0.9944)  last_layer_lr: 0.0003 (0.0007)  current_batch_size: 64.0000 (64.0000)  total_loss: 8.8385 (9.0148)  dino_local_crops_loss: 7.3936 (7.3926)  dino_global_crops_loss: 0.9242 (0.9241)  ibot_loss: 0.5207 (0.6981)  time: 0.343733  data: 0.003890  max mem: 19472
I20260720 12:13:01 1831735 dinov2 helpers.py:102] Training  [5150/7500]  eta: 0:14:20  lr: 0.0003 (0.0007)  wd: 0.3190 (0.1505)  mom: 0.9982 (0.9945)  last_layer_lr: 0.0003 (0.0007)  current_batch_size: 64.0000 (64.0000)  total_loss: 8.8579 (9.0145)  dino_local_crops_loss: 7.3936 (7.3926)  dino_global_crops_loss: 0.9242 (0.9241)  ibot_loss: 0.5401 (0.6978)  time: 0.348591  data: 0.003886  max mem: 19472
I20260720 12:13:05 1831735 dinov2 helpers.py:102] Training  [5160/7500]  eta: 0:14:16  lr: 0.0003 (0.0007)  wd: 0.3196 (0.1508)  mom: 0.9982 (0.9945)  last_layer_lr: 0.0003 (0.0007)  current_batch_size: 64.0000 (64.0000)  total_loss: 8.8551 (9.0142)  dino_local_crops_loss: 7.3936 (7.3926)  dino_global_crops_loss: 0.9242 (0.9241)  ibot_loss: 0.5373 (0.6975)  time: 0.360807  data: 0.007081  max mem: 19472
I20260720 12:13:08 1831735 dinov2 helpers.py:102] Training  [5170/7500]  eta: 0:14:12  lr: 0.0003 (0.0007)  wd: 0.3202 (0.1512)  mom: 0.9982 (0.9945)  last_layer_lr: 0.0003 (0.0007)  current_batch_size: 64.0000 (64.0000)  total_loss: 8.8462 (9.0138)  dino_local_crops_loss: 7.3936 (7.3926)  dino_global_crops_loss: 0.9242 (0.9241)  ibot_loss: 0.5284 (0.6972)  time: 0.363733  data: 0.008841  max mem: 19472
I20260720 12:13:12 1831735 dinov2 helpers.py:102] Training  [5180/7500]  eta: 0:14:09  lr: 0.0003 (0.0007)  wd: 0.3209 (0.1515)  mom: 0.9982 (0.9945)  last_layer_lr: 0.0003 (0.0007)  current_batch_size: 64.0000 (64.0000)  total_loss: 8.8462 (9.0135)  dino_local_crops_loss: 7.3936 (7.3926)  dino_global_crops_loss: 0.9242 (0.9241)  ibot_loss: 0.5284 (0.6968)  time: 0.380001  data: 0.029070  max mem: 19472
I20260720 12:13:16 1831735 dinov2 helpers.py:102] Training  [5190/7500]  eta: 0:14:05  lr: 0.0003 (0.0007)  wd: 0.3215 (0.1518)  mom: 0.9983 (0.9945)  last_layer_lr: 0.0003 (0.0007)  current_batch_size: 64.0000 (64.0000)  total_loss: 8.8370 (9.0132)  dino_local_crops_loss: 7.3936 (7.3926)  dino_global_crops_loss: 0.9242 (0.9241)  ibot_loss: 0.5192 (0.6965)  time: 0.388734  data: 0.044691  max mem: 19472
I20260720 12:13:20 1831735 dinov2 helpers.py:102] Training  [5200/7500]  eta: 0:14:02  lr: 0.0003 (0.0007)  wd: 0.3221 (0.1521)  mom: 0.9983 (0.9945)  last_layer_lr: 0.0003 (0.0007)  current_batch_size: 64.0000 (64.0000)  total_loss: 8.8374 (9.0128)  dino_local_crops_loss: 7.3936 (7.3926)  dino_global_crops_loss: 0.9242 (0.9241)  ibot_loss: 0.5196 (0.6962)  time: 0.371728  data: 0.021732  max mem: 19472
I20260720 12:13:23 1831735 dinov2 helpers.py:102] Training  [5210/7500]  eta: 0:13:58  lr: 0.0003 (0.0007)  wd: 0.3227 (0.1525)  mom: 0.9983 (0.9945)  last_layer_lr: 0.0003 (0.0007)  current_batch_size: 64.0000 (64.0000)  total_loss: 8.8312 (9.0125)  dino_local_crops_loss: 7.3936 (7.3926)  dino_global_crops_loss: 0.9242 (0.9241)  ibot_loss: 0.5134 (0.6958)  time: 0.353994  data: 0.004373  max mem: 19472
I20260720 12:13:27 1831735 dinov2 helpers.py:102] Training  [5220/7500]  eta: 0:13:54  lr: 0.0003 (0.0007)  wd: 0.3233 (0.1528)  mom: 0.9983 (0.9945)  last_layer_lr: 0.0003 (0.0007)  current_batch_size: 64.0000 (64.0000)  total_loss: 8.8127 (9.0121)  dino_local_crops_loss: 7.3936 (7.3926)  dino_global_crops_loss: 0.9242 (0.9241)  ibot_loss: 0.4950 (0.6954)  time: 0.342219  data: 0.000532  max mem: 19472
I20260720 12:13:30 1831735 dinov2 helpers.py:102] Training  [5230/7500]  eta: 0:13:51  lr: 0.0003 (0.0007)  wd: 0.3240 (0.1531)  mom: 0.9983 (0.9945)  last_layer_lr: 0.0003 (0.0007)  current_batch_size: 64.0000 (64.0000)  total_loss: 8.8279 (9.0118)  dino_local_crops_loss: 7.3936 (7.3926)  dino_global_crops_loss: 0.9242 (0.9241)  ibot_loss: 0.5101 (0.6951)  time: 0.366251  data: 0.023034  max mem: 19472
I20260720 12:13:34 1831735 dinov2 helpers.py:102] Training  [5240/7500]  eta: 0:13:47  lr: 0.0003 (0.0007)  wd: 0.3246 (0.1535)  mom: 0.9983 (0.9945)  last_layer_lr: 0.0003 (0.0007)  current_batch_size: 64.0000 (64.0000)  total_loss: 8.8399 (9.0114)  dino_local_crops_loss: 7.3936 (7.3926)  dino_global_crops_loss: 0.9242 (0.9241)  ibot_loss: 0.5221 (0.6947)  time: 0.384738  data: 0.043805  max mem: 19472
I20260720 12:13:38 1831735 dinov2 helpers.py:102] Training  [5250/7500]  eta: 0:13:43  lr: 0.0003 (0.0007)  wd: 0.3252 (0.1538)  mom: 0.9983 (0.9945)  last_layer_lr: 0.0003 (0.0007)  current_batch_size: 64.0000 (64.0000)  total_loss: 8.8546 (9.0111)  dino_local_crops_loss: 7.3936 (7.3926)  dino_global_crops_loss: 0.9242 (0.9241)  ibot_loss: 0.5368 (0.6944)  time: 0.360130  data: 0.021145  max mem: 19472
I20260720 12:13:41 1831735 dinov2 helpers.py:102] Training  [5260/7500]  eta: 0:13:39  lr: 0.0003 (0.0007)  wd: 0.3258 (0.1541)  mom: 0.9984 (0.9945)  last_layer_lr: 0.0003 (0.0007)  current_batch_size: 64.0000 (64.0000)  total_loss: 8.8434 (9.0108)  dino_local_crops_loss: 7.3936 (7.3926)  dino_global_crops_loss: 0.9242 (0.9241)  ibot_loss: 0.5257 (0.6941)  time: 0.343196  data: 0.000205  max mem: 19472
I20260720 12:13:45 1831735 dinov2 helpers.py:102] Training  [5270/7500]  eta: 0:13:36  lr: 0.0002 (0.0007)  wd: 0.3264 (0.1544)  mom: 0.9984 (0.9945)  last_layer_lr: 0.0002 (0.0007)  current_batch_size: 64.0000 (64.0000)  total_loss: 8.8328 (9.0105)  dino_local_crops_loss: 7.3936 (7.3926)  dino_global_crops_loss: 0.9242 (0.9241)  ibot_loss: 0.5150 (0.6938)  time: 0.349327  data: 0.005242  max mem: 19472
I20260720 12:13:48 1831735 dinov2 helpers.py:102] Training  [5280/7500]  eta: 0:13:32  lr: 0.0002 (0.0007)  wd: 0.3270 (0.1548)  mom: 0.9984 (0.9946)  last_layer_lr: 0.0002 (0.0007)  current_batch_size: 64.0000 (64.0000)  total_loss: 8.8390 (9.0102)  dino_local_crops_loss: 7.3936 (7.3926)  dino_global_crops_loss: 0.9242 (0.9241)  ibot_loss: 0.5213 (0.6935)  time: 0.353553  data: 0.011918  max mem: 19472
I20260720 12:13:52 1831735 dinov2 helpers.py:102] Training  [5290/7500]  eta: 0:13:28  lr: 0.0002 (0.0007)  wd: 0.3276 (0.1551)  mom: 0.9984 (0.9946)  last_layer_lr: 0.0002 (0.0007)  current_batch_size: 64.0000 (64.0000)  total_loss: 8.8390 (9.0099)  dino_local_crops_loss: 7.3936 (7.3926)  dino_global_crops_loss: 0.9242 (0.9241)  ibot_loss: 0.5213 (0.6932)  time: 0.358028  data: 0.016769  max mem: 19472
I20260720 12:13:55 1831735 dinov2 helpers.py:102] Training  [5300/7500]  eta: 0:13:25  lr: 0.0002 (0.0007)  wd: 0.3282 (0.1554)  mom: 0.9984 (0.9946)  last_layer_lr: 0.0002 (0.0007)  current_batch_size: 64.0000 (64.0000)  total_loss: 8.8480 (9.0096)  dino_local_crops_loss: 7.3936 (7.3926)  dino_global_crops_loss: 0.9242 (0.9241)  ibot_loss: 0.5302 (0.6929)  time: 0.363804  data: 0.020504  max mem: 19472
I20260720 12:13:59 1831735 dinov2 helpers.py:102] Training  [5310/7500]  eta: 0:13:21  lr: 0.0002 (0.0007)  wd: 0.3288 (0.1558)  mom: 0.9984 (0.9946)  last_layer_lr: 0.0002 (0.0007)  current_batch_size: 64.0000 (64.0000)  total_loss: 8.8601 (9.0093)  dino_local_crops_loss: 7.3936 (7.3926)  dino_global_crops_loss: 0.9242 (0.9241)  ibot_loss: 0.5423 (0.6926)  time: 0.359827  data: 0.010614  max mem: 19472
I20260720 12:14:03 1831735 dinov2 helpers.py:102] Training  [5320/7500]  eta: 0:13:17  lr: 0.0002 (0.0007)  wd: 0.3294 (0.1561)  mom: 0.9984 (0.9946)  last_layer_lr: 0.0002 (0.0007)  current_batch_size: 64.0000 (64.0000)  total_loss: 8.8571 (9.0090)  dino_local_crops_loss: 7.3936 (7.3926)  dino_global_crops_loss: 0.9242 (0.9241)  ibot_loss: 0.5393 (0.6923)  time: 0.362313  data: 0.015242  max mem: 19472
I20260720 12:14:07 1831735 dinov2 helpers.py:102] Training  [5330/7500]  eta: 0:13:14  lr: 0.0002 (0.0007)  wd: 0.3300 (0.1564)  mom: 0.9984 (0.9946)  last_layer_lr: 0.0002 (0.0007)  current_batch_size: 64.0000 (64.0000)  total_loss: 8.8578 (9.0088)  dino_local_crops_loss: 7.3936 (7.3926)  dino_global_crops_loss: 0.9242 (0.9241)  ibot_loss: 0.5400 (0.6921)  time: 0.380469  data: 0.042629  max mem: 19472
I20260720 12:14:10 1831735 dinov2 helpers.py:102] Training  [5340/7500]  eta: 0:13:10  lr: 0.0002 (0.0007)  wd: 0.3306 (0.1567)  mom: 0.9985 (0.9946)  last_layer_lr: 0.0002 (0.0007)  current_batch_size: 64.0000 (64.0000)  total_loss: 8.8671 (9.0085)  dino_local_crops_loss: 7.3936 (7.3926)  dino_global_crops_loss: 0.9242 (0.9241)  ibot_loss: 0.5493 (0.6918)  time: 0.365638  data: 0.027592  max mem: 19472
I20260720 12:14:13 1831735 dinov2 helpers.py:102] Training  [5350/7500]  eta: 0:13:06  lr: 0.0002 (0.0007)  wd: 0.3312 (0.1571)  mom: 0.9985 (0.9946)  last_layer_lr: 0.0002 (0.0007)  current_batch_size: 64.0000 (64.0000)  total_loss: 8.8626 (9.0082)  dino_local_crops_loss: 7.3936 (7.3926)  dino_global_crops_loss: 0.9242 (0.9241)  ibot_loss: 0.5448 (0.6915)  time: 0.344152  data: 0.000171  max mem: 19472
I20260720 12:14:17 1831735 dinov2 helpers.py:102] Training  [5360/7500]  eta: 0:13:03  lr: 0.0002 (0.0007)  wd: 0.3318 (0.1574)  mom: 0.9985 (0.9946)  last_layer_lr: 0.0002 (0.0007)  current_batch_size: 64.0000 (64.0000)  total_loss: 8.8442 (9.0079)  dino_local_crops_loss: 7.3936 (7.3926)  dino_global_crops_loss: 0.9242 (0.9241)  ibot_loss: 0.5264 (0.6912)  time: 0.350567  data: 0.005799  max mem: 19472
I20260720 12:14:21 1831735 dinov2 helpers.py:102] Training  [5370/7500]  eta: 0:12:59  lr: 0.0002 (0.0007)  wd: 0.3324 (0.1577)  mom: 0.9985 (0.9946)  last_layer_lr: 0.0002 (0.0007)  current_batch_size: 64.0000 (64.0000)  total_loss: 8.8446 (9.0076)  dino_local_crops_loss: 7.3936 (7.3926)  dino_global_crops_loss: 0.9242 (0.9241)  ibot_loss: 0.5269 (0.6909)  time: 0.356580  data: 0.016323  max mem: 19472
I20260720 12:14:24 1831735 dinov2 helpers.py:102] Training  [5380/7500]  eta: 0:12:55  lr: 0.0002 (0.0007)  wd: 0.3330 (0.1580)  mom: 0.9985 (0.9946)  last_layer_lr: 0.0002 (0.0007)  current_batch_size: 64.0000 (64.0000)  total_loss: 8.8523 (9.0073)  dino_local_crops_loss: 7.3936 (7.3926)  dino_global_crops_loss: 0.9242 (0.9241)  ibot_loss: 0.5345 (0.6906)  time: 0.354596  data: 0.015253  max mem: 19472
I20260720 12:14:28 1831735 dinov2 helpers.py:102] Training  [5390/7500]  eta: 0:12:52  lr: 0.0002 (0.0007)  wd: 0.3336 (0.1584)  mom: 0.9985 (0.9946)  last_layer_lr: 0.0002 (0.0007)  current_batch_size: 64.0000 (64.0000)  total_loss: 8.8471 (9.0070)  dino_local_crops_loss: 7.3936 (7.3926)  dino_global_crops_loss: 0.9242 (0.9241)  ibot_loss: 0.5294 (0.6903)  time: 0.356110  data: 0.004742  max mem: 19472
I20260720 12:14:31 1831735 fvcore.common.checkpoint __init__.py:109] Saving checkpoint to /sci/labs/arieljaffe/dan.abergel1/runs/brain/hcp_imgnet_localglobal/model_0005399.rank_0.pth
I20260720 12:14:32 1831735 dinov2 helpers.py:102] Training  [5400/7500]  eta: 0:12:48  lr: 0.0002 (0.0007)  wd: 0.3342 (0.1587)  mom: 0.9985 (0.9946)  last_layer_lr: 0.0002 (0.0007)  current_batch_size: 64.0000 (64.0000)  total_loss: 8.8672 (9.0068)  dino_local_crops_loss: 7.3936 (7.3926)  dino_global_crops_loss: 0.9242 (0.9241)  ibot_loss: 0.5494 (0.6901)  time: 0.406733  data: 0.000216  max mem: 19472
I20260720 12:14:36 1831735 dinov2 helpers.py:102] Training  [5410/7500]  eta: 0:12:44  lr: 0.0002 (0.0007)  wd: 0.3347 (0.1590)  mom: 0.9985 (0.9946)  last_layer_lr: 0.0002 (0.0007)  current_batch_size: 64.0000 (64.0000)  total_loss: 8.8807 (9.0065)  dino_local_crops_loss: 7.3936 (7.3926)  dino_global_crops_loss: 0.9242 (0.9241)  ibot_loss: 0.5629 (0.6898)  time: 0.397587  data: 0.001818  max mem: 19472
I20260720 12:14:39 1831735 dinov2 helpers.py:102] Training  [5420/7500]  eta: 0:12:41  lr: 0.0002 (0.0007)  wd: 0.3353 (0.1593)  mom: 0.9986 (0.9947)  last_layer_lr: 0.0002 (0.0007)  current_batch_size: 64.0000 (64.0000)  total_loss: 8.8660 (9.0063)  dino_local_crops_loss: 7.3936 (7.3926)  dino_global_crops_loss: 0.9242 (0.9241)  ibot_loss: 0.5481 (0.6895)  time: 0.341317  data: 0.001827  max mem: 19472
I20260720 12:14:43 1831735 dinov2 helpers.py:102] Training  [5430/7500]  eta: 0:12:37  lr: 0.0002 (0.0007)  wd: 0.3359 (0.1597)  mom: 0.9986 (0.9947)  last_layer_lr: 0.0002 (0.0007)  current_batch_size: 64.0000 (64.0000)  total_loss: 8.8669 (9.0060)  dino_local_crops_loss: 7.3936 (7.3926)  dino_global_crops_loss: 0.9242 (0.9241)  ibot_loss: 0.5491 (0.6893)  time: 0.341052  data: 0.000230  max mem: 19472
I20260720 12:14:46 1831735 dinov2 helpers.py:102] Training  [5440/7500]  eta: 0:12:33  lr: 0.0002 (0.0007)  wd: 0.3365 (0.1600)  mom: 0.9986 (0.9947)  last_layer_lr: 0.0002 (0.0007)  current_batch_size: 64.0000 (64.0000)  total_loss: 8.8601 (9.0057)  dino_local_crops_loss: 7.3936 (7.3926)  dino_global_crops_loss: 0.9242 (0.9241)  ibot_loss: 0.5423 (0.6890)  time: 0.350592  data: 0.000206  max mem: 19472
I20260720 12:14:50 1831735 dinov2 helpers.py:102] Training  [5450/7500]  eta: 0:12:29  lr: 0.0002 (0.0007)  wd: 0.3370 (0.1603)  mom: 0.9986 (0.9947)  last_layer_lr: 0.0002 (0.0007)  current_batch_size: 64.0000 (64.0000)  total_loss: 8.8587 (9.0055)  dino_local_crops_loss: 7.3936 (7.3926)  dino_global_crops_loss: 0.9242 (0.9241)  ibot_loss: 0.5409 (0.6888)  time: 0.349452  data: 0.000201  max mem: 19472
I20260720 12:14:53 1831735 dinov2 helpers.py:102] Training  [5460/7500]  eta: 0:12:26  lr: 0.0002 (0.0007)  wd: 0.3376 (0.1606)  mom: 0.9986 (0.9947)  last_layer_lr: 0.0002 (0.0007)  current_batch_size: 64.0000 (64.0000)  total_loss: 8.8827 (9.0053)  dino_local_crops_loss: 7.3936 (7.3926)  dino_global_crops_loss: 0.9242 (0.9241)  ibot_loss: 0.5649 (0.6885)  time: 0.350178  data: 0.000191  max mem: 19472
I20260720 12:14:57 1831735 dinov2 helpers.py:102] Training  [5470/7500]  eta: 0:12:22  lr: 0.0002 (0.0007)  wd: 0.3382 (0.1610)  mom: 0.9986 (0.9947)  last_layer_lr: 0.0002 (0.0007)  current_batch_size: 64.0000 (64.0000)  total_loss: 8.8959 (9.0051)  dino_local_crops_loss: 7.3936 (7.3926)  dino_global_crops_loss: 0.9242 (0.9241)  ibot_loss: 0.5781 (0.6883)  time: 0.357385  data: 0.000315  max mem: 19472
I20260720 12:15:00 1831735 dinov2 helpers.py:102] Training  [5480/7500]  eta: 0:12:18  lr: 0.0002 (0.0007)  wd: 0.3388 (0.1613)  mom: 0.9986 (0.9947)  last_layer_lr: 0.0002 (0.0007)  current_batch_size: 64.0000 (64.0000)  total_loss: 8.8570 (9.0048)  dino_local_crops_loss: 7.3936 (7.3926)  dino_global_crops_loss: 0.9242 (0.9241)  ibot_loss: 0.5392 (0.6880)  time: 0.351655  data: 0.000395  max mem: 19472
I20260720 12:15:04 1831735 dinov2 helpers.py:102] Training  [5490/7500]  eta: 0:12:15  lr: 0.0002 (0.0007)  wd: 0.3393 (0.1616)  mom: 0.9987 (0.9947)  last_layer_lr: 0.0002 (0.0007)  current_batch_size: 64.0000 (64.0000)  total_loss: 8.8640 (9.0046)  dino_local_crops_loss: 7.3936 (7.3926)  dino_global_crops_loss: 0.9242 (0.9241)  ibot_loss: 0.5463 (0.6878)  time: 0.345895  data: 0.000258  max mem: 19472
I20260720 12:15:07 1831735 dinov2 helpers.py:102] Training  [5500/7500]  eta: 0:12:11  lr: 0.0002 (0.0007)  wd: 0.3399 (0.1619)  mom: 0.9987 (0.9947)  last_layer_lr: 0.0002 (0.0007)  current_batch_size: 64.0000 (64.0000)  total_loss: 8.8856 (9.0043)  dino_local_crops_loss: 7.3936 (7.3926)  dino_global_crops_loss: 0.9242 (0.9241)  ibot_loss: 0.5678 (0.6876)  time: 0.340964  data: 0.000212  max mem: 19472
I20260720 12:15:10 1831735 dinov2 helpers.py:102] Training  [5510/7500]  eta: 0:12:07  lr: 0.0002 (0.0007)  wd: 0.3404 (0.1623)  mom: 0.9987 (0.9947)  last_layer_lr: 0.0002 (0.0007)  current_batch_size: 64.0000 (64.0000)  total_loss: 8.8837 (9.0042)  dino_local_crops_loss: 7.3936 (7.3926)  dino_global_crops_loss: 0.9242 (0.9241)  ibot_loss: 0.5659 (0.6874)  time: 0.340171  data: 0.000224  max mem: 19472
I20260720 12:15:14 1831735 dinov2 helpers.py:102] Training  [5520/7500]  eta: 0:12:03  lr: 0.0002 (0.0007)  wd: 0.3410 (0.1626)  mom: 0.9987 (0.9947)  last_layer_lr: 0.0002 (0.0007)  current_batch_size: 64.0000 (64.0000)  total_loss: 8.8775 (9.0039)  dino_local_crops_loss: 7.3936 (7.3926)  dino_global_crops_loss: 0.9242 (0.9241)  ibot_loss: 0.5597 (0.6872)  time: 0.352330  data: 0.000203  max mem: 19472
I20260720 12:15:17 1831735 dinov2 helpers.py:102] Training  [5530/7500]  eta: 0:12:00  lr: 0.0002 (0.0007)  wd: 0.3416 (0.1629)  mom: 0.9987 (0.9947)  last_layer_lr: 0.0002 (0.0007)  current_batch_size: 64.0000 (64.0000)  total_loss: 8.8772 (9.0037)  dino_local_crops_loss: 7.3936 (7.3926)  dino_global_crops_loss: 0.9242 (0.9241)  ibot_loss: 0.5594 (0.6870)  time: 0.350453  data: 0.000240  max mem: 19472
I20260720 12:15:21 1831735 dinov2 helpers.py:102] Training  [5540/7500]  eta: 0:11:56  lr: 0.0002 (0.0007)  wd: 0.3421 (0.1632)  mom: 0.9987 (0.9947)  last_layer_lr: 0.0002 (0.0007)  current_batch_size: 64.0000 (64.0000)  total_loss: 8.8729 (9.0034)  dino_local_crops_loss: 7.3936 (7.3926)  dino_global_crops_loss: 0.9242 (0.9241)  ibot_loss: 0.5550 (0.6867)  time: 0.353026  data: 0.012930  max mem: 19472
I20260720 12:15:25 1831735 dinov2 helpers.py:102] Training  [5550/7500]  eta: 0:11:52  lr: 0.0002 (0.0007)  wd: 0.3427 (0.1636)  mom: 0.9987 (0.9947)  last_layer_lr: 0.0002 (0.0007)  current_batch_size: 64.0000 (64.0000)  total_loss: 8.8741 (9.0032)  dino_local_crops_loss: 7.3936 (7.3927)  dino_global_crops_loss: 0.9242 (0.9241)  ibot_loss: 0.5562 (0.6865)  time: 0.357985  data: 0.012918  max mem: 19472
I20260720 12:15:28 1831735 dinov2 helpers.py:102] Training  [5560/7500]  eta: 0:11:49  lr: 0.0002 (0.0007)  wd: 0.3432 (0.1639)  mom: 0.9987 (0.9948)  last_layer_lr: 0.0002 (0.0006)  current_batch_size: 64.0000 (64.0000)  total_loss: 8.8849 (9.0030)  dino_local_crops_loss: 7.3936 (7.3927)  dino_global_crops_loss: 0.9242 (0.9241)  ibot_loss: 0.5670 (0.6863)  time: 0.345856  data: 0.000431  max mem: 19472
I20260720 12:15:32 1831735 dinov2 helpers.py:102] Training  [5570/7500]  eta: 0:11:45  lr: 0.0002 (0.0007)  wd: 0.3438 (0.1642)  mom: 0.9988 (0.9948)  last_layer_lr: 0.0002 (0.0006)  current_batch_size: 64.0000 (64.0000)  total_loss: 8.8943 (9.0029)  dino_local_crops_loss: 7.3936 (7.3927)  dino_global_crops_loss: 0.9242 (0.9241)  ibot_loss: 0.5764 (0.6861)  time: 0.345969  data: 0.005665  max mem: 19472
I20260720 12:15:36 1831735 dinov2 helpers.py:102] Training  [5580/7500]  eta: 0:11:41  lr: 0.0002 (0.0007)  wd: 0.3443 (0.1645)  mom: 0.9988 (0.9948)  last_layer_lr: 0.0002 (0.0006)  current_batch_size: 64.0000 (64.0000)  total_loss: 8.8754 (9.0026)  dino_local_crops_loss: 7.3936 (7.3927)  dino_global_crops_loss: 0.9242 (0.9241)  ibot_loss: 0.5576 (0.6859)  time: 0.378464  data: 0.039637  max mem: 19472
I20260720 12:15:39 1831735 dinov2 helpers.py:102] Training  [5590/7500]  eta: 0:11:38  lr: 0.0002 (0.0006)  wd: 0.3449 (0.1649)  mom: 0.9988 (0.9948)  last_layer_lr: 0.0002 (0.0006)  current_batch_size: 64.0000 (64.0000)  total_loss: 8.8665 (9.0024)  dino_local_crops_loss: 7.3936 (7.3927)  dino_global_crops_loss: 0.9242 (0.9241)  ibot_loss: 0.5487 (0.6857)  time: 0.377638  data: 0.034368  max mem: 19472
I20260720 12:15:42 1831735 dinov2 helpers.py:102] Training  [5600/7500]  eta: 0:11:34  lr: 0.0002 (0.0006)  wd: 0.3454 (0.1652)  mom: 0.9988 (0.9948)  last_layer_lr: 0.0002 (0.0006)  current_batch_size: 64.0000 (64.0000)  total_loss: 8.8894 (9.0022)  dino_local_crops_loss: 7.3936 (7.3927)  dino_global_crops_loss: 0.9242 (0.9241)  ibot_loss: 0.5716 (0.6855)  time: 0.344468  data: 0.000225  max mem: 19472
I20260720 12:15:46 1831735 dinov2 helpers.py:102] Training  [5610/7500]  eta: 0:11:30  lr: 0.0002 (0.0006)  wd: 0.3459 (0.1655)  mom: 0.9988 (0.9948)  last_layer_lr: 0.0002 (0.0006)  current_batch_size: 64.0000 (64.0000)  total_loss: 8.8813 (9.0020)  dino_local_crops_loss: 7.3936 (7.3927)  dino_global_crops_loss: 0.9242 (0.9241)  ibot_loss: 0.5636 (0.6853)  time: 0.341606  data: 0.000259  max mem: 19472
I20260720 12:15:50 1831735 dinov2 helpers.py:102] Training  [5620/7500]  eta: 0:11:27  lr: 0.0002 (0.0006)  wd: 0.3465 (0.1658)  mom: 0.9988 (0.9948)  last_layer_lr: 0.0002 (0.0006)  current_batch_size: 64.0000 (64.0000)  total_loss: 8.8813 (9.0018)  dino_local_crops_loss: 7.3937 (7.3927)  dino_global_crops_loss: 0.9242 (0.9241)  ibot_loss: 0.5636 (0.6851)  time: 0.352231  data: 0.009151  max mem: 19472
I20260720 12:15:53 1831735 dinov2 helpers.py:102] Training  [5630/7500]  eta: 0:11:23  lr: 0.0002 (0.0006)  wd: 0.3470 (0.1661)  mom: 0.9988 (0.9948)  last_layer_lr: 0.0002 (0.0006)  current_batch_size: 64.0000 (64.0000)  total_loss: 8.8703 (9.0016)  dino_local_crops_loss: 7.3936 (7.3927)  dino_global_crops_loss: 0.9242 (0.9241)  ibot_loss: 0.5525 (0.6849)  time: 0.359915  data: 0.013226  max mem: 19472
I20260720 12:15:57 1831735 dinov2 helpers.py:102] Training  [5640/7500]  eta: 0:11:19  lr: 0.0002 (0.0006)  wd: 0.3475 (0.1665)  mom: 0.9988 (0.9948)  last_layer_lr: 0.0002 (0.0006)  current_batch_size: 64.0000 (64.0000)  total_loss: 8.8757 (9.0014)  dino_local_crops_loss: 7.3936 (7.3927)  dino_global_crops_loss: 0.9242 (0.9241)  ibot_loss: 0.5579 (0.6847)  time: 0.347957  data: 0.004313  max mem: 19472
I20260720 12:16:00 1831735 dinov2 helpers.py:102] Training  [5650/7500]  eta: 0:11:15  lr: 0.0002 (0.0006)  wd: 0.3481 (0.1668)  mom: 0.9988 (0.9948)  last_layer_lr: 0.0002 (0.0006)  current_batch_size: 64.0000 (64.0000)  total_loss: 8.8849 (9.0012)  dino_local_crops_loss: 7.3936 (7.3927)  dino_global_crops_loss: 0.9242 (0.9241)  ibot_loss: 0.5671 (0.6845)  time: 0.349367  data: 0.000375  max mem: 19472
I20260720 12:16:04 1831735 dinov2 helpers.py:102] Training  [5660/7500]  eta: 0:11:12  lr: 0.0002 (0.0006)  wd: 0.3486 (0.1671)  mom: 0.9989 (0.9948)  last_layer_lr: 0.0002 (0.0006)  current_batch_size: 64.0000 (64.0000)  total_loss: 8.8786 (9.0010)  dino_local_crops_loss: 7.3936 (7.3927)  dino_global_crops_loss: 0.9242 (0.9241)  ibot_loss: 0.5609 (0.6843)  time: 0.352573  data: 0.000368  max mem: 19472
I20260720 12:16:07 1831735 dinov2 helpers.py:102] Training  [5670/7500]  eta: 0:11:08  lr: 0.0002 (0.0006)  wd: 0.3491 (0.1674)  mom: 0.9989 (0.9948)  last_layer_lr: 0.0002 (0.0006)  current_batch_size: 64.0000 (64.0000)  total_loss: 8.8887 (9.0008)  dino_local_crops_loss: 7.3936 (7.3927)  dino_global_crops_loss: 0.9242 (0.9241)  ibot_loss: 0.5710 (0.6841)  time: 0.342467  data: 0.000242  max mem: 19472
I20260720 12:16:11 1831735 dinov2 helpers.py:102] Training  [5680/7500]  eta: 0:11:04  lr: 0.0002 (0.0006)  wd: 0.3497 (0.1678)  mom: 0.9989 (0.9948)  last_layer_lr: 0.0002 (0.0006)  current_batch_size: 64.0000 (64.0000)  total_loss: 8.8980 (9.0007)  dino_local_crops_loss: 7.3936 (7.3927)  dino_global_crops_loss: 0.9242 (0.9241)  ibot_loss: 0.5801 (0.6839)  time: 0.354712  data: 0.013034  max mem: 19472
I20260720 12:16:14 1831735 dinov2 helpers.py:102] Training  [5690/7500]  eta: 0:11:01  lr: 0.0002 (0.0006)  wd: 0.3502 (0.1681)  mom: 0.9989 (0.9948)  last_layer_lr: 0.0002 (0.0006)  current_batch_size: 64.0000 (64.0000)  total_loss: 8.8872 (9.0005)  dino_local_crops_loss: 7.3936 (7.3927)  dino_global_crops_loss: 0.9242 (0.9241)  ibot_loss: 0.5694 (0.6837)  time: 0.368935  data: 0.026610  max mem: 19472
I20260720 12:16:18 1831735 dinov2 helpers.py:102] Training  [5700/7500]  eta: 0:10:57  lr: 0.0002 (0.0006)  wd: 0.3507 (0.1684)  mom: 0.9989 (0.9949)  last_layer_lr: 0.0002 (0.0006)  current_batch_size: 64.0000 (64.0000)  total_loss: 8.8872 (9.0003)  dino_local_crops_loss: 7.3936 (7.3927)  dino_global_crops_loss: 0.9242 (0.9241)  ibot_loss: 0.5694 (0.6835)  time: 0.369656  data: 0.022437  max mem: 19472
I20260720 12:16:22 1831735 dinov2 helpers.py:102] Training  [5710/7500]  eta: 0:10:53  lr: 0.0002 (0.0006)  wd: 0.3512 (0.1687)  mom: 0.9989 (0.9949)  last_layer_lr: 0.0002 (0.0006)  current_batch_size: 64.0000 (64.0000)  total_loss: 8.9003 (9.0002)  dino_local_crops_loss: 7.3936 (7.3927)  dino_global_crops_loss: 0.9242 (0.9241)  ibot_loss: 0.5826 (0.6834)  time: 0.361314  data: 0.011443  max mem: 19472
I20260720 12:16:25 1831735 dinov2 helpers.py:102] Training  [5720/7500]  eta: 0:10:50  lr: 0.0002 (0.0006)  wd: 0.3517 (0.1690)  mom: 0.9989 (0.9949)  last_layer_lr: 0.0002 (0.0006)  current_batch_size: 64.0000 (64.0000)  total_loss: 8.9100 (9.0000)  dino_local_crops_loss: 7.3936 (7.3927)  dino_global_crops_loss: 0.9242 (0.9241)  ibot_loss: 0.5923 (0.6833)  time: 0.353950  data: 0.008429  max mem: 19472
I20260720 12:16:29 1831735 dinov2 helpers.py:102] Training  [5730/7500]  eta: 0:10:46  lr: 0.0002 (0.0006)  wd: 0.3522 (0.1694)  mom: 0.9989 (0.9949)  last_layer_lr: 0.0002 (0.0006)  current_batch_size: 64.0000 (64.0000)  total_loss: 8.9181 (8.9999)  dino_local_crops_loss: 7.3936 (7.3927)  dino_global_crops_loss: 0.9242 (0.9241)  ibot_loss: 0.6003 (0.6831)  time: 0.375273  data: 0.032245  max mem: 19472
I20260720 12:16:33 1831735 dinov2 helpers.py:102] Training  [5740/7500]  eta: 0:10:43  lr: 0.0002 (0.0006)  wd: 0.3528 (0.1697)  mom: 0.9990 (0.9949)  last_layer_lr: 0.0002 (0.0006)  current_batch_size: 64.0000 (64.0000)  total_loss: 8.9359 (8.9998)  dino_local_crops_loss: 7.3936 (7.3927)  dino_global_crops_loss: 0.9242 (0.9241)  ibot_loss: 0.6182 (0.6830)  time: 0.383814  data: 0.044199  max mem: 19472
I20260720 12:16:36 1831735 dinov2 helpers.py:102] Training  [5750/7500]  eta: 0:10:39  lr: 0.0002 (0.0006)  wd: 0.3533 (0.1700)  mom: 0.9990 (0.9949)  last_layer_lr: 0.0002 (0.0006)  current_batch_size: 64.0000 (64.0000)  total_loss: 8.9196 (8.9996)  dino_local_crops_loss: 7.3937 (7.3927)  dino_global_crops_loss: 0.9242 (0.9241)  ibot_loss: 0.6017 (0.6828)  time: 0.360414  data: 0.017746  max mem: 19472
I20260720 12:16:40 1831735 dinov2 helpers.py:102] Training  [5760/7500]  eta: 0:10:35  lr: 0.0002 (0.0006)  wd: 0.3538 (0.1703)  mom: 0.9990 (0.9949)  last_layer_lr: 0.0002 (0.0006)  current_batch_size: 64.0000 (64.0000)  total_loss: 8.8850 (8.9994)  dino_local_crops_loss: 7.3937 (7.3927)  dino_global_crops_loss: 0.9242 (0.9241)  ibot_loss: 0.5671 (0.6827)  time: 0.354279  data: 0.008613  max mem: 19472
I20260720 12:16:44 1831735 dinov2 helpers.py:102] Training  [5770/7500]  eta: 0:10:32  lr: 0.0002 (0.0006)  wd: 0.3543 (0.1706)  mom: 0.9990 (0.9949)  last_layer_lr: 0.0002 (0.0006)  current_batch_size: 64.0000 (64.0000)  total_loss: 8.8980 (8.9992)  dino_local_crops_loss: 7.3937 (7.3927)  dino_global_crops_loss: 0.9242 (0.9241)  ibot_loss: 0.5802 (0.6825)  time: 0.382708  data: 0.041264  max mem: 19472
I20260720 12:16:47 1831735 dinov2 helpers.py:102] Training  [5780/7500]  eta: 0:10:28  lr: 0.0002 (0.0006)  wd: 0.3548 (0.1710)  mom: 0.9990 (0.9949)  last_layer_lr: 0.0002 (0.0006)  current_batch_size: 64.0000 (64.0000)  total_loss: 8.8816 (8.9991)  dino_local_crops_loss: 7.3936 (7.3927)  dino_global_crops_loss: 0.9242 (0.9241)  ibot_loss: 0.5639 (0.6823)  time: 0.374984  data: 0.032849  max mem: 19472
I20260720 12:16:51 1831735 dinov2 helpers.py:102] Training  [5790/7500]  eta: 0:10:24  lr: 0.0002 (0.0006)  wd: 0.3553 (0.1713)  mom: 0.9990 (0.9949)  last_layer_lr: 0.0002 (0.0006)  current_batch_size: 64.0000 (64.0000)  total_loss: 8.8878 (8.9989)  dino_local_crops_loss: 7.3936 (7.3927)  dino_global_crops_loss: 0.9242 (0.9241)  ibot_loss: 0.5699 (0.6821)  time: 0.347780  data: 0.003429  max mem: 19472
I20260720 12:16:55 1831735 dinov2 helpers.py:102] Training  [5800/7500]  eta: 0:10:21  lr: 0.0002 (0.0006)  wd: 0.3558 (0.1716)  mom: 0.9990 (0.9949)  last_layer_lr: 0.0002 (0.0006)  current_batch_size: 64.0000 (64.0000)  total_loss: 8.9198 (8.9988)  dino_local_crops_loss: 7.3936 (7.3927)  dino_global_crops_loss: 0.9242 (0.9241)  ibot_loss: 0.6021 (0.6820)  time: 0.355758  data: 0.014854  max mem: 19472
I20260720 12:16:58 1831735 dinov2 helpers.py:102] Training  [5810/7500]  eta: 0:10:17  lr: 0.0001 (0.0006)  wd: 0.3563 (0.1719)  mom: 0.9990 (0.9949)  last_layer_lr: 0.0001 (0.0006)  current_batch_size: 64.0000 (64.0000)  total_loss: 8.9156 (8.9986)  dino_local_crops_loss: 7.3936 (7.3927)  dino_global_crops_loss: 0.9242 (0.9241)  ibot_loss: 0.5979 (0.6818)  time: 0.359955  data: 0.013542  max mem: 19472
I20260720 12:17:02 1831735 dinov2 helpers.py:102] Training  [5820/7500]  eta: 0:10:13  lr: 0.0001 (0.0006)  wd: 0.3568 (0.1722)  mom: 0.9990 (0.9949)  last_layer_lr: 0.0001 (0.0006)  current_batch_size: 64.0000 (64.0000)  total_loss: 8.8963 (8.9984)  dino_local_crops_loss: 7.3937 (7.3927)  dino_global_crops_loss: 0.9242 (0.9241)  ibot_loss: 0.5785 (0.6816)  time: 0.359543  data: 0.010419  max mem: 19472
I20260720 12:17:05 1831735 dinov2 helpers.py:102] Training  [5830/7500]  eta: 0:10:09  lr: 0.0001 (0.0006)  wd: 0.3572 (0.1725)  mom: 0.9990 (0.9949)  last_layer_lr: 0.0001 (0.0006)  current_batch_size: 64.0000 (64.0000)  total_loss: 8.9069 (8.9983)  dino_local_crops_loss: 7.3936 (7.3927)  dino_global_crops_loss: 0.9242 (0.9241)  ibot_loss: 0.5890 (0.6815)  time: 0.353610  data: 0.009912  max mem: 19472
I20260720 12:17:09 1831735 dinov2 helpers.py:102] Training  [5840/7500]  eta: 0:10:06  lr: 0.0001 (0.0006)  wd: 0.3577 (0.1729)  mom: 0.9991 (0.9950)  last_layer_lr: 0.0001 (0.0006)  current_batch_size: 64.0000 (64.0000)  total_loss: 8.9298 (8.9982)  dino_local_crops_loss: 7.3936 (7.3927)  dino_global_crops_loss: 0.9242 (0.9241)  ibot_loss: 0.6121 (0.6814)  time: 0.360783  data: 0.015222  max mem: 19472
I20260720 12:17:12 1831735 fvcore.common.checkpoint __init__.py:109] Saving checkpoint to /sci/labs/arieljaffe/dan.abergel1/runs/brain/hcp_imgnet_localglobal/model_0005849.rank_0.pth
I20260720 12:17:14 1831735 dinov2 helpers.py:102] Training  [5850/7500]  eta: 0:10:02  lr: 0.0001 (0.0006)  wd: 0.3582 (0.1732)  mom: 0.9991 (0.9950)  last_layer_lr: 0.0001 (0.0006)  current_batch_size: 64.0000 (64.0000)  total_loss: 8.9304 (8.9981)  dino_local_crops_loss: 7.3936 (7.3927)  dino_global_crops_loss: 0.9242 (0.9241)  ibot_loss: 0.6125 (0.6813)  time: 0.417987  data: 0.020874  max mem: 19472
I20260720 12:17:17 1831735 dinov2 helpers.py:102] Training  [5860/7500]  eta: 0:09:59  lr: 0.0001 (0.0006)  wd: 0.3587 (0.1735)  mom: 0.9991 (0.9950)  last_layer_lr: 0.0001 (0.0006)  current_batch_size: 64.0000 (64.0000)  total_loss: 8.9231 (8.9980)  dino_local_crops_loss: 7.3936 (7.3927)  dino_global_crops_loss: 0.9242 (0.9241)  ibot_loss: 0.6054 (0.6812)  time: 0.397676  data: 0.007294  max mem: 19472
I20260720 12:17:20 1831735 dinov2 helpers.py:102] Training  [5870/7500]  eta: 0:09:55  lr: 0.0001 (0.0006)  wd: 0.3592 (0.1738)  mom: 0.9991 (0.9950)  last_layer_lr: 0.0001 (0.0006)  current_batch_size: 64.0000 (64.0000)  total_loss: 8.9046 (8.9978)  dino_local_crops_loss: 7.3936 (7.3927)  dino_global_crops_loss: 0.9242 (0.9241)  ibot_loss: 0.5867 (0.6810)  time: 0.338495  data: 0.000251  max mem: 19472
I20260720 12:17:24 1831735 dinov2 helpers.py:102] Training  [5880/7500]  eta: 0:09:51  lr: 0.0001 (0.0006)  wd: 0.3596 (0.1741)  mom: 0.9991 (0.9950)  last_layer_lr: 0.0001 (0.0006)  current_batch_size: 64.0000 (64.0000)  total_loss: 8.8927 (8.9977)  dino_local_crops_loss: 7.3936 (7.3927)  dino_global_crops_loss: 0.9242 (0.9241)  ibot_loss: 0.5748 (0.6808)  time: 0.344261  data: 0.000250  max mem: 19472
I20260720 12:17:27 1831735 dinov2 helpers.py:102] Training  [5890/7500]  eta: 0:09:48  lr: 0.0001 (0.0006)  wd: 0.3601 (0.1744)  mom: 0.9991 (0.9950)  last_layer_lr: 0.0001 (0.0006)  current_batch_size: 64.0000 (64.0000)  total_loss: 8.9202 (8.9975)  dino_local_crops_loss: 7.3936 (7.3927)  dino_global_crops_loss: 0.9242 (0.9241)  ibot_loss: 0.6025 (0.6807)  time: 0.348059  data: 0.000397  max mem: 19472
I20260720 12:17:31 1831735 dinov2 helpers.py:102] Training  [5900/7500]  eta: 0:09:44  lr: 0.0001 (0.0006)  wd: 0.3606 (0.1748)  mom: 0.9991 (0.9950)  last_layer_lr: 0.0001 (0.0006)  current_batch_size: 64.0000 (64.0000)  total_loss: 8.9255 (8.9974)  dino_local_crops_loss: 7.3936 (7.3927)  dino_global_crops_loss: 0.9242 (0.9241)  ibot_loss: 0.6077 (0.6806)  time: 0.348725  data: 0.000372  max mem: 19472
I20260720 12:17:34 1831735 dinov2 helpers.py:102] Training  [5910/7500]  eta: 0:09:40  lr: 0.0001 (0.0006)  wd: 0.3611 (0.1751)  mom: 0.9991 (0.9950)  last_layer_lr: 0.0001 (0.0006)  current_batch_size: 64.0000 (64.0000)  total_loss: 8.9122 (8.9973)  dino_local_crops_loss: 7.3936 (7.3927)  dino_global_crops_loss: 0.9242 (0.9241)  ibot_loss: 0.5944 (0.6805)  time: 0.345309  data: 0.000248  max mem: 19472
I20260720 12:17:38 1831735 dinov2 helpers.py:102] Training  [5920/7500]  eta: 0:09:36  lr: 0.0001 (0.0006)  wd: 0.3615 (0.1754)  mom: 0.9991 (0.9950)  last_layer_lr: 0.0001 (0.0006)  current_batch_size: 64.0000 (64.0000)  total_loss: 8.9010 (8.9971)  dino_local_crops_loss: 7.3936 (7.3927)  dino_global_crops_loss: 0.9242 (0.9241)  ibot_loss: 0.5831 (0.6803)  time: 0.344791  data: 0.000272  max mem: 19472
I20260720 12:17:41 1831735 dinov2 helpers.py:102] Training  [5930/7500]  eta: 0:09:33  lr: 0.0001 (0.0006)  wd: 0.3620 (0.1757)  mom: 0.9992 (0.9950)  last_layer_lr: 0.0001 (0.0006)  current_batch_size: 64.0000 (64.0000)  total_loss: 8.8931 (8.9970)  dino_local_crops_loss: 7.3937 (7.3927)  dino_global_crops_loss: 0.9242 (0.9241)  ibot_loss: 0.5752 (0.6801)  time: 0.350789  data: 0.000254  max mem: 19472
I20260720 12:17:45 1831735 dinov2 helpers.py:102] Training  [5940/7500]  eta: 0:09:29  lr: 0.0001 (0.0006)  wd: 0.3625 (0.1760)  mom: 0.9992 (0.9950)  last_layer_lr: 0.0001 (0.0006)  current_batch_size: 64.0000 (64.0000)  total_loss: 8.8971 (8.9968)  dino_local_crops_loss: 7.3937 (7.3927)  dino_global_crops_loss: 0.9242 (0.9241)  ibot_loss: 0.5793 (0.6800)  time: 0.349916  data: 0.000342  max mem: 19472
I20260720 12:17:48 1831735 dinov2 helpers.py:102] Training  [5950/7500]  eta: 0:09:25  lr: 0.0001 (0.0006)  wd: 0.3629 (0.1763)  mom: 0.9992 (0.9950)  last_layer_lr: 0.0001 (0.0006)  current_batch_size: 64.0000 (64.0000)  total_loss: 8.9129 (8.9967)  dino_local_crops_loss: 7.3936 (7.3927)  dino_global_crops_loss: 0.9242 (0.9241)  ibot_loss: 0.5950 (0.6799)  time: 0.342806  data: 0.002225  max mem: 19472
I20260720 12:17:52 1831735 dinov2 helpers.py:102] Training  [5960/7500]  eta: 0:09:22  lr: 0.0001 (0.0006)  wd: 0.3634 (0.1767)  mom: 0.9992 (0.9950)  last_layer_lr: 0.0001 (0.0006)  current_batch_size: 64.0000 (64.0000)  total_loss: 8.9270 (8.9966)  dino_local_crops_loss: 7.3937 (7.3927)  dino_global_crops_loss: 0.9242 (0.9241)  ibot_loss: 0.6091 (0.6798)  time: 0.341436  data: 0.002406  max mem: 19472
I20260720 12:17:55 1831735 dinov2 helpers.py:102] Training  [5970/7500]  eta: 0:09:18  lr: 0.0001 (0.0006)  wd: 0.3638 (0.1770)  mom: 0.9992 (0.9950)  last_layer_lr: 0.0001 (0.0006)  current_batch_size: 64.0000 (64.0000)  total_loss: 8.9159 (8.9965)  dino_local_crops_loss: 7.3937 (7.3927)  dino_global_crops_loss: 0.9242 (0.9241)  ibot_loss: 0.5980 (0.6796)  time: 0.354024  data: 0.014512  max mem: 19472
I20260720 12:17:59 1831735 dinov2 helpers.py:102] Training  [5980/7500]  eta: 0:09:14  lr: 0.0001 (0.0006)  wd: 0.3643 (0.1773)  mom: 0.9992 (0.9951)  last_layer_lr: 0.0001 (0.0006)  current_batch_size: 64.0000 (64.0000)  total_loss: 8.9122 (8.9964)  dino_local_crops_loss: 7.3937 (7.3927)  dino_global_crops_loss: 0.9242 (0.9241)  ibot_loss: 0.5943 (0.6796)  time: 0.355058  data: 0.014471  max mem: 19472
I20260720 12:18:02 1831735 dinov2 helpers.py:102] Training  [5990/7500]  eta: 0:09:11  lr: 0.0001 (0.0006)  wd: 0.3647 (0.1776)  mom: 0.9992 (0.9951)  last_layer_lr: 0.0001 (0.0006)  current_batch_size: 64.0000 (64.0000)  total_loss: 8.9186 (8.9963)  dino_local_crops_loss: 7.3937 (7.3927)  dino_global_crops_loss: 0.9242 (0.9241)  ibot_loss: 0.6006 (0.6794)  time: 0.343860  data: 0.000492  max mem: 19472
I20260720 12:18:06 1831735 dinov2 helpers.py:102] Training  [6000/7500]  eta: 0:09:07  lr: 0.0001 (0.0006)  wd: 0.3652 (0.1779)  mom: 0.9992 (0.9951)  last_layer_lr: 0.0001 (0.0006)  current_batch_size: 64.0000 (64.0000)  total_loss: 8.9165 (8.9961)  dino_local_crops_loss: 7.3937 (7.3927)  dino_global_crops_loss: 0.9242 (0.9241)  ibot_loss: 0.5985 (0.6793)  time: 0.344719  data: 0.000218  max mem: 19472
I20260720 12:18:09 1831735 dinov2 helpers.py:102] Training  [6010/7500]  eta: 0:09:03  lr: 0.0001 (0.0006)  wd: 0.3656 (0.1782)  mom: 0.9992 (0.9951)  last_layer_lr: 0.0001 (0.0006)  current_batch_size: 64.0000 (64.0000)  total_loss: 8.9027 (8.9960)  dino_local_crops_loss: 7.3938 (7.3927)  dino_global_crops_loss: 0.9242 (0.9241)  ibot_loss: 0.5847 (0.6791)  time: 0.345381  data: 0.000194  max mem: 19472
I20260720 12:18:13 1831735 dinov2 helpers.py:102] Training  [6020/7500]  eta: 0:09:00  lr: 0.0001 (0.0006)  wd: 0.3661 (0.1785)  mom: 0.9992 (0.9951)  last_layer_lr: 0.0001 (0.0006)  current_batch_size: 64.0000 (64.0000)  total_loss: 8.9236 (8.9959)  dino_local_crops_loss: 7.3938 (7.3927)  dino_global_crops_loss: 0.9242 (0.9241)  ibot_loss: 0.6056 (0.6790)  time: 0.382925  data: 0.038166  max mem: 19472
I20260720 12:18:17 1831735 dinov2 helpers.py:102] Training  [6030/7500]  eta: 0:08:56  lr: 0.0001 (0.0006)  wd: 0.3665 (0.1788)  mom: 0.9993 (0.9951)  last_layer_lr: 0.0001 (0.0006)  current_batch_size: 64.0000 (64.0000)  total_loss: 8.9348 (8.9958)  dino_local_crops_loss: 7.3938 (7.3927)  dino_global_crops_loss: 0.9242 (0.9241)  ibot_loss: 0.6169 (0.6789)  time: 0.382076  data: 0.038362  max mem: 19472
I20260720 12:18:20 1831735 dinov2 helpers.py:102] Training  [6040/7500]  eta: 0:08:52  lr: 0.0001 (0.0006)  wd: 0.3669 (0.1792)  mom: 0.9993 (0.9951)  last_layer_lr: 0.0001 (0.0006)  current_batch_size: 64.0000 (64.0000)  total_loss: 8.9348 (8.9957)  dino_local_crops_loss: 7.3937 (7.3927)  dino_global_crops_loss: 0.9242 (0.9241)  ibot_loss: 0.6169 (0.6789)  time: 0.341330  data: 0.000397  max mem: 19472
I20260720 12:18:23 1831735 dinov2 helpers.py:102] Training  [6050/7500]  eta: 0:08:49  lr: 0.0001 (0.0006)  wd: 0.3674 (0.1795)  mom: 0.9993 (0.9951)  last_layer_lr: 0.0001 (0.0006)  current_batch_size: 64.0000 (64.0000)  total_loss: 8.9354 (8.9956)  dino_local_crops_loss: 7.3937 (7.3927)  dino_global_crops_loss: 0.9242 (0.9241)  ibot_loss: 0.6176 (0.6788)  time: 0.340928  data: 0.000321  max mem: 19472
I20260720 12:18:27 1831735 dinov2 helpers.py:102] Training  [6060/7500]  eta: 0:08:45  lr: 0.0001 (0.0006)  wd: 0.3678 (0.1798)  mom: 0.9993 (0.9951)  last_layer_lr: 0.0001 (0.0006)  current_batch_size: 64.0000 (64.0000)  total_loss: 8.9376 (8.9955)  dino_local_crops_loss: 7.3938 (7.3927)  dino_global_crops_loss: 0.9242 (0.9241)  ibot_loss: 0.6196 (0.6787)  time: 0.342762  data: 0.000313  max mem: 19472
I20260720 12:18:30 1831735 dinov2 helpers.py:102] Training  [6070/7500]  eta: 0:08:41  lr: 0.0001 (0.0006)  wd: 0.3682 (0.1801)  mom: 0.9993 (0.9951)  last_layer_lr: 0.0001 (0.0006)  current_batch_size: 64.0000 (64.0000)  total_loss: 8.9376 (8.9954)  dino_local_crops_loss: 7.3938 (7.3927)  dino_global_crops_loss: 0.9242 (0.9241)  ibot_loss: 0.6196 (0.6786)  time: 0.344838  data: 0.000361  max mem: 19472
I20260720 12:18:34 1831735 dinov2 helpers.py:102] Training  [6080/7500]  eta: 0:08:38  lr: 0.0001 (0.0006)  wd: 0.3687 (0.1804)  mom: 0.9993 (0.9951)  last_layer_lr: 0.0001 (0.0006)  current_batch_size: 64.0000 (64.0000)  total_loss: 8.9266 (8.9953)  dino_local_crops_loss: 7.3938 (7.3927)  dino_global_crops_loss: 0.9242 (0.9241)  ibot_loss: 0.6085 (0.6785)  time: 0.348283  data: 0.005976  max mem: 19472
I20260720 12:18:37 1831735 dinov2 helpers.py:102] Training  [6090/7500]  eta: 0:08:34  lr: 0.0001 (0.0006)  wd: 0.3691 (0.1807)  mom: 0.9993 (0.9951)  last_layer_lr: 0.0001 (0.0006)  current_batch_size: 64.0000 (64.0000)  total_loss: 8.8994 (8.9952)  dino_local_crops_loss: 7.3937 (7.3927)  dino_global_crops_loss: 0.9242 (0.9241)  ibot_loss: 0.5814 (0.6783)  time: 0.352595  data: 0.009280  max mem: 19472
I20260720 12:18:41 1831735 dinov2 helpers.py:102] Training  [6100/7500]  eta: 0:08:30  lr: 0.0001 (0.0006)  wd: 0.3695 (0.1810)  mom: 0.9993 (0.9951)  last_layer_lr: 0.0001 (0.0006)  current_batch_size: 64.0000 (64.0000)  total_loss: 8.9465 (8.9951)  dino_local_crops_loss: 7.3937 (7.3927)  dino_global_crops_loss: 0.9242 (0.9241)  ibot_loss: 0.6284 (0.6783)  time: 0.348082  data: 0.006804  max mem: 19472
I20260720 12:18:45 1831735 dinov2 helpers.py:102] Training  [6110/7500]  eta: 0:08:27  lr: 0.0001 (0.0006)  wd: 0.3699 (0.1813)  mom: 0.9993 (0.9951)  last_layer_lr: 0.0001 (0.0006)  current_batch_size: 64.0000 (64.0000)  total_loss: 8.9465 (8.9950)  dino_local_crops_loss: 7.3937 (7.3927)  dino_global_crops_loss: 0.9242 (0.9241)  ibot_loss: 0.6284 (0.6781)  time: 0.364477  data: 0.027161  max mem: 19472
I20260720 12:18:48 1831735 dinov2 helpers.py:102] Training  [6120/7500]  eta: 0:08:23  lr: 0.0001 (0.0006)  wd: 0.3703 (0.1816)  mom: 0.9993 (0.9951)  last_layer_lr: 0.0001 (0.0006)  current_batch_size: 64.0000 (64.0000)  total_loss: 8.9155 (8.9949)  dino_local_crops_loss: 7.3937 (7.3927)  dino_global_crops_loss: 0.9242 (0.9241)  ibot_loss: 0.5974 (0.6780)  time: 0.364911  data: 0.024051  max mem: 19472
I20260720 12:18:52 1831735 dinov2 helpers.py:102] Training  [6130/7500]  eta: 0:08:19  lr: 0.0001 (0.0006)  wd: 0.3708 (0.1819)  mom: 0.9994 (0.9952)  last_layer_lr: 0.0001 (0.0006)  current_batch_size: 64.0000 (64.0000)  total_loss: 8.9031 (8.9947)  dino_local_crops_loss: 7.3937 (7.3927)  dino_global_crops_loss: 0.9242 (0.9241)  ibot_loss: 0.5852 (0.6779)  time: 0.345212  data: 0.000242  max mem: 19472
I20260720 12:18:55 1831735 dinov2 helpers.py:102] Training  [6140/7500]  eta: 0:08:15  lr: 0.0001 (0.0006)  wd: 0.3712 (0.1823)  mom: 0.9994 (0.9952)  last_layer_lr: 0.0001 (0.0006)  current_batch_size: 64.0000 (64.0000)  total_loss: 8.9415 (8.9947)  dino_local_crops_loss: 7.3937 (7.3927)  dino_global_crops_loss: 0.9242 (0.9241)  ibot_loss: 0.6236 (0.6778)  time: 0.349758  data: 0.005217  max mem: 19472
I20260720 12:18:59 1831735 dinov2 helpers.py:102] Training  [6150/7500]  eta: 0:08:12  lr: 0.0001 (0.0006)  wd: 0.3716 (0.1826)  mom: 0.9994 (0.9952)  last_layer_lr: 0.0001 (0.0006)  current_batch_size: 64.0000 (64.0000)  total_loss: 8.9402 (8.9946)  dino_local_crops_loss: 7.3937 (7.3928)  dino_global_crops_loss: 0.9242 (0.9241)  ibot_loss: 0.6223 (0.6777)  time: 0.378516  data: 0.033311  max mem: 19472
I20260720 12:19:03 1831735 dinov2 helpers.py:102] Training  [6160/7500]  eta: 0:08:08  lr: 0.0001 (0.0006)  wd: 0.3720 (0.1829)  mom: 0.9994 (0.9952)  last_layer_lr: 0.0001 (0.0006)  current_batch_size: 64.0000 (64.0000)  total_loss: 8.9497 (8.9945)  dino_local_crops_loss: 7.3938 (7.3928)  dino_global_crops_loss: 0.9242 (0.9241)  ibot_loss: 0.6317 (0.6777)  time: 0.389794  data: 0.045607  max mem: 19472
I20260720 12:19:07 1831735 dinov2 helpers.py:102] Training  [6170/7500]  eta: 0:08:05  lr: 0.0001 (0.0006)  wd: 0.3724 (0.1832)  mom: 0.9994 (0.9952)  last_layer_lr: 0.0001 (0.0006)  current_batch_size: 64.0000 (64.0000)  total_loss: 8.9640 (8.9945)  dino_local_crops_loss: 7.3938 (7.3928)  dino_global_crops_loss: 0.9242 (0.9241)  ibot_loss: 0.6461 (0.6776)  time: 0.372229  data: 0.028114  max mem: 19472
I20260720 12:19:10 1831735 dinov2 helpers.py:102] Training  [6180/7500]  eta: 0:08:01  lr: 0.0001 (0.0006)  wd: 0.3728 (0.1835)  mom: 0.9994 (0.9952)  last_layer_lr: 0.0001 (0.0006)  current_batch_size: 64.0000 (64.0000)  total_loss: 8.9492 (8.9944)  dino_local_crops_loss: 7.3938 (7.3928)  dino_global_crops_loss: 0.9242 (0.9241)  ibot_loss: 0.6313 (0.6775)  time: 0.371991  data: 0.028912  max mem: 19472
I20260720 12:19:14 1831735 dinov2 helpers.py:102] Training  [6190/7500]  eta: 0:07:57  lr: 0.0001 (0.0006)  wd: 0.3732 (0.1838)  mom: 0.9994 (0.9952)  last_layer_lr: 0.0001 (0.0006)  current_batch_size: 64.0000 (64.0000)  total_loss: 8.9235 (8.9943)  dino_local_crops_loss: 7.3938 (7.3928)  dino_global_crops_loss: 0.9242 (0.9241)  ibot_loss: 0.6055 (0.6774)  time: 0.374445  data: 0.035964  max mem: 19472
I20260720 12:19:18 1831735 dinov2 helpers.py:102] Training  [6200/7500]  eta: 0:07:54  lr: 0.0001 (0.0006)  wd: 0.3736 (0.1841)  mom: 0.9994 (0.9952)  last_layer_lr: 0.0001 (0.0006)  current_batch_size: 64.0000 (64.0000)  total_loss: 8.9453 (8.9942)  dino_local_crops_loss: 7.3938 (7.3928)  dino_global_crops_loss: 0.9242 (0.9241)  ibot_loss: 0.6272 (0.6773)  time: 0.361410  data: 0.017859  max mem: 19472
I20260720 12:19:21 1831735 dinov2 helpers.py:102] Training  [6210/7500]  eta: 0:07:50  lr: 0.0001 (0.0006)  wd: 0.3740 (0.1844)  mom: 0.9994 (0.9952)  last_layer_lr: 0.0001 (0.0006)  current_batch_size: 64.0000 (64.0000)  total_loss: 8.9616 (8.9941)  dino_local_crops_loss: 7.3938 (7.3928)  dino_global_crops_loss: 0.9242 (0.9241)  ibot_loss: 0.6437 (0.6773)  time: 0.348824  data: 0.000468  max mem: 19472
I20260720 12:19:25 1831735 dinov2 helpers.py:102] Training  [6220/7500]  eta: 0:07:46  lr: 0.0001 (0.0006)  wd: 0.3744 (0.1847)  mom: 0.9994 (0.9952)  last_layer_lr: 0.0001 (0.0006)  current_batch_size: 64.0000 (64.0000)  total_loss: 8.9216 (8.9940)  dino_local_crops_loss: 7.3938 (7.3928)  dino_global_crops_loss: 0.9242 (0.9241)  ibot_loss: 0.6036 (0.6771)  time: 0.348618  data: 0.002392  max mem: 19472
I20260720 12:19:28 1831735 dinov2 helpers.py:102] Training  [6230/7500]  eta: 0:07:43  lr: 0.0001 (0.0006)  wd: 0.3747 (0.1850)  mom: 0.9994 (0.9952)  last_layer_lr: 0.0001 (0.0006)  current_batch_size: 64.0000 (64.0000)  total_loss: 8.9212 (8.9939)  dino_local_crops_loss: 7.3938 (7.3928)  dino_global_crops_loss: 0.9242 (0.9241)  ibot_loss: 0.6032 (0.6770)  time: 0.344469  data: 0.002242  max mem: 19472
I20260720 12:19:31 1831735 dinov2 helpers.py:102] Training  [6240/7500]  eta: 0:07:39  lr: 0.0001 (0.0006)  wd: 0.3751 (0.1853)  mom: 0.9994 (0.9952)  last_layer_lr: 0.0001 (0.0006)  current_batch_size: 64.0000 (64.0000)  total_loss: 8.9353 (8.9938)  dino_local_crops_loss: 7.3938 (7.3928)  dino_global_crops_loss: 0.9242 (0.9241)  ibot_loss: 0.6173 (0.6769)  time: 0.343970  data: 0.000322  max mem: 19472
I20260720 12:19:35 1831735 dinov2 helpers.py:102] Training  [6250/7500]  eta: 0:07:35  lr: 0.0001 (0.0006)  wd: 0.3755 (0.1856)  mom: 0.9995 (0.9952)  last_layer_lr: 0.0001 (0.0006)  current_batch_size: 64.0000 (64.0000)  total_loss: 8.9445 (8.9937)  dino_local_crops_loss: 7.3938 (7.3928)  dino_global_crops_loss: 0.9242 (0.9241)  ibot_loss: 0.6265 (0.6769)  time: 0.347335  data: 0.000372  max mem: 19472
I20260720 12:19:38 1831735 dinov2 helpers.py:102] Training  [6260/7500]  eta: 0:07:32  lr: 0.0001 (0.0006)  wd: 0.3759 (0.1859)  mom: 0.9995 (0.9952)  last_layer_lr: 0.0001 (0.0006)  current_batch_size: 64.0000 (64.0000)  total_loss: 8.9227 (8.9936)  dino_local_crops_loss: 7.3938 (7.3928)  dino_global_crops_loss: 0.9242 (0.9241)  ibot_loss: 0.6046 (0.6768)  time: 0.343391  data: 0.000389  max mem: 19472
I20260720 12:19:42 1831735 dinov2 helpers.py:102] Training  [6270/7500]  eta: 0:07:28  lr: 0.0001 (0.0006)  wd: 0.3763 (0.1862)  mom: 0.9995 (0.9952)  last_layer_lr: 0.0001 (0.0006)  current_batch_size: 64.0000 (64.0000)  total_loss: 8.9194 (8.9935)  dino_local_crops_loss: 7.3938 (7.3928)  dino_global_crops_loss: 0.9242 (0.9241)  ibot_loss: 0.6014 (0.6766)  time: 0.346310  data: 0.000236  max mem: 19472
I20260720 12:19:46 1831735 dinov2 helpers.py:102] Training  [6280/7500]  eta: 0:07:24  lr: 0.0001 (0.0006)  wd: 0.3766 (0.1865)  mom: 0.9995 (0.9953)  last_layer_lr: 0.0001 (0.0006)  current_batch_size: 64.0000 (64.0000)  total_loss: 8.9316 (8.9934)  dino_local_crops_loss: 7.3938 (7.3928)  dino_global_crops_loss: 0.9242 (0.9241)  ibot_loss: 0.6137 (0.6765)  time: 0.358211  data: 0.008957  max mem: 19472
I20260720 12:19:49 1831735 dinov2 helpers.py:102] Training  [6290/7500]  eta: 0:07:21  lr: 0.0001 (0.0006)  wd: 0.3770 (0.1868)  mom: 0.9995 (0.9953)  last_layer_lr: 0.0001 (0.0006)  current_batch_size: 64.0000 (64.0000)  total_loss: 8.9285 (8.9933)  dino_local_crops_loss: 7.3937 (7.3928)  dino_global_crops_loss: 0.9242 (0.9241)  ibot_loss: 0.6105 (0.6765)  time: 0.352091  data: 0.008924  max mem: 19472
I20260720 12:19:52 1831735 fvcore.common.checkpoint __init__.py:109] Saving checkpoint to /sci/labs/arieljaffe/dan.abergel1/runs/brain/hcp_imgnet_localglobal/model_0006299.rank_0.pth
I20260720 12:19:54 1831735 dinov2 helpers.py:102] Training  [6300/7500]  eta: 0:07:17  lr: 0.0001 (0.0006)  wd: 0.3774 (0.1871)  mom: 0.9995 (0.9953)  last_layer_lr: 0.0001 (0.0006)  current_batch_size: 64.0000 (64.0000)  total_loss: 8.9195 (8.9932)  dino_local_crops_loss: 7.3938 (7.3928)  dino_global_crops_loss: 0.9242 (0.9241)  ibot_loss: 0.6016 (0.6763)  time: 0.406140  data: 0.014810  max mem: 19472
I20260720 12:19:57 1831735 dinov2 helpers.py:102] Training  [6310/7500]  eta: 0:07:13  lr: 0.0001 (0.0006)  wd: 0.3777 (0.1874)  mom: 0.9995 (0.9953)  last_layer_lr: 0.0001 (0.0006)  current_batch_size: 64.0000 (64.0000)  total_loss: 8.9195 (8.9931)  dino_local_crops_loss: 7.3938 (7.3928)  dino_global_crops_loss: 0.9242 (0.9241)  ibot_loss: 0.6016 (0.6763)  time: 0.405737  data: 0.014815  max mem: 19472
I20260720 12:20:01 1831735 dinov2 helpers.py:102] Training  [6320/7500]  eta: 0:07:10  lr: 0.0001 (0.0006)  wd: 0.3781 (0.1877)  mom: 0.9995 (0.9953)  last_layer_lr: 0.0001 (0.0006)  current_batch_size: 64.0000 (64.0000)  total_loss: 8.9331 (8.9930)  dino_local_crops_loss: 7.3938 (7.3928)  dino_global_crops_loss: 0.9242 (0.9241)  ibot_loss: 0.6151 (0.6761)  time: 0.342133  data: 0.000192  max mem: 19472
I20260720 12:20:04 1831735 dinov2 helpers.py:102] Training  [6330/7500]  eta: 0:07:06  lr: 0.0001 (0.0006)  wd: 0.3785 (0.1880)  mom: 0.9995 (0.9953)  last_layer_lr: 0.0001 (0.0006)  current_batch_size: 64.0000 (64.0000)  total_loss: 8.9348 (8.9930)  dino_local_crops_loss: 7.3938 (7.3928)  dino_global_crops_loss: 0.9242 (0.9241)  ibot_loss: 0.6167 (0.6761)  time: 0.353881  data: 0.000185  max mem: 19472
I20260720 12:20:08 1831735 dinov2 helpers.py:102] Training  [6340/7500]  eta: 0:07:02  lr: 0.0001 (0.0006)  wd: 0.3788 (0.1884)  mom: 0.9995 (0.9953)  last_layer_lr: 0.0001 (0.0006)  current_batch_size: 64.0000 (64.0000)  total_loss: 8.9166 (8.9928)  dino_local_crops_loss: 7.3938 (7.3928)  dino_global_crops_loss: 0.9242 (0.9241)  ibot_loss: 0.5984 (0.6759)  time: 0.353040  data: 0.000226  max mem: 19472
I20260720 12:20:11 1831735 dinov2 helpers.py:102] Training  [6350/7500]  eta: 0:06:59  lr: 0.0001 (0.0006)  wd: 0.3792 (0.1887)  mom: 0.9995 (0.9953)  last_layer_lr: 0.0001 (0.0006)  current_batch_size: 64.0000 (64.0000)  total_loss: 8.9209 (8.9927)  dino_local_crops_loss: 7.3939 (7.3928)  dino_global_crops_loss: 0.9242 (0.9241)  ibot_loss: 0.6028 (0.6758)  time: 0.344113  data: 0.000245  max mem: 19472
I20260720 12:20:15 1831735 dinov2 helpers.py:102] Training  [6360/7500]  eta: 0:06:55  lr: 0.0001 (0.0006)  wd: 0.3795 (0.1890)  mom: 0.9995 (0.9953)  last_layer_lr: 0.0001 (0.0006)  current_batch_size: 64.0000 (64.0000)  total_loss: 8.9452 (8.9926)  dino_local_crops_loss: 7.3939 (7.3928)  dino_global_crops_loss: 0.9242 (0.9241)  ibot_loss: 0.6271 (0.6757)  time: 0.351602  data: 0.003566  max mem: 19472
I20260720 12:20:18 1831735 dinov2 helpers.py:102] Training  [6370/7500]  eta: 0:06:51  lr: 0.0001 (0.0006)  wd: 0.3799 (0.1893)  mom: 0.9996 (0.9953)  last_layer_lr: 0.0001 (0.0006)  current_batch_size: 64.0000 (64.0000)  total_loss: 8.9278 (8.9925)  dino_local_crops_loss: 7.3938 (7.3928)  dino_global_crops_loss: 0.9242 (0.9241)  ibot_loss: 0.6096 (0.6756)  time: 0.354724  data: 0.003600  max mem: 19472
I20260720 12:20:22 1831735 dinov2 helpers.py:102] Training  [6380/7500]  eta: 0:06:48  lr: 0.0001 (0.0006)  wd: 0.3802 (0.1896)  mom: 0.9996 (0.9953)  last_layer_lr: 0.0001 (0.0006)  current_batch_size: 64.0000 (64.0000)  total_loss: 8.9326 (8.9924)  dino_local_crops_loss: 7.3937 (7.3928)  dino_global_crops_loss: 0.9242 (0.9241)  ibot_loss: 0.6146 (0.6755)  time: 0.344942  data: 0.000267  max mem: 19472
I20260720 12:20:25 1831735 dinov2 helpers.py:102] Training  [6390/7500]  eta: 0:06:44  lr: 0.0001 (0.0006)  wd: 0.3806 (0.1899)  mom: 0.9996 (0.9953)  last_layer_lr: 0.0001 (0.0006)  current_batch_size: 64.0000 (64.0000)  total_loss: 8.9397 (8.9923)  dino_local_crops_loss: 7.3938 (7.3928)  dino_global_crops_loss: 0.9242 (0.9241)  ibot_loss: 0.6216 (0.6754)  time: 0.341425  data: 0.002726  max mem: 19472
I20260720 12:20:29 1831735 dinov2 helpers.py:102] Training  [6400/7500]  eta: 0:06:40  lr: 0.0001 (0.0006)  wd: 0.3809 (0.1901)  mom: 0.9996 (0.9953)  last_layer_lr: 0.0001 (0.0006)  current_batch_size: 64.0000 (64.0000)  total_loss: 8.9397 (8.9923)  dino_local_crops_loss: 7.3938 (7.3928)  dino_global_crops_loss: 0.9242 (0.9241)  ibot_loss: 0.6216 (0.6754)  time: 0.365540  data: 0.022025  max mem: 19472
I20260720 12:20:33 1831735 dinov2 helpers.py:102] Training  [6410/7500]  eta: 0:06:37  lr: 0.0001 (0.0006)  wd: 0.3812 (0.1904)  mom: 0.9996 (0.9953)  last_layer_lr: 0.0001 (0.0006)  current_batch_size: 64.0000 (64.0000)  total_loss: 8.9296 (8.9922)  dino_local_crops_loss: 7.3938 (7.3928)  dino_global_crops_loss: 0.9242 (0.9241)  ibot_loss: 0.6114 (0.6753)  time: 0.381772  data: 0.034835  max mem: 19472
I20260720 12:20:36 1831735 dinov2 helpers.py:102] Training  [6420/7500]  eta: 0:06:33  lr: 0.0001 (0.0006)  wd: 0.3816 (0.1907)  mom: 0.9996 (0.9953)  last_layer_lr: 0.0001 (0.0006)  current_batch_size: 64.0000 (64.0000)  total_loss: 8.9170 (8.9921)  dino_local_crops_loss: 7.3939 (7.3928)  dino_global_crops_loss: 0.9242 (0.9241)  ibot_loss: 0.5990 (0.6752)  time: 0.358710  data: 0.015528  max mem: 19472
I20260720 12:20:39 1831735 dinov2 helpers.py:102] Training  [6430/7500]  eta: 0:06:29  lr: 0.0001 (0.0006)  wd: 0.3819 (0.1910)  mom: 0.9996 (0.9954)  last_layer_lr: 0.0001 (0.0006)  current_batch_size: 64.0000 (64.0000)  total_loss: 8.9436 (8.9921)  dino_local_crops_loss: 7.3939 (7.3928)  dino_global_crops_loss: 0.9242 (0.9241)  ibot_loss: 0.6255 (0.6752)  time: 0.341258  data: 0.000276  max mem: 19472
I20260720 12:20:43 1831735 dinov2 helpers.py:102] Training  [6440/7500]  eta: 0:06:26  lr: 0.0001 (0.0006)  wd: 0.3822 (0.1913)  mom: 0.9996 (0.9954)  last_layer_lr: 0.0001 (0.0006)  current_batch_size: 64.0000 (64.0000)  total_loss: 8.9447 (8.9920)  dino_local_crops_loss: 7.3939 (7.3928)  dino_global_crops_loss: 0.9242 (0.9241)  ibot_loss: 0.6266 (0.6751)  time: 0.350468  data: 0.008683  max mem: 19472
I20260720 12:20:47 1831735 dinov2 helpers.py:102] Training  [6450/7500]  eta: 0:06:22  lr: 0.0001 (0.0006)  wd: 0.3825 (0.1916)  mom: 0.9996 (0.9954)  last_layer_lr: 0.0001 (0.0006)  current_batch_size: 64.0000 (64.0000)  total_loss: 8.9454 (8.9919)  dino_local_crops_loss: 7.3939 (7.3928)  dino_global_crops_loss: 0.9242 (0.9241)  ibot_loss: 0.6273 (0.6750)  time: 0.357125  data: 0.015059  max mem: 19472
I20260720 12:20:50 1831735 dinov2 helpers.py:102] Training  [6460/7500]  eta: 0:06:19  lr: 0.0001 (0.0006)  wd: 0.3829 (0.1919)  mom: 0.9996 (0.9954)  last_layer_lr: 0.0001 (0.0006)  current_batch_size: 64.0000 (64.0000)  total_loss: 8.9600 (8.9919)  dino_local_crops_loss: 7.3939 (7.3928)  dino_global_crops_loss: 0.9242 (0.9241)  ibot_loss: 0.6418 (0.6749)  time: 0.369724  data: 0.028905  max mem: 19472
I20260720 12:20:54 1831735 dinov2 helpers.py:102] Training  [6470/7500]  eta: 0:06:15  lr: 0.0001 (0.0006)  wd: 0.3832 (0.1922)  mom: 0.9996 (0.9954)  last_layer_lr: 0.0001 (0.0006)  current_batch_size: 64.0000 (64.0000)  total_loss: 8.9403 (8.9918)  dino_local_crops_loss: 7.3939 (7.3928)  dino_global_crops_loss: 0.9242 (0.9241)  ibot_loss: 0.6222 (0.6748)  time: 0.363515  data: 0.022474  max mem: 19472
I20260720 12:20:57 1831735 dinov2 helpers.py:102] Training  [6480/7500]  eta: 0:06:11  lr: 0.0001 (0.0006)  wd: 0.3835 (0.1925)  mom: 0.9996 (0.9954)  last_layer_lr: 0.0001 (0.0006)  current_batch_size: 64.0000 (64.0000)  total_loss: 8.9341 (8.9917)  dino_local_crops_loss: 7.3940 (7.3928)  dino_global_crops_loss: 0.9242 (0.9241)  ibot_loss: 0.6158 (0.6748)  time: 0.350098  data: 0.000218  max mem: 19472
I20260720 12:21:01 1831735 dinov2 helpers.py:102] Training  [6490/7500]  eta: 0:06:08  lr: 0.0001 (0.0006)  wd: 0.3838 (0.1928)  mom: 0.9996 (0.9954)  last_layer_lr: 0.0001 (0.0006)  current_batch_size: 64.0000 (64.0000)  total_loss: 8.9538 (8.9916)  dino_local_crops_loss: 7.3940 (7.3928)  dino_global_crops_loss: 0.9242 (0.9241)  ibot_loss: 0.6356 (0.6747)  time: 0.350426  data: 0.001794  max mem: 19472
I20260720 12:21:05 1831735 dinov2 helpers.py:102] Training  [6500/7500]  eta: 0:06:04  lr: 0.0001 (0.0006)  wd: 0.3841 (0.1931)  mom: 0.9996 (0.9954)  last_layer_lr: 0.0001 (0.0006)  current_batch_size: 64.0000 (64.0000)  total_loss: 8.9476 (8.9915)  dino_local_crops_loss: 7.3939 (7.3928)  dino_global_crops_loss: 0.9242 (0.9241)  ibot_loss: 0.6294 (0.6746)  time: 0.350967  data: 0.001796  max mem: 19472
I20260720 12:21:08 1831735 dinov2 helpers.py:102] Training  [6510/7500]  eta: 0:06:00  lr: 0.0001 (0.0006)  wd: 0.3844 (0.1934)  mom: 0.9997 (0.9954)  last_layer_lr: 0.0001 (0.0006)  current_batch_size: 64.0000 (64.0000)  total_loss: 8.9291 (8.9915)  dino_local_crops_loss: 7.3939 (7.3928)  dino_global_crops_loss: 0.9242 (0.9241)  ibot_loss: 0.6111 (0.6746)  time: 0.352789  data: 0.000203  max mem: 19472
I20260720 12:21:11 1831735 dinov2 helpers.py:102] Training  [6520/7500]  eta: 0:05:57  lr: 0.0001 (0.0006)  wd: 0.3847 (0.1937)  mom: 0.9997 (0.9954)  last_layer_lr: 0.0001 (0.0006)  current_batch_size: 64.0000 (64.0000)  total_loss: 8.9483 (8.9914)  dino_local_crops_loss: 7.3939 (7.3928)  dino_global_crops_loss: 0.9242 (0.9241)  ibot_loss: 0.6300 (0.6745)  time: 0.346189  data: 0.000225  max mem: 19472
I20260720 12:21:15 1831735 dinov2 helpers.py:102] Training  [6530/7500]  eta: 0:05:53  lr: 0.0001 (0.0006)  wd: 0.3850 (0.1940)  mom: 0.9997 (0.9954)  last_layer_lr: 0.0001 (0.0006)  current_batch_size: 64.0000 (64.0000)  total_loss: 8.9502 (8.9914)  dino_local_crops_loss: 7.3939 (7.3928)  dino_global_crops_loss: 0.9242 (0.9241)  ibot_loss: 0.6322 (0.6745)  time: 0.344166  data: 0.005215  max mem: 19472
I20260720 12:21:19 1831735 dinov2 helpers.py:102] Training  [6540/7500]  eta: 0:05:49  lr: 0.0001 (0.0006)  wd: 0.3853 (0.1943)  mom: 0.9997 (0.9954)  last_layer_lr: 0.0001 (0.0006)  current_batch_size: 64.0000 (64.0000)  total_loss: 8.9430 (8.9914)  dino_local_crops_loss: 7.3939 (7.3928)  dino_global_crops_loss: 0.9242 (0.9241)  ibot_loss: 0.6248 (0.6744)  time: 0.357642  data: 0.017204  max mem: 19472
I20260720 12:21:22 1831735 dinov2 helpers.py:102] Training  [6550/7500]  eta: 0:05:46  lr: 0.0000 (0.0006)  wd: 0.3856 (0.1946)  mom: 0.9997 (0.9954)  last_layer_lr: 0.0000 (0.0006)  current_batch_size: 64.0000 (64.0000)  total_loss: 8.9430 (8.9913)  dino_local_crops_loss: 7.3939 (7.3928)  dino_global_crops_loss: 0.9242 (0.9241)  ibot_loss: 0.6248 (0.6744)  time: 0.363903  data: 0.023757  max mem: 19472
I20260720 12:21:26 1831735 dinov2 helpers.py:102] Training  [6560/7500]  eta: 0:05:42  lr: 0.0000 (0.0006)  wd: 0.3859 (0.1949)  mom: 0.9997 (0.9954)  last_layer_lr: 0.0000 (0.0006)  current_batch_size: 64.0000 (64.0000)  total_loss: 8.9341 (8.9912)  dino_local_crops_loss: 7.3939 (7.3928)  dino_global_crops_loss: 0.9242 (0.9241)  ibot_loss: 0.6159 (0.6743)  time: 0.354115  data: 0.011749  max mem: 19472
I20260720 12:21:29 1831735 dinov2 helpers.py:102] Training  [6570/7500]  eta: 0:05:38  lr: 0.0000 (0.0006)  wd: 0.3862 (0.1952)  mom: 0.9997 (0.9954)  last_layer_lr: 0.0000 (0.0006)  current_batch_size: 64.0000 (64.0000)  total_loss: 8.9460 (8.9912)  dino_local_crops_loss: 7.3939 (7.3928)  dino_global_crops_loss: 0.9242 (0.9241)  ibot_loss: 0.6279 (0.6742)  time: 0.352979  data: 0.004603  max mem: 19472
I20260720 12:21:34 1831735 dinov2 helpers.py:102] Training  [6580/7500]  eta: 0:05:35  lr: 0.0000 (0.0006)  wd: 0.3865 (0.1955)  mom: 0.9997 (0.9955)  last_layer_lr: 0.0000 (0.0006)  current_batch_size: 64.0000 (64.0000)  total_loss: 8.9511 (8.9911)  dino_local_crops_loss: 7.3939 (7.3928)  dino_global_crops_loss: 0.9242 (0.9241)  ibot_loss: 0.6329 (0.6742)  time: 0.392690  data: 0.047081  max mem: 19472
I20260720 12:21:37 1831735 dinov2 helpers.py:102] Training  [6590/7500]  eta: 0:05:31  lr: 0.0000 (0.0006)  wd: 0.3868 (0.1957)  mom: 0.9997 (0.9955)  last_layer_lr: 0.0000 (0.0006)  current_batch_size: 64.0000 (64.0000)  total_loss: 8.9366 (8.9910)  dino_local_crops_loss: 7.3939 (7.3928)  dino_global_crops_loss: 0.9242 (0.9241)  ibot_loss: 0.6184 (0.6741)  time: 0.387233  data: 0.042862  max mem: 19472
I20260720 12:21:41 1831735 dinov2 helpers.py:102] Training  [6600/7500]  eta: 0:05:27  lr: 0.0000 (0.0006)  wd: 0.3871 (0.1960)  mom: 0.9997 (0.9955)  last_layer_lr: 0.0000 (0.0006)  current_batch_size: 64.0000 (64.0000)  total_loss: 8.9423 (8.9910)  dino_local_crops_loss: 7.3940 (7.3928)  dino_global_crops_loss: 0.9242 (0.9241)  ibot_loss: 0.6242 (0.6740)  time: 0.375522  data: 0.032498  max mem: 19472
I20260720 12:21:45 1831735 dinov2 helpers.py:102] Training  [6610/7500]  eta: 0:05:24  lr: 0.0000 (0.0006)  wd: 0.3874 (0.1963)  mom: 0.9997 (0.9955)  last_layer_lr: 0.0000 (0.0006)  current_batch_size: 64.0000 (64.0000)  total_loss: 8.9599 (8.9909)  dino_local_crops_loss: 7.3940 (7.3928)  dino_global_crops_loss: 0.9242 (0.9241)  ibot_loss: 0.6417 (0.6740)  time: 0.409198  data: 0.070627  max mem: 19472
I20260720 12:21:49 1831735 dinov2 helpers.py:102] Training  [6620/7500]  eta: 0:05:20  lr: 0.0000 (0.0006)  wd: 0.3876 (0.1966)  mom: 0.9997 (0.9955)  last_layer_lr: 0.0000 (0.0006)  current_batch_size: 64.0000 (64.0000)  total_loss: 8.9615 (8.9909)  dino_local_crops_loss: 7.3940 (7.3928)  dino_global_crops_loss: 0.9242 (0.9241)  ibot_loss: 0.6432 (0.6739)  time: 0.388019  data: 0.046512  max mem: 19472
I20260720 12:21:52 1831735 dinov2 helpers.py:102] Training  [6630/7500]  eta: 0:05:17  lr: 0.0000 (0.0006)  wd: 0.3879 (0.1969)  mom: 0.9997 (0.9955)  last_layer_lr: 0.0000 (0.0006)  current_batch_size: 64.0000 (64.0000)  total_loss: 8.9777 (8.9908)  dino_local_crops_loss: 7.3940 (7.3928)  dino_global_crops_loss: 0.9242 (0.9241)  ibot_loss: 0.6593 (0.6739)  time: 0.355461  data: 0.009958  max mem: 19472
I20260720 12:21:56 1831735 dinov2 helpers.py:102] Training  [6640/7500]  eta: 0:05:13  lr: 0.0000 (0.0006)  wd: 0.3882 (0.1972)  mom: 0.9997 (0.9955)  last_layer_lr: 0.0000 (0.0006)  current_batch_size: 64.0000 (64.0000)  total_loss: 8.9458 (8.9907)  dino_local_crops_loss: 7.3940 (7.3928)  dino_global_crops_loss: 0.9242 (0.9241)  ibot_loss: 0.6275 (0.6738)  time: 0.347078  data: 0.002025  max mem: 19472
I20260720 12:21:59 1831735 dinov2 helpers.py:102] Training  [6650/7500]  eta: 0:05:09  lr: 0.0000 (0.0006)  wd: 0.3884 (0.1975)  mom: 0.9997 (0.9955)  last_layer_lr: 0.0000 (0.0006)  current_batch_size: 64.0000 (64.0000)  total_loss: 8.9299 (8.9907)  dino_local_crops_loss: 7.3940 (7.3928)  dino_global_crops_loss: 0.9242 (0.9241)  ibot_loss: 0.6116 (0.6737)  time: 0.345478  data: 0.000298  max mem: 19472
I20260720 12:22:03 1831735 dinov2 helpers.py:102] Training  [6660/7500]  eta: 0:05:06  lr: 0.0000 (0.0006)  wd: 0.3887 (0.1978)  mom: 0.9997 (0.9955)  last_layer_lr: 0.0000 (0.0006)  current_batch_size: 64.0000 (64.0000)  total_loss: 8.9310 (8.9906)  dino_local_crops_loss: 7.3940 (7.3928)  dino_global_crops_loss: 0.9242 (0.9241)  ibot_loss: 0.6127 (0.6737)  time: 0.360023  data: 0.014929  max mem: 19472
I20260720 12:22:06 1831735 dinov2 helpers.py:102] Training  [6670/7500]  eta: 0:05:02  lr: 0.0000 (0.0006)  wd: 0.3890 (0.1981)  mom: 0.9998 (0.9955)  last_layer_lr: 0.0000 (0.0006)  current_batch_size: 64.0000 (64.0000)  total_loss: 8.9601 (8.9906)  dino_local_crops_loss: 7.3940 (7.3928)  dino_global_crops_loss: 0.9242 (0.9241)  ibot_loss: 0.6418 (0.6736)  time: 0.358467  data: 0.014929  max mem: 19472
I20260720 12:22:11 1831735 dinov2 helpers.py:102] Training  [6680/7500]  eta: 0:04:58  lr: 0.0000 (0.0006)  wd: 0.3892 (0.1983)  mom: 0.9998 (0.9955)  last_layer_lr: 0.0000 (0.0006)  current_batch_size: 64.0000 (64.0000)  total_loss: 8.9651 (8.9906)  dino_local_crops_loss: 7.3940 (7.3928)  dino_global_crops_loss: 0.9242 (0.9241)  ibot_loss: 0.6468 (0.6736)  time: 0.377186  data: 0.038444  max mem: 19472
I20260720 12:22:14 1831735 dinov2 helpers.py:102] Training  [6690/7500]  eta: 0:04:55  lr: 0.0000 (0.0006)  wd: 0.3895 (0.1986)  mom: 0.9998 (0.9955)  last_layer_lr: 0.0000 (0.0006)  current_batch_size: 64.0000 (64.0000)  total_loss: 8.9612 (8.9905)  dino_local_crops_loss: 7.3940 (7.3928)  dino_global_crops_loss: 0.9242 (0.9241)  ibot_loss: 0.6428 (0.6736)  time: 0.379524  data: 0.038641  max mem: 19472
I20260720 12:22:18 1831735 dinov2 helpers.py:102] Training  [6700/7500]  eta: 0:04:51  lr: 0.0000 (0.0006)  wd: 0.3897 (0.1989)  mom: 0.9998 (0.9955)  last_layer_lr: 0.0000 (0.0006)  current_batch_size: 64.0000 (64.0000)  total_loss: 8.9415 (8.9904)  dino_local_crops_loss: 7.3940 (7.3928)  dino_global_crops_loss: 0.9242 (0.9241)  ibot_loss: 0.6231 (0.6735)  time: 0.357200  data: 0.010058  max mem: 19472
I20260720 12:22:22 1831735 dinov2 helpers.py:102] Training  [6710/7500]  eta: 0:04:47  lr: 0.0000 (0.0006)  wd: 0.3900 (0.1992)  mom: 0.9998 (0.9955)  last_layer_lr: 0.0000 (0.0006)  current_batch_size: 64.0000 (64.0000)  total_loss: 8.9415 (8.9904)  dino_local_crops_loss: 7.3940 (7.3928)  dino_global_crops_loss: 0.9242 (0.9241)  ibot_loss: 0.6231 (0.6734)  time: 0.395184  data: 0.047715  max mem: 19472
I20260720 12:22:25 1831735 dinov2 helpers.py:102] Training  [6720/7500]  eta: 0:04:44  lr: 0.0000 (0.0006)  wd: 0.3902 (0.1995)  mom: 0.9998 (0.9955)  last_layer_lr: 0.0000 (0.0006)  current_batch_size: 64.0000 (64.0000)  total_loss: 8.9547 (8.9903)  dino_local_crops_loss: 7.3940 (7.3928)  dino_global_crops_loss: 0.9242 (0.9241)  ibot_loss: 0.6366 (0.6734)  time: 0.381784  data: 0.038272  max mem: 19472
I20260720 12:22:29 1831735 dinov2 helpers.py:102] Training  [6730/7500]  eta: 0:04:40  lr: 0.0000 (0.0006)  wd: 0.3905 (0.1998)  mom: 0.9998 (0.9956)  last_layer_lr: 0.0000 (0.0006)  current_batch_size: 64.0000 (64.0000)  total_loss: 8.9712 (8.9903)  dino_local_crops_loss: 7.3940 (7.3928)  dino_global_crops_loss: 0.9242 (0.9241)  ibot_loss: 0.6530 (0.6733)  time: 0.345269  data: 0.004784  max mem: 19472
I20260720 12:22:32 1831735 dinov2 helpers.py:102] Training  [6740/7500]  eta: 0:04:36  lr: 0.0000 (0.0006)  wd: 0.3907 (0.2000)  mom: 0.9998 (0.9956)  last_layer_lr: 0.0000 (0.0006)  current_batch_size: 64.0000 (64.0000)  total_loss: 8.9637 (8.9902)  dino_local_crops_loss: 7.3940 (7.3928)  dino_global_crops_loss: 0.9242 (0.9241)  ibot_loss: 0.6454 (0.6733)  time: 0.343779  data: 0.004593  max mem: 19472
I20260720 12:22:36 1831735 fvcore.common.checkpoint __init__.py:109] Saving checkpoint to /sci/labs/arieljaffe/dan.abergel1/runs/brain/hcp_imgnet_localglobal/model_0006749.rank_0.pth
I20260720 12:22:37 1831735 dinov2 helpers.py:102] Training  [6750/7500]  eta: 0:04:33  lr: 0.0000 (0.0006)  wd: 0.3910 (0.2003)  mom: 0.9998 (0.9956)  last_layer_lr: 0.0000 (0.0006)  current_batch_size: 64.0000 (64.0000)  total_loss: 8.9373 (8.9902)  dino_local_crops_loss: 7.3940 (7.3929)  dino_global_crops_loss: 0.9243 (0.9241)  ibot_loss: 0.6191 (0.6732)  time: 0.426547  data: 0.028289  max mem: 19472
I20260720 12:22:41 1831735 dinov2 helpers.py:102] Training  [6760/7500]  eta: 0:04:29  lr: 0.0000 (0.0006)  wd: 0.3912 (0.2006)  mom: 0.9998 (0.9956)  last_layer_lr: 0.0000 (0.0006)  current_batch_size: 64.0000 (64.0000)  total_loss: 8.9373 (8.9901)  dino_local_crops_loss: 7.3941 (7.3929)  dino_global_crops_loss: 0.9243 (0.9241)  ibot_loss: 0.6191 (0.6731)  time: 0.430211  data: 0.032236  max mem: 19472
I20260720 12:22:44 1831735 dinov2 helpers.py:102] Training  [6770/7500]  eta: 0:04:26  lr: 0.0000 (0.0006)  wd: 0.3914 (0.2009)  mom: 0.9998 (0.9956)  last_layer_lr: 0.0000 (0.0006)  current_batch_size: 64.0000 (64.0000)  total_loss: 8.9473 (8.9901)  dino_local_crops_loss: 7.3941 (7.3929)  dino_global_crops_loss: 0.9243 (0.9241)  ibot_loss: 0.6290 (0.6731)  time: 0.345385  data: 0.004169  max mem: 19472
I20260720 12:22:48 1831735 dinov2 helpers.py:102] Training  [6780/7500]  eta: 0:04:22  lr: 0.0000 (0.0006)  wd: 0.3917 (0.2012)  mom: 0.9998 (0.9956)  last_layer_lr: 0.0000 (0.0006)  current_batch_size: 64.0000 (64.0000)  total_loss: 8.9538 (8.9900)  dino_local_crops_loss: 7.3941 (7.3929)  dino_global_crops_loss: 0.9243 (0.9241)  ibot_loss: 0.6355 (0.6730)  time: 0.341973  data: 0.000213  max mem: 19472
I20260720 12:22:51 1831735 dinov2 helpers.py:102] Training  [6790/7500]  eta: 0:04:18  lr: 0.0000 (0.0006)  wd: 0.3919 (0.2015)  mom: 0.9998 (0.9956)  last_layer_lr: 0.0000 (0.0005)  current_batch_size: 64.0000 (64.0000)  total_loss: 8.9614 (8.9900)  dino_local_crops_loss: 7.3941 (7.3929)  dino_global_crops_loss: 0.9243 (0.9241)  ibot_loss: 0.6430 (0.6730)  time: 0.347884  data: 0.000214  max mem: 19472
I20260720 12:22:55 1831735 dinov2 helpers.py:102] Training  [6800/7500]  eta: 0:04:15  lr: 0.0000 (0.0006)  wd: 0.3921 (0.2017)  mom: 0.9998 (0.9956)  last_layer_lr: 0.0000 (0.0005)  current_batch_size: 64.0000 (64.0000)  total_loss: 8.9753 (8.9900)  dino_local_crops_loss: 7.3940 (7.3929)  dino_global_crops_loss: 0.9242 (0.9241)  ibot_loss: 0.6569 (0.6730)  time: 0.347821  data: 0.000222  max mem: 19472
I20260720 12:22:58 1831735 dinov2 helpers.py:102] Training  [6810/7500]  eta: 0:04:11  lr: 0.0000 (0.0006)  wd: 0.3923 (0.2020)  mom: 0.9998 (0.9956)  last_layer_lr: 0.0000 (0.0005)  current_batch_size: 64.0000 (64.0000)  total_loss: 8.9628 (8.9899)  dino_local_crops_loss: 7.3940 (7.3929)  dino_global_crops_loss: 0.9242 (0.9241)  ibot_loss: 0.6445 (0.6729)  time: 0.341482  data: 0.000216  max mem: 19472
I20260720 12:23:02 1831735 dinov2 helpers.py:102] Training  [6820/7500]  eta: 0:04:07  lr: 0.0000 (0.0005)  wd: 0.3925 (0.2023)  mom: 0.9998 (0.9956)  last_layer_lr: 0.0000 (0.0005)  current_batch_size: 64.0000 (64.0000)  total_loss: 8.9688 (8.9898)  dino_local_crops_loss: 7.3940 (7.3929)  dino_global_crops_loss: 0.9242 (0.9241)  ibot_loss: 0.6505 (0.6729)  time: 0.342818  data: 0.000408  max mem: 19472
I20260720 12:23:05 1831735 dinov2 helpers.py:102] Training  [6830/7500]  eta: 0:04:04  lr: 0.0000 (0.0005)  wd: 0.3927 (0.2026)  mom: 0.9998 (0.9956)  last_layer_lr: 0.0000 (0.0005)  current_batch_size: 64.0000 (64.0000)  total_loss: 8.9799 (8.9898)  dino_local_crops_loss: 7.3940 (7.3929)  dino_global_crops_loss: 0.9242 (0.9241)  ibot_loss: 0.6618 (0.6728)  time: 0.340146  data: 0.000393  max mem: 19472
I20260720 12:23:09 1831735 dinov2 helpers.py:102] Training  [6840/7500]  eta: 0:04:00  lr: 0.0000 (0.0005)  wd: 0.3930 (0.2029)  mom: 0.9998 (0.9956)  last_layer_lr: 0.0000 (0.0005)  current_batch_size: 64.0000 (64.0000)  total_loss: 8.9544 (8.9898)  dino_local_crops_loss: 7.3940 (7.3929)  dino_global_crops_loss: 0.9242 (0.9241)  ibot_loss: 0.6362 (0.6728)  time: 0.369044  data: 0.030783  max mem: 19472
I20260720 12:23:12 1831735 dinov2 helpers.py:102] Training  [6850/7500]  eta: 0:03:56  lr: 0.0000 (0.0005)  wd: 0.3932 (0.2031)  mom: 0.9998 (0.9956)  last_layer_lr: 0.0000 (0.0005)  current_batch_size: 64.0000 (64.0000)  total_loss: 8.9381 (8.9897)  dino_local_crops_loss: 7.3940 (7.3929)  dino_global_crops_loss: 0.9243 (0.9241)  ibot_loss: 0.6199 (0.6727)  time: 0.373199  data: 0.033112  max mem: 19472
I20260720 12:23:17 1831735 dinov2 helpers.py:102] Training  [6860/7500]  eta: 0:03:53  lr: 0.0000 (0.0005)  wd: 0.3934 (0.2034)  mom: 0.9999 (0.9956)  last_layer_lr: 0.0000 (0.0005)  current_batch_size: 64.0000 (64.0000)  total_loss: 8.9437 (8.9896)  dino_local_crops_loss: 7.3941 (7.3929)  dino_global_crops_loss: 0.9243 (0.9241)  ibot_loss: 0.6254 (0.6726)  time: 0.391363  data: 0.047919  max mem: 19472
I20260720 12:23:20 1831735 dinov2 helpers.py:102] Training  [6870/7500]  eta: 0:03:49  lr: 0.0000 (0.0005)  wd: 0.3936 (0.2037)  mom: 0.9999 (0.9956)  last_layer_lr: 0.0000 (0.0005)  current_batch_size: 64.0000 (64.0000)  total_loss: 8.9524 (8.9896)  dino_local_crops_loss: 7.3941 (7.3929)  dino_global_crops_loss: 0.9243 (0.9241)  ibot_loss: 0.6342 (0.6726)  time: 0.397880  data: 0.045616  max mem: 19472
I20260720 12:23:24 1831735 dinov2 helpers.py:102] Training  [6880/7500]  eta: 0:03:45  lr: 0.0000 (0.0005)  wd: 0.3938 (0.2040)  mom: 0.9999 (0.9956)  last_layer_lr: 0.0000 (0.0005)  current_batch_size: 64.0000 (64.0000)  total_loss: 8.9902 (8.9896)  dino_local_crops_loss: 7.3940 (7.3929)  dino_global_crops_loss: 0.9242 (0.9241)  ibot_loss: 0.6719 (0.6726)  time: 0.356934  data: 0.000211  max mem: 19472
I20260720 12:23:27 1831735 dinov2 helpers.py:102] Training  [6890/7500]  eta: 0:03:42  lr: 0.0000 (0.0005)  wd: 0.3940 (0.2042)  mom: 0.9999 (0.9956)  last_layer_lr: 0.0000 (0.0005)  current_batch_size: 64.0000 (64.0000)  total_loss: 8.9929 (8.9896)  dino_local_crops_loss: 7.3941 (7.3929)  dino_global_crops_loss: 0.9242 (0.9241)  ibot_loss: 0.6747 (0.6726)  time: 0.347737  data: 0.000199  max mem: 19472
I20260720 12:23:31 1831735 dinov2 helpers.py:102] Training  [6900/7500]  eta: 0:03:38  lr: 0.0000 (0.0005)  wd: 0.3942 (0.2045)  mom: 0.9999 (0.9957)  last_layer_lr: 0.0000 (0.0005)  current_batch_size: 64.0000 (64.0000)  total_loss: 8.9584 (8.9895)  dino_local_crops_loss: 7.3941 (7.3929)  dino_global_crops_loss: 0.9243 (0.9241)  ibot_loss: 0.6401 (0.6725)  time: 0.361249  data: 0.018874  max mem: 19472
I20260720 12:23:35 1831735 dinov2 helpers.py:102] Training  [6910/7500]  eta: 0:03:35  lr: 0.0000 (0.0005)  wd: 0.3943 (0.2048)  mom: 0.9999 (0.9957)  last_layer_lr: 0.0000 (0.0005)  current_batch_size: 64.0000 (64.0000)  total_loss: 8.9387 (8.9895)  dino_local_crops_loss: 7.3941 (7.3929)  dino_global_crops_loss: 0.9243 (0.9241)  ibot_loss: 0.6204 (0.6725)  time: 0.365788  data: 0.023980  max mem: 19472
I20260720 12:23:39 1831735 dinov2 helpers.py:102] Training  [6920/7500]  eta: 0:03:31  lr: 0.0000 (0.0005)  wd: 0.3945 (0.2051)  mom: 0.9999 (0.9957)  last_layer_lr: 0.0000 (0.0005)  current_batch_size: 64.0000 (64.0000)  total_loss: 8.9554 (8.9894)  dino_local_crops_loss: 7.3940 (7.3929)  dino_global_crops_loss: 0.9243 (0.9241)  ibot_loss: 0.6372 (0.6724)  time: 0.389183  data: 0.050790  max mem: 19472
I20260720 12:23:42 1831735 dinov2 helpers.py:102] Training  [6930/7500]  eta: 0:03:27  lr: 0.0000 (0.0005)  wd: 0.3947 (0.2053)  mom: 0.9999 (0.9957)  last_layer_lr: 0.0000 (0.0005)  current_batch_size: 64.0000 (64.0000)  total_loss: 8.9710 (8.9894)  dino_local_crops_loss: 7.3940 (7.3929)  dino_global_crops_loss: 0.9243 (0.9241)  ibot_loss: 0.6526 (0.6724)  time: 0.386295  data: 0.045804  max mem: 19472
I20260720 12:23:46 1831735 dinov2 helpers.py:102] Training  [6940/7500]  eta: 0:03:24  lr: 0.0000 (0.0005)  wd: 0.3949 (0.2056)  mom: 0.9999 (0.9957)  last_layer_lr: 0.0000 (0.0005)  current_batch_size: 64.0000 (64.0000)  total_loss: 8.9469 (8.9893)  dino_local_crops_loss: 7.3940 (7.3929)  dino_global_crops_loss: 0.9243 (0.9241)  ibot_loss: 0.6286 (0.6723)  time: 0.345647  data: 0.000338  max mem: 19472
I20260720 12:23:49 1831735 dinov2 helpers.py:102] Training  [6950/7500]  eta: 0:03:20  lr: 0.0000 (0.0005)  wd: 0.3951 (0.2059)  mom: 0.9999 (0.9957)  last_layer_lr: 0.0000 (0.0005)  current_batch_size: 64.0000 (64.0000)  total_loss: 8.9429 (8.9893)  dino_local_crops_loss: 7.3940 (7.3929)  dino_global_crops_loss: 0.9243 (0.9241)  ibot_loss: 0.6247 (0.6723)  time: 0.344495  data: 0.000411  max mem: 19472
I20260720 12:23:53 1831735 dinov2 helpers.py:102] Training  [6960/7500]  eta: 0:03:16  lr: 0.0000 (0.0005)  wd: 0.3952 (0.2062)  mom: 0.9999 (0.9957)  last_layer_lr: 0.0000 (0.0005)  current_batch_size: 64.0000 (64.0000)  total_loss: 8.9429 (8.9892)  dino_local_crops_loss: 7.3941 (7.3929)  dino_global_crops_loss: 0.9243 (0.9241)  ibot_loss: 0.6247 (0.6722)  time: 0.353007  data: 0.013846  max mem: 19472
I20260720 12:23:56 1831735 dinov2 helpers.py:102] Training  [6970/7500]  eta: 0:03:13  lr: 0.0000 (0.0005)  wd: 0.3954 (0.2064)  mom: 0.9999 (0.9957)  last_layer_lr: 0.0000 (0.0005)  current_batch_size: 64.0000 (64.0000)  total_loss: 8.9537 (8.9892)  dino_local_crops_loss: 7.3941 (7.3929)  dino_global_crops_loss: 0.9243 (0.9241)  ibot_loss: 0.6354 (0.6722)  time: 0.353996  data: 0.013655  max mem: 19472
I20260720 12:24:00 1831735 dinov2 helpers.py:102] Training  [6980/7500]  eta: 0:03:09  lr: 0.0000 (0.0005)  wd: 0.3956 (0.2067)  mom: 0.9999 (0.9957)  last_layer_lr: 0.0000 (0.0005)  current_batch_size: 64.0000 (64.0000)  total_loss: 8.9510 (8.9891)  dino_local_crops_loss: 7.3941 (7.3929)  dino_global_crops_loss: 0.9243 (0.9241)  ibot_loss: 0.6327 (0.6721)  time: 0.357551  data: 0.017202  max mem: 19472
I20260720 12:24:03 1831735 dinov2 helpers.py:102] Training  [6990/7500]  eta: 0:03:05  lr: 0.0000 (0.0005)  wd: 0.3957 (0.2070)  mom: 0.9999 (0.9957)  last_layer_lr: 0.0000 (0.0005)  current_batch_size: 64.0000 (64.0000)  total_loss: 8.9559 (8.9891)  dino_local_crops_loss: 7.3941 (7.3929)  dino_global_crops_loss: 0.9243 (0.9241)  ibot_loss: 0.6374 (0.6721)  time: 0.356686  data: 0.017376  max mem: 19472
I20260720 12:24:07 1831735 dinov2 helpers.py:102] Training  [7000/7500]  eta: 0:03:02  lr: 0.0000 (0.0005)  wd: 0.3959 (0.2072)  mom: 0.9999 (0.9957)  last_layer_lr: 0.0000 (0.0005)  current_batch_size: 64.0000 (64.0000)  total_loss: 8.9438 (8.9890)  dino_local_crops_loss: 7.3941 (7.3929)  dino_global_crops_loss: 0.9243 (0.9241)  ibot_loss: 0.6254 (0.6720)  time: 0.365803  data: 0.019270  max mem: 19472
I20260720 12:24:11 1831735 dinov2 helpers.py:102] Training  [7010/7500]  eta: 0:02:58  lr: 0.0000 (0.0005)  wd: 0.3961 (0.2075)  mom: 0.9999 (0.9957)  last_layer_lr: 0.0000 (0.0005)  current_batch_size: 64.0000 (64.0000)  total_loss: 8.9438 (8.9890)  dino_local_crops_loss: 7.3941 (7.3929)  dino_global_crops_loss: 0.9243 (0.9241)  ibot_loss: 0.6254 (0.6720)  time: 0.363112  data: 0.019112  max mem: 19472
I20260720 12:24:14 1831735 dinov2 helpers.py:102] Training  [7020/7500]  eta: 0:02:54  lr: 0.0000 (0.0005)  wd: 0.3962 (0.2078)  mom: 0.9999 (0.9957)  last_layer_lr: 0.0000 (0.0005)  current_batch_size: 64.0000 (64.0000)  total_loss: 8.9475 (8.9889)  dino_local_crops_loss: 7.3941 (7.3929)  dino_global_crops_loss: 0.9243 (0.9241)  ibot_loss: 0.6291 (0.6719)  time: 0.352410  data: 0.012884  max mem: 19472
I20260720 12:24:18 1831735 dinov2 helpers.py:102] Training  [7030/7500]  eta: 0:02:51  lr: 0.0000 (0.0005)  wd: 0.3964 (0.2080)  mom: 0.9999 (0.9957)  last_layer_lr: 0.0000 (0.0005)  current_batch_size: 64.0000 (64.0000)  total_loss: 8.9557 (8.9889)  dino_local_crops_loss: 7.3941 (7.3929)  dino_global_crops_loss: 0.9243 (0.9241)  ibot_loss: 0.6373 (0.6719)  time: 0.380984  data: 0.036772  max mem: 19472
I20260720 12:24:22 1831735 dinov2 helpers.py:102] Training  [7040/7500]  eta: 0:02:47  lr: 0.0000 (0.0005)  wd: 0.3965 (0.2083)  mom: 0.9999 (0.9957)  last_layer_lr: 0.0000 (0.0005)  current_batch_size: 64.0000 (64.0000)  total_loss: 8.9557 (8.9888)  dino_local_crops_loss: 7.3941 (7.3929)  dino_global_crops_loss: 0.9243 (0.9241)  ibot_loss: 0.6373 (0.6718)  time: 0.368389  data: 0.024125  max mem: 19472
I20260720 12:24:25 1831735 dinov2 helpers.py:102] Training  [7050/7500]  eta: 0:02:43  lr: 0.0000 (0.0005)  wd: 0.3967 (0.2086)  mom: 0.9999 (0.9957)  last_layer_lr: 0.0000 (0.0005)  current_batch_size: 64.0000 (64.0000)  total_loss: 8.9546 (8.9888)  dino_local_crops_loss: 7.3941 (7.3929)  dino_global_crops_loss: 0.9243 (0.9241)  ibot_loss: 0.6364 (0.6718)  time: 0.342163  data: 0.000250  max mem: 19472
I20260720 12:24:29 1831735 dinov2 helpers.py:102] Training  [7060/7500]  eta: 0:02:40  lr: 0.0000 (0.0005)  wd: 0.3968 (0.2088)  mom: 0.9999 (0.9958)  last_layer_lr: 0.0000 (0.0005)  current_batch_size: 64.0000 (64.0000)  total_loss: 8.9667 (8.9888)  dino_local_crops_loss: 7.3941 (7.3929)  dino_global_crops_loss: 0.9243 (0.9241)  ibot_loss: 0.6484 (0.6718)  time: 0.348440  data: 0.003355  max mem: 19472
I20260720 12:24:32 1831735 dinov2 helpers.py:102] Training  [7070/7500]  eta: 0:02:36  lr: 0.0000 (0.0005)  wd: 0.3970 (0.2091)  mom: 0.9999 (0.9958)  last_layer_lr: 0.0000 (0.0005)  current_batch_size: 64.0000 (64.0000)  total_loss: 8.9437 (8.9887)  dino_local_crops_loss: 7.3941 (7.3929)  dino_global_crops_loss: 0.9243 (0.9241)  ibot_loss: 0.6253 (0.6717)  time: 0.348342  data: 0.003351  max mem: 19472
I20260720 12:24:36 1831735 dinov2 helpers.py:102] Training  [7080/7500]  eta: 0:02:33  lr: 0.0000 (0.0005)  wd: 0.3971 (0.2094)  mom: 0.9999 (0.9958)  last_layer_lr: 0.0000 (0.0005)  current_batch_size: 64.0000 (64.0000)  total_loss: 8.9463 (8.9887)  dino_local_crops_loss: 7.3941 (7.3929)  dino_global_crops_loss: 0.9243 (0.9241)  ibot_loss: 0.6278 (0.6717)  time: 0.343478  data: 0.000225  max mem: 19472
I20260720 12:24:39 1831735 dinov2 helpers.py:102] Training  [7090/7500]  eta: 0:02:29  lr: 0.0000 (0.0005)  wd: 0.3972 (0.2096)  mom: 0.9999 (0.9958)  last_layer_lr: 0.0000 (0.0005)  current_batch_size: 64.0000 (64.0000)  total_loss: 8.9511 (8.9887)  dino_local_crops_loss: 7.3941 (7.3929)  dino_global_crops_loss: 0.9243 (0.9241)  ibot_loss: 0.6328 (0.6716)  time: 0.350887  data: 0.000382  max mem: 19472
I20260720 12:24:43 1831735 dinov2 helpers.py:102] Training  [7100/7500]  eta: 0:02:25  lr: 0.0000 (0.0005)  wd: 0.3974 (0.2099)  mom: 0.9999 (0.9958)  last_layer_lr: 0.0000 (0.0005)  current_batch_size: 64.0000 (64.0000)  total_loss: 8.9531 (8.9886)  dino_local_crops_loss: 7.3942 (7.3929)  dino_global_crops_loss: 0.9243 (0.9241)  ibot_loss: 0.6348 (0.6716)  time: 0.347016  data: 0.000438  max mem: 19472
I20260720 12:24:46 1831735 dinov2 helpers.py:102] Training  [7110/7500]  eta: 0:02:22  lr: 0.0000 (0.0005)  wd: 0.3975 (0.2102)  mom: 0.9999 (0.9958)  last_layer_lr: 0.0000 (0.0005)  current_batch_size: 64.0000 (64.0000)  total_loss: 8.9503 (8.9886)  dino_local_crops_loss: 7.3942 (7.3929)  dino_global_crops_loss: 0.9243 (0.9241)  ibot_loss: 0.6319 (0.6716)  time: 0.348499  data: 0.006747  max mem: 19472
I20260720 12:24:50 1831735 dinov2 helpers.py:102] Training  [7120/7500]  eta: 0:02:18  lr: 0.0000 (0.0005)  wd: 0.3976 (0.2104)  mom: 0.9999 (0.9958)  last_layer_lr: 0.0000 (0.0005)  current_batch_size: 64.0000 (64.0000)  total_loss: 8.9503 (8.9886)  dino_local_crops_loss: 7.3941 (7.3929)  dino_global_crops_loss: 0.9243 (0.9241)  ibot_loss: 0.6319 (0.6715)  time: 0.356696  data: 0.010651  max mem: 19472
I20260720 12:24:53 1831735 dinov2 helpers.py:102] Training  [7130/7500]  eta: 0:02:14  lr: 0.0000 (0.0005)  wd: 0.3977 (0.2107)  mom: 0.9999 (0.9958)  last_layer_lr: 0.0000 (0.0005)  current_batch_size: 64.0000 (64.0000)  total_loss: 8.9570 (8.9885)  dino_local_crops_loss: 7.3941 (7.3929)  dino_global_crops_loss: 0.9243 (0.9241)  ibot_loss: 0.6385 (0.6715)  time: 0.350672  data: 0.007387  max mem: 19472
I20260720 12:24:57 1831735 dinov2 helpers.py:102] Training  [7140/7500]  eta: 0:02:11  lr: 0.0000 (0.0005)  wd: 0.3978 (0.2110)  mom: 1.0000 (0.9958)  last_layer_lr: 0.0000 (0.0005)  current_batch_size: 64.0000 (64.0000)  total_loss: 8.9664 (8.9885)  dino_local_crops_loss: 7.3942 (7.3929)  dino_global_crops_loss: 0.9243 (0.9241)  ibot_loss: 0.6480 (0.6715)  time: 0.343337  data: 0.003429  max mem: 19472
I20260720 12:25:00 1831735 dinov2 helpers.py:102] Training  [7150/7500]  eta: 0:02:07  lr: 0.0000 (0.0005)  wd: 0.3980 (0.2112)  mom: 1.0000 (0.9958)  last_layer_lr: 0.0000 (0.0005)  current_batch_size: 64.0000 (64.0000)  total_loss: 8.9408 (8.9884)  dino_local_crops_loss: 7.3941 (7.3929)  dino_global_crops_loss: 0.9243 (0.9241)  ibot_loss: 0.6225 (0.6714)  time: 0.342409  data: 0.000185  max mem: 19472
I20260720 12:25:04 1831735 dinov2 helpers.py:102] Training  [7160/7500]  eta: 0:02:03  lr: 0.0000 (0.0005)  wd: 0.3981 (0.2115)  mom: 1.0000 (0.9958)  last_layer_lr: 0.0000 (0.0005)  current_batch_size: 64.0000 (64.0000)  total_loss: 8.9358 (8.9884)  dino_local_crops_loss: 7.3941 (7.3929)  dino_global_crops_loss: 0.9243 (0.9241)  ibot_loss: 0.6175 (0.6713)  time: 0.352800  data: 0.000170  max mem: 19472
I20260720 12:25:07 1831735 dinov2 helpers.py:102] Training  [7170/7500]  eta: 0:02:00  lr: 0.0000 (0.0005)  wd: 0.3982 (0.2117)  mom: 1.0000 (0.9958)  last_layer_lr: 0.0000 (0.0005)  current_batch_size: 64.0000 (64.0000)  total_loss: 8.9730 (8.9884)  dino_local_crops_loss: 7.3941 (7.3929)  dino_global_crops_loss: 0.9243 (0.9241)  ibot_loss: 0.6546 (0.6713)  time: 0.363263  data: 0.012012  max mem: 19472
I20260720 12:25:11 1831735 dinov2 helpers.py:102] Training  [7180/7500]  eta: 0:01:56  lr: 0.0000 (0.0005)  wd: 0.3983 (0.2120)  mom: 1.0000 (0.9958)  last_layer_lr: 0.0000 (0.0005)  current_batch_size: 64.0000 (64.0000)  total_loss: 8.9784 (8.9884)  dino_local_crops_loss: 7.3941 (7.3929)  dino_global_crops_loss: 0.9243 (0.9241)  ibot_loss: 0.6600 (0.6713)  time: 0.358242  data: 0.012035  max mem: 19472
I20260720 12:25:15 1831735 dinov2 helpers.py:102] Training  [7190/7500]  eta: 0:01:52  lr: 0.0000 (0.0005)  wd: 0.3984 (0.2123)  mom: 1.0000 (0.9958)  last_layer_lr: 0.0000 (0.0005)  current_batch_size: 64.0000 (64.0000)  total_loss: 8.9793 (8.9883)  dino_local_crops_loss: 7.3942 (7.3929)  dino_global_crops_loss: 0.9243 (0.9241)  ibot_loss: 0.6609 (0.6713)  time: 0.362573  data: 0.015188  max mem: 19472
I20260720 12:25:18 1831735 fvcore.common.checkpoint __init__.py:109] Saving checkpoint to /sci/labs/arieljaffe/dan.abergel1/runs/brain/hcp_imgnet_localglobal/model_0007199.rank_0.pth
I20260720 12:25:19 1831735 dinov2 helpers.py:102] Training  [7200/7500]  eta: 0:01:49  lr: 0.0000 (0.0005)  wd: 0.3985 (0.2125)  mom: 1.0000 (0.9958)  last_layer_lr: 0.0000 (0.0005)  current_batch_size: 64.0000 (64.0000)  total_loss: 8.9625 (8.9883)  dino_local_crops_loss: 7.3942 (7.3929)  dino_global_crops_loss: 0.9243 (0.9241)  ibot_loss: 0.6441 (0.6713)  time: 0.416014  data: 0.019868  max mem: 19472
I20260720 12:25:23 1831735 dinov2 helpers.py:102] Training  [7210/7500]  eta: 0:01:45  lr: 0.0000 (0.0005)  wd: 0.3986 (0.2128)  mom: 1.0000 (0.9958)  last_layer_lr: 0.0000 (0.0005)  current_batch_size: 64.0000 (64.0000)  total_loss: 8.9625 (8.9883)  dino_local_crops_loss: 7.3941 (7.3929)  dino_global_crops_loss: 0.9243 (0.9241)  ibot_loss: 0.6441 (0.6712)  time: 0.397586  data: 0.004922  max mem: 19472
I20260720 12:25:26 1831735 dinov2 helpers.py:102] Training  [7220/7500]  eta: 0:01:41  lr: 0.0000 (0.0005)  wd: 0.3987 (0.2130)  mom: 1.0000 (0.9958)  last_layer_lr: 0.0000 (0.0005)  current_batch_size: 64.0000 (64.0000)  total_loss: 8.9639 (8.9882)  dino_local_crops_loss: 7.3942 (7.3929)  dino_global_crops_loss: 0.9243 (0.9241)  ibot_loss: 0.6454 (0.6712)  time: 0.338693  data: 0.000416  max mem: 19472
I20260720 12:25:29 1831735 dinov2 helpers.py:102] Training  [7230/7500]  eta: 0:01:38  lr: 0.0000 (0.0005)  wd: 0.3988 (0.2133)  mom: 1.0000 (0.9959)  last_layer_lr: 0.0000 (0.0005)  current_batch_size: 64.0000 (64.0000)  total_loss: 8.9753 (8.9882)  dino_local_crops_loss: 7.3942 (7.3929)  dino_global_crops_loss: 0.9243 (0.9241)  ibot_loss: 0.6567 (0.6712)  time: 0.338791  data: 0.000380  max mem: 19472
I20260720 12:25:33 1831735 dinov2 helpers.py:102] Training  [7240/7500]  eta: 0:01:34  lr: 0.0000 (0.0005)  wd: 0.3989 (0.2135)  mom: 1.0000 (0.9959)  last_layer_lr: 0.0000 (0.0005)  current_batch_size: 64.0000 (64.0000)  total_loss: 8.9656 (8.9882)  dino_local_crops_loss: 7.3941 (7.3929)  dino_global_crops_loss: 0.9243 (0.9241)  ibot_loss: 0.6471 (0.6711)  time: 0.343390  data: 0.000365  max mem: 19472
I20260720 12:25:36 1831735 dinov2 helpers.py:102] Training  [7250/7500]  eta: 0:01:31  lr: 0.0000 (0.0005)  wd: 0.3989 (0.2138)  mom: 1.0000 (0.9959)  last_layer_lr: 0.0000 (0.0005)  current_batch_size: 64.0000 (64.0000)  total_loss: 8.9430 (8.9881)  dino_local_crops_loss: 7.3942 (7.3929)  dino_global_crops_loss: 0.9243 (0.9241)  ibot_loss: 0.6246 (0.6711)  time: 0.347756  data: 0.000399  max mem: 19472
I20260720 12:25:40 1831735 dinov2 helpers.py:102] Training  [7260/7500]  eta: 0:01:27  lr: 0.0000 (0.0005)  wd: 0.3990 (0.2141)  mom: 1.0000 (0.9959)  last_layer_lr: 0.0000 (0.0005)  current_batch_size: 64.0000 (64.0000)  total_loss: 8.9296 (8.9881)  dino_local_crops_loss: 7.3941 (7.3929)  dino_global_crops_loss: 0.9243 (0.9241)  ibot_loss: 0.6112 (0.6710)  time: 0.344090  data: 0.000420  max mem: 19472
I20260720 12:25:43 1831735 dinov2 helpers.py:102] Training  [7270/7500]  eta: 0:01:23  lr: 0.0000 (0.0005)  wd: 0.3991 (0.2143)  mom: 1.0000 (0.9959)  last_layer_lr: 0.0000 (0.0005)  current_batch_size: 64.0000 (64.0000)  total_loss: 8.9639 (8.9880)  dino_local_crops_loss: 7.3942 (7.3929)  dino_global_crops_loss: 0.9243 (0.9241)  ibot_loss: 0.6457 (0.6710)  time: 0.342535  data: 0.000388  max mem: 19472
I20260720 12:25:47 1831735 dinov2 helpers.py:102] Training  [7280/7500]  eta: 0:01:20  lr: 0.0000 (0.0005)  wd: 0.3992 (0.2146)  mom: 1.0000 (0.9959)  last_layer_lr: 0.0000 (0.0005)  current_batch_size: 64.0000 (64.0000)  total_loss: 8.9449 (8.9880)  dino_local_crops_loss: 7.3941 (7.3929)  dino_global_crops_loss: 0.9243 (0.9241)  ibot_loss: 0.6265 (0.6709)  time: 0.348821  data: 0.000400  max mem: 19472
I20260720 12:25:50 1831735 dinov2 helpers.py:102] Training  [7290/7500]  eta: 0:01:16  lr: 0.0000 (0.0005)  wd: 0.3992 (0.2148)  mom: 1.0000 (0.9959)  last_layer_lr: 0.0000 (0.0005)  current_batch_size: 64.0000 (64.0000)  total_loss: 8.9444 (8.9879)  dino_local_crops_loss: 7.3941 (7.3929)  dino_global_crops_loss: 0.9243 (0.9241)  ibot_loss: 0.6260 (0.6709)  time: 0.349978  data: 0.001070  max mem: 19472
I20260720 12:25:54 1831735 dinov2 helpers.py:102] Training  [7300/7500]  eta: 0:01:12  lr: 0.0000 (0.0005)  wd: 0.3993 (0.2151)  mom: 1.0000 (0.9959)  last_layer_lr: 0.0000 (0.0005)  current_batch_size: 64.0000 (64.0000)  total_loss: 8.9529 (8.9879)  dino_local_crops_loss: 7.3941 (7.3929)  dino_global_crops_loss: 0.9243 (0.9241)  ibot_loss: 0.6345 (0.6708)  time: 0.346173  data: 0.006822  max mem: 19472
I20260720 12:25:58 1831735 dinov2 helpers.py:102] Training  [7310/7500]  eta: 0:01:09  lr: 0.0000 (0.0005)  wd: 0.3994 (0.2153)  mom: 1.0000 (0.9959)  last_layer_lr: 0.0000 (0.0005)  current_batch_size: 64.0000 (64.0000)  total_loss: 8.9609 (8.9879)  dino_local_crops_loss: 7.3942 (7.3929)  dino_global_crops_loss: 0.9243 (0.9241)  ibot_loss: 0.6425 (0.6708)  time: 0.366895  data: 0.028653  max mem: 19472
I20260720 12:26:01 1831735 dinov2 helpers.py:102] Training  [7320/7500]  eta: 0:01:05  lr: 0.0000 (0.0005)  wd: 0.3994 (0.2156)  mom: 1.0000 (0.9959)  last_layer_lr: 0.0000 (0.0005)  current_batch_size: 64.0000 (64.0000)  total_loss: 8.9661 (8.9879)  dino_local_crops_loss: 7.3942 (7.3929)  dino_global_crops_loss: 0.9243 (0.9241)  ibot_loss: 0.6477 (0.6708)  time: 0.377631  data: 0.034449  max mem: 19472
I20260720 12:26:05 1831735 dinov2 helpers.py:102] Training  [7330/7500]  eta: 0:01:01  lr: 0.0000 (0.0005)  wd: 0.3995 (0.2158)  mom: 1.0000 (0.9959)  last_layer_lr: 0.0000 (0.0005)  current_batch_size: 64.0000 (64.0000)  total_loss: 8.9515 (8.9878)  dino_local_crops_loss: 7.3942 (7.3930)  dino_global_crops_loss: 0.9243 (0.9241)  ibot_loss: 0.6330 (0.6708)  time: 0.360570  data: 0.012038  max mem: 19472
I20260720 12:26:08 1831735 dinov2 helpers.py:102] Training  [7340/7500]  eta: 0:00:58  lr: 0.0000 (0.0005)  wd: 0.3995 (0.2161)  mom: 1.0000 (0.9959)  last_layer_lr: 0.0000 (0.0005)  current_batch_size: 64.0000 (64.0000)  total_loss: 8.9611 (8.9878)  dino_local_crops_loss: 7.3942 (7.3930)  dino_global_crops_loss: 0.9243 (0.9241)  ibot_loss: 0.6427 (0.6707)  time: 0.352916  data: 0.001312  max mem: 19472
I20260720 12:26:12 1831735 dinov2 helpers.py:102] Training  [7350/7500]  eta: 0:00:54  lr: 0.0000 (0.0005)  wd: 0.3996 (0.2163)  mom: 1.0000 (0.9959)  last_layer_lr: 0.0000 (0.0005)  current_batch_size: 64.0000 (64.0000)  total_loss: 8.9613 (8.9878)  dino_local_crops_loss: 7.3942 (7.3930)  dino_global_crops_loss: 0.9243 (0.9241)  ibot_loss: 0.6429 (0.6707)  time: 0.356110  data: 0.007305  max mem: 19472
I20260720 12:26:15 1831735 dinov2 helpers.py:102] Training  [7360/7500]  eta: 0:00:50  lr: 0.0000 (0.0005)  wd: 0.3996 (0.2166)  mom: 1.0000 (0.9959)  last_layer_lr: 0.0000 (0.0005)  current_batch_size: 64.0000 (64.0000)  total_loss: 8.9647 (8.9878)  dino_local_crops_loss: 7.3942 (7.3930)  dino_global_crops_loss: 0.9243 (0.9241)  ibot_loss: 0.6463 (0.6707)  time: 0.355095  data: 0.009058  max mem: 19472
I20260720 12:26:19 1831735 dinov2 helpers.py:102] Training  [7370/7500]  eta: 0:00:47  lr: 0.0000 (0.0005)  wd: 0.3997 (0.2168)  mom: 1.0000 (0.9959)  last_layer_lr: 0.0000 (0.0005)  current_batch_size: 64.0000 (64.0000)  total_loss: 8.9314 (8.9877)  dino_local_crops_loss: 7.3942 (7.3930)  dino_global_crops_loss: 0.9243 (0.9241)  ibot_loss: 0.6131 (0.6706)  time: 0.370166  data: 0.026163  max mem: 19472
I20260720 12:26:23 1831735 dinov2 helpers.py:102] Training  [7380/7500]  eta: 0:00:43  lr: 0.0000 (0.0005)  wd: 0.3997 (0.2171)  mom: 1.0000 (0.9959)  last_layer_lr: 0.0000 (0.0005)  current_batch_size: 64.0000 (64.0000)  total_loss: 8.9552 (8.9877)  dino_local_crops_loss: 7.3941 (7.3930)  dino_global_crops_loss: 0.9243 (0.9241)  ibot_loss: 0.6368 (0.6706)  time: 0.368303  data: 0.023538  max mem: 19472
I20260720 12:26:26 1831735 dinov2 helpers.py:102] Training  [7390/7500]  eta: 0:00:40  lr: 0.0000 (0.0005)  wd: 0.3998 (0.2173)  mom: 1.0000 (0.9959)  last_layer_lr: 0.0000 (0.0005)  current_batch_size: 64.0000 (64.0000)  total_loss: 8.9727 (8.9877)  dino_local_crops_loss: 7.3942 (7.3930)  dino_global_crops_loss: 0.9243 (0.9241)  ibot_loss: 0.6543 (0.6706)  time: 0.350891  data: 0.003939  max mem: 19472
I20260720 12:26:30 1831735 dinov2 helpers.py:102] Training  [7400/7500]  eta: 0:00:36  lr: 0.0000 (0.0005)  wd: 0.3998 (0.2176)  mom: 1.0000 (0.9959)  last_layer_lr: 0.0000 (0.0005)  current_batch_size: 64.0000 (64.0000)  total_loss: 8.9359 (8.9876)  dino_local_crops_loss: 7.3942 (7.3930)  dino_global_crops_loss: 0.9243 (0.9241)  ibot_loss: 0.6175 (0.6705)  time: 0.361771  data: 0.019225  max mem: 19472
I20260720 12:26:34 1831735 dinov2 helpers.py:102] Training  [7410/7500]  eta: 0:00:32  lr: 0.0000 (0.0005)  wd: 0.3998 (0.2178)  mom: 1.0000 (0.9960)  last_layer_lr: 0.0000 (0.0005)  current_batch_size: 64.0000 (64.0000)  total_loss: 8.9359 (8.9876)  dino_local_crops_loss: 7.3941 (7.3930)  dino_global_crops_loss: 0.9243 (0.9241)  ibot_loss: 0.6175 (0.6705)  time: 0.376946  data: 0.037428  max mem: 19472
I20260720 12:26:37 1831735 dinov2 helpers.py:102] Training  [7420/7500]  eta: 0:00:29  lr: 0.0000 (0.0005)  wd: 0.3999 (0.2181)  mom: 1.0000 (0.9960)  last_layer_lr: 0.0000 (0.0005)  current_batch_size: 64.0000 (64.0000)  total_loss: 8.9573 (8.9876)  dino_local_crops_loss: 7.3942 (7.3930)  dino_global_crops_loss: 0.9243 (0.9241)  ibot_loss: 0.6390 (0.6705)  time: 0.365649  data: 0.022018  max mem: 19472
I20260720 12:26:41 1831735 dinov2 helpers.py:102] Training  [7430/7500]  eta: 0:00:25  lr: 0.0000 (0.0005)  wd: 0.3999 (0.2183)  mom: 1.0000 (0.9960)  last_layer_lr: 0.0000 (0.0005)  current_batch_size: 64.0000 (64.0000)  total_loss: 8.9527 (8.9875)  dino_local_crops_loss: 7.3942 (7.3930)  dino_global_crops_loss: 0.9243 (0.9241)  ibot_loss: 0.6343 (0.6704)  time: 0.353833  data: 0.010800  max mem: 19472
I20260720 12:26:44 1831735 dinov2 helpers.py:102] Training  [7440/7500]  eta: 0:00:21  lr: 0.0000 (0.0005)  wd: 0.3999 (0.2185)  mom: 1.0000 (0.9960)  last_layer_lr: 0.0000 (0.0005)  current_batch_size: 64.0000 (64.0000)  total_loss: 8.9493 (8.9875)  dino_local_crops_loss: 7.3942 (7.3930)  dino_global_crops_loss: 0.9243 (0.9241)  ibot_loss: 0.6309 (0.6704)  time: 0.352751  data: 0.012364  max mem: 19472
I20260720 12:26:48 1831735 dinov2 helpers.py:102] Training  [7450/7500]  eta: 0:00:18  lr: 0.0000 (0.0005)  wd: 0.3999 (0.2188)  mom: 1.0000 (0.9960)  last_layer_lr: 0.0000 (0.0005)  current_batch_size: 64.0000 (64.0000)  total_loss: 8.9455 (8.9874)  dino_local_crops_loss: 7.3942 (7.3930)  dino_global_crops_loss: 0.9243 (0.9241)  ibot_loss: 0.6271 (0.6703)  time: 0.367570  data: 0.025751  max mem: 19472
I20260720 12:26:52 1831735 dinov2 helpers.py:102] Training  [7460/7500]  eta: 0:00:14  lr: 0.0000 (0.0005)  wd: 0.4000 (0.2190)  mom: 1.0000 (0.9960)  last_layer_lr: 0.0000 (0.0005)  current_batch_size: 64.0000 (64.0000)  total_loss: 8.9597 (8.9874)  dino_local_crops_loss: 7.3942 (7.3930)  dino_global_crops_loss: 0.9243 (0.9241)  ibot_loss: 0.6412 (0.6703)  time: 0.384677  data: 0.042992  max mem: 19472
I20260720 12:26:56 1831735 dinov2 helpers.py:102] Training  [7470/7500]  eta: 0:00:10  lr: 0.0000 (0.0005)  wd: 0.4000 (0.2193)  mom: 1.0000 (0.9960)  last_layer_lr: 0.0000 (0.0005)  current_batch_size: 64.0000 (64.0000)  total_loss: 8.9689 (8.9874)  dino_local_crops_loss: 7.3942 (7.3930)  dino_global_crops_loss: 0.9243 (0.9241)  ibot_loss: 0.6505 (0.6703)  time: 0.381928  data: 0.040390  max mem: 19472
I20260720 12:26:59 1831735 dinov2 helpers.py:102] Training  [7480/7500]  eta: 0:00:07  lr: 0.0000 (0.0005)  wd: 0.4000 (0.2195)  mom: 1.0000 (0.9960)  last_layer_lr: 0.0000 (0.0005)  current_batch_size: 64.0000 (64.0000)  total_loss: 8.9351 (8.9873)  dino_local_crops_loss: 7.3942 (7.3930)  dino_global_crops_loss: 0.9243 (0.9241)  ibot_loss: 0.6167 (0.6702)  time: 0.367298  data: 0.021563  max mem: 19472
I20260720 12:27:03 1831735 dinov2 helpers.py:102] Training  [7490/7500]  eta: 0:00:03  lr: 0.0000 (0.0005)  wd: 0.4000 (0.2198)  mom: 1.0000 (0.9960)  last_layer_lr: 0.0000 (0.0005)  current_batch_size: 64.0000 (64.0000)  total_loss: 8.9205 (8.9872)  dino_local_crops_loss: 7.3942 (7.3930)  dino_global_crops_loss: 0.9243 (0.9241)  ibot_loss: 0.6021 (0.6701)  time: 0.344454  data: 0.000198  max mem: 19472
I20260720 12:27:06 1831735 fvcore.common.checkpoint __init__.py:109] Saving checkpoint to /sci/labs/arieljaffe/dan.abergel1/runs/brain/hcp_imgnet_localglobal/model_final.rank_0.pth
I20260720 12:27:07 1831735 dinov2 helpers.py:102] Training  [7499/7500]  eta: 0:00:00  lr: 0.0000 (0.0005)  wd: 0.4000 (0.2200)  mom: 1.0000 (0.9960)  last_layer_lr: 0.0000 (0.0005)  current_batch_size: 64.0000 (64.0000)  total_loss: 8.9062 (8.9871)  dino_local_crops_loss: 7.3942 (7.3930)  dino_global_crops_loss: 0.9243 (0.9241)  ibot_loss: 0.5877 (0.6700)  time: 0.400294  data: 0.000371  max mem: 19472
I20260720 12:27:09 1831735 dinov2 helpers.py:130] Training Total time: 0:45:35 (0.364772 s / it)
=== PROBE hcp_imgnet_localglobal  Mon Jul 20 12:27:13 IDT 2026 ===
I20260720 12:27:27 1865461 dinov2 config.py:59] git:
  sha: f72e92b5134f7d90387a634f78ffb467999d4c8a, status: has uncommitted changes, branch: imagenette-test

I20260720 12:27:27 1865461 dinov2 config.py:60] config_file: /sci/labs/arieljaffe/dan.abergel1/repos/FAIR_official/dinov2/configs/train/imagenette_vits.yaml
cv: 5
eval: 
eval_only: False
features_root: /sci/labs/arieljaffe/dan.abergel1/brain2d_frames
id_col: Subject
label_col: Gender
labels_csv: /sci/labs/arieljaffe/dan.abergel1/tmp/HCP_YA_subjects.csv
no_resume: False
opts: ['dino.head_n_prototypes=4096', 'ibot.head_n_prototypes=4096', 'train.output_dir=/sci/labs/arieljaffe/dan.abergel1/runs/brain/hcp_imgnet_localglobal']
output_dir: /sci/labs/arieljaffe/dan.abergel1/runs/brain/hcp_imgnet_localglobal
test_frac: 0.2
I20260720 12:27:27 1865461 dinov2 config.py:26] sqrt scaling learning rate; base: 0.004, new: 0.001
I20260720 12:27:27 1865461 dinov2 config.py:33] MODEL:
  WEIGHTS: ''
compute_precision:
  grad_scaler: true
  teacher:
    backbone:
      sharding_strategy: SHARD_GRAD_OP
      mixed_precision:
        param_dtype: fp16
        reduce_dtype: fp16
        buffer_dtype: fp32
    dino_head:
      sharding_strategy: SHARD_GRAD_OP
      mixed_precision:
        param_dtype: fp16
        reduce_dtype: fp16
        buffer_dtype: fp32
    ibot_head:
      sharding_strategy: SHARD_GRAD_OP
      mixed_precision:
        param_dtype: fp16
        reduce_dtype: fp16
        buffer_dtype: fp32
  student:
    backbone:
      sharding_strategy: SHARD_GRAD_OP
      mixed_precision:
        param_dtype: fp16
        reduce_dtype: fp16
        buffer_dtype: fp32
    dino_head:
      sharding_strategy: SHARD_GRAD_OP
      mixed_precision:
        param_dtype: fp16
        reduce_dtype: fp32
        buffer_dtype: fp32
    ibot_head:
      sharding_strategy: SHARD_GRAD_OP
      mixed_precision:
        param_dtype: fp16
        reduce_dtype: fp32
        buffer_dtype: fp32
dino:
  loss_weight: 1.0
  head_n_prototypes: 4096
  head_bottleneck_dim: 256
  head_nlayers: 3
  head_hidden_dim: 2048
  koleo_loss_weight: 0.1
ibot:
  loss_weight: 1.0
  mask_sample_probability: 0.5
  mask_ratio_min_max:
  - 0.1
  - 0.5
  separate_head: false
  head_n_prototypes: 4096
  head_bottleneck_dim: 256
  head_nlayers: 3
  head_hidden_dim: 2048
train:
  batch_size_per_gpu: 64
  dataset_path: ImageFolder:root=/tmp/imagenette/train
  output_dir: /sci/labs/arieljaffe/dan.abergel1/runs/brain/hcp_imgnet_localglobal
  saveckp_freq: 20
  seed: 0
  num_workers: 8
  OFFICIAL_EPOCH_LENGTH: 150
  cache_dataset: true
  centering: centering
  cell_augmentation: false
student:
  arch: vit_small
  patch_size: 16
  drop_path_rate: 0.1
  layerscale: 1.0e-05
  drop_path_uniform: true
  pretrained_weights: ''
  ffn_layer: mlp
  block_chunks: 4
  qkv_bias: true
  proj_bias: true
  ffn_bias: true
  num_register_tokens: 0
  interpolate_antialias: false
  interpolate_offset: 0.1
  in_chans: 3
  channel_adaptive: false
teacher:
  momentum_teacher: 0.992
  final_momentum_teacher: 1
  warmup_teacher_temp: 0.04
  teacher_temp: 0.07
  warmup_teacher_temp_epochs: 5
  in_chans: 3
  channel_adaptive: false
optim:
  epochs: 50
  weight_decay: 0.04
  weight_decay_end: 0.4
  base_lr: 0.004
  lr: 0.001
  warmup_epochs: 5
  min_lr: 1.0e-06
  clip_grad: 3.0
  freeze_last_layer_epochs: 1
  scaling_rule: sqrt_wrt_1024
  patch_embed_lr_mult: 0.2
  layerwise_decay: 0.9
  adamw_beta1: 0.9
  adamw_beta2: 0.999
crops:
  global_crops_scale:
  - 0.32
  - 1.0
  local_crops_number: 8
  local_crops_scale:
  - 0.05
  - 0.32
  global_crops_size: 224
  local_crops_size: 96
evaluation:
  eval_period_iterations: 0

I20260720 12:27:27 1865461 dinov2 vision_transformer.py:125] using MLP layer as FFN
I20260720 12:27:29 1865461 dinov2 vision_transformer.py:125] using MLP layer as FFN
I20260720 12:27:30 1865461 dinov2 ssl_meta_arch.py:43] OPTIONS -- architecture : embed_dim: 384
I20260720 12:27:30 1865461 dinov2 ssl_meta_arch.py:58] OPTIONS -- DINO
I20260720 12:27:30 1865461 dinov2 ssl_meta_arch.py:60] OPTIONS -- DINO -- loss_weight: 1.0
I20260720 12:27:30 1865461 dinov2 ssl_meta_arch.py:61] OPTIONS -- DINO -- head_n_prototypes: 4096
I20260720 12:27:30 1865461 dinov2 ssl_meta_arch.py:62] OPTIONS -- DINO -- head_bottleneck_dim: 256
I20260720 12:27:30 1865461 dinov2 ssl_meta_arch.py:63] OPTIONS -- DINO -- head_hidden_dim: 2048
I20260720 12:27:30 1865461 dinov2 ssl_meta_arch.py:75] OPTIONS -- DINO -- applying KOLEO regularization
W20260720 12:27:30 1865461 py.warnings warnings.py:109] /sci/labs/arieljaffe/dan.abergel1/torch_env/lib/python3.11/site-packages/torch/nn/utils/weight_norm.py:144: FutureWarning: `torch.nn.utils.weight_norm` is deprecated in favor of `torch.nn.utils.parametrizations.weight_norm`.
  WeightNorm.apply(module, name, dim)

I20260720 12:27:30 1865461 dinov2 ssl_meta_arch.py:85] OPTIONS -- IBOT
I20260720 12:27:30 1865461 dinov2 ssl_meta_arch.py:86] OPTIONS -- IBOT -- loss_weight: 1.0
I20260720 12:27:30 1865461 dinov2 ssl_meta_arch.py:87] OPTIONS -- IBOT masking -- ibot_mask_ratio_tuple: [0.1, 0.5]
I20260720 12:27:30 1865461 dinov2 ssl_meta_arch.py:88] OPTIONS -- IBOT masking -- ibot_mask_sample_probability: 0.5
I20260720 12:27:30 1865461 dinov2 ssl_meta_arch.py:111] OPTIONS -- IBOT -- head shared with DINO
I20260720 12:27:30 1865461 dinov2 ssl_meta_arch.py:121] Student and Teacher are built: they are both vit_small network.
I20260720 12:27:30 1865461 dinov2 ssl_meta_arch.py:397] DISTRIBUTED FSDP -- preparing model for distributed training
W20260720 12:27:30 1865461 py.warnings warnings.py:109] /sci/labs/arieljaffe/dan.abergel1/torch_env/lib/python3.11/site-packages/torch/distributed/fsdp/wrap.py:91: UserWarning: FSDP will not all-gather parameters for containers that do not implement forward: BlockChunk(
  (0-2): 3 x NestedTensorBlock(
    (norm1): LayerNorm((384,), eps=1e-06, elementwise_affine=True)
    (attn): MemEffAttention(
      (qkv): Linear(in_features=384, out_features=1152, bias=True)
      (proj): Linear(in_features=384, out_features=384, bias=True)
      (proj_drop): Dropout(p=0.0, inplace=False)
    )
    (ls1): LayerScale()
    (drop_path1): DropPath()
    (norm2): LayerNorm((384,), eps=1e-06, elementwise_affine=True)
    (mlp): Mlp(
      (fc1): Linear(in_features=384, out_features=1536, bias=True)
      (act): GELU(approximate='none')
      (fc2): Linear(in_features=1536, out_features=384, bias=True)
      (drop): Dropout(p=0.0, inplace=False)
    )
    (ls2): LayerScale()
    (drop_path2): DropPath()
  )
)
  return fsdp_fn(module, **kwargs)

W20260720 12:27:30 1865461 py.warnings warnings.py:109] /sci/labs/arieljaffe/dan.abergel1/torch_env/lib/python3.11/site-packages/torch/distributed/fsdp/fully_sharded_data_parallel.py:479: UserWarning: FSDP is switching to use `NO_SHARD` instead of ShardingStrategy.SHARD_GRAD_OP since the world size is 1.
  _init_core_state(

W20260720 12:27:30 1865461 py.warnings warnings.py:109] /sci/labs/arieljaffe/dan.abergel1/torch_env/lib/python3.11/site-packages/torch/distributed/fsdp/wrap.py:91: UserWarning: FSDP will not all-gather parameters for containers that do not implement forward: BlockChunk(
  (0-2): 3 x Identity()
  (3-5): 3 x NestedTensorBlock(
    (norm1): LayerNorm((384,), eps=1e-06, elementwise_affine=True)
    (attn): MemEffAttention(
      (qkv): Linear(in_features=384, out_features=1152, bias=True)
      (proj): Linear(in_features=384, out_features=384, bias=True)
      (proj_drop): Dropout(p=0.0, inplace=False)
    )
    (ls1): LayerScale()
    (drop_path1): DropPath()
    (norm2): LayerNorm((384,), eps=1e-06, elementwise_affine=True)
    (mlp): Mlp(
      (fc1): Linear(in_features=384, out_features=1536, bias=True)
      (act): GELU(approximate='none')
      (fc2): Linear(in_features=1536, out_features=384, bias=True)
      (drop): Dropout(p=0.0, inplace=False)
    )
    (ls2): LayerScale()
    (drop_path2): DropPath()
  )
)
  return fsdp_fn(module, **kwargs)

W20260720 12:27:30 1865461 py.warnings warnings.py:109] /sci/labs/arieljaffe/dan.abergel1/torch_env/lib/python3.11/site-packages/torch/distributed/fsdp/wrap.py:91: UserWarning: FSDP will not all-gather parameters for containers that do not implement forward: BlockChunk(
  (0-5): 6 x Identity()
  (6-8): 3 x NestedTensorBlock(
    (norm1): LayerNorm((384,), eps=1e-06, elementwise_affine=True)
    (attn): MemEffAttention(
      (qkv): Linear(in_features=384, out_features=1152, bias=True)
      (proj): Linear(in_features=384, out_features=384, bias=True)
      (proj_drop): Dropout(p=0.0, inplace=False)
    )
    (ls1): LayerScale()
    (drop_path1): DropPath()
    (norm2): LayerNorm((384,), eps=1e-06, elementwise_affine=True)
    (mlp): Mlp(
      (fc1): Linear(in_features=384, out_features=1536, bias=True)
      (act): GELU(approximate='none')
      (fc2): Linear(in_features=1536, out_features=384, bias=True)
      (drop): Dropout(p=0.0, inplace=False)
    )
    (ls2): LayerScale()
    (drop_path2): DropPath()
  )
)
  return fsdp_fn(module, **kwargs)

W20260720 12:27:30 1865461 py.warnings warnings.py:109] /sci/labs/arieljaffe/dan.abergel1/torch_env/lib/python3.11/site-packages/torch/distributed/fsdp/wrap.py:91: UserWarning: FSDP will not all-gather parameters for containers that do not implement forward: BlockChunk(
  (0-8): 9 x Identity()
  (9-11): 3 x NestedTensorBlock(
    (norm1): LayerNorm((384,), eps=1e-06, elementwise_affine=True)
    (attn): MemEffAttention(
      (qkv): Linear(in_features=384, out_features=1152, bias=True)
      (proj): Linear(in_features=384, out_features=384, bias=True)
      (proj_drop): Dropout(p=0.0, inplace=False)
    )
    (ls1): LayerScale()
    (drop_path1): DropPath()
    (norm2): LayerNorm((384,), eps=1e-06, elementwise_affine=True)
    (mlp): Mlp(
      (fc1): Linear(in_features=384, out_features=1536, bias=True)
      (act): GELU(approximate='none')
      (fc2): Linear(in_features=1536, out_features=384, bias=True)
      (drop): Dropout(p=0.0, inplace=False)
    )
    (ls2): LayerScale()
    (drop_path2): DropPath()
  )
)
  return fsdp_fn(module, **kwargs)

W20260720 12:27:30 1865461 py.warnings warnings.py:109] /sci/labs/arieljaffe/dan.abergel1/torch_env/lib/python3.11/site-packages/torch/distributed/fsdp/wrap.py:91: UserWarning: FSDP will not all-gather parameters for containers that do not implement forward: BlockChunk(
  (0-2): 3 x NestedTensorBlock(
    (norm1): LayerNorm((384,), eps=1e-06, elementwise_affine=True)
    (attn): MemEffAttention(
      (qkv): Linear(in_features=384, out_features=1152, bias=True)
      (proj): Linear(in_features=384, out_features=384, bias=True)
      (proj_drop): Dropout(p=0.0, inplace=False)
    )
    (ls1): LayerScale()
    (drop_path1): Identity()
    (norm2): LayerNorm((384,), eps=1e-06, elementwise_affine=True)
    (mlp): Mlp(
      (fc1): Linear(in_features=384, out_features=1536, bias=True)
      (act): GELU(approximate='none')
      (fc2): Linear(in_features=1536, out_features=384, bias=True)
      (drop): Dropout(p=0.0, inplace=False)
    )
    (ls2): LayerScale()
    (drop_path2): Identity()
  )
)
  return fsdp_fn(module, **kwargs)

W20260720 12:27:30 1865461 py.warnings warnings.py:109] /sci/labs/arieljaffe/dan.abergel1/torch_env/lib/python3.11/site-packages/torch/distributed/fsdp/wrap.py:91: UserWarning: FSDP will not all-gather parameters for containers that do not implement forward: BlockChunk(
  (0-2): 3 x Identity()
  (3-5): 3 x NestedTensorBlock(
    (norm1): LayerNorm((384,), eps=1e-06, elementwise_affine=True)
    (attn): MemEffAttention(
      (qkv): Linear(in_features=384, out_features=1152, bias=True)
      (proj): Linear(in_features=384, out_features=384, bias=True)
      (proj_drop): Dropout(p=0.0, inplace=False)
    )
    (ls1): LayerScale()
    (drop_path1): Identity()
    (norm2): LayerNorm((384,), eps=1e-06, elementwise_affine=True)
    (mlp): Mlp(
      (fc1): Linear(in_features=384, out_features=1536, bias=True)
      (act): GELU(approximate='none')
      (fc2): Linear(in_features=1536, out_features=384, bias=True)
      (drop): Dropout(p=0.0, inplace=False)
    )
    (ls2): LayerScale()
    (drop_path2): Identity()
  )
)
  return fsdp_fn(module, **kwargs)

W20260720 12:27:30 1865461 py.warnings warnings.py:109] /sci/labs/arieljaffe/dan.abergel1/torch_env/lib/python3.11/site-packages/torch/distributed/fsdp/wrap.py:91: UserWarning: FSDP will not all-gather parameters for containers that do not implement forward: BlockChunk(
  (0-5): 6 x Identity()
  (6-8): 3 x NestedTensorBlock(
    (norm1): LayerNorm((384,), eps=1e-06, elementwise_affine=True)
    (attn): MemEffAttention(
      (qkv): Linear(in_features=384, out_features=1152, bias=True)
      (proj): Linear(in_features=384, out_features=384, bias=True)
      (proj_drop): Dropout(p=0.0, inplace=False)
    )
    (ls1): LayerScale()
    (drop_path1): Identity()
    (norm2): LayerNorm((384,), eps=1e-06, elementwise_affine=True)
    (mlp): Mlp(
      (fc1): Linear(in_features=384, out_features=1536, bias=True)
      (act): GELU(approximate='none')
      (fc2): Linear(in_features=1536, out_features=384, bias=True)
      (drop): Dropout(p=0.0, inplace=False)
    )
    (ls2): LayerScale()
    (drop_path2): Identity()
  )
)
  return fsdp_fn(module, **kwargs)

W20260720 12:27:30 1865461 py.warnings warnings.py:109] /sci/labs/arieljaffe/dan.abergel1/torch_env/lib/python3.11/site-packages/torch/distributed/fsdp/wrap.py:91: UserWarning: FSDP will not all-gather parameters for containers that do not implement forward: BlockChunk(
  (0-8): 9 x Identity()
  (9-11): 3 x NestedTensorBlock(
    (norm1): LayerNorm((384,), eps=1e-06, elementwise_affine=True)
    (attn): MemEffAttention(
      (qkv): Linear(in_features=384, out_features=1152, bias=True)
      (proj): Linear(in_features=384, out_features=384, bias=True)
      (proj_drop): Dropout(p=0.0, inplace=False)
    )
    (ls1): LayerScale()
    (drop_path1): Identity()
    (norm2): LayerNorm((384,), eps=1e-06, elementwise_affine=True)
    (mlp): Mlp(
      (fc1): Linear(in_features=384, out_features=1536, bias=True)
      (act): GELU(approximate='none')
      (fc2): Linear(in_features=1536, out_features=384, bias=True)
      (drop): Dropout(p=0.0, inplace=False)
    )
    (ls2): LayerScale()
    (drop_path2): Identity()
  )
)
  return fsdp_fn(module, **kwargs)

W20260720 12:27:30 1865461 py.warnings warnings.py:109] /sci/labs/arieljaffe/dan.abergel1/torch_env/lib/python3.11/site-packages/torch/distributed/fsdp/fully_sharded_data_parallel.py:822: FutureWarning: FSDP.state_dict_type() and FSDP.set_state_dict_type() are being deprecated. Please use APIs, get_state_dict() and set_state_dict(), which can support different parallelisms, FSDP1, FSDP2, DDP. API doc: https://pytorch.org/docs/stable/distributed.checkpoint.html#torch.distributed.checkpoint.state_dict.get_state_dict .Tutorial: https://pytorch.org/tutorials/recipes/distributed_checkpoint_recipe.html .
  prev_state_dict_settings = FullyShardedDataParallel.set_state_dict_type(

I20260720 12:27:30 1865461 fvcore.common.checkpoint checkpoint.py:150] [Checkpointer] Loading from /sci/labs/arieljaffe/dan.abergel1/runs/brain/hcp_imgnet_localglobal/model_final.rank_0.pth ...
W20260720 12:27:31 1865461 py.warnings warnings.py:109] /sci/labs/arieljaffe/dan.abergel1/torch_env/lib/python3.11/site-packages/torch/utils/_contextlib.py:124: UserWarning: When using ``NO_SHARD`` for ``ShardingStrategy``, full_state_dict will be returned.
  return func(*args, **kwargs)

W20260720 12:27:31 1865461 py.warnings warnings.py:109] /sci/labs/arieljaffe/dan.abergel1/torch_env/lib/python3.11/site-packages/torch/utils/_contextlib.py:124: UserWarning: When using ``NO_SHARD`` for ``ShardingStrategy``, full_state_dict willbe returned.
  return func(*args, **kwargs)

W20260720 12:27:31 1865461 py.warnings warnings.py:109] /sci/labs/arieljaffe/dan.abergel1/torch_env/lib/python3.11/site-packages/torch/distributed/fsdp/fully_sharded_data_parallel.py:829: FutureWarning: FSDP.state_dict_type() and FSDP.set_state_dict_type() are being deprecated. Please use APIs, get_state_dict() and set_state_dict(), which can support different parallelisms, FSDP1, FSDP2, DDP. API doc: https://pytorch.org/docs/stable/distributed.checkpoint.html#torch.distributed.checkpoint.state_dict.get_state_dict .Tutorial: https://pytorch.org/tutorials/recipes/distributed_checkpoint_recipe.html .
  FullyShardedDataParallel.set_state_dict_type(

extracting brain features...
matched 8672/8672 images, 1084 subjects, classes=['F', 'M']

=== 5-FOLD GROUP CV (Gender) ===
  CV accuracy: 75.87% ± 3.10%   (chance 50.0%)
  folds: ['71.0', '79.1', '74.2', '75.8', '79.2']
========================================
split: 867 train subj / 217 test subj  (6936/1736 images)

============ BRAIN PROBE: Gender ============
  train/test        : 6936/1736  (80:20 stratified)
  classes           : ['F', 'M']   (chance = 50.00%)
  test top-1 accuracy: 75.17%
  balanced accuracy  : 75.36%
  F1 macro           : 75.14%
              precision    recall  f1-score   support

           F      0.711     0.777     0.743       800
           M      0.793     0.730     0.760       936

    accuracy                          0.752      1736
   macro avg      0.752     0.754     0.751      1736
weighted avg      0.755     0.752     0.752      1736

=======================================================
=== hcp_imgnet_localglobal DONE  Mon Jul 20 12:29:01 IDT 2026 ===
