=== periodic probe ON: root=brain2d every=1000 labels=/sci/labs/arieljaffe/dan.abergel1/tmp/HCP_YA_subjects.csv ===
=== ABLATION koleo_on : data=brain2d local_global=1 protos=2048 temp=0.01->0.04 (warmup 25) lr=default dino_w=1 ibot_w=1 koleo=0.1 cv=5  Sun Aug  2 12:50:01 IDT 2026 ===
I20260802 12:51:36 3235501 dinov2 config.py:59] git:
  sha: ec2086b46b6332fa5c76aa6e12df5295ad79d44b, status: clean, branch: imagenette-test

I20260802 12:51:36 3235501 dinov2 config.py:60] config_file: /sci/labs/arieljaffe/dan.abergel1/repos/FAIR_official/dinov2/configs/train/imagenette_vits.yaml
eval: 
eval_only: False
no_resume: True
opts: ['train.dataset_path=ImageFolder:root=/sci/labs/arieljaffe/dan.abergel1//brain2d', 'crops.local_crops_size=224', 'crops.local_crops_scale=[0.32,1.0]', 'teacher.warmup_teacher_temp=0.01', 'teacher.teacher_temp=0.04', 'teacher.warmup_teacher_temp_epochs=25', 'dino.head_n_prototypes=2048', 'ibot.head_n_prototypes=2048', 'dino.koleo_loss_weight=0.1', 'dino.loss_weight=1', 'ibot.loss_weight=1', 'train.centering=centering', 'train.output_dir=/sci/labs/arieljaffe/dan.abergel1/runs/brain/koleo_on']
output_dir: /sci/labs/arieljaffe/dan.abergel1/runs/brain/koleo_on
I20260802 12:51:36 3235501 dinov2 config.py:26] sqrt scaling learning rate; base: 0.004, new: 0.001
I20260802 12:51:36 3235501 dinov2 config.py:33] MODEL:
  WEIGHTS: ''
compute_precision:
  grad_scaler: true
  teacher:
    backbone:
      sharding_strategy: SHARD_GRAD_OP
      mixed_precision:
        param_dtype: fp16
        reduce_dtype: fp16
        buffer_dtype: fp32
    dino_head:
      sharding_strategy: SHARD_GRAD_OP
      mixed_precision:
        param_dtype: fp16
        reduce_dtype: fp16
        buffer_dtype: fp32
    ibot_head:
      sharding_strategy: SHARD_GRAD_OP
      mixed_precision:
        param_dtype: fp16
        reduce_dtype: fp16
        buffer_dtype: fp32
  student:
    backbone:
      sharding_strategy: SHARD_GRAD_OP
      mixed_precision:
        param_dtype: fp16
        reduce_dtype: fp16
        buffer_dtype: fp32
    dino_head:
      sharding_strategy: SHARD_GRAD_OP
      mixed_precision:
        param_dtype: fp16
        reduce_dtype: fp32
        buffer_dtype: fp32
    ibot_head:
      sharding_strategy: SHARD_GRAD_OP
      mixed_precision:
        param_dtype: fp16
        reduce_dtype: fp32
        buffer_dtype: fp32
dino:
  loss_weight: 1
  head_n_prototypes: 2048
  head_bottleneck_dim: 256
  head_nlayers: 3
  head_hidden_dim: 2048
  koleo_loss_weight: 0.1
ibot:
  loss_weight: 1
  mask_sample_probability: 0.5
  mask_ratio_min_max:
  - 0.1
  - 0.5
  separate_head: false
  head_n_prototypes: 2048
  head_bottleneck_dim: 256
  head_nlayers: 3
  head_hidden_dim: 2048
train:
  batch_size_per_gpu: 64
  dataset_path: ImageFolder:root=/sci/labs/arieljaffe/dan.abergel1//brain2d
  output_dir: /sci/labs/arieljaffe/dan.abergel1/runs/brain/koleo_on
  saveckp_freq: 20
  seed: 0
  num_workers: 8
  OFFICIAL_EPOCH_LENGTH: 150
  cache_dataset: true
  centering: centering
  cell_augmentation: false
student:
  arch: vit_small
  patch_size: 16
  drop_path_rate: 0.1
  layerscale: 1.0e-05
  drop_path_uniform: true
  pretrained_weights: ''
  ffn_layer: mlp
  block_chunks: 4
  qkv_bias: true
  proj_bias: true
  ffn_bias: true
  num_register_tokens: 0
  interpolate_antialias: false
  interpolate_offset: 0.1
  in_chans: 3
  channel_adaptive: false
teacher:
  momentum_teacher: 0.992
  final_momentum_teacher: 1
  warmup_teacher_temp: 0.01
  teacher_temp: 0.04
  warmup_teacher_temp_epochs: 25
  in_chans: 3
  channel_adaptive: false
optim:
  epochs: 50
  weight_decay: 0.04
  weight_decay_end: 0.4
  base_lr: 0.004
  lr: 0.001
  warmup_epochs: 5
  min_lr: 1.0e-06
  clip_grad: 3.0
  freeze_last_layer_epochs: 1
  scaling_rule: sqrt_wrt_1024
  patch_embed_lr_mult: 0.2
  layerwise_decay: 0.9
  adamw_beta1: 0.9
  adamw_beta2: 0.999
crops:
  global_crops_scale:
  - 0.32
  - 1.0
  local_crops_number: 8
  local_crops_scale:
  - 0.32
  - 1.0
  global_crops_size: 224
  local_crops_size: 224
evaluation:
  eval_period_iterations: 0

I20260802 12:51:36 3235501 dinov2 vision_transformer.py:125] using MLP layer as FFN
I20260802 12:51:37 3235501 dinov2 vision_transformer.py:125] using MLP layer as FFN
I20260802 12:51:37 3235501 dinov2 ssl_meta_arch.py:44] OPTIONS -- architecture : embed_dim: 384
I20260802 12:51:37 3235501 dinov2 ssl_meta_arch.py:59] OPTIONS -- DINO
I20260802 12:51:37 3235501 dinov2 ssl_meta_arch.py:61] OPTIONS -- DINO -- loss_weight: 1
I20260802 12:51:37 3235501 dinov2 ssl_meta_arch.py:62] OPTIONS -- DINO -- head_n_prototypes: 2048
I20260802 12:51:37 3235501 dinov2 ssl_meta_arch.py:63] OPTIONS -- DINO -- head_bottleneck_dim: 256
I20260802 12:51:37 3235501 dinov2 ssl_meta_arch.py:64] OPTIONS -- DINO -- head_hidden_dim: 2048
I20260802 12:51:37 3235501 dinov2 ssl_meta_arch.py:76] OPTIONS -- DINO -- applying KOLEO regularization
W20260802 12:51:37 3235501 py.warnings warnings.py:109] /sci/labs/arieljaffe/dan.abergel1/torch_env/lib/python3.11/site-packages/torch/nn/utils/weight_norm.py:144: FutureWarning: `torch.nn.utils.weight_norm` is deprecated in favor of `torch.nn.utils.parametrizations.weight_norm`.
  WeightNorm.apply(module, name, dim)

I20260802 12:51:38 3235501 dinov2 ssl_meta_arch.py:86] OPTIONS -- IBOT
I20260802 12:51:38 3235501 dinov2 ssl_meta_arch.py:87] OPTIONS -- IBOT -- loss_weight: 1
I20260802 12:51:38 3235501 dinov2 ssl_meta_arch.py:88] OPTIONS -- IBOT masking -- ibot_mask_ratio_tuple: [0.1, 0.5]
I20260802 12:51:38 3235501 dinov2 ssl_meta_arch.py:89] OPTIONS -- IBOT masking -- ibot_mask_sample_probability: 0.5
I20260802 12:51:38 3235501 dinov2 ssl_meta_arch.py:112] OPTIONS -- IBOT -- head shared with DINO
I20260802 12:51:38 3235501 dinov2 ssl_meta_arch.py:122] Student and Teacher are built: they are both vit_small network.
I20260802 12:51:38 3235501 dinov2 ssl_meta_arch.py:416] DISTRIBUTED FSDP -- preparing model for distributed training
W20260802 12:51:38 3235501 py.warnings warnings.py:109] /sci/labs/arieljaffe/dan.abergel1/torch_env/lib/python3.11/site-packages/torch/distributed/fsdp/wrap.py:91: UserWarning: FSDP will not all-gather parameters for containers that do not implement forward: BlockChunk(
  (0-2): 3 x NestedTensorBlock(
    (norm1): LayerNorm((384,), eps=1e-06, elementwise_affine=True)
    (attn): MemEffAttention(
      (qkv): Linear(in_features=384, out_features=1152, bias=True)
      (proj): Linear(in_features=384, out_features=384, bias=True)
      (proj_drop): Dropout(p=0.0, inplace=False)
    )
    (ls1): LayerScale()
    (drop_path1): DropPath()
    (norm2): LayerNorm((384,), eps=1e-06, elementwise_affine=True)
    (mlp): Mlp(
      (fc1): Linear(in_features=384, out_features=1536, bias=True)
      (act): GELU(approximate='none')
      (fc2): Linear(in_features=1536, out_features=384, bias=True)
      (drop): Dropout(p=0.0, inplace=False)
    )
    (ls2): LayerScale()
    (drop_path2): DropPath()
  )
)
  return fsdp_fn(module, **kwargs)

W20260802 12:51:38 3235501 py.warnings warnings.py:109] /sci/labs/arieljaffe/dan.abergel1/torch_env/lib/python3.11/site-packages/torch/distributed/fsdp/fully_sharded_data_parallel.py:479: UserWarning: FSDP is switching to use `NO_SHARD` instead of ShardingStrategy.SHARD_GRAD_OP since the world size is 1.
  _init_core_state(

W20260802 12:51:39 3235501 py.warnings warnings.py:109] /sci/labs/arieljaffe/dan.abergel1/torch_env/lib/python3.11/site-packages/torch/distributed/fsdp/wrap.py:91: UserWarning: FSDP will not all-gather parameters for containers that do not implement forward: BlockChunk(
  (0-2): 3 x Identity()
  (3-5): 3 x NestedTensorBlock(
    (norm1): LayerNorm((384,), eps=1e-06, elementwise_affine=True)
    (attn): MemEffAttention(
      (qkv): Linear(in_features=384, out_features=1152, bias=True)
      (proj): Linear(in_features=384, out_features=384, bias=True)
      (proj_drop): Dropout(p=0.0, inplace=False)
    )
    (ls1): LayerScale()
    (drop_path1): DropPath()
    (norm2): LayerNorm((384,), eps=1e-06, elementwise_affine=True)
    (mlp): Mlp(
      (fc1): Linear(in_features=384, out_features=1536, bias=True)
      (act): GELU(approximate='none')
      (fc2): Linear(in_features=1536, out_features=384, bias=True)
      (drop): Dropout(p=0.0, inplace=False)
    )
    (ls2): LayerScale()
    (drop_path2): DropPath()
  )
)
  return fsdp_fn(module, **kwargs)

W20260802 12:51:39 3235501 py.warnings warnings.py:109] /sci/labs/arieljaffe/dan.abergel1/torch_env/lib/python3.11/site-packages/torch/distributed/fsdp/wrap.py:91: UserWarning: FSDP will not all-gather parameters for containers that do not implement forward: BlockChunk(
  (0-5): 6 x Identity()
  (6-8): 3 x NestedTensorBlock(
    (norm1): LayerNorm((384,), eps=1e-06, elementwise_affine=True)
    (attn): MemEffAttention(
      (qkv): Linear(in_features=384, out_features=1152, bias=True)
      (proj): Linear(in_features=384, out_features=384, bias=True)
      (proj_drop): Dropout(p=0.0, inplace=False)
    )
    (ls1): LayerScale()
    (drop_path1): DropPath()
    (norm2): LayerNorm((384,), eps=1e-06, elementwise_affine=True)
    (mlp): Mlp(
      (fc1): Linear(in_features=384, out_features=1536, bias=True)
      (act): GELU(approximate='none')
      (fc2): Linear(in_features=1536, out_features=384, bias=True)
      (drop): Dropout(p=0.0, inplace=False)
    )
    (ls2): LayerScale()
    (drop_path2): DropPath()
  )
)
  return fsdp_fn(module, **kwargs)

W20260802 12:51:39 3235501 py.warnings warnings.py:109] /sci/labs/arieljaffe/dan.abergel1/torch_env/lib/python3.11/site-packages/torch/distributed/fsdp/wrap.py:91: UserWarning: FSDP will not all-gather parameters for containers that do not implement forward: BlockChunk(
  (0-8): 9 x Identity()
  (9-11): 3 x NestedTensorBlock(
    (norm1): LayerNorm((384,), eps=1e-06, elementwise_affine=True)
    (attn): MemEffAttention(
      (qkv): Linear(in_features=384, out_features=1152, bias=True)
      (proj): Linear(in_features=384, out_features=384, bias=True)
      (proj_drop): Dropout(p=0.0, inplace=False)
    )
    (ls1): LayerScale()
    (drop_path1): DropPath()
    (norm2): LayerNorm((384,), eps=1e-06, elementwise_affine=True)
    (mlp): Mlp(
      (fc1): Linear(in_features=384, out_features=1536, bias=True)
      (act): GELU(approximate='none')
      (fc2): Linear(in_features=1536, out_features=384, bias=True)
      (drop): Dropout(p=0.0, inplace=False)
    )
    (ls2): LayerScale()
    (drop_path2): DropPath()
  )
)
  return fsdp_fn(module, **kwargs)

W20260802 12:51:39 3235501 py.warnings warnings.py:109] /sci/labs/arieljaffe/dan.abergel1/torch_env/lib/python3.11/site-packages/torch/distributed/fsdp/wrap.py:91: UserWarning: FSDP will not all-gather parameters for containers that do not implement forward: BlockChunk(
  (0-2): 3 x NestedTensorBlock(
    (norm1): LayerNorm((384,), eps=1e-06, elementwise_affine=True)
    (attn): MemEffAttention(
      (qkv): Linear(in_features=384, out_features=1152, bias=True)
      (proj): Linear(in_features=384, out_features=384, bias=True)
      (proj_drop): Dropout(p=0.0, inplace=False)
    )
    (ls1): LayerScale()
    (drop_path1): Identity()
    (norm2): LayerNorm((384,), eps=1e-06, elementwise_affine=True)
    (mlp): Mlp(
      (fc1): Linear(in_features=384, out_features=1536, bias=True)
      (act): GELU(approximate='none')
      (fc2): Linear(in_features=1536, out_features=384, bias=True)
      (drop): Dropout(p=0.0, inplace=False)
    )
    (ls2): LayerScale()
    (drop_path2): Identity()
  )
)
  return fsdp_fn(module, **kwargs)

W20260802 12:51:39 3235501 py.warnings warnings.py:109] /sci/labs/arieljaffe/dan.abergel1/torch_env/lib/python3.11/site-packages/torch/distributed/fsdp/wrap.py:91: UserWarning: FSDP will not all-gather parameters for containers that do not implement forward: BlockChunk(
  (0-2): 3 x Identity()
  (3-5): 3 x NestedTensorBlock(
    (norm1): LayerNorm((384,), eps=1e-06, elementwise_affine=True)
    (attn): MemEffAttention(
      (qkv): Linear(in_features=384, out_features=1152, bias=True)
      (proj): Linear(in_features=384, out_features=384, bias=True)
      (proj_drop): Dropout(p=0.0, inplace=False)
    )
    (ls1): LayerScale()
    (drop_path1): Identity()
    (norm2): LayerNorm((384,), eps=1e-06, elementwise_affine=True)
    (mlp): Mlp(
      (fc1): Linear(in_features=384, out_features=1536, bias=True)
      (act): GELU(approximate='none')
      (fc2): Linear(in_features=1536, out_features=384, bias=True)
      (drop): Dropout(p=0.0, inplace=False)
    )
    (ls2): LayerScale()
    (drop_path2): Identity()
  )
)
  return fsdp_fn(module, **kwargs)

W20260802 12:51:39 3235501 py.warnings warnings.py:109] /sci/labs/arieljaffe/dan.abergel1/torch_env/lib/python3.11/site-packages/torch/distributed/fsdp/wrap.py:91: UserWarning: FSDP will not all-gather parameters for containers that do not implement forward: BlockChunk(
  (0-5): 6 x Identity()
  (6-8): 3 x NestedTensorBlock(
    (norm1): LayerNorm((384,), eps=1e-06, elementwise_affine=True)
    (attn): MemEffAttention(
      (qkv): Linear(in_features=384, out_features=1152, bias=True)
      (proj): Linear(in_features=384, out_features=384, bias=True)
      (proj_drop): Dropout(p=0.0, inplace=False)
    )
    (ls1): LayerScale()
    (drop_path1): Identity()
    (norm2): LayerNorm((384,), eps=1e-06, elementwise_affine=True)
    (mlp): Mlp(
      (fc1): Linear(in_features=384, out_features=1536, bias=True)
      (act): GELU(approximate='none')
      (fc2): Linear(in_features=1536, out_features=384, bias=True)
      (drop): Dropout(p=0.0, inplace=False)
    )
    (ls2): LayerScale()
    (drop_path2): Identity()
  )
)
  return fsdp_fn(module, **kwargs)

W20260802 12:51:39 3235501 py.warnings warnings.py:109] /sci/labs/arieljaffe/dan.abergel1/torch_env/lib/python3.11/site-packages/torch/distributed/fsdp/wrap.py:91: UserWarning: FSDP will not all-gather parameters for containers that do not implement forward: BlockChunk(
  (0-8): 9 x Identity()
  (9-11): 3 x NestedTensorBlock(
    (norm1): LayerNorm((384,), eps=1e-06, elementwise_affine=True)
    (attn): MemEffAttention(
      (qkv): Linear(in_features=384, out_features=1152, bias=True)
      (proj): Linear(in_features=384, out_features=384, bias=True)
      (proj_drop): Dropout(p=0.0, inplace=False)
    )
    (ls1): LayerScale()
    (drop_path1): Identity()
    (norm2): LayerNorm((384,), eps=1e-06, elementwise_affine=True)
    (mlp): Mlp(
      (fc1): Linear(in_features=384, out_features=1536, bias=True)
      (act): GELU(approximate='none')
      (fc2): Linear(in_features=1536, out_features=384, bias=True)
      (drop): Dropout(p=0.0, inplace=False)
    )
    (ls2): LayerScale()
    (drop_path2): Identity()
  )
)
  return fsdp_fn(module, **kwargs)

I20260802 12:51:39 3235501 dinov2 train.py:372] Model:
SSLMetaArch(
  (dino_loss): DINOLoss()
  (koleo_loss): KoLeoLoss(
    (pdist): PairwiseDistance()
  )
  (ibot_patch_loss): iBOTPatchLoss()
  (student): ModuleDict(
    (backbone): FullyShardedDataParallel(
      (_fsdp_wrapped_module): DinoVisionTransformer(
        (patch_embed): PatchEmbed(
          (proj): Conv2d(3, 384, kernel_size=(16, 16), stride=(16, 16))
          (norm): Identity()
        )
        (blocks): ModuleList(
          (0): FullyShardedDataParallel(
            (_fsdp_wrapped_module): BlockChunk(
              (0-2): 3 x NestedTensorBlock(
                (norm1): LayerNorm((384,), eps=1e-06, elementwise_affine=True)
                (attn): MemEffAttention(
                  (qkv): Linear(in_features=384, out_features=1152, bias=True)
                  (proj): Linear(in_features=384, out_features=384, bias=True)
                  (proj_drop): Dropout(p=0.0, inplace=False)
                )
                (ls1): LayerScale()
                (drop_path1): DropPath()
                (norm2): LayerNorm((384,), eps=1e-06, elementwise_affine=True)
                (mlp): Mlp(
                  (fc1): Linear(in_features=384, out_features=1536, bias=True)
                  (act): GELU(approximate='none')
                  (fc2): Linear(in_features=1536, out_features=384, bias=True)
                  (drop): Dropout(p=0.0, inplace=False)
                )
                (ls2): LayerScale()
                (drop_path2): DropPath()
              )
            )
          )
          (1): FullyShardedDataParallel(
            (_fsdp_wrapped_module): BlockChunk(
              (0-2): 3 x Identity()
              (3-5): 3 x NestedTensorBlock(
                (norm1): LayerNorm((384,), eps=1e-06, elementwise_affine=True)
                (attn): MemEffAttention(
                  (qkv): Linear(in_features=384, out_features=1152, bias=True)
                  (proj): Linear(in_features=384, out_features=384, bias=True)
                  (proj_drop): Dropout(p=0.0, inplace=False)
                )
                (ls1): LayerScale()
                (drop_path1): DropPath()
                (norm2): LayerNorm((384,), eps=1e-06, elementwise_affine=True)
                (mlp): Mlp(
                  (fc1): Linear(in_features=384, out_features=1536, bias=True)
                  (act): GELU(approximate='none')
                  (fc2): Linear(in_features=1536, out_features=384, bias=True)
                  (drop): Dropout(p=0.0, inplace=False)
                )
                (ls2): LayerScale()
                (drop_path2): DropPath()
              )
            )
          )
          (2): FullyShardedDataParallel(
            (_fsdp_wrapped_module): BlockChunk(
              (0-5): 6 x Identity()
              (6-8): 3 x NestedTensorBlock(
                (norm1): LayerNorm((384,), eps=1e-06, elementwise_affine=True)
                (attn): MemEffAttention(
                  (qkv): Linear(in_features=384, out_features=1152, bias=True)
                  (proj): Linear(in_features=384, out_features=384, bias=True)
                  (proj_drop): Dropout(p=0.0, inplace=False)
                )
                (ls1): LayerScale()
                (drop_path1): DropPath()
                (norm2): LayerNorm((384,), eps=1e-06, elementwise_affine=True)
                (mlp): Mlp(
                  (fc1): Linear(in_features=384, out_features=1536, bias=True)
                  (act): GELU(approximate='none')
                  (fc2): Linear(in_features=1536, out_features=384, bias=True)
                  (drop): Dropout(p=0.0, inplace=False)
                )
                (ls2): LayerScale()
                (drop_path2): DropPath()
              )
            )
          )
          (3): FullyShardedDataParallel(
            (_fsdp_wrapped_module): BlockChunk(
              (0-8): 9 x Identity()
              (9-11): 3 x NestedTensorBlock(
                (norm1): LayerNorm((384,), eps=1e-06, elementwise_affine=True)
                (attn): MemEffAttention(
                  (qkv): Linear(in_features=384, out_features=1152, bias=True)
                  (proj): Linear(in_features=384, out_features=384, bias=True)
                  (proj_drop): Dropout(p=0.0, inplace=False)
                )
                (ls1): LayerScale()
                (drop_path1): DropPath()
                (norm2): LayerNorm((384,), eps=1e-06, elementwise_affine=True)
                (mlp): Mlp(
                  (fc1): Linear(in_features=384, out_features=1536, bias=True)
                  (act): GELU(approximate='none')
                  (fc2): Linear(in_features=1536, out_features=384, bias=True)
                  (drop): Dropout(p=0.0, inplace=False)
                )
                (ls2): LayerScale()
                (drop_path2): DropPath()
              )
            )
          )
        )
        (norm): LayerNorm((384,), eps=1e-06, elementwise_affine=True)
        (head): Identity()
      )
    )
    (dino_head): FullyShardedDataParallel(
      (_fsdp_wrapped_module): DINOHead(
        (mlp): Sequential(
          (0): Linear(in_features=384, out_features=2048, bias=True)
          (1): GELU(approximate='none')
          (2): Linear(in_features=2048, out_features=2048, bias=True)
          (3): GELU(approximate='none')
          (4): Linear(in_features=2048, out_features=256, bias=True)
        )
        (last_layer): Linear(in_features=256, out_features=2048, bias=False)
      )
    )
  )
  (teacher): ModuleDict(
    (backbone): FullyShardedDataParallel(
      (_fsdp_wrapped_module): DinoVisionTransformer(
        (patch_embed): PatchEmbed(
          (proj): Conv2d(3, 384, kernel_size=(16, 16), stride=(16, 16))
          (norm): Identity()
        )
        (blocks): ModuleList(
          (0): FullyShardedDataParallel(
            (_fsdp_wrapped_module): BlockChunk(
              (0-2): 3 x NestedTensorBlock(
                (norm1): LayerNorm((384,), eps=1e-06, elementwise_affine=True)
                (attn): MemEffAttention(
                  (qkv): Linear(in_features=384, out_features=1152, bias=True)
                  (proj): Linear(in_features=384, out_features=384, bias=True)
                  (proj_drop): Dropout(p=0.0, inplace=False)
                )
                (ls1): LayerScale()
                (drop_path1): Identity()
                (norm2): LayerNorm((384,), eps=1e-06, elementwise_affine=True)
                (mlp): Mlp(
                  (fc1): Linear(in_features=384, out_features=1536, bias=True)
                  (act): GELU(approximate='none')
                  (fc2): Linear(in_features=1536, out_features=384, bias=True)
                  (drop): Dropout(p=0.0, inplace=False)
                )
                (ls2): LayerScale()
                (drop_path2): Identity()
              )
            )
          )
          (1): FullyShardedDataParallel(
            (_fsdp_wrapped_module): BlockChunk(
              (0-2): 3 x Identity()
              (3-5): 3 x NestedTensorBlock(
                (norm1): LayerNorm((384,), eps=1e-06, elementwise_affine=True)
                (attn): MemEffAttention(
                  (qkv): Linear(in_features=384, out_features=1152, bias=True)
                  (proj): Linear(in_features=384, out_features=384, bias=True)
                  (proj_drop): Dropout(p=0.0, inplace=False)
                )
                (ls1): LayerScale()
                (drop_path1): Identity()
                (norm2): LayerNorm((384,), eps=1e-06, elementwise_affine=True)
                (mlp): Mlp(
                  (fc1): Linear(in_features=384, out_features=1536, bias=True)
                  (act): GELU(approximate='none')
                  (fc2): Linear(in_features=1536, out_features=384, bias=True)
                  (drop): Dropout(p=0.0, inplace=False)
                )
                (ls2): LayerScale()
                (drop_path2): Identity()
              )
            )
          )
          (2): FullyShardedDataParallel(
            (_fsdp_wrapped_module): BlockChunk(
              (0-5): 6 x Identity()
              (6-8): 3 x NestedTensorBlock(
                (norm1): LayerNorm((384,), eps=1e-06, elementwise_affine=True)
                (attn): MemEffAttention(
                  (qkv): Linear(in_features=384, out_features=1152, bias=True)
                  (proj): Linear(in_features=384, out_features=384, bias=True)
                  (proj_drop): Dropout(p=0.0, inplace=False)
                )
                (ls1): LayerScale()
                (drop_path1): Identity()
                (norm2): LayerNorm((384,), eps=1e-06, elementwise_affine=True)
                (mlp): Mlp(
                  (fc1): Linear(in_features=384, out_features=1536, bias=True)
                  (act): GELU(approximate='none')
                  (fc2): Linear(in_features=1536, out_features=384, bias=True)
                  (drop): Dropout(p=0.0, inplace=False)
                )
                (ls2): LayerScale()
                (drop_path2): Identity()
              )
            )
          )
          (3): FullyShardedDataParallel(
            (_fsdp_wrapped_module): BlockChunk(
              (0-8): 9 x Identity()
              (9-11): 3 x NestedTensorBlock(
                (norm1): LayerNorm((384,), eps=1e-06, elementwise_affine=True)
                (attn): MemEffAttention(
                  (qkv): Linear(in_features=384, out_features=1152, bias=True)
                  (proj): Linear(in_features=384, out_features=384, bias=True)
                  (proj_drop): Dropout(p=0.0, inplace=False)
                )
                (ls1): LayerScale()
                (drop_path1): Identity()
                (norm2): LayerNorm((384,), eps=1e-06, elementwise_affine=True)
                (mlp): Mlp(
                  (fc1): Linear(in_features=384, out_features=1536, bias=True)
                  (act): GELU(approximate='none')
                  (fc2): Linear(in_features=1536, out_features=384, bias=True)
                  (drop): Dropout(p=0.0, inplace=False)
                )
                (ls2): LayerScale()
                (drop_path2): Identity()
              )
            )
          )
        )
        (norm): LayerNorm((384,), eps=1e-06, elementwise_affine=True)
        (head): Identity()
      )
    )
    (dino_head): FullyShardedDataParallel(
      (_fsdp_wrapped_module): DINOHead(
        (mlp): Sequential(
          (0): Linear(in_features=384, out_features=2048, bias=True)
          (1): GELU(approximate='none')
          (2): Linear(in_features=2048, out_features=2048, bias=True)
          (3): GELU(approximate='none')
          (4): Linear(in_features=2048, out_features=256, bias=True)
        )
        (last_layer): Linear(in_features=256, out_features=2048, bias=False)
      )
    )
  )
)
I20260802 12:51:39 3235501 dinov2 param_groups.py:54] chunked fsdp
I20260802 12:51:39 3235501 dinov2 param_groups.py:87] cls_token: lr_multiplier: 0.2541865828329001, wd_multiplier: 1.0
I20260802 12:51:39 3235501 dinov2 param_groups.py:87] pos_embed: lr_multiplier: 0.2541865828329001, wd_multiplier: 1.0
I20260802 12:51:39 3235501 dinov2 param_groups.py:87] mask_token: lr_multiplier: 0.2541865828329001, wd_multiplier: 1.0
I20260802 12:51:39 3235501 dinov2 param_groups.py:87] patch_embed.proj.weight: lr_multiplier: 0.05083731656658002, wd_multiplier: 1.0
I20260802 12:51:39 3235501 dinov2 param_groups.py:87] patch_embed.proj.bias: lr_multiplier: 0.05083731656658002, wd_multiplier: 0.0
I20260802 12:51:39 3235501 dinov2 param_groups.py:87] blocks.0.0.norm1.weight: lr_multiplier: 0.2824295364810001, wd_multiplier: 0.0
I20260802 12:51:39 3235501 dinov2 param_groups.py:87] blocks.0.0.norm1.bias: lr_multiplier: 0.2824295364810001, wd_multiplier: 0.0
I20260802 12:51:39 3235501 dinov2 param_groups.py:87] blocks.0.0.attn.qkv.weight: lr_multiplier: 0.2824295364810001, wd_multiplier: 1.0
I20260802 12:51:39 3235501 dinov2 param_groups.py:87] blocks.0.0.attn.qkv.bias: lr_multiplier: 0.2824295364810001, wd_multiplier: 0.0
I20260802 12:51:39 3235501 dinov2 param_groups.py:87] blocks.0.0.attn.proj.weight: lr_multiplier: 0.2824295364810001, wd_multiplier: 1.0
I20260802 12:51:39 3235501 dinov2 param_groups.py:87] blocks.0.0.attn.proj.bias: lr_multiplier: 0.2824295364810001, wd_multiplier: 0.0
I20260802 12:51:39 3235501 dinov2 param_groups.py:87] blocks.0.0.ls1.gamma: lr_multiplier: 0.2824295364810001, wd_multiplier: 0.0
I20260802 12:51:39 3235501 dinov2 param_groups.py:87] blocks.0.0.norm2.weight: lr_multiplier: 0.2824295364810001, wd_multiplier: 0.0
I20260802 12:51:39 3235501 dinov2 param_groups.py:87] blocks.0.0.norm2.bias: lr_multiplier: 0.2824295364810001, wd_multiplier: 0.0
I20260802 12:51:39 3235501 dinov2 param_groups.py:87] blocks.0.0.mlp.fc1.weight: lr_multiplier: 0.2824295364810001, wd_multiplier: 1.0
I20260802 12:51:39 3235501 dinov2 param_groups.py:87] blocks.0.0.mlp.fc1.bias: lr_multiplier: 0.2824295364810001, wd_multiplier: 0.0
I20260802 12:51:39 3235501 dinov2 param_groups.py:87] blocks.0.0.mlp.fc2.weight: lr_multiplier: 0.2824295364810001, wd_multiplier: 1.0
I20260802 12:51:39 3235501 dinov2 param_groups.py:87] blocks.0.0.mlp.fc2.bias: lr_multiplier: 0.2824295364810001, wd_multiplier: 0.0
I20260802 12:51:39 3235501 dinov2 param_groups.py:87] blocks.0.0.ls2.gamma: lr_multiplier: 0.2824295364810001, wd_multiplier: 0.0
I20260802 12:51:39 3235501 dinov2 param_groups.py:87] blocks.0.1.norm1.weight: lr_multiplier: 0.31381059609000006, wd_multiplier: 0.0
I20260802 12:51:39 3235501 dinov2 param_groups.py:87] blocks.0.1.norm1.bias: lr_multiplier: 0.31381059609000006, wd_multiplier: 0.0
I20260802 12:51:39 3235501 dinov2 param_groups.py:87] blocks.0.1.attn.qkv.weight: lr_multiplier: 0.31381059609000006, wd_multiplier: 1.0
I20260802 12:51:39 3235501 dinov2 param_groups.py:87] blocks.0.1.attn.qkv.bias: lr_multiplier: 0.31381059609000006, wd_multiplier: 0.0
I20260802 12:51:39 3235501 dinov2 param_groups.py:87] blocks.0.1.attn.proj.weight: lr_multiplier: 0.31381059609000006, wd_multiplier: 1.0
I20260802 12:51:39 3235501 dinov2 param_groups.py:87] blocks.0.1.attn.proj.bias: lr_multiplier: 0.31381059609000006, wd_multiplier: 0.0
I20260802 12:51:39 3235501 dinov2 param_groups.py:87] blocks.0.1.ls1.gamma: lr_multiplier: 0.31381059609000006, wd_multiplier: 0.0
I20260802 12:51:39 3235501 dinov2 param_groups.py:87] blocks.0.1.norm2.weight: lr_multiplier: 0.31381059609000006, wd_multiplier: 0.0
I20260802 12:51:39 3235501 dinov2 param_groups.py:87] blocks.0.1.norm2.bias: lr_multiplier: 0.31381059609000006, wd_multiplier: 0.0
I20260802 12:51:39 3235501 dinov2 param_groups.py:87] blocks.0.1.mlp.fc1.weight: lr_multiplier: 0.31381059609000006, wd_multiplier: 1.0
I20260802 12:51:39 3235501 dinov2 param_groups.py:87] blocks.0.1.mlp.fc1.bias: lr_multiplier: 0.31381059609000006, wd_multiplier: 0.0
I20260802 12:51:39 3235501 dinov2 param_groups.py:87] blocks.0.1.mlp.fc2.weight: lr_multiplier: 0.31381059609000006, wd_multiplier: 1.0
I20260802 12:51:39 3235501 dinov2 param_groups.py:87] blocks.0.1.mlp.fc2.bias: lr_multiplier: 0.31381059609000006, wd_multiplier: 0.0
I20260802 12:51:39 3235501 dinov2 param_groups.py:87] blocks.0.1.ls2.gamma: lr_multiplier: 0.31381059609000006, wd_multiplier: 0.0
I20260802 12:51:39 3235501 dinov2 param_groups.py:87] blocks.0.2.norm1.weight: lr_multiplier: 0.3486784401000001, wd_multiplier: 0.0
I20260802 12:51:39 3235501 dinov2 param_groups.py:87] blocks.0.2.norm1.bias: lr_multiplier: 0.3486784401000001, wd_multiplier: 0.0
I20260802 12:51:39 3235501 dinov2 param_groups.py:87] blocks.0.2.attn.qkv.weight: lr_multiplier: 0.3486784401000001, wd_multiplier: 1.0
I20260802 12:51:39 3235501 dinov2 param_groups.py:87] blocks.0.2.attn.qkv.bias: lr_multiplier: 0.3486784401000001, wd_multiplier: 0.0
I20260802 12:51:39 3235501 dinov2 param_groups.py:87] blocks.0.2.attn.proj.weight: lr_multiplier: 0.3486784401000001, wd_multiplier: 1.0
I20260802 12:51:39 3235501 dinov2 param_groups.py:87] blocks.0.2.attn.proj.bias: lr_multiplier: 0.3486784401000001, wd_multiplier: 0.0
I20260802 12:51:39 3235501 dinov2 param_groups.py:87] blocks.0.2.ls1.gamma: lr_multiplier: 0.3486784401000001, wd_multiplier: 0.0
I20260802 12:51:39 3235501 dinov2 param_groups.py:87] blocks.0.2.norm2.weight: lr_multiplier: 0.3486784401000001, wd_multiplier: 0.0
I20260802 12:51:39 3235501 dinov2 param_groups.py:87] blocks.0.2.norm2.bias: lr_multiplier: 0.3486784401000001, wd_multiplier: 0.0
I20260802 12:51:39 3235501 dinov2 param_groups.py:87] blocks.0.2.mlp.fc1.weight: lr_multiplier: 0.3486784401000001, wd_multiplier: 1.0
I20260802 12:51:39 3235501 dinov2 param_groups.py:87] blocks.0.2.mlp.fc1.bias: lr_multiplier: 0.3486784401000001, wd_multiplier: 0.0
I20260802 12:51:39 3235501 dinov2 param_groups.py:87] blocks.0.2.mlp.fc2.weight: lr_multiplier: 0.3486784401000001, wd_multiplier: 1.0
I20260802 12:51:39 3235501 dinov2 param_groups.py:87] blocks.0.2.mlp.fc2.bias: lr_multiplier: 0.3486784401000001, wd_multiplier: 0.0
I20260802 12:51:39 3235501 dinov2 param_groups.py:87] blocks.0.2.ls2.gamma: lr_multiplier: 0.3486784401000001, wd_multiplier: 0.0
I20260802 12:51:39 3235501 dinov2 param_groups.py:87] blocks.1.3.norm1.weight: lr_multiplier: 0.3874204890000001, wd_multiplier: 0.0
I20260802 12:51:39 3235501 dinov2 param_groups.py:87] blocks.1.3.norm1.bias: lr_multiplier: 0.3874204890000001, wd_multiplier: 0.0
I20260802 12:51:39 3235501 dinov2 param_groups.py:87] blocks.1.3.attn.qkv.weight: lr_multiplier: 0.3874204890000001, wd_multiplier: 1.0
I20260802 12:51:39 3235501 dinov2 param_groups.py:87] blocks.1.3.attn.qkv.bias: lr_multiplier: 0.3874204890000001, wd_multiplier: 0.0
I20260802 12:51:39 3235501 dinov2 param_groups.py:87] blocks.1.3.attn.proj.weight: lr_multiplier: 0.3874204890000001, wd_multiplier: 1.0
I20260802 12:51:39 3235501 dinov2 param_groups.py:87] blocks.1.3.attn.proj.bias: lr_multiplier: 0.3874204890000001, wd_multiplier: 0.0
I20260802 12:51:39 3235501 dinov2 param_groups.py:87] blocks.1.3.ls1.gamma: lr_multiplier: 0.3874204890000001, wd_multiplier: 0.0
I20260802 12:51:39 3235501 dinov2 param_groups.py:87] blocks.1.3.norm2.weight: lr_multiplier: 0.3874204890000001, wd_multiplier: 0.0
I20260802 12:51:39 3235501 dinov2 param_groups.py:87] blocks.1.3.norm2.bias: lr_multiplier: 0.3874204890000001, wd_multiplier: 0.0
I20260802 12:51:39 3235501 dinov2 param_groups.py:87] blocks.1.3.mlp.fc1.weight: lr_multiplier: 0.3874204890000001, wd_multiplier: 1.0
I20260802 12:51:39 3235501 dinov2 param_groups.py:87] blocks.1.3.mlp.fc1.bias: lr_multiplier: 0.3874204890000001, wd_multiplier: 0.0
I20260802 12:51:39 3235501 dinov2 param_groups.py:87] blocks.1.3.mlp.fc2.weight: lr_multiplier: 0.3874204890000001, wd_multiplier: 1.0
I20260802 12:51:39 3235501 dinov2 param_groups.py:87] blocks.1.3.mlp.fc2.bias: lr_multiplier: 0.3874204890000001, wd_multiplier: 0.0
I20260802 12:51:39 3235501 dinov2 param_groups.py:87] blocks.1.3.ls2.gamma: lr_multiplier: 0.3874204890000001, wd_multiplier: 0.0
I20260802 12:51:39 3235501 dinov2 param_groups.py:87] blocks.1.4.norm1.weight: lr_multiplier: 0.4304672100000001, wd_multiplier: 0.0
I20260802 12:51:39 3235501 dinov2 param_groups.py:87] blocks.1.4.norm1.bias: lr_multiplier: 0.4304672100000001, wd_multiplier: 0.0
I20260802 12:51:39 3235501 dinov2 param_groups.py:87] blocks.1.4.attn.qkv.weight: lr_multiplier: 0.4304672100000001, wd_multiplier: 1.0
I20260802 12:51:39 3235501 dinov2 param_groups.py:87] blocks.1.4.attn.qkv.bias: lr_multiplier: 0.4304672100000001, wd_multiplier: 0.0
I20260802 12:51:39 3235501 dinov2 param_groups.py:87] blocks.1.4.attn.proj.weight: lr_multiplier: 0.4304672100000001, wd_multiplier: 1.0
I20260802 12:51:39 3235501 dinov2 param_groups.py:87] blocks.1.4.attn.proj.bias: lr_multiplier: 0.4304672100000001, wd_multiplier: 0.0
I20260802 12:51:39 3235501 dinov2 param_groups.py:87] blocks.1.4.ls1.gamma: lr_multiplier: 0.4304672100000001, wd_multiplier: 0.0
I20260802 12:51:39 3235501 dinov2 param_groups.py:87] blocks.1.4.norm2.weight: lr_multiplier: 0.4304672100000001, wd_multiplier: 0.0
I20260802 12:51:39 3235501 dinov2 param_groups.py:87] blocks.1.4.norm2.bias: lr_multiplier: 0.4304672100000001, wd_multiplier: 0.0
I20260802 12:51:39 3235501 dinov2 param_groups.py:87] blocks.1.4.mlp.fc1.weight: lr_multiplier: 0.4304672100000001, wd_multiplier: 1.0
I20260802 12:51:39 3235501 dinov2 param_groups.py:87] blocks.1.4.mlp.fc1.bias: lr_multiplier: 0.4304672100000001, wd_multiplier: 0.0
I20260802 12:51:39 3235501 dinov2 param_groups.py:87] blocks.1.4.mlp.fc2.weight: lr_multiplier: 0.4304672100000001, wd_multiplier: 1.0
I20260802 12:51:39 3235501 dinov2 param_groups.py:87] blocks.1.4.mlp.fc2.bias: lr_multiplier: 0.4304672100000001, wd_multiplier: 0.0
I20260802 12:51:39 3235501 dinov2 param_groups.py:87] blocks.1.4.ls2.gamma: lr_multiplier: 0.4304672100000001, wd_multiplier: 0.0
I20260802 12:51:39 3235501 dinov2 param_groups.py:87] blocks.1.5.norm1.weight: lr_multiplier: 0.4782969000000001, wd_multiplier: 0.0
I20260802 12:51:39 3235501 dinov2 param_groups.py:87] blocks.1.5.norm1.bias: lr_multiplier: 0.4782969000000001, wd_multiplier: 0.0
I20260802 12:51:39 3235501 dinov2 param_groups.py:87] blocks.1.5.attn.qkv.weight: lr_multiplier: 0.4782969000000001, wd_multiplier: 1.0
I20260802 12:51:39 3235501 dinov2 param_groups.py:87] blocks.1.5.attn.qkv.bias: lr_multiplier: 0.4782969000000001, wd_multiplier: 0.0
I20260802 12:51:39 3235501 dinov2 param_groups.py:87] blocks.1.5.attn.proj.weight: lr_multiplier: 0.4782969000000001, wd_multiplier: 1.0
I20260802 12:51:39 3235501 dinov2 param_groups.py:87] blocks.1.5.attn.proj.bias: lr_multiplier: 0.4782969000000001, wd_multiplier: 0.0
I20260802 12:51:39 3235501 dinov2 param_groups.py:87] blocks.1.5.ls1.gamma: lr_multiplier: 0.4782969000000001, wd_multiplier: 0.0
I20260802 12:51:39 3235501 dinov2 param_groups.py:87] blocks.1.5.norm2.weight: lr_multiplier: 0.4782969000000001, wd_multiplier: 0.0
I20260802 12:51:39 3235501 dinov2 param_groups.py:87] blocks.1.5.norm2.bias: lr_multiplier: 0.4782969000000001, wd_multiplier: 0.0
I20260802 12:51:39 3235501 dinov2 param_groups.py:87] blocks.1.5.mlp.fc1.weight: lr_multiplier: 0.4782969000000001, wd_multiplier: 1.0
I20260802 12:51:39 3235501 dinov2 param_groups.py:87] blocks.1.5.mlp.fc1.bias: lr_multiplier: 0.4782969000000001, wd_multiplier: 0.0
I20260802 12:51:39 3235501 dinov2 param_groups.py:87] blocks.1.5.mlp.fc2.weight: lr_multiplier: 0.4782969000000001, wd_multiplier: 1.0
I20260802 12:51:39 3235501 dinov2 param_groups.py:87] blocks.1.5.mlp.fc2.bias: lr_multiplier: 0.4782969000000001, wd_multiplier: 0.0
I20260802 12:51:39 3235501 dinov2 param_groups.py:87] blocks.1.5.ls2.gamma: lr_multiplier: 0.4782969000000001, wd_multiplier: 0.0
I20260802 12:51:39 3235501 dinov2 param_groups.py:87] blocks.2.6.norm1.weight: lr_multiplier: 0.531441, wd_multiplier: 0.0
I20260802 12:51:39 3235501 dinov2 param_groups.py:87] blocks.2.6.norm1.bias: lr_multiplier: 0.531441, wd_multiplier: 0.0
I20260802 12:51:39 3235501 dinov2 param_groups.py:87] blocks.2.6.attn.qkv.weight: lr_multiplier: 0.531441, wd_multiplier: 1.0
I20260802 12:51:39 3235501 dinov2 param_groups.py:87] blocks.2.6.attn.qkv.bias: lr_multiplier: 0.531441, wd_multiplier: 0.0
I20260802 12:51:39 3235501 dinov2 param_groups.py:87] blocks.2.6.attn.proj.weight: lr_multiplier: 0.531441, wd_multiplier: 1.0
I20260802 12:51:39 3235501 dinov2 param_groups.py:87] blocks.2.6.attn.proj.bias: lr_multiplier: 0.531441, wd_multiplier: 0.0
I20260802 12:51:39 3235501 dinov2 param_groups.py:87] blocks.2.6.ls1.gamma: lr_multiplier: 0.531441, wd_multiplier: 0.0
I20260802 12:51:39 3235501 dinov2 param_groups.py:87] blocks.2.6.norm2.weight: lr_multiplier: 0.531441, wd_multiplier: 0.0
I20260802 12:51:39 3235501 dinov2 param_groups.py:87] blocks.2.6.norm2.bias: lr_multiplier: 0.531441, wd_multiplier: 0.0
I20260802 12:51:39 3235501 dinov2 param_groups.py:87] blocks.2.6.mlp.fc1.weight: lr_multiplier: 0.531441, wd_multiplier: 1.0
I20260802 12:51:39 3235501 dinov2 param_groups.py:87] blocks.2.6.mlp.fc1.bias: lr_multiplier: 0.531441, wd_multiplier: 0.0
I20260802 12:51:39 3235501 dinov2 param_groups.py:87] blocks.2.6.mlp.fc2.weight: lr_multiplier: 0.531441, wd_multiplier: 1.0
I20260802 12:51:39 3235501 dinov2 param_groups.py:87] blocks.2.6.mlp.fc2.bias: lr_multiplier: 0.531441, wd_multiplier: 0.0
I20260802 12:51:39 3235501 dinov2 param_groups.py:87] blocks.2.6.ls2.gamma: lr_multiplier: 0.531441, wd_multiplier: 0.0
I20260802 12:51:39 3235501 dinov2 param_groups.py:87] blocks.2.7.norm1.weight: lr_multiplier: 0.5904900000000001, wd_multiplier: 0.0
I20260802 12:51:39 3235501 dinov2 param_groups.py:87] blocks.2.7.norm1.bias: lr_multiplier: 0.5904900000000001, wd_multiplier: 0.0
I20260802 12:51:39 3235501 dinov2 param_groups.py:87] blocks.2.7.attn.qkv.weight: lr_multiplier: 0.5904900000000001, wd_multiplier: 1.0
I20260802 12:51:39 3235501 dinov2 param_groups.py:87] blocks.2.7.attn.qkv.bias: lr_multiplier: 0.5904900000000001, wd_multiplier: 0.0
I20260802 12:51:39 3235501 dinov2 param_groups.py:87] blocks.2.7.attn.proj.weight: lr_multiplier: 0.5904900000000001, wd_multiplier: 1.0
I20260802 12:51:39 3235501 dinov2 param_groups.py:87] blocks.2.7.attn.proj.bias: lr_multiplier: 0.5904900000000001, wd_multiplier: 0.0
I20260802 12:51:39 3235501 dinov2 param_groups.py:87] blocks.2.7.ls1.gamma: lr_multiplier: 0.5904900000000001, wd_multiplier: 0.0
I20260802 12:51:39 3235501 dinov2 param_groups.py:87] blocks.2.7.norm2.weight: lr_multiplier: 0.5904900000000001, wd_multiplier: 0.0
I20260802 12:51:39 3235501 dinov2 param_groups.py:87] blocks.2.7.norm2.bias: lr_multiplier: 0.5904900000000001, wd_multiplier: 0.0
I20260802 12:51:39 3235501 dinov2 param_groups.py:87] blocks.2.7.mlp.fc1.weight: lr_multiplier: 0.5904900000000001, wd_multiplier: 1.0
I20260802 12:51:39 3235501 dinov2 param_groups.py:87] blocks.2.7.mlp.fc1.bias: lr_multiplier: 0.5904900000000001, wd_multiplier: 0.0
I20260802 12:51:39 3235501 dinov2 param_groups.py:87] blocks.2.7.mlp.fc2.weight: lr_multiplier: 0.5904900000000001, wd_multiplier: 1.0
I20260802 12:51:39 3235501 dinov2 param_groups.py:87] blocks.2.7.mlp.fc2.bias: lr_multiplier: 0.5904900000000001, wd_multiplier: 0.0
I20260802 12:51:39 3235501 dinov2 param_groups.py:87] blocks.2.7.ls2.gamma: lr_multiplier: 0.5904900000000001, wd_multiplier: 0.0
I20260802 12:51:39 3235501 dinov2 param_groups.py:87] blocks.2.8.norm1.weight: lr_multiplier: 0.6561, wd_multiplier: 0.0
I20260802 12:51:39 3235501 dinov2 param_groups.py:87] blocks.2.8.norm1.bias: lr_multiplier: 0.6561, wd_multiplier: 0.0
I20260802 12:51:39 3235501 dinov2 param_groups.py:87] blocks.2.8.attn.qkv.weight: lr_multiplier: 0.6561, wd_multiplier: 1.0
I20260802 12:51:39 3235501 dinov2 param_groups.py:87] blocks.2.8.attn.qkv.bias: lr_multiplier: 0.6561, wd_multiplier: 0.0
I20260802 12:51:39 3235501 dinov2 param_groups.py:87] blocks.2.8.attn.proj.weight: lr_multiplier: 0.6561, wd_multiplier: 1.0
I20260802 12:51:39 3235501 dinov2 param_groups.py:87] blocks.2.8.attn.proj.bias: lr_multiplier: 0.6561, wd_multiplier: 0.0
I20260802 12:51:39 3235501 dinov2 param_groups.py:87] blocks.2.8.ls1.gamma: lr_multiplier: 0.6561, wd_multiplier: 0.0
I20260802 12:51:39 3235501 dinov2 param_groups.py:87] blocks.2.8.norm2.weight: lr_multiplier: 0.6561, wd_multiplier: 0.0
I20260802 12:51:39 3235501 dinov2 param_groups.py:87] blocks.2.8.norm2.bias: lr_multiplier: 0.6561, wd_multiplier: 0.0
I20260802 12:51:39 3235501 dinov2 param_groups.py:87] blocks.2.8.mlp.fc1.weight: lr_multiplier: 0.6561, wd_multiplier: 1.0
I20260802 12:51:39 3235501 dinov2 param_groups.py:87] blocks.2.8.mlp.fc1.bias: lr_multiplier: 0.6561, wd_multiplier: 0.0
I20260802 12:51:39 3235501 dinov2 param_groups.py:87] blocks.2.8.mlp.fc2.weight: lr_multiplier: 0.6561, wd_multiplier: 1.0
I20260802 12:51:39 3235501 dinov2 param_groups.py:87] blocks.2.8.mlp.fc2.bias: lr_multiplier: 0.6561, wd_multiplier: 0.0
I20260802 12:51:39 3235501 dinov2 param_groups.py:87] blocks.2.8.ls2.gamma: lr_multiplier: 0.6561, wd_multiplier: 0.0
I20260802 12:51:39 3235501 dinov2 param_groups.py:87] blocks.3.9.norm1.weight: lr_multiplier: 0.7290000000000001, wd_multiplier: 0.0
I20260802 12:51:39 3235501 dinov2 param_groups.py:87] blocks.3.9.norm1.bias: lr_multiplier: 0.7290000000000001, wd_multiplier: 0.0
I20260802 12:51:39 3235501 dinov2 param_groups.py:87] blocks.3.9.attn.qkv.weight: lr_multiplier: 0.7290000000000001, wd_multiplier: 1.0
I20260802 12:51:39 3235501 dinov2 param_groups.py:87] blocks.3.9.attn.qkv.bias: lr_multiplier: 0.7290000000000001, wd_multiplier: 0.0
I20260802 12:51:39 3235501 dinov2 param_groups.py:87] blocks.3.9.attn.proj.weight: lr_multiplier: 0.7290000000000001, wd_multiplier: 1.0
I20260802 12:51:39 3235501 dinov2 param_groups.py:87] blocks.3.9.attn.proj.bias: lr_multiplier: 0.7290000000000001, wd_multiplier: 0.0
I20260802 12:51:39 3235501 dinov2 param_groups.py:87] blocks.3.9.ls1.gamma: lr_multiplier: 0.7290000000000001, wd_multiplier: 0.0
I20260802 12:51:39 3235501 dinov2 param_groups.py:87] blocks.3.9.norm2.weight: lr_multiplier: 0.7290000000000001, wd_multiplier: 0.0
I20260802 12:51:39 3235501 dinov2 param_groups.py:87] blocks.3.9.norm2.bias: lr_multiplier: 0.7290000000000001, wd_multiplier: 0.0
I20260802 12:51:39 3235501 dinov2 param_groups.py:87] blocks.3.9.mlp.fc1.weight: lr_multiplier: 0.7290000000000001, wd_multiplier: 1.0
I20260802 12:51:39 3235501 dinov2 param_groups.py:87] blocks.3.9.mlp.fc1.bias: lr_multiplier: 0.7290000000000001, wd_multiplier: 0.0
I20260802 12:51:39 3235501 dinov2 param_groups.py:87] blocks.3.9.mlp.fc2.weight: lr_multiplier: 0.7290000000000001, wd_multiplier: 1.0
I20260802 12:51:39 3235501 dinov2 param_groups.py:87] blocks.3.9.mlp.fc2.bias: lr_multiplier: 0.7290000000000001, wd_multiplier: 0.0
I20260802 12:51:39 3235501 dinov2 param_groups.py:87] blocks.3.9.ls2.gamma: lr_multiplier: 0.7290000000000001, wd_multiplier: 0.0
I20260802 12:51:39 3235501 dinov2 param_groups.py:87] blocks.3.10.norm1.weight: lr_multiplier: 0.81, wd_multiplier: 0.0
I20260802 12:51:39 3235501 dinov2 param_groups.py:87] blocks.3.10.norm1.bias: lr_multiplier: 0.81, wd_multiplier: 0.0
I20260802 12:51:39 3235501 dinov2 param_groups.py:87] blocks.3.10.attn.qkv.weight: lr_multiplier: 0.81, wd_multiplier: 1.0
I20260802 12:51:39 3235501 dinov2 param_groups.py:87] blocks.3.10.attn.qkv.bias: lr_multiplier: 0.81, wd_multiplier: 0.0
I20260802 12:51:39 3235501 dinov2 param_groups.py:87] blocks.3.10.attn.proj.weight: lr_multiplier: 0.81, wd_multiplier: 1.0
I20260802 12:51:39 3235501 dinov2 param_groups.py:87] blocks.3.10.attn.proj.bias: lr_multiplier: 0.81, wd_multiplier: 0.0
I20260802 12:51:39 3235501 dinov2 param_groups.py:87] blocks.3.10.ls1.gamma: lr_multiplier: 0.81, wd_multiplier: 0.0
I20260802 12:51:39 3235501 dinov2 param_groups.py:87] blocks.3.10.norm2.weight: lr_multiplier: 0.81, wd_multiplier: 0.0
I20260802 12:51:39 3235501 dinov2 param_groups.py:87] blocks.3.10.norm2.bias: lr_multiplier: 0.81, wd_multiplier: 0.0
I20260802 12:51:39 3235501 dinov2 param_groups.py:87] blocks.3.10.mlp.fc1.weight: lr_multiplier: 0.81, wd_multiplier: 1.0
I20260802 12:51:39 3235501 dinov2 param_groups.py:87] blocks.3.10.mlp.fc1.bias: lr_multiplier: 0.81, wd_multiplier: 0.0
I20260802 12:51:39 3235501 dinov2 param_groups.py:87] blocks.3.10.mlp.fc2.weight: lr_multiplier: 0.81, wd_multiplier: 1.0
I20260802 12:51:39 3235501 dinov2 param_groups.py:87] blocks.3.10.mlp.fc2.bias: lr_multiplier: 0.81, wd_multiplier: 0.0
I20260802 12:51:39 3235501 dinov2 param_groups.py:87] blocks.3.10.ls2.gamma: lr_multiplier: 0.81, wd_multiplier: 0.0
I20260802 12:51:39 3235501 dinov2 param_groups.py:87] blocks.3.11.norm1.weight: lr_multiplier: 0.9, wd_multiplier: 0.0
I20260802 12:51:39 3235501 dinov2 param_groups.py:87] blocks.3.11.norm1.bias: lr_multiplier: 0.9, wd_multiplier: 0.0
I20260802 12:51:39 3235501 dinov2 param_groups.py:87] blocks.3.11.attn.qkv.weight: lr_multiplier: 0.9, wd_multiplier: 1.0
I20260802 12:51:39 3235501 dinov2 param_groups.py:87] blocks.3.11.attn.qkv.bias: lr_multiplier: 0.9, wd_multiplier: 0.0
I20260802 12:51:39 3235501 dinov2 param_groups.py:87] blocks.3.11.attn.proj.weight: lr_multiplier: 0.9, wd_multiplier: 1.0
I20260802 12:51:39 3235501 dinov2 param_groups.py:87] blocks.3.11.attn.proj.bias: lr_multiplier: 0.9, wd_multiplier: 0.0
I20260802 12:51:39 3235501 dinov2 param_groups.py:87] blocks.3.11.ls1.gamma: lr_multiplier: 0.9, wd_multiplier: 0.0
I20260802 12:51:39 3235501 dinov2 param_groups.py:87] blocks.3.11.norm2.weight: lr_multiplier: 0.9, wd_multiplier: 0.0
I20260802 12:51:39 3235501 dinov2 param_groups.py:87] blocks.3.11.norm2.bias: lr_multiplier: 0.9, wd_multiplier: 0.0
I20260802 12:51:39 3235501 dinov2 param_groups.py:87] blocks.3.11.mlp.fc1.weight: lr_multiplier: 0.9, wd_multiplier: 1.0
I20260802 12:51:39 3235501 dinov2 param_groups.py:87] blocks.3.11.mlp.fc1.bias: lr_multiplier: 0.9, wd_multiplier: 0.0
I20260802 12:51:39 3235501 dinov2 param_groups.py:87] blocks.3.11.mlp.fc2.weight: lr_multiplier: 0.9, wd_multiplier: 1.0
I20260802 12:51:39 3235501 dinov2 param_groups.py:87] blocks.3.11.mlp.fc2.bias: lr_multiplier: 0.9, wd_multiplier: 0.0
I20260802 12:51:39 3235501 dinov2 param_groups.py:87] blocks.3.11.ls2.gamma: lr_multiplier: 0.9, wd_multiplier: 0.0
I20260802 12:51:39 3235501 dinov2 param_groups.py:87] norm.weight: lr_multiplier: 1.0, wd_multiplier: 0.0
I20260802 12:51:39 3235501 dinov2 param_groups.py:87] norm.bias: lr_multiplier: 1.0, wd_multiplier: 0.0
I20260802 12:51:39 3235501 dinov2 ssl_meta_arch.py:403] fusing param groups
I20260802 12:51:39 3235501 dinov2 param_groups.py:64] else code branch
I20260802 12:51:39 3235501 dinov2 param_groups.py:87] mlp.0.weight: lr_multiplier: 1.0, wd_multiplier: 1.0
I20260802 12:51:39 3235501 dinov2 param_groups.py:87] mlp.0.bias: lr_multiplier: 1.0, wd_multiplier: 0.0
I20260802 12:51:39 3235501 dinov2 param_groups.py:87] mlp.2.weight: lr_multiplier: 1.0, wd_multiplier: 1.0
I20260802 12:51:39 3235501 dinov2 param_groups.py:87] mlp.2.bias: lr_multiplier: 1.0, wd_multiplier: 0.0
I20260802 12:51:39 3235501 dinov2 param_groups.py:87] mlp.4.weight: lr_multiplier: 1.0, wd_multiplier: 1.0
I20260802 12:51:39 3235501 dinov2 param_groups.py:87] mlp.4.bias: lr_multiplier: 1.0, wd_multiplier: 0.0
I20260802 12:51:39 3235501 dinov2 param_groups.py:87] last_layer.weight_g: lr_multiplier: 1.0, wd_multiplier: 1.0
I20260802 12:51:39 3235501 dinov2 param_groups.py:87] last_layer.weight_v: lr_multiplier: 1.0, wd_multiplier: 1.0
I20260802 12:51:39 3235501 dinov2 ssl_meta_arch.py:403] fusing param groups
I20260802 12:51:39 3235501 dinov2 train.py:115] Schedulers ready.
W20260802 12:51:39 3235501 py.warnings warnings.py:109] /sci/labs/arieljaffe/dan.abergel1/torch_env/lib/python3.11/site-packages/torch/distributed/fsdp/fully_sharded_data_parallel.py:822: FutureWarning: FSDP.state_dict_type() and FSDP.set_state_dict_type() are being deprecated. Please use APIs, get_state_dict() and set_state_dict(), which can support different parallelisms, FSDP1, FSDP2, DDP. API doc: https://pytorch.org/docs/stable/distributed.checkpoint.html#torch.distributed.checkpoint.state_dict.get_state_dict .Tutorial: https://pytorch.org/tutorials/recipes/distributed_checkpoint_recipe.html .
  prev_state_dict_settings = FullyShardedDataParallel.set_state_dict_type(

I20260802 12:51:39 3235501 fvcore.common.checkpoint checkpoint.py:148] No checkpoint found. Initializing model from scratch
W20260802 12:51:39 3235501 py.warnings warnings.py:109] /sci/labs/arieljaffe/dan.abergel1/torch_env/lib/python3.11/site-packages/torch/distributed/fsdp/fully_sharded_data_parallel.py:829: FutureWarning: FSDP.state_dict_type() and FSDP.set_state_dict_type() are being deprecated. Please use APIs, get_state_dict() and set_state_dict(), which can support different parallelisms, FSDP1, FSDP2, DDP. API doc: https://pytorch.org/docs/stable/distributed.checkpoint.html#torch.distributed.checkpoint.state_dict.get_state_dict .Tutorial: https://pytorch.org/tutorials/recipes/distributed_checkpoint_recipe.html .
  FullyShardedDataParallel.set_state_dict_type(

I20260802 12:51:39 3235501 dinov2 augmentations.py:34] ###################################
I20260802 12:51:39 3235501 dinov2 augmentations.py:35] Using data augmentation parameters:
I20260802 12:51:39 3235501 dinov2 augmentations.py:36] global_crops_scale: [0.32, 1.0]
I20260802 12:51:39 3235501 dinov2 augmentations.py:37] local_crops_scale: [0.32, 1.0]
I20260802 12:51:39 3235501 dinov2 augmentations.py:38] local_crops_number: 8
I20260802 12:51:39 3235501 dinov2 augmentations.py:39] global_crops_size: 224
I20260802 12:51:39 3235501 dinov2 augmentations.py:40] local_crops_size: 224
I20260802 12:51:39 3235501 dinov2 augmentations.py:41] ###################################
I20260802 12:51:39 3235501 dinov2 loaders.py:98] using dataset: "ImageFolder:root=/sci/labs/arieljaffe/dan.abergel1//brain2d"
I20260802 12:51:40 3235501 dinov2 image_folder.py:51] ImageFolder: 1,084 images at /sci/labs/arieljaffe/dan.abergel1//brain2d
I20260802 12:51:40 3235501 dinov2 loaders.py:103] # of dataset samples: 1,084
I20260802 12:51:40 3235501 dinov2 loaders.py:136] sampler: sharded infinite
I20260802 12:51:40 3235501 dinov2 loaders.py:220] using PyTorch data loader
I20260802 12:51:40 3235501 dinov2 loaders.py:235] infinite data loader
I20260802 12:51:40 3235501 dinov2 train.py:248] Starting training from iteration 0
I20260802 12:51:59 3235501 dinov2 vision_transformer.py:125] using MLP layer as FFN
W20260802 12:52:06 3235501 py.warnings warnings.py:109] /sci/labs/arieljaffe/dan.abergel1/torch_env/lib/python3.11/site-packages/torch/utils/_contextlib.py:124: UserWarning: When using ``NO_SHARD`` for ``ShardingStrategy``, full_state_dict will be returned.
  return func(*args, **kwargs)

  [probe] best config: n_blocks=1 avgpool=True
I20260802 12:54:22 3235501 dinov2 train.py:276] PROBE @ iter 0: 78.50% +/- 1.40%
W20260802 12:54:32 3235501 py.warnings warnings.py:109] /sci/labs/arieljaffe/dan.abergel1/repos/FAIR_official/dinov2/loss/koleo_loss.py:43: FutureWarning: `torch.cuda.amp.autocast(args...)` is deprecated. Please use `torch.amp.autocast('cuda', args...)` instead.
  with torch.cuda.amp.autocast(enabled=False):

I20260802 12:54:38 3235501 dinov2 helpers.py:102] Training  [   0/7500]  eta: 13 days, 16:45:28  lr: 0.0000 (0.0000)  wd: 0.0400 (0.0400)  mom: 0.9920 (0.9920)  last_layer_lr: 0.0000 (0.0000)  current_batch_size: 64.0000 (64.0000)  total_loss: 8.6322 (8.6322)  teacher_entropy_ratio: 0.2627 (0.2627)  teacher_batch_entropy_ratio: 0.2627 (0.2627)  dino_local_crops_loss: 5.1970 (5.1970)  dino_global_crops_loss: 0.6496 (0.6496)  koleo_loss: 0.8916 (0.8916)  ibot_loss: 1.8940 (1.8940)  time: 157.803833  data: 6.112055  max mem: 19284
I20260802 12:54:42 3235501 dinov2 helpers.py:102] Training  [  10/7500]  eta: 1 day, 6:36:12  lr: 0.0000 (0.0000)  wd: 0.0400 (0.0400)  mom: 0.9920 (0.9920)  last_layer_lr: 0.0000 (0.0000)  current_batch_size: 64.0000 (64.0000)  total_loss: 8.8150 (8.8705)  teacher_entropy_ratio: 0.4499 (0.4652)  teacher_batch_entropy_ratio: 0.4499 (0.4652)  dino_local_crops_loss: 5.3685 (5.4076)  dino_global_crops_loss: 0.6711 (0.6759)  koleo_loss: 0.8916 (0.8800)  ibot_loss: 1.9073 (1.9070)  time: 14.709234  data: 0.555768  max mem: 19495
I20260802 12:54:45 3235501 dinov2 helpers.py:102] Training  [  20/7500]  eta: 16:21:16  lr: 0.0000 (0.0000)  wd: 0.0400 (0.0400)  mom: 0.9920 (0.9920)  last_layer_lr: 0.0000 (0.0000)  current_batch_size: 64.0000 (64.0000)  total_loss: 9.1106 (9.1094)  teacher_entropy_ratio: 0.7059 (0.6566)  teacher_batch_entropy_ratio: 0.7059 (0.6566)  dino_local_crops_loss: 5.6833 (5.7382)  dino_global_crops_loss: 0.7104 (0.7173)  koleo_loss: 0.7412 (0.7733)  ibot_loss: 1.8960 (1.8807)  time: 0.374502  data: 0.000375  max mem: 19495
I20260802 12:54:48 3235501 dinov2 helpers.py:102] Training  [  30/7500]  eta: 11:17:48  lr: 0.0000 (0.0000)  wd: 0.0400 (0.0400)  mom: 0.9920 (0.9920)  last_layer_lr: 0.0000 (0.0000)  current_batch_size: 64.0000 (64.0000)  total_loss: 9.5741 (9.2748)  teacher_entropy_ratio: 0.9444 (0.7590)  teacher_batch_entropy_ratio: 0.9444 (0.7590)  dino_local_crops_loss: 6.4281 (6.0250)  dino_global_crops_loss: 0.8035 (0.7531)  koleo_loss: 0.5518 (0.6878)  ibot_loss: 1.7714 (1.8088)  time: 0.348503  data: 0.000584  max mem: 19495
I20260802 12:54:52 3235501 dinov2 helpers.py:102] Training  [  40/7500]  eta: 8:43:19  lr: 0.0000 (0.0000)  wd: 0.0400 (0.0400)  mom: 0.9920 (0.9920)  last_layer_lr: 0.0000 (0.0000)  current_batch_size: 64.0000 (64.0000)  total_loss: 9.5695 (9.3009)  teacher_entropy_ratio: 0.9874 (0.8158)  teacher_batch_entropy_ratio: 0.9874 (0.8158)  dino_local_crops_loss: 6.7437 (6.2132)  dino_global_crops_loss: 0.8430 (0.7767)  koleo_loss: 0.4712 (0.6298)  ibot_loss: 1.4874 (1.6812)  time: 0.363938  data: 0.015837  max mem: 19495
I20260802 12:54:56 3235501 dinov2 helpers.py:102] Training  [  50/7500]  eta: 7:09:25  lr: 0.0001 (0.0000)  wd: 0.0400 (0.0400)  mom: 0.9920 (0.9920)  last_layer_lr: 0.0000 (0.0000)  current_batch_size: 64.0000 (64.0000)  total_loss: 9.1530 (9.2166)  teacher_entropy_ratio: 0.9903 (0.8491)  teacher_batch_entropy_ratio: 0.9903 (0.8491)  dino_local_crops_loss: 6.7755 (6.3135)  dino_global_crops_loss: 0.8469 (0.7892)  koleo_loss: 0.4233 (0.5859)  ibot_loss: 1.0685 (1.5280)  time: 0.380648  data: 0.031523  max mem: 19495
I20260802 12:55:00 3235501 dinov2 helpers.py:102] Training  [  60/7500]  eta: 6:06:55  lr: 0.0001 (0.0000)  wd: 0.0400 (0.0400)  mom: 0.9920 (0.9920)  last_layer_lr: 0.0000 (0.0000)  current_batch_size: 64.0000 (64.0000)  total_loss: 8.5818 (9.0634)  teacher_entropy_ratio: 0.9723 (0.8652)  teacher_batch_entropy_ratio: 0.9724 (0.8652)  dino_local_crops_loss: 6.6060 (6.3379)  dino_global_crops_loss: 0.8258 (0.7923)  koleo_loss: 0.3787 (0.5469)  ibot_loss: 0.7549 (1.3864)  time: 0.396476  data: 0.052273  max mem: 19495
I20260802 12:55:06 3235501 dinov2 helpers.py:102] Training  [  70/7500]  eta: 5:24:00  lr: 0.0001 (0.0000)  wd: 0.0401 (0.0400)  mom: 0.9920 (0.9920)  last_layer_lr: 0.0000 (0.0000)  current_batch_size: 64.0000 (64.0000)  total_loss: 7.8624 (8.8039)  teacher_entropy_ratio: 0.9015 (0.8552)  teacher_batch_entropy_ratio: 0.9017 (0.8553)  dino_local_crops_loss: 6.2322 (6.2465)  dino_global_crops_loss: 0.7794 (0.7815)  koleo_loss: 0.3010 (0.5058)  ibot_loss: 0.6016 (1.2701)  time: 0.469533  data: 0.108261  max mem: 19495
I20260802 12:55:09 3235501 dinov2 helpers.py:102] Training  [  80/7500]  eta: 4:49:12  lr: 0.0001 (0.0001)  wd: 0.0401 (0.0400)  mom: 0.9920 (0.9920)  last_layer_lr: 0.0000 (0.0000)  current_batch_size: 64.0000 (64.0000)  total_loss: 5.4963 (8.0484)  teacher_entropy_ratio: 0.5393 (0.7746)  teacher_batch_entropy_ratio: 0.5400 (0.7748)  dino_local_crops_loss: 4.2110 (5.6919)  dino_global_crops_loss: 0.5325 (0.7127)  koleo_loss: 0.1964 (0.4658)  ibot_loss: 0.5395 (1.1779)  time: 0.446337  data: 0.085148  max mem: 19495
I20260802 12:55:14 3235501 dinov2 helpers.py:102] Training  [  90/7500]  eta: 4:23:17  lr: 0.0001 (0.0001)  wd: 0.0401 (0.0400)  mom: 0.9920 (0.9920)  last_layer_lr: 0.0000 (0.0000)  current_batch_size: 64.0000 (64.0000)  total_loss: 0.9656 (7.2533)  teacher_entropy_ratio: 0.0130 (0.6899)  teacher_batch_entropy_ratio: 0.0131 (0.6900)  dino_local_crops_loss: 0.2431 (5.0835)  dino_global_crops_loss: 0.0331 (0.6367)  koleo_loss: 0.1471 (0.4262)  ibot_loss: 0.5366 (1.1069)  time: 0.411588  data: 0.066943  max mem: 19495
I20260802 12:55:18 3235501 dinov2 helpers.py:102] Training  [ 100/7500]  eta: 4:02:31  lr: 0.0001 (0.0001)  wd: 0.0401 (0.0401)  mom: 0.9920 (0.9920)  last_layer_lr: 0.0000 (0.0000)  current_batch_size: 64.0000 (64.0000)  total_loss: 0.7723 (6.6091)  teacher_entropy_ratio: 0.0006 (0.6217)  teacher_batch_entropy_ratio: 0.0006 (0.6218)  dino_local_crops_loss: 0.1164 (4.5913)  dino_global_crops_loss: 0.0155 (0.5752)  koleo_loss: 0.0714 (0.3902)  ibot_loss: 0.5424 (1.0524)  time: 0.458948  data: 0.116163  max mem: 19495
I20260802 12:55:23 3235501 dinov2 helpers.py:102] Training  [ 110/7500]  eta: 3:45:34  lr: 0.0001 (0.0001)  wd: 0.0402 (0.0401)  mom: 0.9920 (0.9920)  last_layer_lr: 0.0000 (0.0000)  current_batch_size: 64.0000 (64.0000)  total_loss: 0.7611 (6.0901)  teacher_entropy_ratio: 0.0011 (0.5672)  teacher_batch_entropy_ratio: 0.0011 (0.5674)  dino_local_crops_loss: 0.1142 (4.1958)  dino_global_crops_loss: 0.0156 (0.5257)  koleo_loss: 0.0582 (0.3599)  ibot_loss: 0.5488 (1.0087)  time: 0.463957  data: 0.118344  max mem: 19495
I20260802 12:55:27 3235501 dinov2 helpers.py:102] Training  [ 120/7500]  eta: 3:30:52  lr: 0.0001 (0.0001)  wd: 0.0402 (0.0401)  mom: 0.9920 (0.9920)  last_layer_lr: 0.0000 (0.0000)  current_batch_size: 64.0000 (64.0000)  total_loss: 1.0492 (5.8592)  teacher_entropy_ratio: 0.0584 (0.5475)  teacher_batch_entropy_ratio: 0.0598 (0.5479)  dino_local_crops_loss: 0.4459 (4.0463)  dino_global_crops_loss: 0.0569 (0.5070)  koleo_loss: 0.0514 (0.3341)  ibot_loss: 0.5539 (0.9717)  time: 0.441537  data: 0.093846  max mem: 19495
I20260802 12:55:32 3235501 dinov2 helpers.py:102] Training  [ 130/7500]  eta: 3:18:31  lr: 0.0002 (0.0001)  wd: 0.0402 (0.0401)  mom: 0.9920 (0.9920)  last_layer_lr: 0.0000 (0.0000)  current_batch_size: 64.0000 (64.0000)  total_loss: 5.8605 (5.9627)  teacher_entropy_ratio: 0.6491 (0.5706)  teacher_batch_entropy_ratio: 0.6540 (0.5713)  dino_local_crops_loss: 4.6906 (4.1881)  dino_global_crops_loss: 0.5870 (0.5250)  koleo_loss: 0.0565 (0.3138)  ibot_loss: 0.5441 (0.9358)  time: 0.421848  data: 0.084257  max mem: 19495
I20260802 12:55:36 3235501 dinov2 helpers.py:102] Training  [ 140/7500]  eta: 3:07:44  lr: 0.0002 (0.0001)  wd: 0.0403 (0.0401)  mom: 0.9920 (0.9920)  last_layer_lr: 0.0000 (0.0000)  current_batch_size: 64.0000 (64.0000)  total_loss: 7.6915 (6.0948)  teacher_entropy_ratio: 0.9317 (0.5976)  teacher_batch_entropy_ratio: 0.9353 (0.5985)  dino_local_crops_loss: 6.3848 (4.3519)  dino_global_crops_loss: 0.8011 (0.5455)  koleo_loss: 0.0591 (0.2954)  ibot_loss: 0.4737 (0.9020)  time: 0.418449  data: 0.082465  max mem: 19495
I20260802 12:55:41 3235501 dinov2 helpers.py:102] Training  [ 150/7500]  eta: 2:59:03  lr: 0.0002 (0.0001)  wd: 0.0403 (0.0401)  mom: 0.9920 (0.9920)  last_layer_lr: 0.0000 (0.0000)  current_batch_size: 64.0000 (64.0000)  total_loss: 7.8469 (6.2112)  teacher_entropy_ratio: 0.9553 (0.6213)  teacher_batch_entropy_ratio: 0.9599 (0.6225)  dino_local_crops_loss: 6.5260 (4.4964)  dino_global_crops_loss: 0.8170 (0.5636)  koleo_loss: 0.0488 (0.2786)  ibot_loss: 0.4574 (0.8726)  time: 0.449341  data: 0.113236  max mem: 19495
I20260802 12:55:44 3235501 dinov2 helpers.py:102] Training  [ 160/7500]  eta: 2:50:40  lr: 0.0002 (0.0001)  wd: 0.0404 (0.0401)  mom: 0.9920 (0.9920)  last_layer_lr: 0.0002 (0.0000)  current_batch_size: 64.0000 (64.0000)  total_loss: 7.8589 (6.3134)  teacher_entropy_ratio: 0.9542 (0.6418)  teacher_batch_entropy_ratio: 0.9598 (0.6433)  dino_local_crops_loss: 6.5274 (4.6219)  dino_global_crops_loss: 0.8172 (0.5793)  koleo_loss: 0.0381 (0.2636)  ibot_loss: 0.4686 (0.8486)  time: 0.440488  data: 0.102757  max mem: 19495
I20260802 12:55:49 3235501 dinov2 helpers.py:102] Training  [ 170/7500]  eta: 2:43:56  lr: 0.0002 (0.0001)  wd: 0.0404 (0.0402)  mom: 0.9920 (0.9920)  last_layer_lr: 0.0002 (0.0000)  current_batch_size: 64.0000 (64.0000)  total_loss: 7.8133 (6.3997)  teacher_entropy_ratio: 0.9452 (0.6591)  teacher_batch_entropy_ratio: 0.9550 (0.6613)  dino_local_crops_loss: 6.5055 (4.7304)  dino_global_crops_loss: 0.8140 (0.5929)  koleo_loss: 0.0353 (0.2502)  ibot_loss: 0.4676 (0.8262)  time: 0.438390  data: 0.086662  max mem: 19495
I20260802 12:55:53 3235501 dinov2 helpers.py:102] Training  [ 180/7500]  eta: 2:37:07  lr: 0.0002 (0.0001)  wd: 0.0405 (0.0402)  mom: 0.9920 (0.9920)  last_layer_lr: 0.0002 (0.0000)  current_batch_size: 64.0000 (64.0000)  total_loss: 7.7780 (6.4750)  teacher_entropy_ratio: 0.9300 (0.6730)  teacher_batch_entropy_ratio: 0.9462 (0.6763)  dino_local_crops_loss: 6.4443 (4.8215)  dino_global_crops_loss: 0.8059 (0.6043)  koleo_loss: 0.0382 (0.2388)  ibot_loss: 0.4776 (0.8104)  time: 0.425270  data: 0.076079  max mem: 19495
I20260802 12:55:59 3235501 dinov2 helpers.py:102] Training  [ 190/7500]  eta: 2:32:26  lr: 0.0002 (0.0001)  wd: 0.0405 (0.0402)  mom: 0.9920 (0.9920)  last_layer_lr: 0.0002 (0.0000)  current_batch_size: 64.0000 (64.0000)  total_loss: 7.7940 (6.5462)  teacher_entropy_ratio: 0.8985 (0.6844)  teacher_batch_entropy_ratio: 0.9249 (0.6891)  dino_local_crops_loss: 6.3407 (4.8983)  dino_global_crops_loss: 0.7932 (0.6139)  koleo_loss: 0.0417 (0.2285)  ibot_loss: 0.6002 (0.8055)  time: 0.475282  data: 0.138419  max mem: 19495
I20260802 12:56:02 3235501 dinov2 helpers.py:102] Training  [ 200/7500]  eta: 2:26:47  lr: 0.0003 (0.0001)  wd: 0.0406 (0.0402)  mom: 0.9920 (0.9920)  last_layer_lr: 0.0003 (0.0001)  current_batch_size: 64.0000 (64.0000)  total_loss: 7.8011 (6.6108)  teacher_entropy_ratio: 0.8744 (0.6935)  teacher_batch_entropy_ratio: 0.9103 (0.6998)  dino_local_crops_loss: 6.2138 (4.9620)  dino_global_crops_loss: 0.7779 (0.6220)  koleo_loss: 0.0362 (0.2188)  ibot_loss: 0.8188 (0.8080)  time: 0.469750  data: 0.129396  max mem: 19495
I20260802 12:56:07 3235501 dinov2 helpers.py:102] Training  [ 210/7500]  eta: 2:22:17  lr: 0.0003 (0.0001)  wd: 0.0406 (0.0402)  mom: 0.9920 (0.9920)  last_layer_lr: 0.0003 (0.0001)  current_batch_size: 64.0000 (64.0000)  total_loss: 7.7881 (6.6651)  teacher_entropy_ratio: 0.8518 (0.7006)  teacher_batch_entropy_ratio: 0.8951 (0.7088)  dino_local_crops_loss: 6.1100 (5.0150)  dino_global_crops_loss: 0.7664 (0.6285)  koleo_loss: 0.0354 (0.2102)  ibot_loss: 0.8585 (0.8114)  time: 0.406516  data: 0.064052  max mem: 19495
I20260802 12:56:11 3235501 dinov2 helpers.py:102] Training  [ 220/7500]  eta: 2:17:39  lr: 0.0003 (0.0001)  wd: 0.0407 (0.0403)  mom: 0.9920 (0.9920)  last_layer_lr: 0.0003 (0.0001)  current_batch_size: 64.0000 (64.0000)  total_loss: 7.6047 (6.7002)  teacher_entropy_ratio: 0.8341 (0.7060)  teacher_batch_entropy_ratio: 0.8847 (0.7162)  dino_local_crops_loss: 6.0266 (5.0565)  dino_global_crops_loss: 0.7560 (0.6338)  koleo_loss: 0.0334 (0.2020)  ibot_loss: 0.8135 (0.8079)  time: 0.411148  data: 0.067447  max mem: 19495
I20260802 12:56:15 3235501 dinov2 helpers.py:102] Training  [ 230/7500]  eta: 2:13:43  lr: 0.0003 (0.0002)  wd: 0.0408 (0.0403)  mom: 0.9920 (0.9920)  last_layer_lr: 0.0003 (0.0001)  current_batch_size: 64.0000 (64.0000)  total_loss: 7.2016 (6.7183)  teacher_entropy_ratio: 0.8038 (0.7094)  teacher_batch_entropy_ratio: 0.8578 (0.7217)  dino_local_crops_loss: 5.8425 (5.0867)  dino_global_crops_loss: 0.7312 (0.6375)  koleo_loss: 0.0276 (0.1945)  ibot_loss: 0.6508 (0.7995)  time: 0.391624  data: 0.042760  max mem: 19495
I20260802 12:56:19 3235501 dinov2 helpers.py:102] Training  [ 240/7500]  eta: 2:09:55  lr: 0.0003 (0.0002)  wd: 0.0408 (0.0403)  mom: 0.9920 (0.9920)  last_layer_lr: 0.0003 (0.0001)  current_batch_size: 64.0000 (64.0000)  total_loss: 6.6006 (6.6811)  teacher_entropy_ratio: 0.7161 (0.7052)  teacher_batch_entropy_ratio: 0.7810 (0.7198)  dino_local_crops_loss: 5.3633 (5.0683)  dino_global_crops_loss: 0.6705 (0.6353)  koleo_loss: 0.0274 (0.1876)  ibot_loss: 0.5872 (0.7900)  time: 0.401320  data: 0.055110  max mem: 19495
I20260802 12:56:24 3235501 dinov2 helpers.py:102] Training  [ 250/7500]  eta: 2:06:58  lr: 0.0003 (0.0002)  wd: 0.0409 (0.0403)  mom: 0.9920 (0.9920)  last_layer_lr: 0.0003 (0.0001)  current_batch_size: 64.0000 (64.0000)  total_loss: 3.9208 (6.5093)  teacher_entropy_ratio: 0.3504 (0.6829)  teacher_batch_entropy_ratio: 0.4254 (0.6997)  dino_local_crops_loss: 2.9230 (4.9269)  dino_global_crops_loss: 0.3684 (0.6176)  koleo_loss: 0.0268 (0.1811)  ibot_loss: 0.6024 (0.7836)  time: 0.440806  data: 0.100644  max mem: 19495
I20260802 12:56:27 3235501 dinov2 helpers.py:102] Training  [ 260/7500]  eta: 2:03:42  lr: 0.0003 (0.0002)  wd: 0.0410 (0.0404)  mom: 0.9920 (0.9920)  last_layer_lr: 0.0003 (0.0001)  current_batch_size: 64.0000 (64.0000)  total_loss: 1.8676 (6.3316)  teacher_entropy_ratio: 0.0636 (0.6589)  teacher_batch_entropy_ratio: 0.1409 (0.6780)  dino_local_crops_loss: 1.0340 (4.7770)  dino_global_crops_loss: 0.1332 (0.5989)  koleo_loss: 0.0266 (0.1753)  ibot_loss: 0.6613 (0.7805)  time: 0.441497  data: 0.090155  max mem: 19495
I20260802 12:56:32 3235501 dinov2 helpers.py:102] Training  [ 270/7500]  eta: 2:00:47  lr: 0.0003 (0.0002)  wd: 0.0411 (0.0404)  mom: 0.9920 (0.9920)  last_layer_lr: 0.0003 (0.0001)  current_batch_size: 64.0000 (64.0000)  total_loss: 2.0338 (6.1824)  teacher_entropy_ratio: 0.0620 (0.6371)  teacher_batch_entropy_ratio: 0.1449 (0.6588)  dino_local_crops_loss: 1.1545 (4.6505)  dino_global_crops_loss: 0.1458 (0.5832)  koleo_loss: 0.0300 (0.1700)  ibot_loss: 0.7122 (0.7788)  time: 0.394875  data: 0.033868  max mem: 19495
I20260802 12:56:36 3235501 dinov2 helpers.py:102] Training  [ 280/7500]  eta: 1:58:25  lr: 0.0004 (0.0002)  wd: 0.0411 (0.0404)  mom: 0.9920 (0.9920)  last_layer_lr: 0.0004 (0.0001)  current_batch_size: 64.0000 (64.0000)  total_loss: 2.0349 (6.0291)  teacher_entropy_ratio: 0.0472 (0.6158)  teacher_batch_entropy_ratio: 0.1291 (0.6398)  dino_local_crops_loss: 1.1245 (4.5200)  dino_global_crops_loss: 0.1400 (0.5669)  koleo_loss: 0.0346 (0.1653)  ibot_loss: 0.7311 (0.7769)  time: 0.446470  data: 0.097171  max mem: 19495
I20260802 12:56:40 3235501 dinov2 helpers.py:102] Training  [ 290/7500]  eta: 1:55:42  lr: 0.0004 (0.0002)  wd: 0.0412 (0.0404)  mom: 0.9920 (0.9920)  last_layer_lr: 0.0004 (0.0001)  current_batch_size: 64.0000 (64.0000)  total_loss: 1.7581 (5.8797)  teacher_entropy_ratio: 0.0357 (0.5959)  teacher_batch_entropy_ratio: 0.1177 (0.6217)  dino_local_crops_loss: 0.8888 (4.3936)  dino_global_crops_loss: 0.1124 (0.5510)  koleo_loss: 0.0293 (0.1604)  ibot_loss: 0.7243 (0.7747)  time: 0.427235  data: 0.085802  max mem: 19495
I20260802 12:56:46 3235501 dinov2 helpers.py:102] Training  [ 300/7500]  eta: 1:54:06  lr: 0.0004 (0.0002)  wd: 0.0413 (0.0405)  mom: 0.9920 (0.9920)  last_layer_lr: 0.0004 (0.0002)  current_batch_size: 64.0000 (64.0000)  total_loss: 1.8332 (5.7547)  teacher_entropy_ratio: 0.0592 (0.5793)  teacher_batch_entropy_ratio: 0.1392 (0.6071)  dino_local_crops_loss: 1.0090 (4.2903)  dino_global_crops_loss: 0.1254 (0.5381)  koleo_loss: 0.0208 (0.1557)  ibot_loss: 0.6709 (0.7707)  time: 0.484917  data: 0.140617  max mem: 19495
I20260802 12:56:50 3235501 dinov2 helpers.py:102] Training  [ 310/7500]  eta: 1:51:35  lr: 0.0004 (0.0002)  wd: 0.0414 (0.0405)  mom: 0.9920 (0.9920)  last_layer_lr: 0.0004 (0.0002)  current_batch_size: 64.0000 (64.0000)  total_loss: 2.7982 (5.6946)  teacher_entropy_ratio: 0.1728 (0.5707)  teacher_batch_entropy_ratio: 0.2652 (0.6002)  dino_local_crops_loss: 1.9214 (4.2434)  dino_global_crops_loss: 0.2406 (0.5322)  koleo_loss: 0.0201 (0.1514)  ibot_loss: 0.6678 (0.7676)  time: 0.469622  data: 0.129731  max mem: 19495
I20260802 12:56:53 3235501 dinov2 helpers.py:102] Training  [ 320/7500]  eta: 1:49:18  lr: 0.0004 (0.0002)  wd: 0.0415 (0.0405)  mom: 0.9920 (0.9920)  last_layer_lr: 0.0004 (0.0002)  current_batch_size: 64.0000 (64.0000)  total_loss: 4.9002 (5.7177)  teacher_entropy_ratio: 0.4534 (0.5732)  teacher_batch_entropy_ratio: 0.5290 (0.6040)  dino_local_crops_loss: 3.7359 (4.2682)  dino_global_crops_loss: 0.4671 (0.5353)  koleo_loss: 0.0322 (0.1479)  ibot_loss: 0.6906 (0.7663)  time: 0.348681  data: 0.005443  max mem: 19495
I20260802 12:56:57 3235501 dinov2 helpers.py:102] Training  [ 330/7500]  eta: 1:47:15  lr: 0.0004 (0.0002)  wd: 0.0416 (0.0406)  mom: 0.9920 (0.9920)  last_layer_lr: 0.0004 (0.0002)  current_batch_size: 64.0000 (64.0000)  total_loss: 6.0704 (5.7154)  teacher_entropy_ratio: 0.6158 (0.5719)  teacher_batch_entropy_ratio: 0.6898 (0.6043)  dino_local_crops_loss: 4.7324 (4.2682)  dino_global_crops_loss: 0.5928 (0.5354)  koleo_loss: 0.0319 (0.1443)  ibot_loss: 0.7372 (0.7676)  time: 0.374203  data: 0.028384  max mem: 19495
I20260802 12:57:01 3235501 dinov2 helpers.py:102] Training  [ 340/7500]  eta: 1:45:21  lr: 0.0004 (0.0002)  wd: 0.0417 (0.0406)  mom: 0.9920 (0.9920)  last_layer_lr: 0.0004 (0.0002)  current_batch_size: 64.0000 (64.0000)  total_loss: 3.8024 (5.6376)  teacher_entropy_ratio: 0.2715 (0.5600)  teacher_batch_entropy_ratio: 0.3658 (0.5942)  dino_local_crops_loss: 2.5755 (4.1996)  dino_global_crops_loss: 0.3226 (0.5270)  koleo_loss: 0.0264 (0.1408)  ibot_loss: 0.8307 (0.7702)  time: 0.393632  data: 0.050018  max mem: 19495
I20260802 12:57:06 3235501 dinov2 helpers.py:102] Training  [ 350/7500]  eta: 1:43:46  lr: 0.0005 (0.0002)  wd: 0.0418 (0.0406)  mom: 0.9920 (0.9920)  last_layer_lr: 0.0005 (0.0002)  current_batch_size: 64.0000 (64.0000)  total_loss: 2.4576 (5.5414)  teacher_entropy_ratio: 0.0896 (0.5462)  teacher_batch_entropy_ratio: 0.1919 (0.5821)  dino_local_crops_loss: 1.3857 (4.1154)  dino_global_crops_loss: 0.1871 (0.5165)  koleo_loss: 0.0252 (0.1375)  ibot_loss: 0.8558 (0.7721)  time: 0.429066  data: 0.085160  max mem: 19495
I20260802 12:57:09 3235501 dinov2 helpers.py:102] Training  [ 360/7500]  eta: 1:41:56  lr: 0.0005 (0.0002)  wd: 0.0419 (0.0407)  mom: 0.9920 (0.9920)  last_layer_lr: 0.0005 (0.0002)  current_batch_size: 64.0000 (64.0000)  total_loss: 2.3164 (5.4532)  teacher_entropy_ratio: 0.0639 (0.5328)  teacher_batch_entropy_ratio: 0.1824 (0.5711)  dino_local_crops_loss: 1.3250 (4.0387)  dino_global_crops_loss: 0.1663 (0.5069)  koleo_loss: 0.0247 (0.1344)  ibot_loss: 0.8275 (0.7733)  time: 0.408875  data: 0.067821  max mem: 19495
I20260802 12:57:13 3235501 dinov2 helpers.py:102] Training  [ 370/7500]  eta: 1:40:22  lr: 0.0005 (0.0002)  wd: 0.0420 (0.0407)  mom: 0.9920 (0.9920)  last_layer_lr: 0.0005 (0.0002)  current_batch_size: 64.0000 (64.0000)  total_loss: 2.4102 (5.3734)  teacher_entropy_ratio: 0.0707 (0.5211)  teacher_batch_entropy_ratio: 0.1986 (0.5616)  dino_local_crops_loss: 1.4048 (3.9706)  dino_global_crops_loss: 0.1771 (0.4983)  koleo_loss: 0.0213 (0.1312)  ibot_loss: 0.7946 (0.7732)  time: 0.386408  data: 0.045208  max mem: 19495
I20260802 12:57:18 3235501 dinov2 helpers.py:102] Training  [ 380/7500]  eta: 1:38:57  lr: 0.0005 (0.0003)  wd: 0.0422 (0.0408)  mom: 0.9920 (0.9920)  last_layer_lr: 0.0005 (0.0002)  current_batch_size: 64.0000 (64.0000)  total_loss: 2.6262 (5.3043)  teacher_entropy_ratio: 0.1494 (0.5118)  teacher_batch_entropy_ratio: 0.2328 (0.5534)  dino_local_crops_loss: 1.6119 (3.9124)  dino_global_crops_loss: 0.2017 (0.4911)  koleo_loss: 0.0165 (0.1282)  ibot_loss: 0.7647 (0.7727)  time: 0.422571  data: 0.076088  max mem: 19495
I20260802 12:57:22 3235501 dinov2 helpers.py:102] Training  [ 390/7500]  eta: 1:37:33  lr: 0.0005 (0.0003)  wd: 0.0423 (0.0408)  mom: 0.9921 (0.9920)  last_layer_lr: 0.0005 (0.0002)  current_batch_size: 64.0000 (64.0000)  total_loss: 2.8030 (5.2423)  teacher_entropy_ratio: 0.1782 (0.5040)  teacher_batch_entropy_ratio: 0.2616 (0.5462)  dino_local_crops_loss: 1.8339 (3.8607)  dino_global_crops_loss: 0.2315 (0.4846)  koleo_loss: 0.0144 (0.1252)  ibot_loss: 0.7416 (0.7718)  time: 0.424561  data: 0.077999  max mem: 19495
I20260802 12:57:27 3235501 dinov2 helpers.py:102] Training  [ 400/7500]  eta: 1:36:23  lr: 0.0005 (0.0003)  wd: 0.0424 (0.0408)  mom: 0.9921 (0.9920)  last_layer_lr: 0.0005 (0.0002)  current_batch_size: 64.0000 (64.0000)  total_loss: 3.1382 (5.2064)  teacher_entropy_ratio: 0.2469 (0.4996)  teacher_batch_entropy_ratio: 0.3243 (0.5426)  dino_local_crops_loss: 2.2398 (3.8325)  dino_global_crops_loss: 0.2797 (0.4811)  koleo_loss: 0.0128 (0.1225)  ibot_loss: 0.7334 (0.7704)  time: 0.448552  data: 0.108658  max mem: 19495
I20260802 12:57:31 3235501 dinov2 helpers.py:102] Training  [ 410/7500]  eta: 1:35:01  lr: 0.0005 (0.0003)  wd: 0.0425 (0.0409)  mom: 0.9921 (0.9920)  last_layer_lr: 0.0005 (0.0002)  current_batch_size: 64.0000 (64.0000)  total_loss: 4.6205 (5.2235)  teacher_entropy_ratio: 0.4465 (0.5022)  teacher_batch_entropy_ratio: 0.5197 (0.5460)  dino_local_crops_loss: 3.5363 (3.8524)  dino_global_crops_loss: 0.4424 (0.4836)  koleo_loss: 0.0117 (0.1197)  ibot_loss: 0.6897 (0.7678)  time: 0.432061  data: 0.084411  max mem: 19495
I20260802 12:57:35 3235501 dinov2 helpers.py:102] Training  [ 420/7500]  eta: 1:33:47  lr: 0.0005 (0.0003)  wd: 0.0426 (0.0409)  mom: 0.9921 (0.9920)  last_layer_lr: 0.0005 (0.0002)  current_batch_size: 64.0000 (64.0000)  total_loss: 7.2829 (5.2811)  teacher_entropy_ratio: 0.8044 (0.5107)  teacher_batch_entropy_ratio: 0.8566 (0.5546)  dino_local_crops_loss: 5.8379 (3.9079)  dino_global_crops_loss: 0.7308 (0.4905)  koleo_loss: 0.0113 (0.1171)  ibot_loss: 0.6630 (0.7656)  time: 0.397328  data: 0.045448  max mem: 19495
I20260802 12:57:39 3235501 dinov2 helpers.py:102] Training  [ 430/7500]  eta: 1:32:33  lr: 0.0006 (0.0003)  wd: 0.0428 (0.0410)  mom: 0.9921 (0.9920)  last_layer_lr: 0.0006 (0.0003)  current_batch_size: 64.0000 (64.0000)  total_loss: 7.8078 (5.3414)  teacher_entropy_ratio: 0.8941 (0.5200)  teacher_batch_entropy_ratio: 0.9346 (0.5636)  dino_local_crops_loss: 6.3564 (3.9661)  dino_global_crops_loss: 0.7952 (0.4977)  koleo_loss: 0.0100 (0.1146)  ibot_loss: 0.6499 (0.7630)  time: 0.400483  data: 0.057749  max mem: 19495
I20260802 12:57:44 3235501 dinov2 helpers.py:102] Training  [ 440/7500]  eta: 1:31:44  lr: 0.0006 (0.0003)  wd: 0.0429 (0.0410)  mom: 0.9921 (0.9920)  last_layer_lr: 0.0006 (0.0003)  current_batch_size: 64.0000 (64.0000)  total_loss: 7.8882 (5.4000)  teacher_entropy_ratio: 0.9105 (0.5291)  teacher_batch_entropy_ratio: 0.9464 (0.5725)  dino_local_crops_loss: 6.4321 (4.0231)  dino_global_crops_loss: 0.8039 (0.5048)  koleo_loss: 0.0085 (0.1122)  ibot_loss: 0.6318 (0.7599)  time: 0.461413  data: 0.114801  max mem: 19495
W20260802 12:57:47 3235501 py.warnings warnings.py:109] /sci/labs/arieljaffe/dan.abergel1/torch_env/lib/python3.11/site-packages/torch/distributed/fsdp/fully_sharded_data_parallel.py:822: FutureWarning: FSDP.state_dict_type() and FSDP.set_state_dict_type() are being deprecated. Please use APIs, get_state_dict() and set_state_dict(), which can support different parallelisms, FSDP1, FSDP2, DDP. API doc: https://pytorch.org/docs/stable/distributed.checkpoint.html#torch.distributed.checkpoint.state_dict.get_state_dict .Tutorial: https://pytorch.org/tutorials/recipes/distributed_checkpoint_recipe.html .
  prev_state_dict_settings = FullyShardedDataParallel.set_state_dict_type(

W20260802 12:57:47 3235501 py.warnings warnings.py:109] /sci/labs/arieljaffe/dan.abergel1/torch_env/lib/python3.11/site-packages/torch/utils/_contextlib.py:124: UserWarning: When using ``NO_SHARD`` for ``ShardingStrategy``, full_state_dict will be returned.
  return func(*args, **kwargs)

W20260802 12:57:47 3235501 py.warnings warnings.py:109] /sci/labs/arieljaffe/dan.abergel1/torch_env/lib/python3.11/site-packages/torch/distributed/fsdp/fully_sharded_data_parallel.py:829: FutureWarning: FSDP.state_dict_type() and FSDP.set_state_dict_type() are being deprecated. Please use APIs, get_state_dict() and set_state_dict(), which can support different parallelisms, FSDP1, FSDP2, DDP. API doc: https://pytorch.org/docs/stable/distributed.checkpoint.html#torch.distributed.checkpoint.state_dict.get_state_dict .Tutorial: https://pytorch.org/tutorials/recipes/distributed_checkpoint_recipe.html .
  FullyShardedDataParallel.set_state_dict_type(

I20260802 12:57:47 3235501 fvcore.common.checkpoint __init__.py:109] Saving checkpoint to /sci/labs/arieljaffe/dan.abergel1/runs/brain/koleo_on/model_0000449.rank_0.pth
W20260802 12:57:49 3235501 py.warnings warnings.py:109] /sci/labs/arieljaffe/dan.abergel1/torch_env/lib/python3.11/site-packages/torch/distributed/c10d_logger.py:83: UserWarning: barrier(): using the device under current context. You can specify `device_id` in `init_process_group` to mute this warning.
  return func(*args, **kwargs)

I20260802 12:57:50 3235501 dinov2 helpers.py:102] Training  [ 450/7500]  eta: 1:31:04  lr: 0.0006 (0.0003)  wd: 0.0430 (0.0411)  mom: 0.9921 (0.9920)  last_layer_lr: 0.0006 (0.0003)  current_batch_size: 64.0000 (64.0000)  total_loss: 7.9647 (5.4575)  teacher_entropy_ratio: 0.9294 (0.5382)  teacher_batch_entropy_ratio: 0.9595 (0.5812)  dino_local_crops_loss: 6.5207 (4.0794)  dino_global_crops_loss: 0.8156 (0.5118)  koleo_loss: 0.0077 (0.1099)  ibot_loss: 0.6133 (0.7563)  time: 0.553322  data: 0.113016  max mem: 19495
I20260802 12:57:53 3235501 dinov2 helpers.py:102] Training  [ 460/7500]  eta: 1:29:51  lr: 0.0006 (0.0003)  wd: 0.0432 (0.0411)  mom: 0.9921 (0.9920)  last_layer_lr: 0.0006 (0.0003)  current_batch_size: 64.0000 (64.0000)  total_loss: 8.0065 (5.5136)  teacher_entropy_ratio: 0.9450 (0.5472)  teacher_batch_entropy_ratio: 0.9692 (0.5898)  dino_local_crops_loss: 6.5767 (4.1345)  dino_global_crops_loss: 0.8224 (0.5186)  koleo_loss: 0.0071 (0.1077)  ibot_loss: 0.5928 (0.7528)  time: 0.460015  data: 0.024292  max mem: 19495
I20260802 12:57:57 3235501 dinov2 helpers.py:102] Training  [ 470/7500]  eta: 1:28:43  lr: 0.0006 (0.0003)  wd: 0.0433 (0.0412)  mom: 0.9921 (0.9920)  last_layer_lr: 0.0006 (0.0003)  current_batch_size: 64.0000 (64.0000)  total_loss: 8.0553 (5.5677)  teacher_entropy_ratio: 0.9639 (0.5562)  teacher_batch_entropy_ratio: 0.9801 (0.5981)  dino_local_crops_loss: 6.6519 (4.1884)  dino_global_crops_loss: 0.8313 (0.5254)  koleo_loss: 0.0062 (0.1055)  ibot_loss: 0.5646 (0.7484)  time: 0.351866  data: 0.000882  max mem: 19495
I20260802 12:58:00 3235501 dinov2 helpers.py:102] Training  [ 480/7500]  eta: 1:27:36  lr: 0.0006 (0.0003)  wd: 0.0435 (0.0412)  mom: 0.9921 (0.9920)  last_layer_lr: 0.0006 (0.0003)  current_batch_size: 64.0000 (64.0000)  total_loss: 8.1101 (5.6213)  teacher_entropy_ratio: 0.9759 (0.5650)  teacher_batch_entropy_ratio: 0.9861 (0.6062)  dino_local_crops_loss: 6.6895 (4.2408)  dino_global_crops_loss: 0.8362 (0.5319)  koleo_loss: 0.0051 (0.1034)  ibot_loss: 0.5814 (0.7452)  time: 0.355923  data: 0.000886  max mem: 19495
I20260802 12:58:04 3235501 dinov2 helpers.py:102] Training  [ 490/7500]  eta: 1:26:42  lr: 0.0006 (0.0003)  wd: 0.0436 (0.0413)  mom: 0.9921 (0.9920)  last_layer_lr: 0.0006 (0.0003)  current_batch_size: 64.0000 (64.0000)  total_loss: 8.2083 (5.6761)  teacher_entropy_ratio: 0.9835 (0.5736)  teacher_batch_entropy_ratio: 0.9902 (0.6141)  dino_local_crops_loss: 6.7172 (4.2914)  dino_global_crops_loss: 0.8399 (0.5382)  koleo_loss: 0.0039 (0.1014)  ibot_loss: 0.6442 (0.7451)  time: 0.388142  data: 0.031119  max mem: 19495
I20260802 12:58:08 3235501 dinov2 helpers.py:102] Training  [ 500/7500]  eta: 1:25:48  lr: 0.0007 (0.0003)  wd: 0.0438 (0.0413)  mom: 0.9921 (0.9920)  last_layer_lr: 0.0007 (0.0003)  current_batch_size: 64.0000 (64.0000)  total_loss: 8.3391 (5.7293)  teacher_entropy_ratio: 0.9868 (0.5819)  teacher_batch_entropy_ratio: 0.9922 (0.6216)  dino_local_crops_loss: 6.7320 (4.3402)  dino_global_crops_loss: 0.8418 (0.5442)  koleo_loss: 0.0036 (0.0994)  ibot_loss: 0.7616 (0.7455)  time: 0.415790  data: 0.059272  max mem: 19495
I20260802 12:58:12 3235501 dinov2 helpers.py:102] Training  [ 510/7500]  eta: 1:24:53  lr: 0.0007 (0.0003)  wd: 0.0439 (0.0414)  mom: 0.9921 (0.9920)  last_layer_lr: 0.0007 (0.0003)  current_batch_size: 64.0000 (64.0000)  total_loss: 8.3229 (5.7798)  teacher_entropy_ratio: 0.9888 (0.5899)  teacher_batch_entropy_ratio: 0.9934 (0.6289)  dino_local_crops_loss: 6.7371 (4.3871)  dino_global_crops_loss: 0.8424 (0.5501)  koleo_loss: 0.0028 (0.0975)  ibot_loss: 0.7396 (0.7450)  time: 0.398473  data: 0.051036  max mem: 19495
I20260802 12:58:17 3235501 dinov2 helpers.py:102] Training  [ 520/7500]  eta: 1:24:15  lr: 0.0007 (0.0003)  wd: 0.0441 (0.0414)  mom: 0.9921 (0.9920)  last_layer_lr: 0.0007 (0.0003)  current_batch_size: 64.0000 (64.0000)  total_loss: 8.2975 (5.8281)  teacher_entropy_ratio: 0.9904 (0.5976)  teacher_batch_entropy_ratio: 0.9942 (0.6359)  dino_local_crops_loss: 6.7424 (4.4324)  dino_global_crops_loss: 0.8429 (0.5557)  koleo_loss: 0.0016 (0.0957)  ibot_loss: 0.7107 (0.7443)  time: 0.444164  data: 0.098894  max mem: 19495
I20260802 12:58:22 3235501 dinov2 helpers.py:102] Training  [ 530/7500]  eta: 1:23:35  lr: 0.0007 (0.0004)  wd: 0.0443 (0.0415)  mom: 0.9921 (0.9920)  last_layer_lr: 0.0007 (0.0003)  current_batch_size: 64.0000 (64.0000)  total_loss: 8.2939 (5.8746)  teacher_entropy_ratio: 0.9915 (0.6050)  teacher_batch_entropy_ratio: 0.9954 (0.6427)  dino_local_crops_loss: 6.7501 (4.4761)  dino_global_crops_loss: 0.8439 (0.5612)  koleo_loss: 0.0005 (0.0939)  ibot_loss: 0.6970 (0.7435)  time: 0.486692  data: 0.138939  max mem: 19495
I20260802 12:58:26 3235501 dinov2 helpers.py:102] Training  [ 540/7500]  eta: 1:22:39  lr: 0.0007 (0.0004)  wd: 0.0444 (0.0415)  mom: 0.9921 (0.9920)  last_layer_lr: 0.0007 (0.0003)  current_batch_size: 64.0000 (64.0000)  total_loss: 8.3199 (5.9203)  teacher_entropy_ratio: 0.9930 (0.6122)  teacher_batch_entropy_ratio: 0.9963 (0.6493)  dino_local_crops_loss: 6.7573 (4.5183)  dino_global_crops_loss: 0.8448 (0.5664)  koleo_loss: 0.0012 (0.0922)  ibot_loss: 0.7127 (0.7434)  time: 0.406449  data: 0.062721  max mem: 19495
I20260802 12:58:30 3235501 dinov2 helpers.py:102] Training  [ 550/7500]  eta: 1:21:54  lr: 0.0007 (0.0004)  wd: 0.0446 (0.0416)  mom: 0.9921 (0.9920)  last_layer_lr: 0.0007 (0.0003)  current_batch_size: 64.0000 (64.0000)  total_loss: 8.3561 (5.9652)  teacher_entropy_ratio: 0.9938 (0.6191)  teacher_batch_entropy_ratio: 0.9967 (0.6556)  dino_local_crops_loss: 6.7595 (4.5590)  dino_global_crops_loss: 0.8451 (0.5715)  koleo_loss: 0.0015 (0.0905)  ibot_loss: 0.7487 (0.7443)  time: 0.376112  data: 0.035769  max mem: 19495
I20260802 12:58:34 3235501 dinov2 helpers.py:102] Training  [ 560/7500]  eta: 1:21:14  lr: 0.0007 (0.0004)  wd: 0.0448 (0.0416)  mom: 0.9921 (0.9920)  last_layer_lr: 0.0007 (0.0003)  current_batch_size: 64.0000 (64.0000)  total_loss: 8.4062 (6.0098)  teacher_entropy_ratio: 0.9941 (0.6258)  teacher_batch_entropy_ratio: 0.9967 (0.6617)  dino_local_crops_loss: 6.7593 (4.5982)  dino_global_crops_loss: 0.8450 (0.5763)  koleo_loss: 0.0009 (0.0889)  ibot_loss: 0.8019 (0.7463)  time: 0.427871  data: 0.088059  max mem: 19495
I20260802 12:58:39 3235501 dinov2 helpers.py:102] Training  [ 570/7500]  eta: 1:20:37  lr: 0.0007 (0.0004)  wd: 0.0449 (0.0417)  mom: 0.9921 (0.9920)  last_layer_lr: 0.0007 (0.0004)  current_batch_size: 64.0000 (64.0000)  total_loss: 8.4876 (6.0536)  teacher_entropy_ratio: 0.9939 (0.6322)  teacher_batch_entropy_ratio: 0.9963 (0.6675)  dino_local_crops_loss: 6.7561 (4.6360)  dino_global_crops_loss: 0.8447 (0.5810)  koleo_loss: 0.0014 (0.0874)  ibot_loss: 0.8818 (0.7492)  time: 0.447156  data: 0.102570  max mem: 19495
I20260802 12:58:42 3235501 dinov2 helpers.py:102] Training  [ 580/7500]  eta: 1:19:51  lr: 0.0008 (0.0004)  wd: 0.0451 (0.0418)  mom: 0.9921 (0.9920)  last_layer_lr: 0.0008 (0.0004)  current_batch_size: 64.0000 (64.0000)  total_loss: 8.5414 (6.0966)  teacher_entropy_ratio: 0.9934 (0.6384)  teacher_batch_entropy_ratio: 0.9958 (0.6732)  dino_local_crops_loss: 6.7522 (4.6723)  dino_global_crops_loss: 0.8443 (0.5856)  koleo_loss: 0.0008 (0.0859)  ibot_loss: 0.9460 (0.7528)  time: 0.412736  data: 0.065189  max mem: 19495
I20260802 12:58:47 3235501 dinov2 helpers.py:102] Training  [ 590/7500]  eta: 1:19:14  lr: 0.0008 (0.0004)  wd: 0.0453 (0.0418)  mom: 0.9921 (0.9920)  last_layer_lr: 0.0008 (0.0004)  current_batch_size: 64.0000 (64.0000)  total_loss: 8.5574 (6.1391)  teacher_entropy_ratio: 0.9927 (0.6444)  teacher_batch_entropy_ratio: 0.9952 (0.6786)  dino_local_crops_loss: 6.7480 (4.7074)  dino_global_crops_loss: 0.8438 (0.5899)  koleo_loss: 0.0003 (0.0845)  ibot_loss: 0.9594 (0.7573)  time: 0.405275  data: 0.055748  max mem: 19495
I20260802 12:58:51 3235501 dinov2 helpers.py:102] Training  [ 600/7500]  eta: 1:18:36  lr: 0.0008 (0.0004)  wd: 0.0455 (0.0419)  mom: 0.9921 (0.9920)  last_layer_lr: 0.0008 (0.0004)  current_batch_size: 64.0000 (64.0000)  total_loss: 8.5959 (6.1800)  teacher_entropy_ratio: 0.9924 (0.6502)  teacher_batch_entropy_ratio: 0.9948 (0.6839)  dino_local_crops_loss: 6.7461 (4.7414)  dino_global_crops_loss: 0.8434 (0.5941)  koleo_loss: -0.0005 (0.0831)  ibot_loss: 1.0073 (0.7614)  time: 0.424114  data: 0.073860  max mem: 19495
I20260802 12:58:56 3235501 dinov2 helpers.py:102] Training  [ 610/7500]  eta: 1:18:14  lr: 0.0008 (0.0004)  wd: 0.0457 (0.0420)  mom: 0.9921 (0.9920)  last_layer_lr: 0.0008 (0.0004)  current_batch_size: 64.0000 (64.0000)  total_loss: 8.6259 (6.2208)  teacher_entropy_ratio: 0.9925 (0.6558)  teacher_batch_entropy_ratio: 0.9951 (0.6890)  dino_local_crops_loss: 6.7476 (4.7742)  dino_global_crops_loss: 0.8435 (0.5982)  koleo_loss: -0.0005 (0.0817)  ibot_loss: 1.0316 (0.7667)  time: 0.481634  data: 0.134299  max mem: 19495
I20260802 12:59:01 3235501 dinov2 helpers.py:102] Training  [ 620/7500]  eta: 1:17:46  lr: 0.0008 (0.0004)  wd: 0.0458 (0.0420)  mom: 0.9921 (0.9920)  last_layer_lr: 0.0008 (0.0004)  current_batch_size: 64.0000 (64.0000)  total_loss: 8.6613 (6.2597)  teacher_entropy_ratio: 0.9930 (0.6613)  teacher_batch_entropy_ratio: 0.9953 (0.6939)  dino_local_crops_loss: 6.7494 (4.8061)  dino_global_crops_loss: 0.8439 (0.6022)  koleo_loss: -0.0010 (0.0804)  ibot_loss: 1.0703 (0.7711)  time: 0.521540  data: 0.177011  max mem: 19495
I20260802 12:59:06 3235501 dinov2 helpers.py:102] Training  [ 630/7500]  eta: 1:17:13  lr: 0.0008 (0.0004)  wd: 0.0460 (0.0421)  mom: 0.9921 (0.9920)  last_layer_lr: 0.0008 (0.0004)  current_batch_size: 64.0000 (64.0000)  total_loss: 8.6348 (6.2979)  teacher_entropy_ratio: 0.9938 (0.6665)  teacher_batch_entropy_ratio: 0.9959 (0.6987)  dino_local_crops_loss: 6.7548 (4.8370)  dino_global_crops_loss: 0.8443 (0.6060)  koleo_loss: -0.0014 (0.0791)  ibot_loss: 1.0378 (0.7758)  time: 0.465847  data: 0.122453  max mem: 19495
I20260802 12:59:09 3235501 dinov2 helpers.py:102] Training  [ 640/7500]  eta: 1:16:33  lr: 0.0008 (0.0004)  wd: 0.0462 (0.0421)  mom: 0.9921 (0.9920)  last_layer_lr: 0.0008 (0.0004)  current_batch_size: 64.0000 (64.0000)  total_loss: 8.6705 (6.3353)  teacher_entropy_ratio: 0.9948 (0.6717)  teacher_batch_entropy_ratio: 0.9967 (0.7033)  dino_local_crops_loss: 6.7596 (4.8670)  dino_global_crops_loss: 0.8451 (0.6098)  koleo_loss: -0.0022 (0.0778)  ibot_loss: 1.0690 (0.7807)  time: 0.401517  data: 0.053552  max mem: 19495
I20260802 12:59:13 3235501 dinov2 helpers.py:102] Training  [ 650/7500]  eta: 1:15:56  lr: 0.0009 (0.0004)  wd: 0.0464 (0.0422)  mom: 0.9921 (0.9920)  last_layer_lr: 0.0009 (0.0004)  current_batch_size: 64.0000 (64.0000)  total_loss: 8.6798 (6.3711)  teacher_entropy_ratio: 0.9955 (0.6767)  teacher_batch_entropy_ratio: 0.9974 (0.7079)  dino_local_crops_loss: 6.7641 (4.8962)  dino_global_crops_loss: 0.8456 (0.6134)  koleo_loss: -0.0023 (0.0766)  ibot_loss: 1.0726 (0.7850)  time: 0.369994  data: 0.024776  max mem: 19495
I20260802 12:59:17 3235501 dinov2 helpers.py:102] Training  [ 660/7500]  eta: 1:15:21  lr: 0.0009 (0.0004)  wd: 0.0466 (0.0423)  mom: 0.9921 (0.9921)  last_layer_lr: 0.0009 (0.0004)  current_batch_size: 64.0000 (64.0000)  total_loss: 8.6689 (6.4057)  teacher_entropy_ratio: 0.9959 (0.6815)  teacher_batch_entropy_ratio: 0.9978 (0.7123)  dino_local_crops_loss: 6.7676 (4.9245)  dino_global_crops_loss: 0.8460 (0.6169)  koleo_loss: -0.0031 (0.0754)  ibot_loss: 1.0559 (0.7889)  time: 0.386392  data: 0.039349  max mem: 19495
I20260802 12:59:21 3235501 dinov2 helpers.py:102] Training  [ 670/7500]  eta: 1:14:48  lr: 0.0009 (0.0004)  wd: 0.0468 (0.0424)  mom: 0.9922 (0.9921)  last_layer_lr: 0.0009 (0.0004)  current_batch_size: 64.0000 (64.0000)  total_loss: 8.6689 (6.4393)  teacher_entropy_ratio: 0.9963 (0.6862)  teacher_batch_entropy_ratio: 0.9982 (0.7165)  dino_local_crops_loss: 6.7697 (4.9520)  dino_global_crops_loss: 0.8464 (0.6203)  koleo_loss: -0.0032 (0.0742)  ibot_loss: 1.0559 (0.7928)  time: 0.396651  data: 0.046478  max mem: 19495
I20260802 12:59:25 3235501 dinov2 helpers.py:102] Training  [ 680/7500]  eta: 1:14:19  lr: 0.0009 (0.0005)  wd: 0.0470 (0.0424)  mom: 0.9922 (0.9921)  last_layer_lr: 0.0009 (0.0004)  current_batch_size: 64.0000 (64.0000)  total_loss: 8.6596 (6.4723)  teacher_entropy_ratio: 0.9965 (0.6907)  teacher_batch_entropy_ratio: 0.9985 (0.7207)  dino_local_crops_loss: 6.7721 (4.9788)  dino_global_crops_loss: 0.8467 (0.6237)  koleo_loss: -0.0031 (0.0730)  ibot_loss: 1.0455 (0.7969)  time: 0.413849  data: 0.070778  max mem: 19495
I20260802 12:59:30 3235501 dinov2 helpers.py:102] Training  [ 690/7500]  eta: 1:13:50  lr: 0.0009 (0.0005)  wd: 0.0473 (0.0425)  mom: 0.9922 (0.9921)  last_layer_lr: 0.0009 (0.0004)  current_batch_size: 64.0000 (64.0000)  total_loss: 8.6847 (6.5044)  teacher_entropy_ratio: 0.9967 (0.6952)  teacher_batch_entropy_ratio: 0.9986 (0.7247)  dino_local_crops_loss: 6.7734 (5.0048)  dino_global_crops_loss: 0.8468 (0.6269)  koleo_loss: -0.0042 (0.0719)  ibot_loss: 1.0668 (0.8008)  time: 0.431828  data: 0.090853  max mem: 19495
I20260802 12:59:35 3235501 dinov2 helpers.py:102] Training  [ 700/7500]  eta: 1:13:29  lr: 0.0009 (0.0005)  wd: 0.0475 (0.0426)  mom: 0.9922 (0.9921)  last_layer_lr: 0.0009 (0.0004)  current_batch_size: 64.0000 (64.0000)  total_loss: 8.6713 (6.5354)  teacher_entropy_ratio: 0.9968 (0.6995)  teacher_batch_entropy_ratio: 0.9988 (0.7286)  dino_local_crops_loss: 6.7746 (5.0300)  dino_global_crops_loss: 0.8470 (0.6300)  koleo_loss: -0.0048 (0.0708)  ibot_loss: 1.0541 (0.8046)  time: 0.466888  data: 0.127717  max mem: 19495
I20260802 12:59:38 3235501 dinov2 helpers.py:102] Training  [ 710/7500]  eta: 1:12:54  lr: 0.0009 (0.0005)  wd: 0.0477 (0.0426)  mom: 0.9922 (0.9921)  last_layer_lr: 0.0009 (0.0005)  current_batch_size: 64.0000 (64.0000)  total_loss: 8.6777 (6.5658)  teacher_entropy_ratio: 0.9968 (0.7037)  teacher_batch_entropy_ratio: 0.9987 (0.7324)  dino_local_crops_loss: 6.7744 (5.0545)  dino_global_crops_loss: 0.8469 (0.6331)  koleo_loss: -0.0055 (0.0697)  ibot_loss: 1.0610 (0.8084)  time: 0.425641  data: 0.082984  max mem: 19495
I20260802 12:59:43 3235501 dinov2 helpers.py:102] Training  [ 720/7500]  eta: 1:12:30  lr: 0.0009 (0.0005)  wd: 0.0479 (0.0427)  mom: 0.9922 (0.9921)  last_layer_lr: 0.0009 (0.0005)  current_batch_size: 64.0000 (64.0000)  total_loss: 8.7116 (6.5961)  teacher_entropy_ratio: 0.9964 (0.7077)  teacher_batch_entropy_ratio: 0.9985 (0.7361)  dino_local_crops_loss: 6.7718 (5.0783)  dino_global_crops_loss: 0.8466 (0.6360)  koleo_loss: -0.0058 (0.0687)  ibot_loss: 1.0947 (0.8130)  time: 0.402521  data: 0.052029  max mem: 19495
I20260802 12:59:47 3235501 dinov2 helpers.py:102] Training  [ 730/7500]  eta: 1:11:59  lr: 0.0010 (0.0005)  wd: 0.0481 (0.0428)  mom: 0.9922 (0.9921)  last_layer_lr: 0.0010 (0.0005)  current_batch_size: 64.0000 (64.0000)  total_loss: 8.7449 (6.6255)  teacher_entropy_ratio: 0.9960 (0.7117)  teacher_batch_entropy_ratio: 0.9981 (0.7397)  dino_local_crops_loss: 6.7673 (5.1014)  dino_global_crops_loss: 0.8461 (0.6389)  koleo_loss: -0.0062 (0.0677)  ibot_loss: 1.1348 (0.8175)  time: 0.412479  data: 0.061088  max mem: 19495
I20260802 12:59:51 3235501 dinov2 helpers.py:102] Training  [ 740/7500]  eta: 1:11:32  lr: 0.0010 (0.0005)  wd: 0.0483 (0.0429)  mom: 0.9922 (0.9921)  last_layer_lr: 0.0010 (0.0005)  current_batch_size: 64.0000 (64.0000)  total_loss: 8.6941 (6.6529)  teacher_entropy_ratio: 0.9952 (0.7155)  teacher_batch_entropy_ratio: 0.9973 (0.7431)  dino_local_crops_loss: 6.7610 (5.1238)  dino_global_crops_loss: 0.8452 (0.6417)  koleo_loss: -0.0063 (0.0667)  ibot_loss: 1.0980 (0.8208)  time: 0.396382  data: 0.047225  max mem: 19495
I20260802 12:59:54 3235501 dinov2 helpers.py:102] Training  [ 750/7500]  eta: 1:11:01  lr: 0.0010 (0.0005)  wd: 0.0486 (0.0429)  mom: 0.9922 (0.9921)  last_layer_lr: 0.0010 (0.0005)  current_batch_size: 64.0000 (64.0000)  total_loss: 8.6941 (6.6802)  teacher_entropy_ratio: 0.9942 (0.7192)  teacher_batch_entropy_ratio: 0.9966 (0.7465)  dino_local_crops_loss: 6.7555 (5.1454)  dino_global_crops_loss: 0.8446 (0.6444)  koleo_loss: -0.0056 (0.0657)  ibot_loss: 1.0980 (0.8247)  time: 0.390357  data: 0.044996  max mem: 19495
I20260802 13:00:00 3235501 dinov2 helpers.py:102] Training  [ 760/7500]  eta: 1:10:51  lr: 0.0010 (0.0005)  wd: 0.0488 (0.0430)  mom: 0.9922 (0.9921)  last_layer_lr: 0.0010 (0.0005)  current_batch_size: 64.0000 (64.0000)  total_loss: 8.7204 (6.7069)  teacher_entropy_ratio: 0.9945 (0.7228)  teacher_batch_entropy_ratio: 0.9966 (0.7498)  dino_local_crops_loss: 6.7553 (5.1666)  dino_global_crops_loss: 0.8444 (0.6470)  koleo_loss: -0.0065 (0.0648)  ibot_loss: 1.1284 (0.8285)  time: 0.470731  data: 0.126157  max mem: 19495
I20260802 13:00:04 3235501 dinov2 helpers.py:102] Training  [ 770/7500]  eta: 1:10:22  lr: 0.0010 (0.0005)  wd: 0.0490 (0.0431)  mom: 0.9922 (0.9921)  last_layer_lr: 0.0010 (0.0005)  current_batch_size: 64.0000 (64.0000)  total_loss: 8.7339 (6.7335)  teacher_entropy_ratio: 0.9950 (0.7263)  teacher_batch_entropy_ratio: 0.9971 (0.7530)  dino_local_crops_loss: 6.7585 (5.1873)  dino_global_crops_loss: 0.8449 (0.6496)  koleo_loss: -0.0075 (0.0638)  ibot_loss: 1.1351 (0.8328)  time: 0.476359  data: 0.129215  max mem: 19495
I20260802 13:00:08 3235501 dinov2 helpers.py:102] Training  [ 780/7500]  eta: 1:09:57  lr: 0.0010 (0.0005)  wd: 0.0493 (0.0432)  mom: 0.9922 (0.9921)  last_layer_lr: 0.0010 (0.0005)  current_batch_size: 64.0000 (64.0000)  total_loss: 8.7524 (6.7597)  teacher_entropy_ratio: 0.9953 (0.7298)  teacher_batch_entropy_ratio: 0.9975 (0.7561)  dino_local_crops_loss: 6.7607 (5.2074)  dino_global_crops_loss: 0.8452 (0.6521)  koleo_loss: -0.0077 (0.0629)  ibot_loss: 1.1591 (0.8373)  time: 0.391412  data: 0.045088  max mem: 19495
I20260802 13:00:12 3235501 dinov2 helpers.py:102] Training  [ 790/7500]  eta: 1:09:32  lr: 0.0010 (0.0005)  wd: 0.0495 (0.0433)  mom: 0.9922 (0.9921)  last_layer_lr: 0.0010 (0.0005)  current_batch_size: 64.0000 (64.0000)  total_loss: 8.7396 (6.7849)  teacher_entropy_ratio: 0.9959 (0.7331)  teacher_batch_entropy_ratio: 0.9981 (0.7592)  dino_local_crops_loss: 6.7651 (5.2272)  dino_global_crops_loss: 0.8458 (0.6545)  koleo_loss: -0.0083 (0.0620)  ibot_loss: 1.1433 (0.8412)  time: 0.409972  data: 0.068974  max mem: 19495
I20260802 13:00:17 3235501 dinov2 helpers.py:102] Training  [ 800/7500]  eta: 1:09:15  lr: 0.0010 (0.0005)  wd: 0.0498 (0.0434)  mom: 0.9922 (0.9921)  last_layer_lr: 0.0010 (0.0005)  current_batch_size: 64.0000 (64.0000)  total_loss: 8.7493 (6.8098)  teacher_entropy_ratio: 0.9963 (0.7364)  teacher_batch_entropy_ratio: 0.9986 (0.7622)  dino_local_crops_loss: 6.7678 (5.2464)  dino_global_crops_loss: 0.8461 (0.6569)  koleo_loss: -0.0084 (0.0611)  ibot_loss: 1.1471 (0.8454)  time: 0.446868  data: 0.105564  max mem: 19495
I20260802 13:00:21 3235501 dinov2 helpers.py:102] Training  [ 810/7500]  eta: 1:08:47  lr: 0.0010 (0.0005)  wd: 0.0500 (0.0434)  mom: 0.9922 (0.9921)  last_layer_lr: 0.0010 (0.0005)  current_batch_size: 64.0000 (64.0000)  total_loss: 8.7807 (6.8342)  teacher_entropy_ratio: 0.9966 (0.7396)  teacher_batch_entropy_ratio: 0.9988 (0.7651)  dino_local_crops_loss: 6.7695 (5.2652)  dino_global_crops_loss: 0.8463 (0.6593)  koleo_loss: -0.0091 (0.0603)  ibot_loss: 1.1737 (0.8495)  time: 0.425349  data: 0.085740  max mem: 19495
I20260802 13:00:25 3235501 dinov2 helpers.py:102] Training  [ 820/7500]  eta: 1:08:23  lr: 0.0010 (0.0005)  wd: 0.0503 (0.0435)  mom: 0.9922 (0.9921)  last_layer_lr: 0.0010 (0.0005)  current_batch_size: 64.0000 (64.0000)  total_loss: 8.7805 (6.8580)  teacher_entropy_ratio: 0.9967 (0.7428)  teacher_batch_entropy_ratio: 0.9990 (0.7680)  dino_local_crops_loss: 6.7711 (5.2836)  dino_global_crops_loss: 0.8466 (0.6616)  koleo_loss: -0.0093 (0.0594)  ibot_loss: 1.1715 (0.8534)  time: 0.382368  data: 0.038234  max mem: 19495
I20260802 13:00:29 3235501 dinov2 helpers.py:102] Training  [ 830/7500]  eta: 1:08:02  lr: 0.0010 (0.0005)  wd: 0.0505 (0.0436)  mom: 0.9922 (0.9921)  last_layer_lr: 0.0010 (0.0005)  current_batch_size: 64.0000 (64.0000)  total_loss: 8.7671 (6.8809)  teacher_entropy_ratio: 0.9968 (0.7458)  teacher_batch_entropy_ratio: 0.9993 (0.7707)  dino_local_crops_loss: 6.7728 (5.3015)  dino_global_crops_loss: 0.8467 (0.6638)  koleo_loss: -0.0092 (0.0586)  ibot_loss: 1.1572 (0.8570)  time: 0.411574  data: 0.058482  max mem: 19495
I20260802 13:00:32 3235501 dinov2 helpers.py:102] Training  [ 840/7500]  eta: 1:07:35  lr: 0.0010 (0.0006)  wd: 0.0508 (0.0437)  mom: 0.9922 (0.9921)  last_layer_lr: 0.0010 (0.0005)  current_batch_size: 64.0000 (64.0000)  total_loss: 8.7370 (6.9030)  teacher_entropy_ratio: 0.9973 (0.7488)  teacher_batch_entropy_ratio: 0.9995 (0.7735)  dino_local_crops_loss: 6.7739 (5.3190)  dino_global_crops_loss: 0.8468 (0.6660)  koleo_loss: -0.0095 (0.0578)  ibot_loss: 1.1274 (0.8603)  time: 0.386947  data: 0.039359  max mem: 19495
I20260802 13:00:36 3235501 dinov2 helpers.py:102] Training  [ 850/7500]  eta: 1:07:12  lr: 0.0010 (0.0006)  wd: 0.0510 (0.0438)  mom: 0.9922 (0.9921)  last_layer_lr: 0.0010 (0.0005)  current_batch_size: 64.0000 (64.0000)  total_loss: 8.7494 (6.9252)  teacher_entropy_ratio: 0.9973 (0.7517)  teacher_batch_entropy_ratio: 0.9995 (0.7761)  dino_local_crops_loss: 6.7749 (5.3361)  dino_global_crops_loss: 0.8470 (0.6681)  koleo_loss: -0.0098 (0.0570)  ibot_loss: 1.1371 (0.8640)  time: 0.371400  data: 0.032991  max mem: 19495
I20260802 13:00:40 3235501 dinov2 helpers.py:102] Training  [ 860/7500]  eta: 1:06:51  lr: 0.0010 (0.0006)  wd: 0.0513 (0.0439)  mom: 0.9923 (0.9921)  last_layer_lr: 0.0010 (0.0005)  current_batch_size: 64.0000 (64.0000)  total_loss: 8.7755 (6.9470)  teacher_entropy_ratio: 0.9978 (0.7546)  teacher_batch_entropy_ratio: 0.9997 (0.7787)  dino_local_crops_loss: 6.7755 (5.3528)  dino_global_crops_loss: 0.8470 (0.6702)  koleo_loss: -0.0099 (0.0562)  ibot_loss: 1.1631 (0.8678)  time: 0.401772  data: 0.060329  max mem: 19495
I20260802 13:00:44 3235501 dinov2 helpers.py:102] Training  [ 870/7500]  eta: 1:06:30  lr: 0.0010 (0.0006)  wd: 0.0516 (0.0440)  mom: 0.9923 (0.9921)  last_layer_lr: 0.0010 (0.0006)  current_batch_size: 64.0000 (64.0000)  total_loss: 8.7999 (6.9683)  teacher_entropy_ratio: 0.9978 (0.7574)  teacher_batch_entropy_ratio: 0.9997 (0.7813)  dino_local_crops_loss: 6.7758 (5.3692)  dino_global_crops_loss: 0.8471 (0.6722)  koleo_loss: -0.0103 (0.0554)  ibot_loss: 1.1876 (0.8714)  time: 0.408429  data: 0.065296  max mem: 19495
I20260802 13:00:48 3235501 dinov2 helpers.py:102] Training  [ 880/7500]  eta: 1:06:08  lr: 0.0010 (0.0006)  wd: 0.0518 (0.0441)  mom: 0.9923 (0.9921)  last_layer_lr: 0.0010 (0.0006)  current_batch_size: 64.0000 (64.0000)  total_loss: 8.8084 (6.9894)  teacher_entropy_ratio: 0.9978 (0.7601)  teacher_batch_entropy_ratio: 0.9998 (0.7837)  dino_local_crops_loss: 6.7759 (5.3851)  dino_global_crops_loss: 0.8471 (0.6742)  koleo_loss: -0.0106 (0.0547)  ibot_loss: 1.1952 (0.8754)  time: 0.396081  data: 0.056274  max mem: 19495
I20260802 13:00:52 3235501 dinov2 helpers.py:102] Training  [ 890/7500]  eta: 1:05:46  lr: 0.0010 (0.0006)  wd: 0.0521 (0.0441)  mom: 0.9923 (0.9921)  last_layer_lr: 0.0010 (0.0006)  current_batch_size: 64.0000 (64.0000)  total_loss: 8.8156 (7.0098)  teacher_entropy_ratio: 0.9975 (0.7628)  teacher_batch_entropy_ratio: 0.9998 (0.7862)  dino_local_crops_loss: 6.7755 (5.4007)  dino_global_crops_loss: 0.8472 (0.6761)  koleo_loss: -0.0103 (0.0540)  ibot_loss: 1.2024 (0.8790)  time: 0.390713  data: 0.049410  max mem: 19495
I20260802 13:00:56 3235501 fvcore.common.checkpoint __init__.py:109] Saving checkpoint to /sci/labs/arieljaffe/dan.abergel1/runs/brain/koleo_on/model_0000899.rank_0.pth
I20260802 13:00:57 3235501 dinov2 helpers.py:102] Training  [ 900/7500]  eta: 1:05:33  lr: 0.0010 (0.0006)  wd: 0.0524 (0.0442)  mom: 0.9923 (0.9921)  last_layer_lr: 0.0010 (0.0006)  current_batch_size: 64.0000 (64.0000)  total_loss: 8.7685 (7.0293)  teacher_entropy_ratio: 0.9976 (0.7654)  teacher_batch_entropy_ratio: 0.9998 (0.7885)  dino_local_crops_loss: 6.7764 (5.4160)  dino_global_crops_loss: 0.8472 (0.6780)  koleo_loss: -0.0099 (0.0533)  ibot_loss: 1.1536 (0.8820)  time: 0.442084  data: 0.036910  max mem: 19495
I20260802 13:01:01 3235501 dinov2 helpers.py:102] Training  [ 910/7500]  eta: 1:05:09  lr: 0.0010 (0.0006)  wd: 0.0526 (0.0443)  mom: 0.9923 (0.9921)  last_layer_lr: 0.0010 (0.0006)  current_batch_size: 64.0000 (64.0000)  total_loss: 8.7787 (7.0490)  teacher_entropy_ratio: 0.9980 (0.7679)  teacher_batch_entropy_ratio: 0.9998 (0.7908)  dino_local_crops_loss: 6.7766 (5.4309)  dino_global_crops_loss: 0.8472 (0.6799)  koleo_loss: -0.0098 (0.0526)  ibot_loss: 1.1643 (0.8856)  time: 0.421998  data: 0.010797  max mem: 19495
I20260802 13:01:04 3235501 dinov2 helpers.py:102] Training  [ 920/7500]  eta: 1:04:46  lr: 0.0010 (0.0006)  wd: 0.0529 (0.0444)  mom: 0.9923 (0.9921)  last_layer_lr: 0.0010 (0.0006)  current_batch_size: 64.0000 (64.0000)  total_loss: 8.8030 (7.0682)  teacher_entropy_ratio: 0.9979 (0.7704)  teacher_batch_entropy_ratio: 0.9998 (0.7931)  dino_local_crops_loss: 6.7763 (5.4455)  dino_global_crops_loss: 0.8471 (0.6817)  koleo_loss: -0.0098 (0.0519)  ibot_loss: 1.1913 (0.8890)  time: 0.354084  data: 0.005153  max mem: 19495
I20260802 13:01:09 3235501 dinov2 helpers.py:102] Training  [ 930/7500]  eta: 1:04:29  lr: 0.0010 (0.0006)  wd: 0.0532 (0.0445)  mom: 0.9923 (0.9921)  last_layer_lr: 0.0010 (0.0006)  current_batch_size: 64.0000 (64.0000)  total_loss: 8.8030 (7.0868)  teacher_entropy_ratio: 0.9975 (0.7729)  teacher_batch_entropy_ratio: 0.9998 (0.7953)  dino_local_crops_loss: 6.7757 (5.4598)  dino_global_crops_loss: 0.8471 (0.6835)  koleo_loss: -0.0103 (0.0512)  ibot_loss: 1.1904 (0.8922)  time: 0.392793  data: 0.041740  max mem: 19495
I20260802 13:01:12 3235501 dinov2 helpers.py:102] Training  [ 940/7500]  eta: 1:04:08  lr: 0.0010 (0.0006)  wd: 0.0535 (0.0446)  mom: 0.9923 (0.9921)  last_layer_lr: 0.0010 (0.0006)  current_batch_size: 64.0000 (64.0000)  total_loss: 8.8050 (7.1053)  teacher_entropy_ratio: 0.9975 (0.7753)  teacher_batch_entropy_ratio: 0.9997 (0.7975)  dino_local_crops_loss: 6.7754 (5.4738)  dino_global_crops_loss: 0.8471 (0.6852)  koleo_loss: -0.0113 (0.0506)  ibot_loss: 1.1972 (0.8958)  time: 0.402381  data: 0.050264  max mem: 19495
I20260802 13:01:16 3235501 dinov2 helpers.py:102] Training  [ 950/7500]  eta: 1:03:47  lr: 0.0010 (0.0006)  wd: 0.0538 (0.0447)  mom: 0.9923 (0.9921)  last_layer_lr: 0.0010 (0.0006)  current_batch_size: 64.0000 (64.0000)  total_loss: 8.8050 (7.1235)  teacher_entropy_ratio: 0.9974 (0.7776)  teacher_batch_entropy_ratio: 0.9997 (0.7996)  dino_local_crops_loss: 6.7753 (5.4875)  dino_global_crops_loss: 0.8470 (0.6869)  koleo_loss: -0.0116 (0.0499)  ibot_loss: 1.2019 (0.8992)  time: 0.370733  data: 0.028175  max mem: 19495
I20260802 13:01:20 3235501 dinov2 helpers.py:102] Training  [ 960/7500]  eta: 1:03:30  lr: 0.0010 (0.0006)  wd: 0.0541 (0.0448)  mom: 0.9923 (0.9921)  last_layer_lr: 0.0010 (0.0006)  current_batch_size: 64.0000 (64.0000)  total_loss: 8.8312 (7.1412)  teacher_entropy_ratio: 0.9969 (0.7799)  teacher_batch_entropy_ratio: 0.9995 (0.8017)  dino_local_crops_loss: 6.7742 (5.5008)  dino_global_crops_loss: 0.8469 (0.6886)  koleo_loss: -0.0114 (0.0493)  ibot_loss: 1.2252 (0.9025)  time: 0.389953  data: 0.043914  max mem: 19495
I20260802 13:01:24 3235501 dinov2 helpers.py:102] Training  [ 970/7500]  eta: 1:03:10  lr: 0.0010 (0.0006)  wd: 0.0544 (0.0449)  mom: 0.9923 (0.9921)  last_layer_lr: 0.0010 (0.0006)  current_batch_size: 64.0000 (64.0000)  total_loss: 8.8174 (7.1585)  teacher_entropy_ratio: 0.9953 (0.7821)  teacher_batch_entropy_ratio: 0.9991 (0.8037)  dino_local_crops_loss: 6.7698 (5.5139)  dino_global_crops_loss: 0.8465 (0.6902)  koleo_loss: -0.0114 (0.0486)  ibot_loss: 1.2153 (0.9058)  time: 0.392735  data: 0.041371  max mem: 19495
I20260802 13:01:28 3235501 dinov2 helpers.py:102] Training  [ 980/7500]  eta: 1:02:50  lr: 0.0010 (0.0006)  wd: 0.0547 (0.0450)  mom: 0.9923 (0.9921)  last_layer_lr: 0.0010 (0.0006)  current_batch_size: 64.0000 (64.0000)  total_loss: 8.8111 (7.1754)  teacher_entropy_ratio: 0.9940 (0.7842)  teacher_batch_entropy_ratio: 0.9986 (0.8057)  dino_local_crops_loss: 6.7662 (5.5266)  dino_global_crops_loss: 0.8459 (0.6918)  koleo_loss: -0.0117 (0.0480)  ibot_loss: 1.2153 (0.9090)  time: 0.372686  data: 0.024339  max mem: 19495
I20260802 13:01:31 3235501 dinov2 helpers.py:102] Training  [ 990/7500]  eta: 1:02:30  lr: 0.0010 (0.0006)  wd: 0.0550 (0.0451)  mom: 0.9923 (0.9921)  last_layer_lr: 0.0010 (0.0006)  current_batch_size: 64.0000 (64.0000)  total_loss: 8.8080 (7.1917)  teacher_entropy_ratio: 0.9896 (0.7863)  teacher_batch_entropy_ratio: 0.9968 (0.8076)  dino_local_crops_loss: 6.7555 (5.5390)  dino_global_crops_loss: 0.8453 (0.6933)  koleo_loss: -0.0116 (0.0474)  ibot_loss: 1.2311 (0.9120)  time: 0.363117  data: 0.019554  max mem: 19495
  [probe] best config: n_blocks=4 avgpool=True
I20260802 13:03:00 3235501 dinov2 train.py:276] PROBE @ iter 1000: 75.28% +/- 1.96%
W20260802 13:03:00 3235501 py.warnings warnings.py:109] /sci/labs/arieljaffe/dan.abergel1/repos/FAIR_official/dinov2/loss/koleo_loss.py:43: FutureWarning: `torch.cuda.amp.autocast(args...)` is deprecated. Please use `torch.amp.autocast('cuda', args...)` instead.
  with torch.cuda.amp.autocast(enabled=False):

I20260802 13:03:00 3235501 dinov2 helpers.py:102] Training  [1000/7500]  eta: 1:11:24  lr: 0.0010 (0.0006)  wd: 0.0553 (0.0452)  mom: 0.9923 (0.9921)  last_layer_lr: 0.0010 (0.0006)  current_batch_size: 64.0000 (64.0000)  total_loss: 8.7919 (7.2077)  teacher_entropy_ratio: 0.9874 (0.7883)  teacher_batch_entropy_ratio: 0.9960 (0.8095)  dino_local_crops_loss: 6.7472 (5.5510)  dino_global_crops_loss: 0.8435 (0.6948)  koleo_loss: -0.0114 (0.0468)  ibot_loss: 1.2195 (0.9151)  time: 4.626089  data: 0.049402  max mem: 19495
I20260802 13:03:03 3235501 dinov2 helpers.py:102] Training  [1010/7500]  eta: 1:10:57  lr: 0.0010 (0.0006)  wd: 0.0556 (0.0453)  mom: 0.9923 (0.9921)  last_layer_lr: 0.0010 (0.0006)  current_batch_size: 64.0000 (64.0000)  total_loss: 8.7919 (7.2235)  teacher_entropy_ratio: 0.9873 (0.7903)  teacher_batch_entropy_ratio: 0.9958 (0.8114)  dino_local_crops_loss: 6.7470 (5.5628)  dino_global_crops_loss: 0.8434 (0.6963)  koleo_loss: -0.0113 (0.0463)  ibot_loss: 1.2161 (0.9182)  time: 4.614827  data: 0.042192  max mem: 19495
I20260802 13:03:07 3235501 dinov2 helpers.py:102] Training  [1020/7500]  eta: 1:10:30  lr: 0.0010 (0.0006)  wd: 0.0559 (0.0454)  mom: 0.9924 (0.9921)  last_layer_lr: 0.0010 (0.0006)  current_batch_size: 64.0000 (64.0000)  total_loss: 8.8269 (7.2392)  teacher_entropy_ratio: 0.9850 (0.7921)  teacher_batch_entropy_ratio: 0.9949 (0.8131)  dino_local_crops_loss: 6.7382 (5.5743)  dino_global_crops_loss: 0.8429 (0.6977)  koleo_loss: -0.0117 (0.0457)  ibot_loss: 1.2527 (0.9215)  time: 0.338283  data: 0.000388  max mem: 19495
I20260802 13:03:10 3235501 dinov2 helpers.py:102] Training  [1030/7500]  eta: 1:10:05  lr: 0.0010 (0.0006)  wd: 0.0562 (0.0455)  mom: 0.9924 (0.9921)  last_layer_lr: 0.0010 (0.0006)  current_batch_size: 64.0000 (64.0000)  total_loss: 8.7952 (7.2542)  teacher_entropy_ratio: 0.9812 (0.7940)  teacher_batch_entropy_ratio: 0.9929 (0.8149)  dino_local_crops_loss: 6.7225 (5.5854)  dino_global_crops_loss: 0.8413 (0.6991)  koleo_loss: -0.0117 (0.0451)  ibot_loss: 1.2448 (0.9245)  time: 0.348900  data: 0.000430  max mem: 19495
I20260802 13:03:14 3235501 dinov2 helpers.py:102] Training  [1040/7500]  eta: 1:09:40  lr: 0.0010 (0.0006)  wd: 0.0565 (0.0456)  mom: 0.9924 (0.9921)  last_layer_lr: 0.0010 (0.0006)  current_batch_size: 64.0000 (64.0000)  total_loss: 8.7952 (7.2693)  teacher_entropy_ratio: 0.9801 (0.7958)  teacher_batch_entropy_ratio: 0.9926 (0.8166)  dino_local_crops_loss: 6.7225 (5.5963)  dino_global_crops_loss: 0.8404 (0.7004)  koleo_loss: -0.0117 (0.0446)  ibot_loss: 1.2535 (0.9280)  time: 0.351321  data: 0.000632  max mem: 19495
I20260802 13:03:18 3235501 dinov2 helpers.py:102] Training  [1050/7500]  eta: 1:09:15  lr: 0.0010 (0.0006)  wd: 0.0568 (0.0458)  mom: 0.9924 (0.9921)  last_layer_lr: 0.0010 (0.0006)  current_batch_size: 64.0000 (64.0000)  total_loss: 8.8494 (7.2844)  teacher_entropy_ratio: 0.9771 (0.7975)  teacher_batch_entropy_ratio: 0.9905 (0.8182)  dino_local_crops_loss: 6.7174 (5.6069)  dino_global_crops_loss: 0.8401 (0.7018)  koleo_loss: -0.0116 (0.0441)  ibot_loss: 1.2969 (0.9317)  time: 0.350674  data: 0.000715  max mem: 19495
I20260802 13:03:21 3235501 dinov2 helpers.py:102] Training  [1060/7500]  eta: 1:08:52  lr: 0.0010 (0.0006)  wd: 0.0571 (0.0459)  mom: 0.9924 (0.9921)  last_layer_lr: 0.0010 (0.0006)  current_batch_size: 64.0000 (64.0000)  total_loss: 8.8417 (7.2988)  teacher_entropy_ratio: 0.9777 (0.7992)  teacher_batch_entropy_ratio: 0.9906 (0.8199)  dino_local_crops_loss: 6.7108 (5.6173)  dino_global_crops_loss: 0.8390 (0.7031)  koleo_loss: -0.0104 (0.0436)  ibot_loss: 1.2948 (0.9348)  time: 0.360015  data: 0.000754  max mem: 19495
I20260802 13:03:25 3235501 dinov2 helpers.py:102] Training  [1070/7500]  eta: 1:08:27  lr: 0.0010 (0.0006)  wd: 0.0575 (0.0460)  mom: 0.9924 (0.9921)  last_layer_lr: 0.0010 (0.0006)  current_batch_size: 64.0000 (64.0000)  total_loss: 8.7789 (7.3127)  teacher_entropy_ratio: 0.9778 (0.8009)  teacher_batch_entropy_ratio: 0.9908 (0.8215)  dino_local_crops_loss: 6.7104 (5.6275)  dino_global_crops_loss: 0.8387 (0.7043)  koleo_loss: -0.0117 (0.0430)  ibot_loss: 1.2442 (0.9379)  time: 0.353600  data: 0.000883  max mem: 19495
I20260802 13:03:28 3235501 dinov2 helpers.py:102] Training  [1080/7500]  eta: 1:08:04  lr: 0.0010 (0.0007)  wd: 0.0578 (0.0461)  mom: 0.9924 (0.9921)  last_layer_lr: 0.0010 (0.0006)  current_batch_size: 64.0000 (64.0000)  total_loss: 8.7677 (7.3265)  teacher_entropy_ratio: 0.9788 (0.8025)  teacher_batch_entropy_ratio: 0.9908 (0.8230)  dino_local_crops_loss: 6.7104 (5.6375)  dino_global_crops_loss: 0.8383 (0.7056)  koleo_loss: -0.0121 (0.0425)  ibot_loss: 1.2468 (0.9409)  time: 0.344499  data: 0.000445  max mem: 19495
I20260802 13:03:32 3235501 dinov2 helpers.py:102] Training  [1090/7500]  eta: 1:07:41  lr: 0.0010 (0.0007)  wd: 0.0581 (0.0462)  mom: 0.9924 (0.9921)  last_layer_lr: 0.0010 (0.0006)  current_batch_size: 64.0000 (64.0000)  total_loss: 8.7684 (7.3399)  teacher_entropy_ratio: 0.9795 (0.8041)  teacher_batch_entropy_ratio: 0.9918 (0.8246)  dino_local_crops_loss: 6.7033 (5.6472)  dino_global_crops_loss: 0.8378 (0.7068)  koleo_loss: -0.0128 (0.0420)  ibot_loss: 1.2516 (0.9440)  time: 0.353025  data: 0.000977  max mem: 19495
I20260802 13:03:35 3235501 dinov2 helpers.py:102] Training  [1100/7500]  eta: 1:07:19  lr: 0.0010 (0.0007)  wd: 0.0584 (0.0463)  mom: 0.9924 (0.9921)  last_layer_lr: 0.0010 (0.0006)  current_batch_size: 64.0000 (64.0000)  total_loss: 8.7946 (7.3534)  teacher_entropy_ratio: 0.9739 (0.8057)  teacher_batch_entropy_ratio: 0.9892 (0.8261)  dino_local_crops_loss: 6.6969 (5.6567)  dino_global_crops_loss: 0.8373 (0.7080)  koleo_loss: -0.0130 (0.0415)  ibot_loss: 1.2870 (0.9471)  time: 0.360998  data: 0.001236  max mem: 19495
I20260802 13:03:39 3235501 dinov2 helpers.py:102] Training  [1110/7500]  eta: 1:06:56  lr: 0.0010 (0.0007)  wd: 0.0588 (0.0464)  mom: 0.9924 (0.9921)  last_layer_lr: 0.0010 (0.0006)  current_batch_size: 64.0000 (64.0000)  total_loss: 8.8499 (7.3666)  teacher_entropy_ratio: 0.9748 (0.8072)  teacher_batch_entropy_ratio: 0.9885 (0.8275)  dino_local_crops_loss: 6.6963 (5.6661)  dino_global_crops_loss: 0.8384 (0.7091)  koleo_loss: -0.0109 (0.0411)  ibot_loss: 1.2950 (0.9503)  time: 0.354137  data: 0.000875  max mem: 19495
I20260802 13:03:42 3235501 dinov2 helpers.py:102] Training  [1120/7500]  eta: 1:06:34  lr: 0.0010 (0.0007)  wd: 0.0591 (0.0465)  mom: 0.9924 (0.9921)  last_layer_lr: 0.0010 (0.0007)  current_batch_size: 64.0000 (64.0000)  total_loss: 8.8517 (7.3795)  teacher_entropy_ratio: 0.9763 (0.8087)  teacher_batch_entropy_ratio: 0.9902 (0.8290)  dino_local_crops_loss: 6.7043 (5.6753)  dino_global_crops_loss: 0.8384 (0.7103)  koleo_loss: -0.0114 (0.0406)  ibot_loss: 1.2980 (0.9534)  time: 0.345823  data: 0.000820  max mem: 19495
I20260802 13:03:46 3235501 dinov2 helpers.py:102] Training  [1130/7500]  eta: 1:06:14  lr: 0.0010 (0.0007)  wd: 0.0594 (0.0466)  mom: 0.9924 (0.9921)  last_layer_lr: 0.0010 (0.0007)  current_batch_size: 64.0000 (64.0000)  total_loss: 8.8315 (7.3922)  teacher_entropy_ratio: 0.9737 (0.8101)  teacher_batch_entropy_ratio: 0.9890 (0.8304)  dino_local_crops_loss: 6.6857 (5.6841)  dino_global_crops_loss: 0.8370 (0.7114)  koleo_loss: -0.0128 (0.0401)  ibot_loss: 1.3192 (0.9565)  time: 0.368545  data: 0.019354  max mem: 19495
I20260802 13:03:51 3235501 dinov2 helpers.py:102] Training  [1140/7500]  eta: 1:05:58  lr: 0.0010 (0.0007)  wd: 0.0598 (0.0468)  mom: 0.9924 (0.9922)  last_layer_lr: 0.0010 (0.0007)  current_batch_size: 64.0000 (64.0000)  total_loss: 8.7557 (7.4039)  teacher_entropy_ratio: 0.9684 (0.8115)  teacher_batch_entropy_ratio: 0.9854 (0.8317)  dino_local_crops_loss: 6.6676 (5.6925)  dino_global_crops_loss: 0.8330 (0.7125)  koleo_loss: -0.0131 (0.0397)  ibot_loss: 1.2902 (0.9593)  time: 0.415668  data: 0.066294  max mem: 19495
I20260802 13:03:56 3235501 dinov2 helpers.py:102] Training  [1150/7500]  eta: 1:05:46  lr: 0.0010 (0.0007)  wd: 0.0601 (0.0469)  mom: 0.9924 (0.9922)  last_layer_lr: 0.0010 (0.0007)  current_batch_size: 64.0000 (64.0000)  total_loss: 8.7975 (7.4165)  teacher_entropy_ratio: 0.9675 (0.8128)  teacher_batch_entropy_ratio: 0.9848 (0.8331)  dino_local_crops_loss: 6.6695 (5.7012)  dino_global_crops_loss: 0.8346 (0.7135)  koleo_loss: -0.0110 (0.0392)  ibot_loss: 1.3103 (0.9626)  time: 0.479665  data: 0.138878  max mem: 19495
I20260802 13:04:00 3235501 dinov2 helpers.py:102] Training  [1160/7500]  eta: 1:05:27  lr: 0.0010 (0.0007)  wd: 0.0605 (0.0470)  mom: 0.9925 (0.9922)  last_layer_lr: 0.0010 (0.0007)  current_batch_size: 64.0000 (64.0000)  total_loss: 8.8382 (7.4286)  teacher_entropy_ratio: 0.9678 (0.8142)  teacher_batch_entropy_ratio: 0.9848 (0.8344)  dino_local_crops_loss: 6.6686 (5.7095)  dino_global_crops_loss: 0.8346 (0.7146)  koleo_loss: -0.0112 (0.0388)  ibot_loss: 1.3249 (0.9657)  time: 0.453798  data: 0.113509  max mem: 19495
I20260802 13:04:03 3235501 dinov2 helpers.py:102] Training  [1170/7500]  eta: 1:05:06  lr: 0.0010 (0.0007)  wd: 0.0608 (0.0471)  mom: 0.9925 (0.9922)  last_layer_lr: 0.0010 (0.0007)  current_batch_size: 64.0000 (64.0000)  total_loss: 8.8013 (7.4403)  teacher_entropy_ratio: 0.9679 (0.8155)  teacher_batch_entropy_ratio: 0.9864 (0.8357)  dino_local_crops_loss: 6.6562 (5.7177)  dino_global_crops_loss: 0.8328 (0.7156)  koleo_loss: -0.0124 (0.0383)  ibot_loss: 1.3072 (0.9687)  time: 0.369286  data: 0.022306  max mem: 19495
I20260802 13:04:07 3235501 dinov2 helpers.py:102] Training  [1180/7500]  eta: 1:04:49  lr: 0.0010 (0.0007)  wd: 0.0612 (0.0472)  mom: 0.9925 (0.9922)  last_layer_lr: 0.0010 (0.0007)  current_batch_size: 64.0000 (64.0000)  total_loss: 8.7913 (7.4516)  teacher_entropy_ratio: 0.9690 (0.8168)  teacher_batch_entropy_ratio: 0.9867 (0.8369)  dino_local_crops_loss: 6.6614 (5.7256)  dino_global_crops_loss: 0.8325 (0.7166)  koleo_loss: -0.0140 (0.0379)  ibot_loss: 1.3072 (0.9716)  time: 0.382670  data: 0.036386  max mem: 19495
I20260802 13:04:12 3235501 dinov2 helpers.py:102] Training  [1190/7500]  eta: 1:04:34  lr: 0.0010 (0.0007)  wd: 0.0615 (0.0474)  mom: 0.9925 (0.9922)  last_layer_lr: 0.0010 (0.0007)  current_batch_size: 64.0000 (64.0000)  total_loss: 8.7768 (7.4627)  teacher_entropy_ratio: 0.9693 (0.8180)  teacher_batch_entropy_ratio: 0.9867 (0.8382)  dino_local_crops_loss: 6.6614 (5.7333)  dino_global_crops_loss: 0.8344 (0.7175)  koleo_loss: -0.0140 (0.0375)  ibot_loss: 1.2959 (0.9743)  time: 0.430832  data: 0.088934  max mem: 19495
I20260802 13:04:16 3235501 dinov2 helpers.py:102] Training  [1200/7500]  eta: 1:04:18  lr: 0.0010 (0.0007)  wd: 0.0619 (0.0475)  mom: 0.9925 (0.9922)  last_layer_lr: 0.0010 (0.0007)  current_batch_size: 64.0000 (64.0000)  total_loss: 8.7536 (7.4733)  teacher_entropy_ratio: 0.9634 (0.8192)  teacher_batch_entropy_ratio: 0.9833 (0.8393)  dino_local_crops_loss: 6.6350 (5.7406)  dino_global_crops_loss: 0.8294 (0.7184)  koleo_loss: -0.0140 (0.0370)  ibot_loss: 1.3073 (0.9773)  time: 0.430006  data: 0.093487  max mem: 19495
I20260802 13:04:20 3235501 dinov2 helpers.py:102] Training  [1210/7500]  eta: 1:04:00  lr: 0.0010 (0.0007)  wd: 0.0623 (0.0476)  mom: 0.9925 (0.9922)  last_layer_lr: 0.0010 (0.0007)  current_batch_size: 64.0000 (64.0000)  total_loss: 8.7530 (7.4839)  teacher_entropy_ratio: 0.9493 (0.8203)  teacher_batch_entropy_ratio: 0.9741 (0.8405)  dino_local_crops_loss: 6.5972 (5.7476)  dino_global_crops_loss: 0.8229 (0.7193)  koleo_loss: -0.0133 (0.0366)  ibot_loss: 1.3329 (0.9803)  time: 0.404417  data: 0.061382  max mem: 19495
I20260802 13:04:24 3235501 dinov2 helpers.py:102] Training  [1220/7500]  eta: 1:03:41  lr: 0.0010 (0.0007)  wd: 0.0626 (0.0477)  mom: 0.9925 (0.9922)  last_layer_lr: 0.0010 (0.0007)  current_batch_size: 64.0000 (64.0000)  total_loss: 8.7730 (7.4948)  teacher_entropy_ratio: 0.9570 (0.8214)  teacher_batch_entropy_ratio: 0.9793 (0.8416)  dino_local_crops_loss: 6.6150 (5.7550)  dino_global_crops_loss: 0.8276 (0.7202)  koleo_loss: -0.0125 (0.0362)  ibot_loss: 1.3424 (0.9833)  time: 0.378046  data: 0.033376  max mem: 19495
I20260802 13:04:29 3235501 dinov2 helpers.py:102] Training  [1230/7500]  eta: 1:03:33  lr: 0.0010 (0.0007)  wd: 0.0630 (0.0479)  mom: 0.9925 (0.9922)  last_layer_lr: 0.0010 (0.0007)  current_batch_size: 64.0000 (64.0000)  total_loss: 8.7737 (7.5051)  teacher_entropy_ratio: 0.9584 (0.8225)  teacher_batch_entropy_ratio: 0.9800 (0.8428)  dino_local_crops_loss: 6.6192 (5.7619)  dino_global_crops_loss: 0.8286 (0.7211)  koleo_loss: -0.0123 (0.0358)  ibot_loss: 1.3413 (0.9863)  time: 0.461462  data: 0.124440  max mem: 19495
I20260802 13:04:33 3235501 dinov2 helpers.py:102] Training  [1240/7500]  eta: 1:03:13  lr: 0.0010 (0.0007)  wd: 0.0634 (0.0480)  mom: 0.9925 (0.9922)  last_layer_lr: 0.0010 (0.0007)  current_batch_size: 64.0000 (64.0000)  total_loss: 8.7633 (7.5150)  teacher_entropy_ratio: 0.9579 (0.8236)  teacher_batch_entropy_ratio: 0.9804 (0.8439)  dino_local_crops_loss: 6.6064 (5.7687)  dino_global_crops_loss: 0.8272 (0.7220)  koleo_loss: -0.0125 (0.0355)  ibot_loss: 1.3020 (0.9888)  time: 0.449331  data: 0.112396  max mem: 19495
I20260802 13:04:36 3235501 dinov2 helpers.py:102] Training  [1250/7500]  eta: 1:02:56  lr: 0.0010 (0.0007)  wd: 0.0637 (0.0481)  mom: 0.9925 (0.9922)  last_layer_lr: 0.0010 (0.0007)  current_batch_size: 64.0000 (64.0000)  total_loss: 8.7269 (7.5245)  teacher_entropy_ratio: 0.9551 (0.8247)  teacher_batch_entropy_ratio: 0.9789 (0.8449)  dino_local_crops_loss: 6.6062 (5.7754)  dino_global_crops_loss: 0.8270 (0.7228)  koleo_loss: -0.0129 (0.0351)  ibot_loss: 1.2885 (0.9912)  time: 0.357776  data: 0.018393  max mem: 19495
I20260802 13:04:40 3235501 dinov2 helpers.py:102] Training  [1260/7500]  eta: 1:02:38  lr: 0.0010 (0.0007)  wd: 0.0641 (0.0482)  mom: 0.9925 (0.9922)  last_layer_lr: 0.0010 (0.0007)  current_batch_size: 64.0000 (64.0000)  total_loss: 8.7269 (7.5341)  teacher_entropy_ratio: 0.9539 (0.8257)  teacher_batch_entropy_ratio: 0.9779 (0.8460)  dino_local_crops_loss: 6.5767 (5.7819)  dino_global_crops_loss: 0.8216 (0.7236)  koleo_loss: -0.0137 (0.0347)  ibot_loss: 1.3102 (0.9940)  time: 0.376072  data: 0.030543  max mem: 19495
I20260802 13:04:44 3235501 dinov2 helpers.py:102] Training  [1270/7500]  eta: 1:02:23  lr: 0.0010 (0.0007)  wd: 0.0645 (0.0484)  mom: 0.9925 (0.9922)  last_layer_lr: 0.0010 (0.0007)  current_batch_size: 64.0000 (64.0000)  total_loss: 8.7531 (7.5436)  teacher_entropy_ratio: 0.9539 (0.8267)  teacher_batch_entropy_ratio: 0.9779 (0.8470)  dino_local_crops_loss: 6.5767 (5.7882)  dino_global_crops_loss: 0.8216 (0.7244)  koleo_loss: -0.0141 (0.0343)  ibot_loss: 1.3200 (0.9967)  time: 0.395168  data: 0.047787  max mem: 19495
I20260802 13:04:48 3235501 dinov2 helpers.py:102] Training  [1280/7500]  eta: 1:02:07  lr: 0.0010 (0.0007)  wd: 0.0649 (0.0485)  mom: 0.9926 (0.9922)  last_layer_lr: 0.0010 (0.0007)  current_batch_size: 64.0000 (64.0000)  total_loss: 8.6872 (7.5522)  teacher_entropy_ratio: 0.9503 (0.8276)  teacher_batch_entropy_ratio: 0.9766 (0.8480)  dino_local_crops_loss: 6.5573 (5.7941)  dino_global_crops_loss: 0.8208 (0.7251)  koleo_loss: -0.0142 (0.0339)  ibot_loss: 1.3331 (0.9991)  time: 0.403726  data: 0.054128  max mem: 19495
I20260802 13:04:52 3235501 dinov2 helpers.py:102] Training  [1290/7500]  eta: 1:01:52  lr: 0.0010 (0.0007)  wd: 0.0653 (0.0486)  mom: 0.9926 (0.9922)  last_layer_lr: 0.0010 (0.0007)  current_batch_size: 64.0000 (64.0000)  total_loss: 8.6720 (7.5611)  teacher_entropy_ratio: 0.9462 (0.8285)  teacher_batch_entropy_ratio: 0.9728 (0.8489)  dino_local_crops_loss: 6.5478 (5.7999)  dino_global_crops_loss: 0.8183 (0.7259)  koleo_loss: -0.0144 (0.0335)  ibot_loss: 1.3367 (1.0018)  time: 0.400838  data: 0.051683  max mem: 19495
I20260802 13:04:56 3235501 dinov2 helpers.py:102] Training  [1300/7500]  eta: 1:01:35  lr: 0.0010 (0.0007)  wd: 0.0656 (0.0488)  mom: 0.9926 (0.9922)  last_layer_lr: 0.0010 (0.0007)  current_batch_size: 64.0000 (64.0000)  total_loss: 8.6720 (7.5693)  teacher_entropy_ratio: 0.9399 (0.8293)  teacher_batch_entropy_ratio: 0.9687 (0.8498)  dino_local_crops_loss: 6.5301 (5.8053)  dino_global_crops_loss: 0.8180 (0.7266)  koleo_loss: -0.0138 (0.0332)  ibot_loss: 1.3477 (1.0043)  time: 0.387528  data: 0.037110  max mem: 19495
I20260802 13:05:00 3235501 dinov2 helpers.py:102] Training  [1310/7500]  eta: 1:01:21  lr: 0.0010 (0.0007)  wd: 0.0660 (0.0489)  mom: 0.9926 (0.9922)  last_layer_lr: 0.0010 (0.0007)  current_batch_size: 64.0000 (64.0000)  total_loss: 8.6704 (7.5779)  teacher_entropy_ratio: 0.9388 (0.8301)  teacher_batch_entropy_ratio: 0.9671 (0.8507)  dino_local_crops_loss: 6.5071 (5.8107)  dino_global_crops_loss: 0.8163 (0.7272)  koleo_loss: -0.0138 (0.0328)  ibot_loss: 1.3487 (1.0071)  time: 0.403803  data: 0.054223  max mem: 19495
I20260802 13:05:04 3235501 dinov2 helpers.py:102] Training  [1320/7500]  eta: 1:01:06  lr: 0.0010 (0.0007)  wd: 0.0664 (0.0490)  mom: 0.9926 (0.9922)  last_layer_lr: 0.0010 (0.0007)  current_batch_size: 64.0000 (64.0000)  total_loss: 8.6745 (7.5862)  teacher_entropy_ratio: 0.9343 (0.8310)  teacher_batch_entropy_ratio: 0.9670 (0.8516)  dino_local_crops_loss: 6.5027 (5.8161)  dino_global_crops_loss: 0.8151 (0.7279)  koleo_loss: -0.0131 (0.0325)  ibot_loss: 1.3839 (1.0098)  time: 0.416014  data: 0.073477  max mem: 19495
I20260802 13:05:08 3235501 dinov2 helpers.py:102] Training  [1330/7500]  eta: 1:00:50  lr: 0.0010 (0.0007)  wd: 0.0668 (0.0492)  mom: 0.9926 (0.9922)  last_layer_lr: 0.0010 (0.0007)  current_batch_size: 64.0000 (64.0000)  total_loss: 8.7227 (7.5946)  teacher_entropy_ratio: 0.9428 (0.8318)  teacher_batch_entropy_ratio: 0.9717 (0.8525)  dino_local_crops_loss: 6.5350 (5.8214)  dino_global_crops_loss: 0.8181 (0.7286)  koleo_loss: -0.0135 (0.0321)  ibot_loss: 1.3839 (1.0125)  time: 0.387461  data: 0.041209  max mem: 19495
I20260802 13:05:12 3235501 dinov2 helpers.py:102] Training  [1340/7500]  eta: 1:00:35  lr: 0.0010 (0.0007)  wd: 0.0672 (0.0493)  mom: 0.9926 (0.9922)  last_layer_lr: 0.0010 (0.0007)  current_batch_size: 64.0000 (64.0000)  total_loss: 8.6373 (7.6019)  teacher_entropy_ratio: 0.9281 (0.8325)  teacher_batch_entropy_ratio: 0.9610 (0.8533)  dino_local_crops_loss: 6.4573 (5.8261)  dino_global_crops_loss: 0.8086 (0.7292)  koleo_loss: -0.0141 (0.0318)  ibot_loss: 1.3433 (1.0148)  time: 0.390201  data: 0.039975  max mem: 19495
W20260802 13:05:16 3235501 py.warnings warnings.py:109] /sci/labs/arieljaffe/dan.abergel1/torch_env/lib/python3.11/site-packages/torch/distributed/fsdp/fully_sharded_data_parallel.py:822: FutureWarning: FSDP.state_dict_type() and FSDP.set_state_dict_type() are being deprecated. Please use APIs, get_state_dict() and set_state_dict(), which can support different parallelisms, FSDP1, FSDP2, DDP. API doc: https://pytorch.org/docs/stable/distributed.checkpoint.html#torch.distributed.checkpoint.state_dict.get_state_dict .Tutorial: https://pytorch.org/tutorials/recipes/distributed_checkpoint_recipe.html .
  prev_state_dict_settings = FullyShardedDataParallel.set_state_dict_type(

W20260802 13:05:16 3235501 py.warnings warnings.py:109] /sci/labs/arieljaffe/dan.abergel1/torch_env/lib/python3.11/site-packages/torch/utils/_contextlib.py:124: UserWarning: When using ``NO_SHARD`` for ``ShardingStrategy``, full_state_dict will be returned.
  return func(*args, **kwargs)

W20260802 13:05:16 3235501 py.warnings warnings.py:109] /sci/labs/arieljaffe/dan.abergel1/torch_env/lib/python3.11/site-packages/torch/distributed/fsdp/fully_sharded_data_parallel.py:829: FutureWarning: FSDP.state_dict_type() and FSDP.set_state_dict_type() are being deprecated. Please use APIs, get_state_dict() and set_state_dict(), which can support different parallelisms, FSDP1, FSDP2, DDP. API doc: https://pytorch.org/docs/stable/distributed.checkpoint.html#torch.distributed.checkpoint.state_dict.get_state_dict .Tutorial: https://pytorch.org/tutorials/recipes/distributed_checkpoint_recipe.html .
  FullyShardedDataParallel.set_state_dict_type(

I20260802 13:05:16 3235501 fvcore.common.checkpoint __init__.py:109] Saving checkpoint to /sci/labs/arieljaffe/dan.abergel1/runs/brain/koleo_on/model_0001349.rank_0.pth
W20260802 13:05:17 3235501 py.warnings warnings.py:109] /sci/labs/arieljaffe/dan.abergel1/torch_env/lib/python3.11/site-packages/torch/distributed/c10d_logger.py:83: UserWarning: barrier(): using the device under current context. You can specify `device_id` in `init_process_group` to mute this warning.
  return func(*args, **kwargs)

I20260802 13:05:17 3235501 dinov2 helpers.py:102] Training  [1350/7500]  eta: 1:00:27  lr: 0.0010 (0.0007)  wd: 0.0676 (0.0494)  mom: 0.9926 (0.9922)  last_layer_lr: 0.0010 (0.0007)  current_batch_size: 64.0000 (64.0000)  total_loss: 8.6373 (7.6097)  teacher_entropy_ratio: 0.9281 (0.8332)  teacher_batch_entropy_ratio: 0.9628 (0.8541)  dino_local_crops_loss: 6.5045 (5.8311)  dino_global_crops_loss: 0.8132 (0.7298)  koleo_loss: -0.0142 (0.0314)  ibot_loss: 1.3420 (1.0173)  time: 0.461545  data: 0.041984  max mem: 19495
I20260802 13:05:21 3235501 dinov2 helpers.py:102] Training  [1360/7500]  eta: 1:00:10  lr: 0.0010 (0.0007)  wd: 0.0680 (0.0496)  mom: 0.9926 (0.9922)  last_layer_lr: 0.0010 (0.0007)  current_batch_size: 64.0000 (64.0000)  total_loss: 8.6601 (7.6177)  teacher_entropy_ratio: 0.9352 (0.8339)  teacher_batch_entropy_ratio: 0.9676 (0.8549)  dino_local_crops_loss: 6.5120 (5.8359)  dino_global_crops_loss: 0.8137 (0.7304)  koleo_loss: -0.0143 (0.0311)  ibot_loss: 1.3876 (1.0202)  time: 0.435244  data: 0.019914  max mem: 19495
I20260802 13:05:26 3235501 dinov2 helpers.py:102] Training  [1370/7500]  eta: 0:59:59  lr: 0.0010 (0.0007)  wd: 0.0684 (0.0497)  mom: 0.9926 (0.9922)  last_layer_lr: 0.0010 (0.0007)  current_batch_size: 64.0000 (64.0000)  total_loss: 8.6123 (7.6246)  teacher_entropy_ratio: 0.9286 (0.8346)  teacher_batch_entropy_ratio: 0.9638 (0.8557)  dino_local_crops_loss: 6.4477 (5.8404)  dino_global_crops_loss: 0.8082 (0.7310)  koleo_loss: -0.0145 (0.0308)  ibot_loss: 1.3679 (1.0225)  time: 0.412937  data: 0.066018  max mem: 19495
I20260802 13:05:29 3235501 dinov2 helpers.py:102] Training  [1380/7500]  eta: 0:59:44  lr: 0.0010 (0.0007)  wd: 0.0688 (0.0499)  mom: 0.9926 (0.9922)  last_layer_lr: 0.0010 (0.0007)  current_batch_size: 64.0000 (64.0000)  total_loss: 8.6014 (7.6319)  teacher_entropy_ratio: 0.9306 (0.8353)  teacher_batch_entropy_ratio: 0.9648 (0.8565)  dino_local_crops_loss: 6.4736 (5.8449)  dino_global_crops_loss: 0.8105 (0.7315)  koleo_loss: -0.0148 (0.0304)  ibot_loss: 1.3359 (1.0250)  time: 0.429207  data: 0.079017  max mem: 19495
I20260802 13:05:33 3235501 dinov2 helpers.py:102] Training  [1390/7500]  eta: 0:59:29  lr: 0.0010 (0.0007)  wd: 0.0692 (0.0500)  mom: 0.9926 (0.9922)  last_layer_lr: 0.0010 (0.0007)  current_batch_size: 64.0000 (64.0000)  total_loss: 8.5620 (7.6384)  teacher_entropy_ratio: 0.9135 (0.8359)  teacher_batch_entropy_ratio: 0.9528 (0.8572)  dino_local_crops_loss: 6.3798 (5.8489)  dino_global_crops_loss: 0.8014 (0.7320)  koleo_loss: -0.0148 (0.0301)  ibot_loss: 1.3573 (1.0273)  time: 0.378408  data: 0.025955  max mem: 19495
I20260802 13:05:37 3235501 dinov2 helpers.py:102] Training  [1400/7500]  eta: 0:59:16  lr: 0.0010 (0.0007)  wd: 0.0697 (0.0501)  mom: 0.9927 (0.9922)  last_layer_lr: 0.0010 (0.0007)  current_batch_size: 64.0000 (64.0000)  total_loss: 8.5133 (7.6450)  teacher_entropy_ratio: 0.9135 (0.8365)  teacher_batch_entropy_ratio: 0.9528 (0.8579)  dino_local_crops_loss: 6.3798 (5.8529)  dino_global_crops_loss: 0.8007 (0.7325)  koleo_loss: -0.0151 (0.0298)  ibot_loss: 1.3573 (1.0298)  time: 0.399150  data: 0.040899  max mem: 19495
I20260802 13:05:41 3235501 dinov2 helpers.py:102] Training  [1410/7500]  eta: 0:59:02  lr: 0.0010 (0.0007)  wd: 0.0701 (0.0503)  mom: 0.9927 (0.9922)  last_layer_lr: 0.0010 (0.0007)  current_batch_size: 64.0000 (64.0000)  total_loss: 8.5333 (7.6516)  teacher_entropy_ratio: 0.9221 (0.8371)  teacher_batch_entropy_ratio: 0.9570 (0.8586)  dino_local_crops_loss: 6.4060 (5.8569)  dino_global_crops_loss: 0.8034 (0.7331)  koleo_loss: -0.0151 (0.0295)  ibot_loss: 1.3504 (1.0322)  time: 0.405832  data: 0.053762  max mem: 19495
I20260802 13:05:46 3235501 dinov2 helpers.py:102] Training  [1420/7500]  eta: 0:58:50  lr: 0.0010 (0.0007)  wd: 0.0705 (0.0504)  mom: 0.9927 (0.9922)  last_layer_lr: 0.0010 (0.0007)  current_batch_size: 64.0000 (64.0000)  total_loss: 8.4785 (7.6577)  teacher_entropy_ratio: 0.9141 (0.8376)  teacher_batch_entropy_ratio: 0.9535 (0.8592)  dino_local_crops_loss: 6.3688 (5.8605)  dino_global_crops_loss: 0.7993 (0.7335)  koleo_loss: -0.0152 (0.0292)  ibot_loss: 1.3627 (1.0346)  time: 0.412430  data: 0.066749  max mem: 19495
I20260802 13:05:52 3235501 dinov2 helpers.py:102] Training  [1430/7500]  eta: 0:58:45  lr: 0.0010 (0.0007)  wd: 0.0709 (0.0506)  mom: 0.9927 (0.9922)  last_layer_lr: 0.0010 (0.0007)  current_batch_size: 64.0000 (64.0000)  total_loss: 8.4678 (7.6634)  teacher_entropy_ratio: 0.9139 (0.8381)  teacher_batch_entropy_ratio: 0.9527 (0.8599)  dino_local_crops_loss: 6.3423 (5.8641)  dino_global_crops_loss: 0.7957 (0.7340)  koleo_loss: -0.0152 (0.0289)  ibot_loss: 1.3289 (1.0365)  time: 0.523367  data: 0.175325  max mem: 19495
I20260802 13:05:55 3235501 dinov2 helpers.py:102] Training  [1440/7500]  eta: 0:58:30  lr: 0.0010 (0.0007)  wd: 0.0713 (0.0507)  mom: 0.9927 (0.9922)  last_layer_lr: 0.0010 (0.0007)  current_batch_size: 64.0000 (64.0000)  total_loss: 8.4511 (7.6691)  teacher_entropy_ratio: 0.9145 (0.8386)  teacher_batch_entropy_ratio: 0.9538 (0.8605)  dino_local_crops_loss: 6.3776 (5.8676)  dino_global_crops_loss: 0.8024 (0.7344)  koleo_loss: -0.0148 (0.0286)  ibot_loss: 1.3023 (1.0385)  time: 0.481544  data: 0.134350  max mem: 19495
I20260802 13:05:59 3235501 dinov2 helpers.py:102] Training  [1450/7500]  eta: 0:58:17  lr: 0.0010 (0.0007)  wd: 0.0718 (0.0509)  mom: 0.9927 (0.9922)  last_layer_lr: 0.0010 (0.0007)  current_batch_size: 64.0000 (64.0000)  total_loss: 8.4459 (7.6743)  teacher_entropy_ratio: 0.9115 (0.8390)  teacher_batch_entropy_ratio: 0.9517 (0.8610)  dino_local_crops_loss: 6.3535 (5.8704)  dino_global_crops_loss: 0.7981 (0.7348)  koleo_loss: -0.0150 (0.0283)  ibot_loss: 1.3456 (1.0409)  time: 0.378496  data: 0.029137  max mem: 19495
I20260802 13:06:03 3235501 dinov2 helpers.py:102] Training  [1460/7500]  eta: 0:58:03  lr: 0.0010 (0.0007)  wd: 0.0722 (0.0510)  mom: 0.9927 (0.9922)  last_layer_lr: 0.0010 (0.0007)  current_batch_size: 64.0000 (64.0000)  total_loss: 8.5215 (7.6803)  teacher_entropy_ratio: 0.9078 (0.8396)  teacher_batch_entropy_ratio: 0.9492 (0.8617)  dino_local_crops_loss: 6.3390 (5.8740)  dino_global_crops_loss: 0.7944 (0.7353)  koleo_loss: -0.0154 (0.0280)  ibot_loss: 1.3745 (1.0431)  time: 0.394083  data: 0.042328  max mem: 19495
I20260802 13:06:09 3235501 dinov2 helpers.py:102] Training  [1470/7500]  eta: 0:57:55  lr: 0.0010 (0.0007)  wd: 0.0726 (0.0512)  mom: 0.9927 (0.9922)  last_layer_lr: 0.0010 (0.0007)  current_batch_size: 64.0000 (64.0000)  total_loss: 8.4924 (7.6855)  teacher_entropy_ratio: 0.9078 (0.8400)  teacher_batch_entropy_ratio: 0.9492 (0.8623)  dino_local_crops_loss: 6.3390 (5.8770)  dino_global_crops_loss: 0.7944 (0.7356)  koleo_loss: -0.0158 (0.0277)  ibot_loss: 1.3582 (1.0452)  time: 0.457293  data: 0.108947  max mem: 19495
I20260802 13:06:13 3235501 dinov2 helpers.py:102] Training  [1480/7500]  eta: 0:57:45  lr: 0.0010 (0.0007)  wd: 0.0731 (0.0513)  mom: 0.9927 (0.9923)  last_layer_lr: 0.0010 (0.0007)  current_batch_size: 64.0000 (64.0000)  total_loss: 8.3996 (7.6902)  teacher_entropy_ratio: 0.9036 (0.8404)  teacher_batch_entropy_ratio: 0.9465 (0.8628)  dino_local_crops_loss: 6.2918 (5.8796)  dino_global_crops_loss: 0.7915 (0.7360)  koleo_loss: -0.0159 (0.0274)  ibot_loss: 1.3582 (1.0472)  time: 0.496425  data: 0.157013  max mem: 19495
I20260802 13:06:17 3235501 dinov2 helpers.py:102] Training  [1490/7500]  eta: 0:57:31  lr: 0.0010 (0.0007)  wd: 0.0735 (0.0515)  mom: 0.9927 (0.9923)  last_layer_lr: 0.0010 (0.0007)  current_batch_size: 64.0000 (64.0000)  total_loss: 8.3807 (7.6950)  teacher_entropy_ratio: 0.9041 (0.8408)  teacher_batch_entropy_ratio: 0.9465 (0.8633)  dino_local_crops_loss: 6.3037 (5.8826)  dino_global_crops_loss: 0.7915 (0.7364)  koleo_loss: -0.0159 (0.0271)  ibot_loss: 1.3241 (1.0490)  time: 0.418206  data: 0.081861  max mem: 19495
I20260802 13:06:22 3235501 dinov2 helpers.py:102] Training  [1500/7500]  eta: 0:57:22  lr: 0.0010 (0.0007)  wd: 0.0739 (0.0516)  mom: 0.9928 (0.9923)  last_layer_lr: 0.0010 (0.0007)  current_batch_size: 64.0000 (64.0000)  total_loss: 8.3803 (7.6991)  teacher_entropy_ratio: 0.8918 (0.8412)  teacher_batch_entropy_ratio: 0.9363 (0.8638)  dino_local_crops_loss: 6.2953 (5.8850)  dino_global_crops_loss: 0.7880 (0.7367)  koleo_loss: -0.0158 (0.0268)  ibot_loss: 1.2953 (1.0506)  time: 0.440877  data: 0.103718  max mem: 19495
I20260802 13:06:26 3235501 dinov2 helpers.py:102] Training  [1510/7500]  eta: 0:57:09  lr: 0.0010 (0.0007)  wd: 0.0744 (0.0518)  mom: 0.9928 (0.9923)  last_layer_lr: 0.0010 (0.0007)  current_batch_size: 64.0000 (64.0000)  total_loss: 8.3281 (7.7032)  teacher_entropy_ratio: 0.8909 (0.8415)  teacher_batch_entropy_ratio: 0.9351 (0.8643)  dino_local_crops_loss: 6.2399 (5.8873)  dino_global_crops_loss: 0.7844 (0.7370)  koleo_loss: -0.0160 (0.0265)  ibot_loss: 1.2926 (1.0524)  time: 0.436948  data: 0.091446  max mem: 19495
I20260802 13:06:30 3235501 dinov2 helpers.py:102] Training  [1520/7500]  eta: 0:56:56  lr: 0.0010 (0.0007)  wd: 0.0748 (0.0519)  mom: 0.9928 (0.9923)  last_layer_lr: 0.0010 (0.0007)  current_batch_size: 64.0000 (64.0000)  total_loss: 8.3021 (7.7069)  teacher_entropy_ratio: 0.8877 (0.8417)  teacher_batch_entropy_ratio: 0.9372 (0.8647)  dino_local_crops_loss: 6.2163 (5.8892)  dino_global_crops_loss: 0.7811 (0.7373)  koleo_loss: -0.0160 (0.0262)  ibot_loss: 1.3247 (1.0542)  time: 0.382813  data: 0.029621  max mem: 19495
I20260802 13:06:34 3235501 dinov2 helpers.py:102] Training  [1530/7500]  eta: 0:56:44  lr: 0.0010 (0.0007)  wd: 0.0753 (0.0521)  mom: 0.9928 (0.9923)  last_layer_lr: 0.0010 (0.0007)  current_batch_size: 64.0000 (64.0000)  total_loss: 8.3021 (7.7110)  teacher_entropy_ratio: 0.8877 (0.8421)  teacher_batch_entropy_ratio: 0.9372 (0.8652)  dino_local_crops_loss: 6.2030 (5.8916)  dino_global_crops_loss: 0.7768 (0.7376)  koleo_loss: -0.0157 (0.0260)  ibot_loss: 1.3028 (1.0559)  time: 0.399407  data: 0.051570  max mem: 19495
I20260802 13:06:38 3235501 dinov2 helpers.py:102] Training  [1540/7500]  eta: 0:56:32  lr: 0.0010 (0.0008)  wd: 0.0757 (0.0522)  mom: 0.9928 (0.9923)  last_layer_lr: 0.0010 (0.0007)  current_batch_size: 64.0000 (64.0000)  total_loss: 8.2231 (7.7143)  teacher_entropy_ratio: 0.8777 (0.8423)  teacher_batch_entropy_ratio: 0.9267 (0.8656)  dino_local_crops_loss: 6.1864 (5.8931)  dino_global_crops_loss: 0.7761 (0.7378)  koleo_loss: -0.0149 (0.0257)  ibot_loss: 1.2969 (1.0578)  time: 0.407552  data: 0.061385  max mem: 19495
I20260802 13:06:44 3235501 dinov2 helpers.py:102] Training  [1550/7500]  eta: 0:56:27  lr: 0.0010 (0.0008)  wd: 0.0762 (0.0524)  mom: 0.9928 (0.9923)  last_layer_lr: 0.0010 (0.0007)  current_batch_size: 64.0000 (64.0000)  total_loss: 8.2104 (7.7177)  teacher_entropy_ratio: 0.8756 (0.8425)  teacher_batch_entropy_ratio: 0.9265 (0.8660)  dino_local_crops_loss: 6.1258 (5.8949)  dino_global_crops_loss: 0.7762 (0.7380)  koleo_loss: -0.0151 (0.0254)  ibot_loss: 1.2962 (1.0594)  time: 0.504104  data: 0.161153  max mem: 19495
I20260802 13:06:48 3235501 dinov2 helpers.py:102] Training  [1560/7500]  eta: 0:56:14  lr: 0.0010 (0.0008)  wd: 0.0766 (0.0525)  mom: 0.9928 (0.9923)  last_layer_lr: 0.0010 (0.0007)  current_batch_size: 64.0000 (64.0000)  total_loss: 8.2104 (7.7212)  teacher_entropy_ratio: 0.8713 (0.8427)  teacher_batch_entropy_ratio: 0.9233 (0.8664)  dino_local_crops_loss: 6.1319 (5.8966)  dino_global_crops_loss: 0.7762 (0.7383)  koleo_loss: -0.0159 (0.0252)  ibot_loss: 1.3295 (1.0611)  time: 0.487901  data: 0.147898  max mem: 19495
I20260802 13:06:51 3235501 dinov2 helpers.py:102] Training  [1570/7500]  eta: 0:56:00  lr: 0.0010 (0.0008)  wd: 0.0771 (0.0527)  mom: 0.9928 (0.9923)  last_layer_lr: 0.0010 (0.0007)  current_batch_size: 64.0000 (64.0000)  total_loss: 8.2075 (7.7244)  teacher_entropy_ratio: 0.8713 (0.8430)  teacher_batch_entropy_ratio: 0.9245 (0.8668)  dino_local_crops_loss: 6.1334 (5.8983)  dino_global_crops_loss: 0.7721 (0.7385)  koleo_loss: -0.0161 (0.0249)  ibot_loss: 1.3239 (1.0627)  time: 0.362991  data: 0.023202  max mem: 19495
I20260802 13:06:55 3235501 dinov2 helpers.py:102] Training  [1580/7500]  eta: 0:55:49  lr: 0.0010 (0.0008)  wd: 0.0775 (0.0529)  mom: 0.9928 (0.9923)  last_layer_lr: 0.0010 (0.0007)  current_batch_size: 64.0000 (64.0000)  total_loss: 8.1871 (7.7271)  teacher_entropy_ratio: 0.8713 (0.8431)  teacher_batch_entropy_ratio: 0.9245 (0.8671)  dino_local_crops_loss: 6.1306 (5.8996)  dino_global_crops_loss: 0.7701 (0.7387)  koleo_loss: -0.0164 (0.0246)  ibot_loss: 1.3177 (1.0643)  time: 0.387975  data: 0.048276  max mem: 19495
I20260802 13:07:00 3235501 dinov2 helpers.py:102] Training  [1590/7500]  eta: 0:55:38  lr: 0.0010 (0.0008)  wd: 0.0780 (0.0530)  mom: 0.9928 (0.9923)  last_layer_lr: 0.0010 (0.0007)  current_batch_size: 64.0000 (64.0000)  total_loss: 8.1634 (7.7299)  teacher_entropy_ratio: 0.8626 (0.8433)  teacher_batch_entropy_ratio: 0.9162 (0.8675)  dino_local_crops_loss: 6.1022 (5.9011)  dino_global_crops_loss: 0.7673 (0.7389)  koleo_loss: -0.0166 (0.0244)  ibot_loss: 1.2504 (1.0655)  time: 0.421417  data: 0.081707  max mem: 19495
I20260802 13:07:05 3235501 dinov2 helpers.py:102] Training  [1600/7500]  eta: 0:55:31  lr: 0.0010 (0.0008)  wd: 0.0785 (0.0532)  mom: 0.9929 (0.9923)  last_layer_lr: 0.0010 (0.0007)  current_batch_size: 64.0000 (64.0000)  total_loss: 8.1304 (7.7320)  teacher_entropy_ratio: 0.8587 (0.8433)  teacher_batch_entropy_ratio: 0.9160 (0.8677)  dino_local_crops_loss: 6.0748 (5.9017)  dino_global_crops_loss: 0.7591 (0.7390)  koleo_loss: -0.0159 (0.0241)  ibot_loss: 1.3005 (1.0673)  time: 0.474343  data: 0.133137  max mem: 19495
I20260802 13:07:09 3235501 dinov2 helpers.py:102] Training  [1610/7500]  eta: 0:55:20  lr: 0.0010 (0.0008)  wd: 0.0789 (0.0533)  mom: 0.9929 (0.9923)  last_layer_lr: 0.0010 (0.0008)  current_batch_size: 64.0000 (64.0000)  total_loss: 8.1002 (7.7345)  teacher_entropy_ratio: 0.8520 (0.8434)  teacher_batch_entropy_ratio: 0.9089 (0.8680)  dino_local_crops_loss: 6.0256 (5.9026)  dino_global_crops_loss: 0.7559 (0.7391)  koleo_loss: -0.0158 (0.0239)  ibot_loss: 1.3083 (1.0688)  time: 0.465067  data: 0.120502  max mem: 19495
I20260802 13:07:13 3235501 dinov2 helpers.py:102] Training  [1620/7500]  eta: 0:55:09  lr: 0.0010 (0.0008)  wd: 0.0794 (0.0535)  mom: 0.9929 (0.9923)  last_layer_lr: 0.0010 (0.0008)  current_batch_size: 64.0000 (64.0000)  total_loss: 8.1560 (7.7369)  teacher_entropy_ratio: 0.8600 (0.8435)  teacher_batch_entropy_ratio: 0.9168 (0.8683)  dino_local_crops_loss: 6.0954 (5.9038)  dino_global_crops_loss: 0.7646 (0.7393)  koleo_loss: -0.0158 (0.0236)  ibot_loss: 1.2963 (1.0702)  time: 0.410316  data: 0.058177  max mem: 19495
I20260802 13:07:17 3235501 dinov2 helpers.py:102] Training  [1630/7500]  eta: 0:54:58  lr: 0.0010 (0.0008)  wd: 0.0799 (0.0537)  mom: 0.9929 (0.9923)  last_layer_lr: 0.0010 (0.0008)  current_batch_size: 64.0000 (64.0000)  total_loss: 8.1767 (7.7398)  teacher_entropy_ratio: 0.8637 (0.8437)  teacher_batch_entropy_ratio: 0.9169 (0.8686)  dino_local_crops_loss: 6.0961 (5.9053)  dino_global_crops_loss: 0.7694 (0.7395)  koleo_loss: -0.0154 (0.0234)  ibot_loss: 1.3026 (1.0717)  time: 0.427117  data: 0.079392  max mem: 19495
I20260802 13:07:22 3235501 dinov2 helpers.py:102] Training  [1640/7500]  eta: 0:54:48  lr: 0.0010 (0.0008)  wd: 0.0804 (0.0538)  mom: 0.9929 (0.9923)  last_layer_lr: 0.0010 (0.0008)  current_batch_size: 64.0000 (64.0000)  total_loss: 8.2219 (7.7423)  teacher_entropy_ratio: 0.8628 (0.8438)  teacher_batch_entropy_ratio: 0.9173 (0.8689)  dino_local_crops_loss: 6.1251 (5.9064)  dino_global_crops_loss: 0.7697 (0.7396)  koleo_loss: -0.0158 (0.0232)  ibot_loss: 1.3026 (1.0731)  time: 0.434744  data: 0.095887  max mem: 19495
I20260802 13:07:26 3235501 dinov2 helpers.py:102] Training  [1650/7500]  eta: 0:54:36  lr: 0.0010 (0.0008)  wd: 0.0808 (0.0540)  mom: 0.9929 (0.9923)  last_layer_lr: 0.0010 (0.0008)  current_batch_size: 64.0000 (64.0000)  total_loss: 8.0493 (7.7441)  teacher_entropy_ratio: 0.8581 (0.8438)  teacher_batch_entropy_ratio: 0.9132 (0.8692)  dino_local_crops_loss: 6.0411 (5.9071)  dino_global_crops_loss: 0.7605 (0.7397)  koleo_loss: -0.0161 (0.0229)  ibot_loss: 1.2939 (1.0744)  time: 0.406191  data: 0.062615  max mem: 19495
I20260802 13:07:30 3235501 dinov2 helpers.py:102] Training  [1660/7500]  eta: 0:54:25  lr: 0.0010 (0.0008)  wd: 0.0813 (0.0542)  mom: 0.9929 (0.9923)  last_layer_lr: 0.0010 (0.0008)  current_batch_size: 64.0000 (64.0000)  total_loss: 8.0400 (7.7464)  teacher_entropy_ratio: 0.8565 (0.8440)  teacher_batch_entropy_ratio: 0.9132 (0.8695)  dino_local_crops_loss: 6.0192 (5.9081)  dino_global_crops_loss: 0.7605 (0.7399)  koleo_loss: -0.0160 (0.0227)  ibot_loss: 1.2939 (1.0757)  time: 0.387403  data: 0.039115  max mem: 19495
I20260802 13:07:33 3235501 dinov2 helpers.py:102] Training  [1670/7500]  eta: 0:54:13  lr: 0.0010 (0.0008)  wd: 0.0818 (0.0543)  mom: 0.9929 (0.9923)  last_layer_lr: 0.0010 (0.0008)  current_batch_size: 64.0000 (64.0000)  total_loss: 8.0125 (7.7479)  teacher_entropy_ratio: 0.8550 (0.8440)  teacher_batch_entropy_ratio: 0.9117 (0.8697)  dino_local_crops_loss: 6.0470 (5.9084)  dino_global_crops_loss: 0.7591 (0.7399)  koleo_loss: -0.0155 (0.0225)  ibot_loss: 1.2745 (1.0771)  time: 0.382461  data: 0.035028  max mem: 19495
I20260802 13:07:38 3235501 dinov2 helpers.py:102] Training  [1680/7500]  eta: 0:54:05  lr: 0.0010 (0.0008)  wd: 0.0823 (0.0545)  mom: 0.9929 (0.9923)  last_layer_lr: 0.0010 (0.0008)  current_batch_size: 64.0000 (64.0000)  total_loss: 8.0077 (7.7496)  teacher_entropy_ratio: 0.8476 (0.8440)  teacher_batch_entropy_ratio: 0.9066 (0.8699)  dino_local_crops_loss: 5.9929 (5.9088)  dino_global_crops_loss: 0.7573 (0.7400)  koleo_loss: -0.0159 (0.0222)  ibot_loss: 1.2961 (1.0786)  time: 0.430961  data: 0.090427  max mem: 19495
I20260802 13:07:42 3235501 dinov2 helpers.py:102] Training  [1690/7500]  eta: 0:53:54  lr: 0.0010 (0.0008)  wd: 0.0828 (0.0547)  mom: 0.9930 (0.9923)  last_layer_lr: 0.0010 (0.0008)  current_batch_size: 64.0000 (64.0000)  total_loss: 8.0518 (7.7514)  teacher_entropy_ratio: 0.8505 (0.8440)  teacher_batch_entropy_ratio: 0.9101 (0.8701)  dino_local_crops_loss: 6.0139 (5.9094)  dino_global_crops_loss: 0.7574 (0.7401)  koleo_loss: -0.0162 (0.0220)  ibot_loss: 1.3151 (1.0799)  time: 0.455942  data: 0.112518  max mem: 19495
I20260802 13:07:46 3235501 dinov2 helpers.py:102] Training  [1700/7500]  eta: 0:53:44  lr: 0.0010 (0.0008)  wd: 0.0832 (0.0548)  mom: 0.9930 (0.9923)  last_layer_lr: 0.0010 (0.0008)  current_batch_size: 64.0000 (64.0000)  total_loss: 8.0518 (7.7529)  teacher_entropy_ratio: 0.8524 (0.8440)  teacher_batch_entropy_ratio: 0.9114 (0.8703)  dino_local_crops_loss: 6.0027 (5.9096)  dino_global_crops_loss: 0.7473 (0.7401)  koleo_loss: -0.0163 (0.0218)  ibot_loss: 1.3137 (1.0814)  time: 0.412379  data: 0.061965  max mem: 19495
I20260802 13:07:51 3235501 dinov2 helpers.py:102] Training  [1710/7500]  eta: 0:53:33  lr: 0.0010 (0.0008)  wd: 0.0837 (0.0550)  mom: 0.9930 (0.9923)  last_layer_lr: 0.0010 (0.0008)  current_batch_size: 64.0000 (64.0000)  total_loss: 8.0492 (7.7548)  teacher_entropy_ratio: 0.8524 (0.8441)  teacher_batch_entropy_ratio: 0.9114 (0.8706)  dino_local_crops_loss: 6.0119 (5.9104)  dino_global_crops_loss: 0.7542 (0.7402)  koleo_loss: -0.0164 (0.0216)  ibot_loss: 1.3137 (1.0827)  time: 0.410050  data: 0.041570  max mem: 19495
I20260802 13:07:54 3235501 dinov2 helpers.py:102] Training  [1720/7500]  eta: 0:53:21  lr: 0.0010 (0.0008)  wd: 0.0842 (0.0552)  mom: 0.9930 (0.9923)  last_layer_lr: 0.0010 (0.0008)  current_batch_size: 64.0000 (64.0000)  total_loss: 8.0328 (7.7559)  teacher_entropy_ratio: 0.8521 (0.8440)  teacher_batch_entropy_ratio: 0.9075 (0.8707)  dino_local_crops_loss: 6.0119 (5.9103)  dino_global_crops_loss: 0.7542 (0.7403)  koleo_loss: -0.0164 (0.0213)  ibot_loss: 1.3153 (1.0840)  time: 0.382947  data: 0.011719  max mem: 19495
I20260802 13:07:58 3235501 dinov2 helpers.py:102] Training  [1730/7500]  eta: 0:53:11  lr: 0.0009 (0.0008)  wd: 0.0847 (0.0553)  mom: 0.9930 (0.9923)  last_layer_lr: 0.0009 (0.0008)  current_batch_size: 64.0000 (64.0000)  total_loss: 7.9205 (7.7573)  teacher_entropy_ratio: 0.8282 (0.8440)  teacher_batch_entropy_ratio: 0.8948 (0.8709)  dino_local_crops_loss: 5.8931 (5.9107)  dino_global_crops_loss: 0.7429 (0.7403)  koleo_loss: -0.0164 (0.0211)  ibot_loss: 1.3153 (1.0852)  time: 0.394158  data: 0.047009  max mem: 19495
I20260802 13:08:04 3235501 dinov2 helpers.py:102] Training  [1740/7500]  eta: 0:53:06  lr: 0.0009 (0.0008)  wd: 0.0852 (0.0555)  mom: 0.9930 (0.9923)  last_layer_lr: 0.0009 (0.0008)  current_batch_size: 64.0000 (64.0000)  total_loss: 7.8673 (7.7578)  teacher_entropy_ratio: 0.8230 (0.8439)  teacher_batch_entropy_ratio: 0.8907 (0.8710)  dino_local_crops_loss: 5.8701 (5.9102)  dino_global_crops_loss: 0.7390 (0.7403)  koleo_loss: -0.0167 (0.0209)  ibot_loss: 1.2955 (1.0864)  time: 0.487106  data: 0.134138  max mem: 19495
I20260802 13:08:08 3235501 dinov2 helpers.py:102] Training  [1750/7500]  eta: 0:52:54  lr: 0.0009 (0.0008)  wd: 0.0857 (0.0557)  mom: 0.9930 (0.9923)  last_layer_lr: 0.0009 (0.0008)  current_batch_size: 64.0000 (64.0000)  total_loss: 7.8148 (7.7588)  teacher_entropy_ratio: 0.8188 (0.8438)  teacher_batch_entropy_ratio: 0.8865 (0.8712)  dino_local_crops_loss: 5.8268 (5.9102)  dino_global_crops_loss: 0.7327 (0.7403)  koleo_loss: -0.0167 (0.0207)  ibot_loss: 1.2955 (1.0877)  time: 0.450679  data: 0.087819  max mem: 19495
I20260802 13:08:11 3235501 dinov2 helpers.py:102] Training  [1760/7500]  eta: 0:52:42  lr: 0.0009 (0.0008)  wd: 0.0862 (0.0559)  mom: 0.9930 (0.9924)  last_layer_lr: 0.0009 (0.0008)  current_batch_size: 64.0000 (64.0000)  total_loss: 7.8345 (7.7597)  teacher_entropy_ratio: 0.8144 (0.8437)  teacher_batch_entropy_ratio: 0.8835 (0.8713)  dino_local_crops_loss: 5.8268 (5.9100)  dino_global_crops_loss: 0.7325 (0.7403)  koleo_loss: -0.0168 (0.0205)  ibot_loss: 1.3186 (1.0888)  time: 0.361355  data: 0.009563  max mem: 19495
I20260802 13:08:16 3235501 dinov2 helpers.py:102] Training  [1770/7500]  eta: 0:52:33  lr: 0.0009 (0.0008)  wd: 0.0867 (0.0560)  mom: 0.9930 (0.9924)  last_layer_lr: 0.0009 (0.0008)  current_batch_size: 64.0000 (64.0000)  total_loss: 7.9370 (7.7603)  teacher_entropy_ratio: 0.8276 (0.8436)  teacher_batch_entropy_ratio: 0.8920 (0.8714)  dino_local_crops_loss: 5.9032 (5.9098)  dino_global_crops_loss: 0.7443 (0.7403)  koleo_loss: -0.0164 (0.0203)  ibot_loss: 1.2797 (1.0899)  time: 0.405434  data: 0.052364  max mem: 19495
I20260802 13:08:20 3235501 dinov2 helpers.py:102] Training  [1780/7500]  eta: 0:52:23  lr: 0.0009 (0.0008)  wd: 0.0872 (0.0562)  mom: 0.9930 (0.9924)  last_layer_lr: 0.0009 (0.0008)  current_batch_size: 64.0000 (64.0000)  total_loss: 7.9370 (7.7610)  teacher_entropy_ratio: 0.8276 (0.8435)  teacher_batch_entropy_ratio: 0.8920 (0.8715)  dino_local_crops_loss: 5.9400 (5.9095)  dino_global_crops_loss: 0.7465 (0.7403)  koleo_loss: -0.0160 (0.0201)  ibot_loss: 1.2728 (1.0911)  time: 0.420122  data: 0.067638  max mem: 19495
I20260802 13:08:23 3235501 dinov2 helpers.py:102] Training  [1790/7500]  eta: 0:52:12  lr: 0.0009 (0.0008)  wd: 0.0878 (0.0564)  mom: 0.9931 (0.9924)  last_layer_lr: 0.0009 (0.0008)  current_batch_size: 64.0000 (64.0000)  total_loss: 7.8790 (7.7614)  teacher_entropy_ratio: 0.8250 (0.8433)  teacher_batch_entropy_ratio: 0.8937 (0.8716)  dino_local_crops_loss: 5.8997 (5.9092)  dino_global_crops_loss: 0.7470 (0.7403)  koleo_loss: -0.0159 (0.0199)  ibot_loss: 1.2733 (1.0921)  time: 0.393142  data: 0.048281  max mem: 19495
I20260802 13:08:28 3235501 fvcore.common.checkpoint __init__.py:109] Saving checkpoint to /sci/labs/arieljaffe/dan.abergel1/runs/brain/koleo_on/model_0001799.rank_0.pth
I20260802 13:08:29 3235501 dinov2 helpers.py:102] Training  [1800/7500]  eta: 0:52:07  lr: 0.0009 (0.0008)  wd: 0.0883 (0.0566)  mom: 0.9931 (0.9924)  last_layer_lr: 0.0009 (0.0008)  current_batch_size: 64.0000 (64.0000)  total_loss: 7.8362 (7.7619)  teacher_entropy_ratio: 0.8245 (0.8432)  teacher_batch_entropy_ratio: 0.8937 (0.8717)  dino_local_crops_loss: 5.8826 (5.9088)  dino_global_crops_loss: 0.7381 (0.7403)  koleo_loss: -0.0167 (0.0197)  ibot_loss: 1.2733 (1.0932)  time: 0.475555  data: 0.065010  max mem: 19495
I20260802 13:08:33 3235501 dinov2 helpers.py:102] Training  [1810/7500]  eta: 0:51:55  lr: 0.0009 (0.0008)  wd: 0.0888 (0.0568)  mom: 0.9931 (0.9924)  last_layer_lr: 0.0009 (0.0008)  current_batch_size: 64.0000 (64.0000)  total_loss: 7.8346 (7.7624)  teacher_entropy_ratio: 0.8106 (0.8431)  teacher_batch_entropy_ratio: 0.8850 (0.8718)  dino_local_crops_loss: 5.8282 (5.9083)  dino_global_crops_loss: 0.7329 (0.7402)  koleo_loss: -0.0170 (0.0195)  ibot_loss: 1.2990 (1.0944)  time: 0.450325  data: 0.041431  max mem: 19495
I20260802 13:08:36 3235501 dinov2 helpers.py:102] Training  [1820/7500]  eta: 0:51:44  lr: 0.0009 (0.0008)  wd: 0.0893 (0.0569)  mom: 0.9931 (0.9924)  last_layer_lr: 0.0009 (0.0008)  current_batch_size: 64.0000 (64.0000)  total_loss: 7.8302 (7.7630)  teacher_entropy_ratio: 0.8136 (0.8429)  teacher_batch_entropy_ratio: 0.8877 (0.8719)  dino_local_crops_loss: 5.7971 (5.9080)  dino_global_crops_loss: 0.7329 (0.7402)  koleo_loss: -0.0172 (0.0193)  ibot_loss: 1.3114 (1.0955)  time: 0.362661  data: 0.016307  max mem: 19495
I20260802 13:08:40 3235501 dinov2 helpers.py:102] Training  [1830/7500]  eta: 0:51:34  lr: 0.0009 (0.0008)  wd: 0.0898 (0.0571)  mom: 0.9931 (0.9924)  last_layer_lr: 0.0009 (0.0008)  current_batch_size: 64.0000 (64.0000)  total_loss: 7.7672 (7.7630)  teacher_entropy_ratio: 0.8136 (0.8428)  teacher_batch_entropy_ratio: 0.8877 (0.8720)  dino_local_crops_loss: 5.7971 (5.9074)  dino_global_crops_loss: 0.7345 (0.7402)  koleo_loss: -0.0170 (0.0191)  ibot_loss: 1.2767 (1.0963)  time: 0.388702  data: 0.032083  max mem: 19495
I20260802 13:08:45 3235501 dinov2 helpers.py:102] Training  [1840/7500]  eta: 0:51:25  lr: 0.0009 (0.0008)  wd: 0.0903 (0.0573)  mom: 0.9931 (0.9924)  last_layer_lr: 0.0009 (0.0008)  current_batch_size: 64.0000 (64.0000)  total_loss: 7.7357 (7.7628)  teacher_entropy_ratio: 0.8096 (0.8426)  teacher_batch_entropy_ratio: 0.8834 (0.8721)  dino_local_crops_loss: 5.8061 (5.9066)  dino_global_crops_loss: 0.7317 (0.7401)  koleo_loss: -0.0165 (0.0189)  ibot_loss: 1.2621 (1.0972)  time: 0.411584  data: 0.052333  max mem: 19495
I20260802 13:08:49 3235501 dinov2 helpers.py:102] Training  [1850/7500]  eta: 0:51:16  lr: 0.0009 (0.0008)  wd: 0.0909 (0.0575)  mom: 0.9931 (0.9924)  last_layer_lr: 0.0009 (0.0008)  current_batch_size: 64.0000 (64.0000)  total_loss: 7.7470 (7.7628)  teacher_entropy_ratio: 0.8052 (0.8424)  teacher_batch_entropy_ratio: 0.8815 (0.8721)  dino_local_crops_loss: 5.7549 (5.9060)  dino_global_crops_loss: 0.7299 (0.7401)  koleo_loss: -0.0166 (0.0187)  ibot_loss: 1.2543 (1.0980)  time: 0.418918  data: 0.062695  max mem: 19495
I20260802 13:08:53 3235501 dinov2 helpers.py:102] Training  [1860/7500]  eta: 0:51:07  lr: 0.0009 (0.0008)  wd: 0.0914 (0.0577)  mom: 0.9931 (0.9924)  last_layer_lr: 0.0009 (0.0008)  current_batch_size: 64.0000 (64.0000)  total_loss: 7.6185 (7.7619)  teacher_entropy_ratio: 0.7965 (0.8421)  teacher_batch_entropy_ratio: 0.8765 (0.8721)  dino_local_crops_loss: 5.6883 (5.9048)  dino_global_crops_loss: 0.7175 (0.7399)  koleo_loss: -0.0168 (0.0185)  ibot_loss: 1.2438 (1.0987)  time: 0.427737  data: 0.078710  max mem: 19495
I20260802 13:08:57 3235501 dinov2 helpers.py:102] Training  [1870/7500]  eta: 0:50:58  lr: 0.0009 (0.0008)  wd: 0.0919 (0.0579)  mom: 0.9932 (0.9924)  last_layer_lr: 0.0009 (0.0008)  current_batch_size: 64.0000 (64.0000)  total_loss: 7.6377 (7.7617)  teacher_entropy_ratio: 0.7965 (0.8419)  teacher_batch_entropy_ratio: 0.8765 (0.8722)  dino_local_crops_loss: 5.6883 (5.9040)  dino_global_crops_loss: 0.7175 (0.7398)  koleo_loss: -0.0163 (0.0183)  ibot_loss: 1.2368 (1.0995)  time: 0.432533  data: 0.088965  max mem: 19495
I20260802 13:09:02 3235501 dinov2 helpers.py:102] Training  [1880/7500]  eta: 0:50:51  lr: 0.0009 (0.0008)  wd: 0.0925 (0.0580)  mom: 0.9932 (0.9924)  last_layer_lr: 0.0009 (0.0008)  current_batch_size: 64.0000 (64.0000)  total_loss: 7.6029 (7.7604)  teacher_entropy_ratio: 0.7863 (0.8416)  teacher_batch_entropy_ratio: 0.8680 (0.8722)  dino_local_crops_loss: 5.6541 (5.9026)  dino_global_crops_loss: 0.7114 (0.7397)  koleo_loss: -0.0163 (0.0181)  ibot_loss: 1.2025 (1.1000)  time: 0.461624  data: 0.107134  max mem: 19495
I20260802 13:09:06 3235501 dinov2 helpers.py:102] Training  [1890/7500]  eta: 0:50:41  lr: 0.0009 (0.0008)  wd: 0.0930 (0.0582)  mom: 0.9932 (0.9924)  last_layer_lr: 0.0009 (0.0008)  current_batch_size: 64.0000 (64.0000)  total_loss: 7.4504 (7.7588)  teacher_entropy_ratio: 0.7745 (0.8413)  teacher_batch_entropy_ratio: 0.8597 (0.8721)  dino_local_crops_loss: 5.5558 (5.9009)  dino_global_crops_loss: 0.7050 (0.7395)  koleo_loss: -0.0164 (0.0179)  ibot_loss: 1.1735 (1.1005)  time: 0.435407  data: 0.080019  max mem: 19495
I20260802 13:09:11 3235501 dinov2 helpers.py:102] Training  [1900/7500]  eta: 0:50:34  lr: 0.0009 (0.0008)  wd: 0.0935 (0.0584)  mom: 0.9932 (0.9924)  last_layer_lr: 0.0009 (0.0008)  current_batch_size: 64.0000 (64.0000)  total_loss: 7.4439 (7.7575)  teacher_entropy_ratio: 0.7691 (0.8410)  teacher_batch_entropy_ratio: 0.8585 (0.8721)  dino_local_crops_loss: 5.5259 (5.8994)  dino_global_crops_loss: 0.7024 (0.7393)  koleo_loss: -0.0163 (0.0178)  ibot_loss: 1.1683 (1.1009)  time: 0.438683  data: 0.093679  max mem: 19495
I20260802 13:09:15 3235501 dinov2 helpers.py:102] Training  [1910/7500]  eta: 0:50:24  lr: 0.0009 (0.0008)  wd: 0.0941 (0.0586)  mom: 0.9932 (0.9924)  last_layer_lr: 0.0009 (0.0008)  current_batch_size: 64.0000 (64.0000)  total_loss: 7.5367 (7.7565)  teacher_entropy_ratio: 0.7823 (0.8407)  teacher_batch_entropy_ratio: 0.8695 (0.8721)  dino_local_crops_loss: 5.6101 (5.8982)  dino_global_crops_loss: 0.7110 (0.7392)  koleo_loss: -0.0169 (0.0176)  ibot_loss: 1.2023 (1.1015)  time: 0.434938  data: 0.084315  max mem: 19495
I20260802 13:09:19 3235501 dinov2 helpers.py:102] Training  [1920/7500]  eta: 0:50:15  lr: 0.0009 (0.0008)  wd: 0.0946 (0.0588)  mom: 0.9932 (0.9924)  last_layer_lr: 0.0009 (0.0008)  current_batch_size: 64.0000 (64.0000)  total_loss: 7.5253 (7.7546)  teacher_entropy_ratio: 0.7823 (0.8403)  teacher_batch_entropy_ratio: 0.8695 (0.8720)  dino_local_crops_loss: 5.6119 (5.8963)  dino_global_crops_loss: 0.7076 (0.7390)  koleo_loss: -0.0166 (0.0174)  ibot_loss: 1.2101 (1.1019)  time: 0.397650  data: 0.047113  max mem: 19495
I20260802 13:09:23 3235501 dinov2 helpers.py:102] Training  [1930/7500]  eta: 0:50:04  lr: 0.0009 (0.0008)  wd: 0.0951 (0.0590)  mom: 0.9932 (0.9924)  last_layer_lr: 0.0009 (0.0008)  current_batch_size: 64.0000 (64.0000)  total_loss: 7.4496 (7.7530)  teacher_entropy_ratio: 0.7711 (0.8400)  teacher_batch_entropy_ratio: 0.8592 (0.8720)  dino_local_crops_loss: 5.6119 (5.8948)  dino_global_crops_loss: 0.7069 (0.7388)  koleo_loss: -0.0162 (0.0172)  ibot_loss: 1.1440 (1.1021)  time: 0.394055  data: 0.047256  max mem: 19495
I20260802 13:09:27 3235501 dinov2 helpers.py:102] Training  [1940/7500]  eta: 0:49:55  lr: 0.0009 (0.0008)  wd: 0.0957 (0.0592)  mom: 0.9932 (0.9924)  last_layer_lr: 0.0009 (0.0008)  current_batch_size: 64.0000 (64.0000)  total_loss: 7.4342 (7.7512)  teacher_entropy_ratio: 0.7660 (0.8396)  teacher_batch_entropy_ratio: 0.8589 (0.8719)  dino_local_crops_loss: 5.5737 (5.8931)  dino_global_crops_loss: 0.7076 (0.7387)  koleo_loss: -0.0160 (0.0171)  ibot_loss: 1.1406 (1.1024)  time: 0.371287  data: 0.023494  max mem: 19495
I20260802 13:09:31 3235501 dinov2 helpers.py:102] Training  [1950/7500]  eta: 0:49:46  lr: 0.0009 (0.0008)  wd: 0.0962 (0.0594)  mom: 0.9932 (0.9924)  last_layer_lr: 0.0009 (0.0008)  current_batch_size: 64.0000 (64.0000)  total_loss: 7.4547 (7.7498)  teacher_entropy_ratio: 0.7697 (0.8393)  teacher_batch_entropy_ratio: 0.8621 (0.8719)  dino_local_crops_loss: 5.5957 (5.8917)  dino_global_crops_loss: 0.7081 (0.7385)  koleo_loss: -0.0164 (0.0169)  ibot_loss: 1.1623 (1.1028)  time: 0.409264  data: 0.068105  max mem: 19495
I20260802 13:09:36 3235501 dinov2 helpers.py:102] Training  [1960/7500]  eta: 0:49:41  lr: 0.0009 (0.0008)  wd: 0.0968 (0.0596)  mom: 0.9933 (0.9924)  last_layer_lr: 0.0009 (0.0008)  current_batch_size: 64.0000 (64.0000)  total_loss: 7.4643 (7.7479)  teacher_entropy_ratio: 0.7732 (0.8389)  teacher_batch_entropy_ratio: 0.8629 (0.8718)  dino_local_crops_loss: 5.6071 (5.8897)  dino_global_crops_loss: 0.7081 (0.7383)  koleo_loss: -0.0167 (0.0167)  ibot_loss: 1.1658 (1.1032)  time: 0.483700  data: 0.143129  max mem: 19495
I20260802 13:09:41 3235501 dinov2 helpers.py:102] Training  [1970/7500]  eta: 0:49:32  lr: 0.0009 (0.0008)  wd: 0.0973 (0.0597)  mom: 0.9933 (0.9924)  last_layer_lr: 0.0009 (0.0008)  current_batch_size: 64.0000 (64.0000)  total_loss: 7.3319 (7.7453)  teacher_entropy_ratio: 0.7517 (0.8384)  teacher_batch_entropy_ratio: 0.8498 (0.8717)  dino_local_crops_loss: 5.4762 (5.8875)  dino_global_crops_loss: 0.6915 (0.7380)  koleo_loss: -0.0165 (0.0165)  ibot_loss: 1.1291 (1.1033)  time: 0.486752  data: 0.147207  max mem: 19495
I20260802 13:09:45 3235501 dinov2 helpers.py:102] Training  [1980/7500]  eta: 0:49:24  lr: 0.0009 (0.0008)  wd: 0.0979 (0.0599)  mom: 0.9933 (0.9924)  last_layer_lr: 0.0009 (0.0008)  current_batch_size: 64.0000 (64.0000)  total_loss: 7.3897 (7.7441)  teacher_entropy_ratio: 0.7511 (0.8381)  teacher_batch_entropy_ratio: 0.8497 (0.8716)  dino_local_crops_loss: 5.4762 (5.8860)  dino_global_crops_loss: 0.6940 (0.7379)  koleo_loss: -0.0167 (0.0164)  ibot_loss: 1.1582 (1.1038)  time: 0.433132  data: 0.093963  max mem: 19495
I20260802 13:09:49 3235501 dinov2 helpers.py:102] Training  [1990/7500]  eta: 0:49:15  lr: 0.0009 (0.0008)  wd: 0.0984 (0.0601)  mom: 0.9933 (0.9924)  last_layer_lr: 0.0009 (0.0008)  current_batch_size: 64.0000 (64.0000)  total_loss: 7.3897 (7.7419)  teacher_entropy_ratio: 0.7653 (0.8377)  teacher_batch_entropy_ratio: 0.8641 (0.8715)  dino_local_crops_loss: 5.5689 (5.8840)  dino_global_crops_loss: 0.7017 (0.7377)  koleo_loss: -0.0173 (0.0162)  ibot_loss: 1.1724 (1.1041)  time: 0.425028  data: 0.077502  max mem: 19495
  [probe] best config: n_blocks=1 avgpool=True
I20260802 13:11:45 3235501 dinov2 train.py:276] PROBE @ iter 2000: 75.83% +/- 1.31%
W20260802 13:11:45 3235501 py.warnings warnings.py:109] /sci/labs/arieljaffe/dan.abergel1/repos/FAIR_official/dinov2/loss/koleo_loss.py:43: FutureWarning: `torch.cuda.amp.autocast(args...)` is deprecated. Please use `torch.amp.autocast('cuda', args...)` instead.
  with torch.cuda.amp.autocast(enabled=False):

I20260802 13:11:46 3235501 dinov2 helpers.py:102] Training  [2000/7500]  eta: 0:54:15  lr: 0.0009 (0.0008)  wd: 0.0990 (0.0603)  mom: 0.9933 (0.9925)  last_layer_lr: 0.0009 (0.0008)  current_batch_size: 64.0000 (64.0000)  total_loss: 7.3280 (7.7400)  teacher_entropy_ratio: 0.7576 (0.8373)  teacher_batch_entropy_ratio: 0.8533 (0.8714)  dino_local_crops_loss: 5.4783 (5.8822)  dino_global_crops_loss: 0.6968 (0.7375)  koleo_loss: -0.0175 (0.0160)  ibot_loss: 1.1516 (1.1042)  time: 6.029651  data: 0.114317  max mem: 19495
I20260802 13:11:49 3235501 dinov2 helpers.py:102] Training  [2010/7500]  eta: 0:54:02  lr: 0.0009 (0.0008)  wd: 0.0996 (0.0605)  mom: 0.9933 (0.9925)  last_layer_lr: 0.0009 (0.0008)  current_batch_size: 64.0000 (64.0000)  total_loss: 7.2548 (7.7371)  teacher_entropy_ratio: 0.7496 (0.8368)  teacher_batch_entropy_ratio: 0.8463 (0.8713)  dino_local_crops_loss: 5.4074 (5.8793)  dino_global_crops_loss: 0.6842 (0.7371)  koleo_loss: -0.0168 (0.0159)  ibot_loss: 1.1486 (1.1047)  time: 5.987498  data: 0.081940  max mem: 19495
I20260802 13:11:52 3235501 dinov2 helpers.py:102] Training  [2020/7500]  eta: 0:53:50  lr: 0.0009 (0.0008)  wd: 0.1001 (0.0607)  mom: 0.9933 (0.9925)  last_layer_lr: 0.0009 (0.0008)  current_batch_size: 64.0000 (64.0000)  total_loss: 7.2432 (7.7355)  teacher_entropy_ratio: 0.7404 (0.8364)  teacher_batch_entropy_ratio: 0.8425 (0.8712)  dino_local_crops_loss: 5.4074 (5.8777)  dino_global_crops_loss: 0.6842 (0.7369)  koleo_loss: -0.0158 (0.0157)  ibot_loss: 1.2008 (1.1051)  time: 0.343799  data: 0.000812  max mem: 19495
I20260802 13:11:56 3235501 dinov2 helpers.py:102] Training  [2030/7500]  eta: 0:53:37  lr: 0.0009 (0.0008)  wd: 0.1007 (0.0609)  mom: 0.9933 (0.9925)  last_layer_lr: 0.0009 (0.0008)  current_batch_size: 64.0000 (64.0000)  total_loss: 7.2968 (7.7334)  teacher_entropy_ratio: 0.7483 (0.8359)  teacher_batch_entropy_ratio: 0.8485 (0.8711)  dino_local_crops_loss: 5.4548 (5.8756)  dino_global_crops_loss: 0.6930 (0.7367)  koleo_loss: -0.0157 (0.0156)  ibot_loss: 1.2034 (1.1055)  time: 0.348460  data: 0.000847  max mem: 19495
I20260802 13:12:00 3235501 dinov2 helpers.py:102] Training  [2040/7500]  eta: 0:53:27  lr: 0.0009 (0.0008)  wd: 0.1012 (0.0611)  mom: 0.9934 (0.9925)  last_layer_lr: 0.0009 (0.0008)  current_batch_size: 64.0000 (64.0000)  total_loss: 7.2611 (7.7309)  teacher_entropy_ratio: 0.7463 (0.8355)  teacher_batch_entropy_ratio: 0.8464 (0.8709)  dino_local_crops_loss: 5.4455 (5.8732)  dino_global_crops_loss: 0.6841 (0.7364)  koleo_loss: -0.0159 (0.0154)  ibot_loss: 1.1738 (1.1059)  time: 0.377982  data: 0.033908  max mem: 19495
I20260802 13:12:04 3235501 dinov2 helpers.py:102] Training  [2050/7500]  eta: 0:53:16  lr: 0.0009 (0.0008)  wd: 0.1018 (0.0613)  mom: 0.9934 (0.9925)  last_layer_lr: 0.0009 (0.0008)  current_batch_size: 64.0000 (64.0000)  total_loss: 7.2611 (7.7286)  teacher_entropy_ratio: 0.7463 (0.8350)  teacher_batch_entropy_ratio: 0.8499 (0.8708)  dino_local_crops_loss: 5.4349 (5.8712)  dino_global_crops_loss: 0.6853 (0.7362)  koleo_loss: -0.0162 (0.0153)  ibot_loss: 1.1538 (1.1060)  time: 0.400974  data: 0.050245  max mem: 19495
I20260802 13:12:08 3235501 dinov2 helpers.py:102] Training  [2060/7500]  eta: 0:53:06  lr: 0.0009 (0.0008)  wd: 0.1024 (0.0615)  mom: 0.9934 (0.9925)  last_layer_lr: 0.0009 (0.0008)  current_batch_size: 64.0000 (64.0000)  total_loss: 7.2798 (7.7263)  teacher_entropy_ratio: 0.7480 (0.8346)  teacher_batch_entropy_ratio: 0.8501 (0.8707)  dino_local_crops_loss: 5.4553 (5.8692)  dino_global_crops_loss: 0.6867 (0.7360)  koleo_loss: -0.0163 (0.0151)  ibot_loss: 1.1067 (1.1061)  time: 0.409521  data: 0.063984  max mem: 19495
I20260802 13:12:12 3235501 dinov2 helpers.py:102] Training  [2070/7500]  eta: 0:52:55  lr: 0.0009 (0.0008)  wd: 0.1030 (0.0617)  mom: 0.9934 (0.9925)  last_layer_lr: 0.0009 (0.0008)  current_batch_size: 64.0000 (64.0000)  total_loss: 7.2957 (7.7242)  teacher_entropy_ratio: 0.7489 (0.8342)  teacher_batch_entropy_ratio: 0.8510 (0.8706)  dino_local_crops_loss: 5.4875 (5.8673)  dino_global_crops_loss: 0.6905 (0.7358)  koleo_loss: -0.0163 (0.0150)  ibot_loss: 1.1067 (1.1062)  time: 0.424241  data: 0.086155  max mem: 19495
I20260802 13:12:17 3235501 dinov2 helpers.py:102] Training  [2080/7500]  eta: 0:52:48  lr: 0.0009 (0.0008)  wd: 0.1035 (0.0619)  mom: 0.9934 (0.9925)  last_layer_lr: 0.0009 (0.0008)  current_batch_size: 64.0000 (64.0000)  total_loss: 7.2039 (7.7216)  teacher_entropy_ratio: 0.7372 (0.8337)  teacher_batch_entropy_ratio: 0.8439 (0.8705)  dino_local_crops_loss: 5.4206 (5.8650)  dino_global_crops_loss: 0.6853 (0.7355)  koleo_loss: -0.0172 (0.0148)  ibot_loss: 1.1143 (1.1063)  time: 0.465869  data: 0.123913  max mem: 19495
I20260802 13:12:22 3235501 dinov2 helpers.py:102] Training  [2090/7500]  eta: 0:52:37  lr: 0.0009 (0.0008)  wd: 0.1041 (0.0621)  mom: 0.9934 (0.9925)  last_layer_lr: 0.0009 (0.0008)  current_batch_size: 64.0000 (64.0000)  total_loss: 7.0492 (7.7188)  teacher_entropy_ratio: 0.7280 (0.8333)  teacher_batch_entropy_ratio: 0.8367 (0.8703)  dino_local_crops_loss: 5.2995 (5.8626)  dino_global_crops_loss: 0.6744 (0.7352)  koleo_loss: -0.0176 (0.0146)  ibot_loss: 1.0944 (1.1063)  time: 0.459488  data: 0.116194  max mem: 19495
I20260802 13:12:26 3235501 dinov2 helpers.py:102] Training  [2100/7500]  eta: 0:52:29  lr: 0.0009 (0.0008)  wd: 0.1047 (0.0623)  mom: 0.9934 (0.9925)  last_layer_lr: 0.0009 (0.0008)  current_batch_size: 64.0000 (64.0000)  total_loss: 7.2041 (7.7167)  teacher_entropy_ratio: 0.7358 (0.8329)  teacher_batch_entropy_ratio: 0.8475 (0.8703)  dino_local_crops_loss: 5.3906 (5.8609)  dino_global_crops_loss: 0.6873 (0.7351)  koleo_loss: -0.0176 (0.0145)  ibot_loss: 1.1125 (1.1063)  time: 0.436516  data: 0.095992  max mem: 19495
I20260802 13:12:30 3235501 dinov2 helpers.py:102] Training  [2110/7500]  eta: 0:52:17  lr: 0.0009 (0.0008)  wd: 0.1053 (0.0625)  mom: 0.9935 (0.9925)  last_layer_lr: 0.0009 (0.0008)  current_batch_size: 64.0000 (64.0000)  total_loss: 7.2722 (7.7142)  teacher_entropy_ratio: 0.7421 (0.8324)  teacher_batch_entropy_ratio: 0.8495 (0.8701)  dino_local_crops_loss: 5.4517 (5.8586)  dino_global_crops_loss: 0.6899 (0.7348)  koleo_loss: -0.0175 (0.0143)  ibot_loss: 1.1315 (1.1064)  time: 0.424112  data: 0.075570  max mem: 19495
I20260802 13:12:34 3235501 dinov2 helpers.py:102] Training  [2120/7500]  eta: 0:52:07  lr: 0.0009 (0.0008)  wd: 0.1058 (0.0627)  mom: 0.9935 (0.9925)  last_layer_lr: 0.0009 (0.0008)  current_batch_size: 64.0000 (64.0000)  total_loss: 7.1662 (7.7109)  teacher_entropy_ratio: 0.7392 (0.8318)  teacher_batch_entropy_ratio: 0.8470 (0.8699)  dino_local_crops_loss: 5.4232 (5.8559)  dino_global_crops_loss: 0.6814 (0.7345)  koleo_loss: -0.0165 (0.0142)  ibot_loss: 1.1101 (1.1063)  time: 0.395096  data: 0.037402  max mem: 19495
I20260802 13:12:39 3235501 dinov2 helpers.py:102] Training  [2130/7500]  eta: 0:51:58  lr: 0.0009 (0.0008)  wd: 0.1064 (0.0630)  mom: 0.9935 (0.9925)  last_layer_lr: 0.0009 (0.0008)  current_batch_size: 64.0000 (64.0000)  total_loss: 7.1521 (7.7087)  teacher_entropy_ratio: 0.7261 (0.8314)  teacher_batch_entropy_ratio: 0.8380 (0.8698)  dino_local_crops_loss: 5.3763 (5.8539)  dino_global_crops_loss: 0.6760 (0.7343)  koleo_loss: -0.0156 (0.0141)  ibot_loss: 1.1101 (1.1064)  time: 0.428697  data: 0.077671  max mem: 19495
I20260802 13:12:42 3235501 dinov2 helpers.py:102] Training  [2140/7500]  eta: 0:51:47  lr: 0.0009 (0.0008)  wd: 0.1070 (0.0632)  mom: 0.9935 (0.9925)  last_layer_lr: 0.0009 (0.0008)  current_batch_size: 64.0000 (64.0000)  total_loss: 7.1521 (7.7057)  teacher_entropy_ratio: 0.7286 (0.8309)  teacher_batch_entropy_ratio: 0.8394 (0.8696)  dino_local_crops_loss: 5.3712 (5.8513)  dino_global_crops_loss: 0.6760 (0.7340)  koleo_loss: -0.0164 (0.0139)  ibot_loss: 1.1358 (1.1065)  time: 0.412839  data: 0.068642  max mem: 19495
I20260802 13:12:47 3235501 dinov2 helpers.py:102] Training  [2150/7500]  eta: 0:51:38  lr: 0.0009 (0.0008)  wd: 0.1076 (0.0634)  mom: 0.9935 (0.9925)  last_layer_lr: 0.0009 (0.0008)  current_batch_size: 64.0000 (64.0000)  total_loss: 7.1304 (7.7031)  teacher_entropy_ratio: 0.7286 (0.8304)  teacher_batch_entropy_ratio: 0.8394 (0.8695)  dino_local_crops_loss: 5.3370 (5.8492)  dino_global_crops_loss: 0.6781 (0.7338)  koleo_loss: -0.0171 (0.0138)  ibot_loss: 1.1050 (1.1064)  time: 0.416305  data: 0.074047  max mem: 19495
I20260802 13:12:51 3235501 dinov2 helpers.py:102] Training  [2160/7500]  eta: 0:51:28  lr: 0.0009 (0.0008)  wd: 0.1082 (0.0636)  mom: 0.9935 (0.9925)  last_layer_lr: 0.0009 (0.0008)  current_batch_size: 64.0000 (64.0000)  total_loss: 7.1873 (7.7006)  teacher_entropy_ratio: 0.7414 (0.8300)  teacher_batch_entropy_ratio: 0.8507 (0.8694)  dino_local_crops_loss: 5.4149 (5.8469)  dino_global_crops_loss: 0.6868 (0.7335)  koleo_loss: -0.0172 (0.0136)  ibot_loss: 1.0784 (1.1065)  time: 0.426138  data: 0.075660  max mem: 19495
I20260802 13:12:55 3235501 dinov2 helpers.py:102] Training  [2170/7500]  eta: 0:51:18  lr: 0.0009 (0.0008)  wd: 0.1088 (0.0638)  mom: 0.9935 (0.9925)  last_layer_lr: 0.0009 (0.0008)  current_batch_size: 64.0000 (64.0000)  total_loss: 7.1274 (7.6980)  teacher_entropy_ratio: 0.7314 (0.8295)  teacher_batch_entropy_ratio: 0.8425 (0.8692)  dino_local_crops_loss: 5.3680 (5.8448)  dino_global_crops_loss: 0.6805 (0.7333)  koleo_loss: -0.0166 (0.0135)  ibot_loss: 1.0951 (1.1065)  time: 0.405488  data: 0.052403  max mem: 19495
I20260802 13:12:59 3235501 dinov2 helpers.py:102] Training  [2180/7500]  eta: 0:51:09  lr: 0.0009 (0.0008)  wd: 0.1094 (0.0640)  mom: 0.9935 (0.9925)  last_layer_lr: 0.0009 (0.0008)  current_batch_size: 64.0000 (64.0000)  total_loss: 7.1996 (7.6960)  teacher_entropy_ratio: 0.7316 (0.8291)  teacher_batch_entropy_ratio: 0.8438 (0.8692)  dino_local_crops_loss: 5.3972 (5.8429)  dino_global_crops_loss: 0.6860 (0.7331)  koleo_loss: -0.0161 (0.0134)  ibot_loss: 1.1184 (1.1066)  time: 0.421551  data: 0.072989  max mem: 19495
I20260802 13:13:04 3235501 dinov2 helpers.py:102] Training  [2190/7500]  eta: 0:50:59  lr: 0.0009 (0.0008)  wd: 0.1100 (0.0642)  mom: 0.9936 (0.9925)  last_layer_lr: 0.0009 (0.0008)  current_batch_size: 64.0000 (64.0000)  total_loss: 7.1996 (7.6930)  teacher_entropy_ratio: 0.7269 (0.8286)  teacher_batch_entropy_ratio: 0.8396 (0.8690)  dino_local_crops_loss: 5.3864 (5.8403)  dino_global_crops_loss: 0.6789 (0.7328)  koleo_loss: -0.0160 (0.0132)  ibot_loss: 1.1184 (1.1066)  time: 0.428003  data: 0.084519  max mem: 19495
I20260802 13:13:08 3235501 dinov2 helpers.py:102] Training  [2200/7500]  eta: 0:50:49  lr: 0.0009 (0.0008)  wd: 0.1106 (0.0644)  mom: 0.9936 (0.9925)  last_layer_lr: 0.0009 (0.0008)  current_batch_size: 64.0000 (64.0000)  total_loss: 7.0487 (7.6905)  teacher_entropy_ratio: 0.7172 (0.8282)  teacher_batch_entropy_ratio: 0.8335 (0.8689)  dino_local_crops_loss: 5.2753 (5.8382)  dino_global_crops_loss: 0.6774 (0.7326)  koleo_loss: -0.0169 (0.0131)  ibot_loss: 1.0821 (1.1066)  time: 0.412679  data: 0.069768  max mem: 19495
I20260802 13:13:11 3235501 dinov2 helpers.py:102] Training  [2210/7500]  eta: 0:50:39  lr: 0.0009 (0.0008)  wd: 0.1112 (0.0646)  mom: 0.9936 (0.9925)  last_layer_lr: 0.0009 (0.0008)  current_batch_size: 64.0000 (64.0000)  total_loss: 7.0972 (7.6878)  teacher_entropy_ratio: 0.7269 (0.8277)  teacher_batch_entropy_ratio: 0.8397 (0.8687)  dino_local_crops_loss: 5.3651 (5.8361)  dino_global_crops_loss: 0.6794 (0.7323)  koleo_loss: -0.0168 (0.0130)  ibot_loss: 1.0821 (1.1064)  time: 0.389105  data: 0.041583  max mem: 19495
I20260802 13:13:16 3235501 dinov2 helpers.py:102] Training  [2220/7500]  eta: 0:50:30  lr: 0.0009 (0.0008)  wd: 0.1118 (0.0648)  mom: 0.9936 (0.9926)  last_layer_lr: 0.0009 (0.0008)  current_batch_size: 64.0000 (64.0000)  total_loss: 7.1187 (7.6856)  teacher_entropy_ratio: 0.7337 (0.8273)  teacher_batch_entropy_ratio: 0.8465 (0.8687)  dino_local_crops_loss: 5.3760 (5.8343)  dino_global_crops_loss: 0.6812 (0.7321)  koleo_loss: -0.0163 (0.0128)  ibot_loss: 1.0906 (1.1064)  time: 0.409008  data: 0.065370  max mem: 19495
I20260802 13:13:20 3235501 dinov2 helpers.py:102] Training  [2230/7500]  eta: 0:50:20  lr: 0.0009 (0.0008)  wd: 0.1124 (0.0651)  mom: 0.9936 (0.9926)  last_layer_lr: 0.0009 (0.0008)  current_batch_size: 64.0000 (64.0000)  total_loss: 7.1187 (7.6833)  teacher_entropy_ratio: 0.7404 (0.8269)  teacher_batch_entropy_ratio: 0.8503 (0.8686)  dino_local_crops_loss: 5.4227 (5.8324)  dino_global_crops_loss: 0.6894 (0.7320)  koleo_loss: -0.0168 (0.0127)  ibot_loss: 1.1043 (1.1062)  time: 0.426961  data: 0.074713  max mem: 19495
I20260802 13:13:25 3235501 dinov2 helpers.py:102] Training  [2240/7500]  eta: 0:50:12  lr: 0.0009 (0.0008)  wd: 0.1130 (0.0653)  mom: 0.9936 (0.9926)  last_layer_lr: 0.0009 (0.0008)  current_batch_size: 64.0000 (64.0000)  total_loss: 7.1456 (7.6808)  teacher_entropy_ratio: 0.7405 (0.8265)  teacher_batch_entropy_ratio: 0.8517 (0.8685)  dino_local_crops_loss: 5.4352 (5.8305)  dino_global_crops_loss: 0.6872 (0.7317)  koleo_loss: -0.0173 (0.0126)  ibot_loss: 1.0658 (1.1060)  time: 0.437344  data: 0.083550  max mem: 19495
W20260802 13:13:29 3235501 py.warnings warnings.py:109] /sci/labs/arieljaffe/dan.abergel1/torch_env/lib/python3.11/site-packages/torch/distributed/fsdp/fully_sharded_data_parallel.py:822: FutureWarning: FSDP.state_dict_type() and FSDP.set_state_dict_type() are being deprecated. Please use APIs, get_state_dict() and set_state_dict(), which can support different parallelisms, FSDP1, FSDP2, DDP. API doc: https://pytorch.org/docs/stable/distributed.checkpoint.html#torch.distributed.checkpoint.state_dict.get_state_dict .Tutorial: https://pytorch.org/tutorials/recipes/distributed_checkpoint_recipe.html .
  prev_state_dict_settings = FullyShardedDataParallel.set_state_dict_type(

W20260802 13:13:29 3235501 py.warnings warnings.py:109] /sci/labs/arieljaffe/dan.abergel1/torch_env/lib/python3.11/site-packages/torch/utils/_contextlib.py:124: UserWarning: When using ``NO_SHARD`` for ``ShardingStrategy``, full_state_dict will be returned.
  return func(*args, **kwargs)

W20260802 13:13:29 3235501 py.warnings warnings.py:109] /sci/labs/arieljaffe/dan.abergel1/torch_env/lib/python3.11/site-packages/torch/distributed/fsdp/fully_sharded_data_parallel.py:829: FutureWarning: FSDP.state_dict_type() and FSDP.set_state_dict_type() are being deprecated. Please use APIs, get_state_dict() and set_state_dict(), which can support different parallelisms, FSDP1, FSDP2, DDP. API doc: https://pytorch.org/docs/stable/distributed.checkpoint.html#torch.distributed.checkpoint.state_dict.get_state_dict .Tutorial: https://pytorch.org/tutorials/recipes/distributed_checkpoint_recipe.html .
  FullyShardedDataParallel.set_state_dict_type(

I20260802 13:13:29 3235501 fvcore.common.checkpoint __init__.py:109] Saving checkpoint to /sci/labs/arieljaffe/dan.abergel1/runs/brain/koleo_on/model_0002249.rank_0.pth
W20260802 13:13:30 3235501 py.warnings warnings.py:109] /sci/labs/arieljaffe/dan.abergel1/torch_env/lib/python3.11/site-packages/torch/distributed/c10d_logger.py:83: UserWarning: barrier(): using the device under current context. You can specify `device_id` in `init_process_group` to mute this warning.
  return func(*args, **kwargs)

I20260802 13:13:30 3235501 dinov2 helpers.py:102] Training  [2250/7500]  eta: 0:50:07  lr: 0.0009 (0.0008)  wd: 0.1136 (0.0655)  mom: 0.9936 (0.9926)  last_layer_lr: 0.0009 (0.0008)  current_batch_size: 64.0000 (64.0000)  total_loss: 7.0551 (7.6778)  teacher_entropy_ratio: 0.7294 (0.8261)  teacher_batch_entropy_ratio: 0.8465 (0.8684)  dino_local_crops_loss: 5.3555 (5.8283)  dino_global_crops_loss: 0.6780 (0.7315)  koleo_loss: -0.0173 (0.0124)  ibot_loss: 1.0541 (1.1057)  time: 0.520777  data: 0.115389  max mem: 19495
I20260802 13:13:34 3235501 dinov2 helpers.py:102] Training  [2260/7500]  eta: 0:49:56  lr: 0.0009 (0.0008)  wd: 0.1142 (0.0657)  mom: 0.9936 (0.9926)  last_layer_lr: 0.0009 (0.0008)  current_batch_size: 64.0000 (64.0000)  total_loss: 7.0189 (7.6753)  teacher_entropy_ratio: 0.7288 (0.8256)  teacher_batch_entropy_ratio: 0.8429 (0.8682)  dino_local_crops_loss: 5.3555 (5.8263)  dino_global_crops_loss: 0.6711 (0.7313)  koleo_loss: -0.0176 (0.0123)  ibot_loss: 1.0541 (1.1055)  time: 0.465167  data: 0.058508  max mem: 19495
I20260802 13:13:37 3235501 dinov2 helpers.py:102] Training  [2270/7500]  eta: 0:49:45  lr: 0.0009 (0.0008)  wd: 0.1148 (0.0659)  mom: 0.9937 (0.9926)  last_layer_lr: 0.0009 (0.0008)  current_batch_size: 64.0000 (64.0000)  total_loss: 7.1157 (7.6727)  teacher_entropy_ratio: 0.7301 (0.8252)  teacher_batch_entropy_ratio: 0.8438 (0.8682)  dino_local_crops_loss: 5.3715 (5.8243)  dino_global_crops_loss: 0.6792 (0.7310)  koleo_loss: -0.0174 (0.0122)  ibot_loss: 1.0722 (1.1052)  time: 0.351408  data: 0.006659  max mem: 19495
I20260802 13:13:41 3235501 dinov2 helpers.py:102] Training  [2280/7500]  eta: 0:49:35  lr: 0.0009 (0.0008)  wd: 0.1154 (0.0661)  mom: 0.9937 (0.9926)  last_layer_lr: 0.0009 (0.0008)  current_batch_size: 64.0000 (64.0000)  total_loss: 7.1157 (7.6700)  teacher_entropy_ratio: 0.7347 (0.8248)  teacher_batch_entropy_ratio: 0.8431 (0.8680)  dino_local_crops_loss: 5.3937 (5.8223)  dino_global_crops_loss: 0.6828 (0.7308)  koleo_loss: -0.0167 (0.0120)  ibot_loss: 1.0466 (1.1048)  time: 0.365078  data: 0.026838  max mem: 19495
I20260802 13:13:45 3235501 dinov2 helpers.py:102] Training  [2290/7500]  eta: 0:49:25  lr: 0.0009 (0.0008)  wd: 0.1160 (0.0664)  mom: 0.9937 (0.9926)  last_layer_lr: 0.0009 (0.0008)  current_batch_size: 64.0000 (64.0000)  total_loss: 7.1983 (7.6678)  teacher_entropy_ratio: 0.7488 (0.8244)  teacher_batch_entropy_ratio: 0.8608 (0.8680)  dino_local_crops_loss: 5.4736 (5.8207)  dino_global_crops_loss: 0.6912 (0.7306)  koleo_loss: -0.0169 (0.0119)  ibot_loss: 1.0259 (1.1046)  time: 0.393453  data: 0.058404  max mem: 19495
I20260802 13:13:50 3235501 dinov2 helpers.py:102] Training  [2300/7500]  eta: 0:49:17  lr: 0.0009 (0.0008)  wd: 0.1167 (0.0666)  mom: 0.9937 (0.9926)  last_layer_lr: 0.0009 (0.0008)  current_batch_size: 64.0000 (64.0000)  total_loss: 7.2363 (7.6659)  teacher_entropy_ratio: 0.7456 (0.8241)  teacher_batch_entropy_ratio: 0.8608 (0.8679)  dino_local_crops_loss: 5.4822 (5.8192)  dino_global_crops_loss: 0.6985 (0.7305)  koleo_loss: -0.0176 (0.0118)  ibot_loss: 1.0572 (1.1044)  time: 0.424802  data: 0.087380  max mem: 19495
I20260802 13:13:55 3235501 dinov2 helpers.py:102] Training  [2310/7500]  eta: 0:49:11  lr: 0.0009 (0.0008)  wd: 0.1173 (0.0668)  mom: 0.9937 (0.9926)  last_layer_lr: 0.0009 (0.0008)  current_batch_size: 64.0000 (64.0000)  total_loss: 7.1370 (7.6633)  teacher_entropy_ratio: 0.7334 (0.8237)  teacher_batch_entropy_ratio: 0.8499 (0.8678)  dino_local_crops_loss: 5.3884 (5.8171)  dino_global_crops_loss: 0.6812 (0.7303)  koleo_loss: -0.0177 (0.0117)  ibot_loss: 1.0705 (1.1043)  time: 0.497540  data: 0.160445  max mem: 19495
I20260802 13:13:59 3235501 dinov2 helpers.py:102] Training  [2320/7500]  eta: 0:49:02  lr: 0.0009 (0.0008)  wd: 0.1179 (0.0670)  mom: 0.9937 (0.9926)  last_layer_lr: 0.0009 (0.0008)  current_batch_size: 64.0000 (64.0000)  total_loss: 6.9863 (7.6604)  teacher_entropy_ratio: 0.7260 (0.8233)  teacher_batch_entropy_ratio: 0.8437 (0.8677)  dino_local_crops_loss: 5.3178 (5.8150)  dino_global_crops_loss: 0.6734 (0.7300)  koleo_loss: -0.0177 (0.0115)  ibot_loss: 1.0273 (1.1039)  time: 0.483189  data: 0.144039  max mem: 19495
I20260802 13:14:03 3235501 dinov2 helpers.py:102] Training  [2330/7500]  eta: 0:48:52  lr: 0.0009 (0.0008)  wd: 0.1185 (0.0673)  mom: 0.9937 (0.9926)  last_layer_lr: 0.0009 (0.0008)  current_batch_size: 64.0000 (64.0000)  total_loss: 7.0211 (7.6579)  teacher_entropy_ratio: 0.7348 (0.8229)  teacher_batch_entropy_ratio: 0.8504 (0.8677)  dino_local_crops_loss: 5.3399 (5.8131)  dino_global_crops_loss: 0.6790 (0.7298)  koleo_loss: -0.0173 (0.0114)  ibot_loss: 1.0157 (1.1036)  time: 0.403652  data: 0.059894  max mem: 19495
I20260802 13:14:09 3235501 dinov2 helpers.py:102] Training  [2340/7500]  eta: 0:48:45  lr: 0.0009 (0.0008)  wd: 0.1191 (0.0675)  mom: 0.9938 (0.9926)  last_layer_lr: 0.0009 (0.0008)  current_batch_size: 64.0000 (64.0000)  total_loss: 7.0849 (7.6554)  teacher_entropy_ratio: 0.7266 (0.8224)  teacher_batch_entropy_ratio: 0.8463 (0.8676)  dino_local_crops_loss: 5.3894 (5.8111)  dino_global_crops_loss: 0.6837 (0.7296)  koleo_loss: -0.0172 (0.0113)  ibot_loss: 1.0545 (1.1034)  time: 0.456791  data: 0.110920  max mem: 19495
I20260802 13:14:12 3235501 dinov2 helpers.py:102] Training  [2350/7500]  eta: 0:48:35  lr: 0.0009 (0.0008)  wd: 0.1198 (0.0677)  mom: 0.9938 (0.9926)  last_layer_lr: 0.0009 (0.0008)  current_batch_size: 64.0000 (64.0000)  total_loss: 7.1245 (7.6532)  teacher_entropy_ratio: 0.7242 (0.8221)  teacher_batch_entropy_ratio: 0.8451 (0.8675)  dino_local_crops_loss: 5.3852 (5.8095)  dino_global_crops_loss: 0.6837 (0.7295)  koleo_loss: -0.0173 (0.0112)  ibot_loss: 1.0675 (1.1031)  time: 0.438047  data: 0.084885  max mem: 19495
I20260802 13:14:16 3235501 dinov2 helpers.py:102] Training  [2360/7500]  eta: 0:48:26  lr: 0.0009 (0.0008)  wd: 0.1204 (0.0679)  mom: 0.9938 (0.9926)  last_layer_lr: 0.0009 (0.0008)  current_batch_size: 64.0000 (64.0000)  total_loss: 7.1444 (7.6512)  teacher_entropy_ratio: 0.7317 (0.8217)  teacher_batch_entropy_ratio: 0.8540 (0.8675)  dino_local_crops_loss: 5.3896 (5.8079)  dino_global_crops_loss: 0.6890 (0.7293)  koleo_loss: -0.0177 (0.0110)  ibot_loss: 1.0517 (1.1030)  time: 0.389362  data: 0.022882  max mem: 19495
I20260802 13:14:21 3235501 dinov2 helpers.py:102] Training  [2370/7500]  eta: 0:48:18  lr: 0.0009 (0.0008)  wd: 0.1210 (0.0681)  mom: 0.9938 (0.9926)  last_layer_lr: 0.0009 (0.0008)  current_batch_size: 64.0000 (64.0000)  total_loss: 7.1444 (7.6487)  teacher_entropy_ratio: 0.7292 (0.8213)  teacher_batch_entropy_ratio: 0.8512 (0.8673)  dino_local_crops_loss: 5.3806 (5.8058)  dino_global_crops_loss: 0.6814 (0.7291)  koleo_loss: -0.0170 (0.0109)  ibot_loss: 1.0900 (1.1030)  time: 0.434017  data: 0.076825  max mem: 19495
I20260802 13:14:25 3235501 dinov2 helpers.py:102] Training  [2380/7500]  eta: 0:48:08  lr: 0.0009 (0.0008)  wd: 0.1216 (0.0684)  mom: 0.9938 (0.9926)  last_layer_lr: 0.0009 (0.0008)  current_batch_size: 64.0000 (64.0000)  total_loss: 7.0889 (7.6461)  teacher_entropy_ratio: 0.7238 (0.8208)  teacher_batch_entropy_ratio: 0.8429 (0.8672)  dino_local_crops_loss: 5.3374 (5.8036)  dino_global_crops_loss: 0.6796 (0.7288)  koleo_loss: -0.0159 (0.0108)  ibot_loss: 1.0900 (1.1028)  time: 0.415747  data: 0.073712  max mem: 19495
I20260802 13:14:28 3235501 dinov2 helpers.py:102] Training  [2390/7500]  eta: 0:47:59  lr: 0.0009 (0.0008)  wd: 0.1223 (0.0686)  mom: 0.9938 (0.9926)  last_layer_lr: 0.0009 (0.0008)  current_batch_size: 64.0000 (64.0000)  total_loss: 7.1194 (7.6440)  teacher_entropy_ratio: 0.7339 (0.8205)  teacher_batch_entropy_ratio: 0.8538 (0.8672)  dino_local_crops_loss: 5.3975 (5.8021)  dino_global_crops_loss: 0.6883 (0.7287)  koleo_loss: -0.0158 (0.0107)  ibot_loss: 1.0324 (1.1025)  time: 0.376205  data: 0.029436  max mem: 19495
I20260802 13:14:33 3235501 dinov2 helpers.py:102] Training  [2400/7500]  eta: 0:47:50  lr: 0.0009 (0.0008)  wd: 0.1229 (0.0688)  mom: 0.9938 (0.9926)  last_layer_lr: 0.0009 (0.0008)  current_batch_size: 64.0000 (64.0000)  total_loss: 7.1512 (7.6420)  teacher_entropy_ratio: 0.7375 (0.8201)  teacher_batch_entropy_ratio: 0.8576 (0.8671)  dino_local_crops_loss: 5.4422 (5.8004)  dino_global_crops_loss: 0.6943 (0.7285)  koleo_loss: -0.0152 (0.0106)  ibot_loss: 1.0612 (1.1025)  time: 0.400896  data: 0.055144  max mem: 19495
I20260802 13:14:37 3235501 dinov2 helpers.py:102] Training  [2410/7500]  eta: 0:47:42  lr: 0.0009 (0.0008)  wd: 0.1236 (0.0691)  mom: 0.9939 (0.9926)  last_layer_lr: 0.0009 (0.0008)  current_batch_size: 64.0000 (64.0000)  total_loss: 7.1369 (7.6400)  teacher_entropy_ratio: 0.7375 (0.8198)  teacher_batch_entropy_ratio: 0.8592 (0.8671)  dino_local_crops_loss: 5.4318 (5.7989)  dino_global_crops_loss: 0.6943 (0.7283)  koleo_loss: -0.0154 (0.0105)  ibot_loss: 1.0673 (1.1023)  time: 0.439574  data: 0.095831  max mem: 19495
I20260802 13:14:42 3235501 dinov2 helpers.py:102] Training  [2420/7500]  eta: 0:47:36  lr: 0.0009 (0.0008)  wd: 0.1242 (0.0693)  mom: 0.9939 (0.9927)  last_layer_lr: 0.0009 (0.0008)  current_batch_size: 64.0000 (64.0000)  total_loss: 7.1115 (7.6374)  teacher_entropy_ratio: 0.7235 (0.8193)  teacher_batch_entropy_ratio: 0.8446 (0.8670)  dino_local_crops_loss: 5.3825 (5.7969)  dino_global_crops_loss: 0.6778 (0.7281)  koleo_loss: -0.0169 (0.0104)  ibot_loss: 1.0254 (1.1020)  time: 0.485921  data: 0.143999  max mem: 19495
I20260802 13:14:47 3235501 dinov2 helpers.py:102] Training  [2430/7500]  eta: 0:47:28  lr: 0.0009 (0.0008)  wd: 0.1248 (0.0695)  mom: 0.9939 (0.9927)  last_layer_lr: 0.0009 (0.0008)  current_batch_size: 64.0000 (64.0000)  total_loss: 7.1917 (7.6355)  teacher_entropy_ratio: 0.7240 (0.8190)  teacher_batch_entropy_ratio: 0.8477 (0.8669)  dino_local_crops_loss: 5.4105 (5.7956)  dino_global_crops_loss: 0.6864 (0.7280)  koleo_loss: -0.0171 (0.0103)  ibot_loss: 1.0254 (1.1017)  time: 0.485115  data: 0.149603  max mem: 19495
I20260802 13:14:51 3235501 dinov2 helpers.py:102] Training  [2440/7500]  eta: 0:47:18  lr: 0.0009 (0.0008)  wd: 0.1255 (0.0697)  mom: 0.9939 (0.9927)  last_layer_lr: 0.0009 (0.0008)  current_batch_size: 64.0000 (64.0000)  total_loss: 7.1029 (7.6331)  teacher_entropy_ratio: 0.7261 (0.8186)  teacher_batch_entropy_ratio: 0.8504 (0.8668)  dino_local_crops_loss: 5.4419 (5.7937)  dino_global_crops_loss: 0.6875 (0.7278)  koleo_loss: -0.0166 (0.0102)  ibot_loss: 1.0409 (1.1015)  time: 0.415712  data: 0.077595  max mem: 19495
I20260802 13:14:55 3235501 dinov2 helpers.py:102] Training  [2450/7500]  eta: 0:47:10  lr: 0.0009 (0.0008)  wd: 0.1261 (0.0700)  mom: 0.9939 (0.9927)  last_layer_lr: 0.0009 (0.0008)  current_batch_size: 64.0000 (64.0000)  total_loss: 7.0907 (7.6311)  teacher_entropy_ratio: 0.7271 (0.8183)  teacher_batch_entropy_ratio: 0.8531 (0.8668)  dino_local_crops_loss: 5.4051 (5.7922)  dino_global_crops_loss: 0.6833 (0.7276)  koleo_loss: -0.0172 (0.0100)  ibot_loss: 1.0409 (1.1013)  time: 0.393814  data: 0.043733  max mem: 19495
I20260802 13:14:59 3235501 dinov2 helpers.py:102] Training  [2460/7500]  eta: 0:47:01  lr: 0.0009 (0.0008)  wd: 0.1268 (0.0702)  mom: 0.9939 (0.9927)  last_layer_lr: 0.0009 (0.0008)  current_batch_size: 64.0000 (64.0000)  total_loss: 7.0149 (7.6284)  teacher_entropy_ratio: 0.7275 (0.8179)  teacher_batch_entropy_ratio: 0.8531 (0.8667)  dino_local_crops_loss: 5.3468 (5.7901)  dino_global_crops_loss: 0.6792 (0.7274)  koleo_loss: -0.0174 (0.0099)  ibot_loss: 1.0196 (1.1010)  time: 0.412454  data: 0.063708  max mem: 19495
I20260802 13:15:04 3235501 dinov2 helpers.py:102] Training  [2470/7500]  eta: 0:46:54  lr: 0.0008 (0.0008)  wd: 0.1274 (0.0704)  mom: 0.9939 (0.9927)  last_layer_lr: 0.0008 (0.0008)  current_batch_size: 64.0000 (64.0000)  total_loss: 6.9509 (7.6258)  teacher_entropy_ratio: 0.7142 (0.8175)  teacher_batch_entropy_ratio: 0.8363 (0.8666)  dino_local_crops_loss: 5.2896 (5.7881)  dino_global_crops_loss: 0.6710 (0.7271)  koleo_loss: -0.0170 (0.0098)  ibot_loss: 1.0173 (1.1007)  time: 0.446516  data: 0.104216  max mem: 19495
I20260802 13:15:07 3235501 dinov2 helpers.py:102] Training  [2480/7500]  eta: 0:46:44  lr: 0.0008 (0.0008)  wd: 0.1280 (0.0707)  mom: 0.9940 (0.9927)  last_layer_lr: 0.0008 (0.0008)  current_batch_size: 64.0000 (64.0000)  total_loss: 7.0112 (7.6234)  teacher_entropy_ratio: 0.7160 (0.8171)  teacher_batch_entropy_ratio: 0.8445 (0.8666)  dino_local_crops_loss: 5.3293 (5.7864)  dino_global_crops_loss: 0.6763 (0.7270)  koleo_loss: -0.0170 (0.0097)  ibot_loss: 1.0162 (1.1004)  time: 0.421257  data: 0.078987  max mem: 19495
I20260802 13:15:12 3235501 dinov2 helpers.py:102] Training  [2490/7500]  eta: 0:46:38  lr: 0.0008 (0.0008)  wd: 0.1287 (0.0709)  mom: 0.9940 (0.9927)  last_layer_lr: 0.0008 (0.0008)  current_batch_size: 64.0000 (64.0000)  total_loss: 7.0870 (7.6216)  teacher_entropy_ratio: 0.7268 (0.8168)  teacher_batch_entropy_ratio: 0.8554 (0.8665)  dino_local_crops_loss: 5.3931 (5.7850)  dino_global_crops_loss: 0.6848 (0.7268)  koleo_loss: -0.0168 (0.0096)  ibot_loss: 1.0212 (1.1001)  time: 0.436242  data: 0.098916  max mem: 19495
I20260802 13:15:16 3235501 dinov2 helpers.py:102] Training  [2500/7500]  eta: 0:46:29  lr: 0.0008 (0.0008)  wd: 0.1293 (0.0711)  mom: 0.9940 (0.9927)  last_layer_lr: 0.0008 (0.0008)  current_batch_size: 64.0000 (64.0000)  total_loss: 7.0870 (7.6191)  teacher_entropy_ratio: 0.7277 (0.8164)  teacher_batch_entropy_ratio: 0.8524 (0.8665)  dino_local_crops_loss: 5.3931 (5.7833)  dino_global_crops_loss: 0.6835 (0.7266)  koleo_loss: -0.0169 (0.0095)  ibot_loss: 1.0212 (1.0997)  time: 0.454034  data: 0.111672  max mem: 19495
I20260802 13:15:20 3235501 dinov2 helpers.py:102] Training  [2510/7500]  eta: 0:46:20  lr: 0.0008 (0.0008)  wd: 0.1300 (0.0714)  mom: 0.9940 (0.9927)  last_layer_lr: 0.0008 (0.0008)  current_batch_size: 64.0000 (64.0000)  total_loss: 7.0063 (7.6166)  teacher_entropy_ratio: 0.7202 (0.8161)  teacher_batch_entropy_ratio: 0.8467 (0.8664)  dino_local_crops_loss: 5.3440 (5.7815)  dino_global_crops_loss: 0.6808 (0.7264)  koleo_loss: -0.0171 (0.0094)  ibot_loss: 0.9824 (1.0992)  time: 0.395155  data: 0.043519  max mem: 19495
I20260802 13:15:24 3235501 dinov2 helpers.py:102] Training  [2520/7500]  eta: 0:46:11  lr: 0.0008 (0.0008)  wd: 0.1307 (0.0716)  mom: 0.9940 (0.9927)  last_layer_lr: 0.0008 (0.0008)  current_batch_size: 64.0000 (64.0000)  total_loss: 6.9915 (7.6139)  teacher_entropy_ratio: 0.7182 (0.8157)  teacher_batch_entropy_ratio: 0.8467 (0.8663)  dino_local_crops_loss: 5.3373 (5.7796)  dino_global_crops_loss: 0.6786 (0.7262)  koleo_loss: -0.0171 (0.0093)  ibot_loss: 0.9747 (1.0987)  time: 0.384324  data: 0.034134  max mem: 19495
I20260802 13:15:28 3235501 dinov2 helpers.py:102] Training  [2530/7500]  eta: 0:46:02  lr: 0.0008 (0.0008)  wd: 0.1313 (0.0719)  mom: 0.9940 (0.9927)  last_layer_lr: 0.0008 (0.0008)  current_batch_size: 64.0000 (64.0000)  total_loss: 6.9011 (7.6117)  teacher_entropy_ratio: 0.7182 (0.8154)  teacher_batch_entropy_ratio: 0.8439 (0.8663)  dino_local_crops_loss: 5.2513 (5.7782)  dino_global_crops_loss: 0.6719 (0.7261)  koleo_loss: -0.0170 (0.0092)  ibot_loss: 0.9567 (1.0982)  time: 0.385355  data: 0.039825  max mem: 19495
I20260802 13:15:33 3235501 dinov2 helpers.py:102] Training  [2540/7500]  eta: 0:45:55  lr: 0.0008 (0.0008)  wd: 0.1320 (0.0721)  mom: 0.9940 (0.9927)  last_layer_lr: 0.0008 (0.0008)  current_batch_size: 64.0000 (64.0000)  total_loss: 6.9513 (7.6089)  teacher_entropy_ratio: 0.7219 (0.8150)  teacher_batch_entropy_ratio: 0.8494 (0.8662)  dino_local_crops_loss: 5.3289 (5.7763)  dino_global_crops_loss: 0.6822 (0.7259)  koleo_loss: -0.0165 (0.0091)  ibot_loss: 0.9498 (1.0977)  time: 0.437120  data: 0.094252  max mem: 19495
I20260802 13:15:37 3235501 dinov2 helpers.py:102] Training  [2550/7500]  eta: 0:45:47  lr: 0.0008 (0.0008)  wd: 0.1326 (0.0723)  mom: 0.9941 (0.9927)  last_layer_lr: 0.0008 (0.0008)  current_batch_size: 64.0000 (64.0000)  total_loss: 6.9206 (7.6066)  teacher_entropy_ratio: 0.7127 (0.8146)  teacher_batch_entropy_ratio: 0.8404 (0.8662)  dino_local_crops_loss: 5.2647 (5.7747)  dino_global_crops_loss: 0.6744 (0.7257)  koleo_loss: -0.0166 (0.0090)  ibot_loss: 0.9611 (1.0971)  time: 0.444216  data: 0.102358  max mem: 19495
I20260802 13:15:41 3235501 dinov2 helpers.py:102] Training  [2560/7500]  eta: 0:45:39  lr: 0.0008 (0.0008)  wd: 0.1333 (0.0726)  mom: 0.9941 (0.9927)  last_layer_lr: 0.0008 (0.0008)  current_batch_size: 64.0000 (64.0000)  total_loss: 6.8077 (7.6034)  teacher_entropy_ratio: 0.7056 (0.8142)  teacher_batch_entropy_ratio: 0.8366 (0.8660)  dino_local_crops_loss: 5.1981 (5.7725)  dino_global_crops_loss: 0.6624 (0.7255)  koleo_loss: -0.0172 (0.0089)  ibot_loss: 0.9470 (1.0965)  time: 0.419671  data: 0.077752  max mem: 19495
I20260802 13:15:45 3235501 dinov2 helpers.py:102] Training  [2570/7500]  eta: 0:45:30  lr: 0.0008 (0.0008)  wd: 0.1339 (0.0728)  mom: 0.9941 (0.9927)  last_layer_lr: 0.0008 (0.0008)  current_batch_size: 64.0000 (64.0000)  total_loss: 6.8111 (7.6010)  teacher_entropy_ratio: 0.7121 (0.8139)  teacher_batch_entropy_ratio: 0.8435 (0.8660)  dino_local_crops_loss: 5.2091 (5.7709)  dino_global_crops_loss: 0.6624 (0.7253)  koleo_loss: -0.0172 (0.0088)  ibot_loss: 0.9470 (1.0960)  time: 0.406539  data: 0.060875  max mem: 19495
I20260802 13:15:49 3235501 dinov2 helpers.py:102] Training  [2580/7500]  eta: 0:45:22  lr: 0.0008 (0.0008)  wd: 0.1346 (0.0731)  mom: 0.9941 (0.9927)  last_layer_lr: 0.0008 (0.0008)  current_batch_size: 64.0000 (64.0000)  total_loss: 7.0123 (7.5984)  teacher_entropy_ratio: 0.7270 (0.8135)  teacher_batch_entropy_ratio: 0.8557 (0.8659)  dino_local_crops_loss: 5.4162 (5.7691)  dino_global_crops_loss: 0.6843 (0.7251)  koleo_loss: -0.0171 (0.0087)  ibot_loss: 0.9551 (1.0955)  time: 0.401018  data: 0.054027  max mem: 19495
I20260802 13:15:53 3235501 dinov2 helpers.py:102] Training  [2590/7500]  eta: 0:45:13  lr: 0.0008 (0.0008)  wd: 0.1353 (0.0733)  mom: 0.9941 (0.9927)  last_layer_lr: 0.0008 (0.0008)  current_batch_size: 64.0000 (64.0000)  total_loss: 6.9970 (7.5963)  teacher_entropy_ratio: 0.7239 (0.8132)  teacher_batch_entropy_ratio: 0.8527 (0.8659)  dino_local_crops_loss: 5.4131 (5.7678)  dino_global_crops_loss: 0.6870 (0.7250)  koleo_loss: -0.0171 (0.0086)  ibot_loss: 0.9519 (1.0949)  time: 0.400562  data: 0.042724  max mem: 19495
I20260802 13:15:57 3235501 dinov2 helpers.py:102] Training  [2600/7500]  eta: 0:45:04  lr: 0.0008 (0.0008)  wd: 0.1359 (0.0735)  mom: 0.9941 (0.9927)  last_layer_lr: 0.0008 (0.0008)  current_batch_size: 64.0000 (64.0000)  total_loss: 7.0517 (7.5941)  teacher_entropy_ratio: 0.7277 (0.8128)  teacher_batch_entropy_ratio: 0.8569 (0.8658)  dino_local_crops_loss: 5.4131 (5.7663)  dino_global_crops_loss: 0.6870 (0.7248)  koleo_loss: -0.0174 (0.0085)  ibot_loss: 0.9474 (1.0944)  time: 0.363823  data: 0.000784  max mem: 19495
I20260802 13:16:00 3235501 dinov2 helpers.py:102] Training  [2610/7500]  eta: 0:44:55  lr: 0.0008 (0.0008)  wd: 0.1366 (0.0738)  mom: 0.9941 (0.9928)  last_layer_lr: 0.0008 (0.0008)  current_batch_size: 64.0000 (64.0000)  total_loss: 7.0517 (7.5917)  teacher_entropy_ratio: 0.7237 (0.8125)  teacher_batch_entropy_ratio: 0.8540 (0.8658)  dino_local_crops_loss: 5.3385 (5.7648)  dino_global_crops_loss: 0.6824 (0.7247)  koleo_loss: -0.0175 (0.0084)  ibot_loss: 0.9511 (1.0939)  time: 0.370948  data: 0.005434  max mem: 19495
I20260802 13:16:06 3235501 dinov2 helpers.py:102] Training  [2620/7500]  eta: 0:44:49  lr: 0.0008 (0.0008)  wd: 0.1373 (0.0740)  mom: 0.9942 (0.9928)  last_layer_lr: 0.0008 (0.0008)  current_batch_size: 64.0000 (64.0000)  total_loss: 6.9882 (7.5890)  teacher_entropy_ratio: 0.7234 (0.8121)  teacher_batch_entropy_ratio: 0.8520 (0.8657)  dino_local_crops_loss: 5.3360 (5.7628)  dino_global_crops_loss: 0.6824 (0.7244)  koleo_loss: -0.0175 (0.0083)  ibot_loss: 0.9584 (1.0935)  time: 0.453380  data: 0.080707  max mem: 19495
I20260802 13:16:11 3235501 dinov2 helpers.py:102] Training  [2630/7500]  eta: 0:44:43  lr: 0.0008 (0.0008)  wd: 0.1379 (0.0743)  mom: 0.9942 (0.9928)  last_layer_lr: 0.0008 (0.0008)  current_batch_size: 64.0000 (64.0000)  total_loss: 6.9533 (7.5870)  teacher_entropy_ratio: 0.7217 (0.8118)  teacher_batch_entropy_ratio: 0.8508 (0.8657)  dino_local_crops_loss: 5.3097 (5.7614)  dino_global_crops_loss: 0.6816 (0.7243)  koleo_loss: -0.0175 (0.0082)  ibot_loss: 0.9637 (1.0930)  time: 0.511556  data: 0.146584  max mem: 19495
I20260802 13:16:14 3235501 dinov2 helpers.py:102] Training  [2640/7500]  eta: 0:44:33  lr: 0.0008 (0.0008)  wd: 0.1386 (0.0745)  mom: 0.9942 (0.9928)  last_layer_lr: 0.0008 (0.0008)  current_batch_size: 64.0000 (64.0000)  total_loss: 7.0380 (7.5848)  teacher_entropy_ratio: 0.7316 (0.8115)  teacher_batch_entropy_ratio: 0.8616 (0.8656)  dino_local_crops_loss: 5.3816 (5.7599)  dino_global_crops_loss: 0.6887 (0.7242)  koleo_loss: -0.0177 (0.0081)  ibot_loss: 0.9710 (1.0926)  time: 0.422686  data: 0.070726  max mem: 19495
I20260802 13:16:18 3235501 dinov2 helpers.py:102] Training  [2650/7500]  eta: 0:44:25  lr: 0.0008 (0.0008)  wd: 0.1393 (0.0748)  mom: 0.9942 (0.9928)  last_layer_lr: 0.0008 (0.0008)  current_batch_size: 64.0000 (64.0000)  total_loss: 6.9680 (7.5823)  teacher_entropy_ratio: 0.7140 (0.8111)  teacher_batch_entropy_ratio: 0.8461 (0.8655)  dino_local_crops_loss: 5.3295 (5.7580)  dino_global_crops_loss: 0.6781 (0.7239)  koleo_loss: -0.0177 (0.0080)  ibot_loss: 0.9844 (1.0923)  time: 0.380656  data: 0.036075  max mem: 19495
I20260802 13:16:23 3235501 dinov2 helpers.py:102] Training  [2660/7500]  eta: 0:44:17  lr: 0.0008 (0.0008)  wd: 0.1400 (0.0750)  mom: 0.9942 (0.9928)  last_layer_lr: 0.0008 (0.0008)  current_batch_size: 64.0000 (64.0000)  total_loss: 6.9085 (7.5802)  teacher_entropy_ratio: 0.7009 (0.8107)  teacher_batch_entropy_ratio: 0.8389 (0.8655)  dino_local_crops_loss: 5.2048 (5.7564)  dino_global_crops_loss: 0.6624 (0.7238)  koleo_loss: -0.0176 (0.0079)  ibot_loss: 1.0214 (1.0921)  time: 0.418431  data: 0.066951  max mem: 19495
I20260802 13:16:27 3235501 dinov2 helpers.py:102] Training  [2670/7500]  eta: 0:44:09  lr: 0.0008 (0.0008)  wd: 0.1406 (0.0753)  mom: 0.9942 (0.9928)  last_layer_lr: 0.0008 (0.0008)  current_batch_size: 64.0000 (64.0000)  total_loss: 6.9085 (7.5778)  teacher_entropy_ratio: 0.7160 (0.8104)  teacher_batch_entropy_ratio: 0.8492 (0.8654)  dino_local_crops_loss: 5.2602 (5.7547)  dino_global_crops_loss: 0.6660 (0.7236)  koleo_loss: -0.0176 (0.0078)  ibot_loss: 1.0027 (1.0917)  time: 0.407447  data: 0.059731  max mem: 19495
I20260802 13:16:31 3235501 dinov2 helpers.py:102] Training  [2680/7500]  eta: 0:44:02  lr: 0.0008 (0.0008)  wd: 0.1413 (0.0755)  mom: 0.9943 (0.9928)  last_layer_lr: 0.0008 (0.0008)  current_batch_size: 64.0000 (64.0000)  total_loss: 6.9725 (7.5760)  teacher_entropy_ratio: 0.7211 (0.8101)  teacher_batch_entropy_ratio: 0.8540 (0.8654)  dino_local_crops_loss: 5.3245 (5.7535)  dino_global_crops_loss: 0.6775 (0.7235)  koleo_loss: -0.0177 (0.0077)  ibot_loss: 0.9918 (1.0914)  time: 0.424223  data: 0.082689  max mem: 19495
I20260802 13:16:34 3235501 dinov2 helpers.py:102] Training  [2690/7500]  eta: 0:43:53  lr: 0.0008 (0.0008)  wd: 0.1420 (0.0757)  mom: 0.9943 (0.9928)  last_layer_lr: 0.0008 (0.0008)  current_batch_size: 64.0000 (64.0000)  total_loss: 6.9995 (7.5735)  teacher_entropy_ratio: 0.7211 (0.8097)  teacher_batch_entropy_ratio: 0.8542 (0.8653)  dino_local_crops_loss: 5.3411 (5.7516)  dino_global_crops_loss: 0.6829 (0.7233)  koleo_loss: -0.0177 (0.0076)  ibot_loss: 0.9964 (1.0910)  time: 0.398549  data: 0.058907  max mem: 19495
I20260802 13:16:39 3235501 fvcore.common.checkpoint __init__.py:109] Saving checkpoint to /sci/labs/arieljaffe/dan.abergel1/runs/brain/koleo_on/model_0002699.rank_0.pth
I20260802 13:16:40 3235501 dinov2 helpers.py:102] Training  [2700/7500]  eta: 0:43:48  lr: 0.0008 (0.0008)  wd: 0.1427 (0.0760)  mom: 0.9943 (0.9928)  last_layer_lr: 0.0008 (0.0008)  current_batch_size: 64.0000 (64.0000)  total_loss: 6.9287 (7.5716)  teacher_entropy_ratio: 0.7147 (0.8094)  teacher_batch_entropy_ratio: 0.8508 (0.8653)  dino_local_crops_loss: 5.2689 (5.7502)  dino_global_crops_loss: 0.6761 (0.7231)  koleo_loss: -0.0180 (0.0075)  ibot_loss: 0.9964 (1.0907)  time: 0.466604  data: 0.069147  max mem: 19495
I20260802 13:16:44 3235501 dinov2 helpers.py:102] Training  [2710/7500]  eta: 0:43:39  lr: 0.0008 (0.0008)  wd: 0.1434 (0.0762)  mom: 0.9943 (0.9928)  last_layer_lr: 0.0008 (0.0008)  current_batch_size: 64.0000 (64.0000)  total_loss: 6.9531 (7.5693)  teacher_entropy_ratio: 0.7147 (0.8091)  teacher_batch_entropy_ratio: 0.8508 (0.8652)  dino_local_crops_loss: 5.2745 (5.7485)  dino_global_crops_loss: 0.6729 (0.7229)  koleo_loss: -0.0181 (0.0074)  ibot_loss: 1.0080 (1.0904)  time: 0.466216  data: 0.064673  max mem: 19495
I20260802 13:16:47 3235501 dinov2 helpers.py:102] Training  [2720/7500]  eta: 0:43:30  lr: 0.0008 (0.0008)  wd: 0.1440 (0.0765)  mom: 0.9943 (0.9928)  last_layer_lr: 0.0008 (0.0008)  current_batch_size: 64.0000 (64.0000)  total_loss: 6.9206 (7.5671)  teacher_entropy_ratio: 0.7105 (0.8087)  teacher_batch_entropy_ratio: 0.8459 (0.8652)  dino_local_crops_loss: 5.2228 (5.7468)  dino_global_crops_loss: 0.6662 (0.7227)  koleo_loss: -0.0179 (0.0073)  ibot_loss: 1.0258 (1.0902)  time: 0.344395  data: 0.000762  max mem: 19495
I20260802 13:16:52 3235501 dinov2 helpers.py:102] Training  [2730/7500]  eta: 0:43:24  lr: 0.0008 (0.0008)  wd: 0.1447 (0.0767)  mom: 0.9943 (0.9928)  last_layer_lr: 0.0008 (0.0008)  current_batch_size: 64.0000 (64.0000)  total_loss: 6.9206 (7.5649)  teacher_entropy_ratio: 0.7090 (0.8084)  teacher_batch_entropy_ratio: 0.8455 (0.8651)  dino_local_crops_loss: 5.2228 (5.7451)  dino_global_crops_loss: 0.6650 (0.7225)  koleo_loss: -0.0181 (0.0072)  ibot_loss: 1.0393 (1.0900)  time: 0.422347  data: 0.078330  max mem: 19495
I20260802 13:16:56 3235501 dinov2 helpers.py:102] Training  [2740/7500]  eta: 0:43:16  lr: 0.0008 (0.0008)  wd: 0.1454 (0.0770)  mom: 0.9943 (0.9928)  last_layer_lr: 0.0008 (0.0008)  current_batch_size: 64.0000 (64.0000)  total_loss: 7.0339 (7.5629)  teacher_entropy_ratio: 0.7173 (0.8080)  teacher_batch_entropy_ratio: 0.8537 (0.8650)  dino_local_crops_loss: 5.3000 (5.7434)  dino_global_crops_loss: 0.6713 (0.7224)  koleo_loss: -0.0184 (0.0072)  ibot_loss: 1.0269 (1.0899)  time: 0.453364  data: 0.108496  max mem: 19495
I20260802 13:17:01 3235501 dinov2 helpers.py:102] Training  [2750/7500]  eta: 0:43:09  lr: 0.0008 (0.0008)  wd: 0.1461 (0.0773)  mom: 0.9944 (0.9928)  last_layer_lr: 0.0008 (0.0008)  current_batch_size: 64.0000 (64.0000)  total_loss: 7.0659 (7.5610)  teacher_entropy_ratio: 0.7249 (0.8077)  teacher_batch_entropy_ratio: 0.8538 (0.8650)  dino_local_crops_loss: 5.3314 (5.7420)  dino_global_crops_loss: 0.6819 (0.7222)  koleo_loss: -0.0184 (0.0071)  ibot_loss: 1.0574 (1.0898)  time: 0.423027  data: 0.078123  max mem: 19495
I20260802 13:17:05 3235501 dinov2 helpers.py:102] Training  [2760/7500]  eta: 0:43:01  lr: 0.0008 (0.0008)  wd: 0.1468 (0.0775)  mom: 0.9944 (0.9928)  last_layer_lr: 0.0008 (0.0008)  current_batch_size: 64.0000 (64.0000)  total_loss: 7.0666 (7.5591)  teacher_entropy_ratio: 0.7130 (0.8074)  teacher_batch_entropy_ratio: 0.8515 (0.8650)  dino_local_crops_loss: 5.3014 (5.7405)  dino_global_crops_loss: 0.6768 (0.7221)  koleo_loss: -0.0181 (0.0070)  ibot_loss: 1.0335 (1.0895)  time: 0.441915  data: 0.099205  max mem: 19495
I20260802 13:17:10 3235501 dinov2 helpers.py:102] Training  [2770/7500]  eta: 0:42:54  lr: 0.0008 (0.0008)  wd: 0.1475 (0.0778)  mom: 0.9944 (0.9928)  last_layer_lr: 0.0008 (0.0008)  current_batch_size: 64.0000 (64.0000)  total_loss: 7.0666 (7.5574)  teacher_entropy_ratio: 0.7173 (0.8071)  teacher_batch_entropy_ratio: 0.8518 (0.8649)  dino_local_crops_loss: 5.3686 (5.7392)  dino_global_crops_loss: 0.6814 (0.7219)  koleo_loss: -0.0166 (0.0069)  ibot_loss: 1.0422 (1.0894)  time: 0.452649  data: 0.105713  max mem: 19495
I20260802 13:17:13 3235501 dinov2 helpers.py:102] Training  [2780/7500]  eta: 0:42:46  lr: 0.0008 (0.0008)  wd: 0.1482 (0.0780)  mom: 0.9944 (0.9928)  last_layer_lr: 0.0008 (0.0008)  current_batch_size: 64.0000 (64.0000)  total_loss: 7.0808 (7.5560)  teacher_entropy_ratio: 0.7285 (0.8068)  teacher_batch_entropy_ratio: 0.8596 (0.8649)  dino_local_crops_loss: 5.3852 (5.7381)  dino_global_crops_loss: 0.6861 (0.7218)  koleo_loss: -0.0163 (0.0068)  ibot_loss: 1.0500 (1.0893)  time: 0.406814  data: 0.054739  max mem: 19495
I20260802 13:17:18 3235501 dinov2 helpers.py:102] Training  [2790/7500]  eta: 0:42:39  lr: 0.0008 (0.0008)  wd: 0.1489 (0.0783)  mom: 0.9944 (0.9929)  last_layer_lr: 0.0008 (0.0008)  current_batch_size: 64.0000 (64.0000)  total_loss: 7.1222 (7.5543)  teacher_entropy_ratio: 0.7268 (0.8065)  teacher_batch_entropy_ratio: 0.8587 (0.8649)  dino_local_crops_loss: 5.3703 (5.7367)  dino_global_crops_loss: 0.6839 (0.7217)  koleo_loss: -0.0166 (0.0067)  ibot_loss: 1.0734 (1.0892)  time: 0.400905  data: 0.049118  max mem: 19495
I20260802 13:17:22 3235501 dinov2 helpers.py:102] Training  [2800/7500]  eta: 0:42:32  lr: 0.0008 (0.0008)  wd: 0.1496 (0.0785)  mom: 0.9944 (0.9929)  last_layer_lr: 0.0008 (0.0008)  current_batch_size: 64.0000 (64.0000)  total_loss: 7.0552 (7.5521)  teacher_entropy_ratio: 0.7220 (0.8062)  teacher_batch_entropy_ratio: 0.8549 (0.8648)  dino_local_crops_loss: 5.2821 (5.7348)  dino_global_crops_loss: 0.6724 (0.7215)  koleo_loss: -0.0173 (0.0066)  ibot_loss: 1.0733 (1.0892)  time: 0.450414  data: 0.106266  max mem: 19495
I20260802 13:17:26 3235501 dinov2 helpers.py:102] Training  [2810/7500]  eta: 0:42:24  lr: 0.0008 (0.0008)  wd: 0.1502 (0.0788)  mom: 0.9944 (0.9929)  last_layer_lr: 0.0008 (0.0008)  current_batch_size: 64.0000 (64.0000)  total_loss: 7.0362 (7.5507)  teacher_entropy_ratio: 0.7222 (0.8059)  teacher_batch_entropy_ratio: 0.8549 (0.8648)  dino_local_crops_loss: 5.2995 (5.7337)  dino_global_crops_loss: 0.6705 (0.7214)  koleo_loss: -0.0174 (0.0066)  ibot_loss: 1.0564 (1.0891)  time: 0.418684  data: 0.078316  max mem: 19495
I20260802 13:17:30 3235501 dinov2 helpers.py:102] Training  [2820/7500]  eta: 0:42:16  lr: 0.0008 (0.0008)  wd: 0.1509 (0.0790)  mom: 0.9945 (0.9929)  last_layer_lr: 0.0008 (0.0008)  current_batch_size: 64.0000 (64.0000)  total_loss: 7.0889 (7.5490)  teacher_entropy_ratio: 0.7279 (0.8056)  teacher_batch_entropy_ratio: 0.8619 (0.8648)  dino_local_crops_loss: 5.3664 (5.7322)  dino_global_crops_loss: 0.6810 (0.7212)  koleo_loss: -0.0175 (0.0065)  ibot_loss: 1.0863 (1.0891)  time: 0.396817  data: 0.049361  max mem: 19495
I20260802 13:17:34 3235501 dinov2 helpers.py:102] Training  [2830/7500]  eta: 0:42:09  lr: 0.0008 (0.0008)  wd: 0.1516 (0.0793)  mom: 0.9945 (0.9929)  last_layer_lr: 0.0008 (0.0008)  current_batch_size: 64.0000 (64.0000)  total_loss: 7.0501 (7.5477)  teacher_entropy_ratio: 0.7207 (0.8053)  teacher_batch_entropy_ratio: 0.8541 (0.8648)  dino_local_crops_loss: 5.3288 (5.7312)  dino_global_crops_loss: 0.6807 (0.7211)  koleo_loss: -0.0177 (0.0064)  ibot_loss: 1.0863 (1.0890)  time: 0.413995  data: 0.068920  max mem: 19495
I20260802 13:17:39 3235501 dinov2 helpers.py:102] Training  [2840/7500]  eta: 0:42:01  lr: 0.0008 (0.0008)  wd: 0.1523 (0.0796)  mom: 0.9945 (0.9929)  last_layer_lr: 0.0008 (0.0008)  current_batch_size: 64.0000 (64.0000)  total_loss: 7.0100 (7.5459)  teacher_entropy_ratio: 0.7157 (0.8050)  teacher_batch_entropy_ratio: 0.8472 (0.8647)  dino_local_crops_loss: 5.2807 (5.7297)  dino_global_crops_loss: 0.6733 (0.7209)  koleo_loss: -0.0177 (0.0063)  ibot_loss: 1.0715 (1.0890)  time: 0.412756  data: 0.064900  max mem: 19495
I20260802 13:17:43 3235501 dinov2 helpers.py:102] Training  [2850/7500]  eta: 0:41:54  lr: 0.0008 (0.0008)  wd: 0.1530 (0.0798)  mom: 0.9945 (0.9929)  last_layer_lr: 0.0008 (0.0008)  current_batch_size: 64.0000 (64.0000)  total_loss: 7.0184 (7.5446)  teacher_entropy_ratio: 0.7157 (0.8048)  teacher_batch_entropy_ratio: 0.8465 (0.8647)  dino_local_crops_loss: 5.2807 (5.7286)  dino_global_crops_loss: 0.6731 (0.7208)  koleo_loss: -0.0179 (0.0062)  ibot_loss: 1.0827 (1.0890)  time: 0.424509  data: 0.068857  max mem: 19495
I20260802 13:17:47 3235501 dinov2 helpers.py:102] Training  [2860/7500]  eta: 0:41:46  lr: 0.0008 (0.0008)  wd: 0.1537 (0.0801)  mom: 0.9945 (0.9929)  last_layer_lr: 0.0008 (0.0008)  current_batch_size: 64.0000 (64.0000)  total_loss: 7.1746 (7.5428)  teacher_entropy_ratio: 0.7253 (0.8044)  teacher_batch_entropy_ratio: 0.8611 (0.8647)  dino_local_crops_loss: 5.3836 (5.7271)  dino_global_crops_loss: 0.6850 (0.7207)  koleo_loss: -0.0179 (0.0061)  ibot_loss: 1.0744 (1.0889)  time: 0.415409  data: 0.064036  max mem: 19495
I20260802 13:17:51 3235501 dinov2 helpers.py:102] Training  [2870/7500]  eta: 0:41:39  lr: 0.0008 (0.0008)  wd: 0.1544 (0.0803)  mom: 0.9945 (0.9929)  last_layer_lr: 0.0008 (0.0008)  current_batch_size: 64.0000 (64.0000)  total_loss: 7.0268 (7.5407)  teacher_entropy_ratio: 0.7118 (0.8041)  teacher_batch_entropy_ratio: 0.8535 (0.8646)  dino_local_crops_loss: 5.3357 (5.7254)  dino_global_crops_loss: 0.6826 (0.7205)  koleo_loss: -0.0169 (0.0061)  ibot_loss: 1.0594 (1.0888)  time: 0.418322  data: 0.072419  max mem: 19495
I20260802 13:17:56 3235501 dinov2 helpers.py:102] Training  [2880/7500]  eta: 0:41:33  lr: 0.0008 (0.0008)  wd: 0.1551 (0.0806)  mom: 0.9946 (0.9929)  last_layer_lr: 0.0008 (0.0008)  current_batch_size: 64.0000 (64.0000)  total_loss: 7.1326 (7.5396)  teacher_entropy_ratio: 0.7318 (0.8039)  teacher_batch_entropy_ratio: 0.8649 (0.8646)  dino_local_crops_loss: 5.4094 (5.7245)  dino_global_crops_loss: 0.6917 (0.7204)  koleo_loss: -0.0170 (0.0060)  ibot_loss: 1.0632 (1.0887)  time: 0.462516  data: 0.119557  max mem: 19495
I20260802 13:18:01 3235501 dinov2 helpers.py:102] Training  [2890/7500]  eta: 0:41:26  lr: 0.0008 (0.0008)  wd: 0.1558 (0.0809)  mom: 0.9946 (0.9929)  last_layer_lr: 0.0008 (0.0008)  current_batch_size: 64.0000 (64.0000)  total_loss: 7.1961 (7.5382)  teacher_entropy_ratio: 0.7328 (0.8036)  teacher_batch_entropy_ratio: 0.8669 (0.8646)  dino_local_crops_loss: 5.4145 (5.7233)  dino_global_crops_loss: 0.6925 (0.7203)  koleo_loss: -0.0172 (0.0059)  ibot_loss: 1.0864 (1.0888)  time: 0.468193  data: 0.123516  max mem: 19495
I20260802 13:18:04 3235501 dinov2 helpers.py:102] Training  [2900/7500]  eta: 0:41:18  lr: 0.0008 (0.0008)  wd: 0.1566 (0.0811)  mom: 0.9946 (0.9929)  last_layer_lr: 0.0008 (0.0008)  current_batch_size: 64.0000 (64.0000)  total_loss: 7.0391 (7.5365)  teacher_entropy_ratio: 0.7128 (0.8033)  teacher_batch_entropy_ratio: 0.8529 (0.8646)  dino_local_crops_loss: 5.3235 (5.7219)  dino_global_crops_loss: 0.6827 (0.7201)  koleo_loss: -0.0183 (0.0058)  ibot_loss: 1.0685 (1.0887)  time: 0.415846  data: 0.073236  max mem: 19495
I20260802 13:18:10 3235501 dinov2 helpers.py:102] Training  [2910/7500]  eta: 0:41:12  lr: 0.0008 (0.0008)  wd: 0.1573 (0.0814)  mom: 0.9946 (0.9929)  last_layer_lr: 0.0008 (0.0008)  current_batch_size: 64.0000 (64.0000)  total_loss: 7.0391 (7.5350)  teacher_entropy_ratio: 0.7290 (0.8030)  teacher_batch_entropy_ratio: 0.8618 (0.8645)  dino_local_crops_loss: 5.3669 (5.7207)  dino_global_crops_loss: 0.6874 (0.7200)  koleo_loss: -0.0180 (0.0057)  ibot_loss: 1.0682 (1.0886)  time: 0.447817  data: 0.106586  max mem: 19495
I20260802 13:18:15 3235501 dinov2 helpers.py:102] Training  [2920/7500]  eta: 0:41:06  lr: 0.0008 (0.0008)  wd: 0.1580 (0.0816)  mom: 0.9946 (0.9929)  last_layer_lr: 0.0008 (0.0008)  current_batch_size: 64.0000 (64.0000)  total_loss: 7.0311 (7.5336)  teacher_entropy_ratio: 0.7290 (0.8028)  teacher_batch_entropy_ratio: 0.8618 (0.8645)  dino_local_crops_loss: 5.3669 (5.7195)  dino_global_crops_loss: 0.6879 (0.7199)  koleo_loss: -0.0175 (0.0056)  ibot_loss: 1.0700 (1.0886)  time: 0.506136  data: 0.163582  max mem: 19495
I20260802 13:18:19 3235501 dinov2 helpers.py:102] Training  [2930/7500]  eta: 0:40:59  lr: 0.0008 (0.0008)  wd: 0.1587 (0.0819)  mom: 0.9946 (0.9929)  last_layer_lr: 0.0008 (0.0008)  current_batch_size: 64.0000 (64.0000)  total_loss: 7.1538 (7.5322)  teacher_entropy_ratio: 0.7389 (0.8025)  teacher_batch_entropy_ratio: 0.8693 (0.8645)  dino_local_crops_loss: 5.4196 (5.7184)  dino_global_crops_loss: 0.6923 (0.7198)  koleo_loss: -0.0177 (0.0056)  ibot_loss: 1.0623 (1.0885)  time: 0.440037  data: 0.101217  max mem: 19495
I20260802 13:18:23 3235501 dinov2 helpers.py:102] Training  [2940/7500]  eta: 0:40:51  lr: 0.0008 (0.0008)  wd: 0.1594 (0.0822)  mom: 0.9947 (0.9929)  last_layer_lr: 0.0008 (0.0008)  current_batch_size: 64.0000 (64.0000)  total_loss: 7.0857 (7.5307)  teacher_entropy_ratio: 0.7208 (0.8023)  teacher_batch_entropy_ratio: 0.8618 (0.8645)  dino_local_crops_loss: 5.3167 (5.7170)  dino_global_crops_loss: 0.6799 (0.7196)  koleo_loss: -0.0179 (0.0055)  ibot_loss: 1.0783 (1.0885)  time: 0.405673  data: 0.064527  max mem: 19495
I20260802 13:18:26 3235501 dinov2 helpers.py:102] Training  [2950/7500]  eta: 0:40:43  lr: 0.0008 (0.0008)  wd: 0.1601 (0.0824)  mom: 0.9947 (0.9929)  last_layer_lr: 0.0008 (0.0008)  current_batch_size: 64.0000 (64.0000)  total_loss: 7.0744 (7.5296)  teacher_entropy_ratio: 0.7187 (0.8020)  teacher_batch_entropy_ratio: 0.8581 (0.8645)  dino_local_crops_loss: 5.3004 (5.7161)  dino_global_crops_loss: 0.6731 (0.7195)  koleo_loss: -0.0178 (0.0054)  ibot_loss: 1.0904 (1.0886)  time: 0.389719  data: 0.045595  max mem: 19495
I20260802 13:18:30 3235501 dinov2 helpers.py:102] Training  [2960/7500]  eta: 0:40:36  lr: 0.0008 (0.0008)  wd: 0.1608 (0.0827)  mom: 0.9947 (0.9929)  last_layer_lr: 0.0008 (0.0008)  current_batch_size: 64.0000 (64.0000)  total_loss: 7.1079 (7.5278)  teacher_entropy_ratio: 0.7248 (0.8017)  teacher_batch_entropy_ratio: 0.8581 (0.8645)  dino_local_crops_loss: 5.3292 (5.7146)  dino_global_crops_loss: 0.6802 (0.7194)  koleo_loss: -0.0182 (0.0053)  ibot_loss: 1.0904 (1.0885)  time: 0.374038  data: 0.028820  max mem: 19495
I20260802 13:18:35 3235501 dinov2 helpers.py:102] Training  [2970/7500]  eta: 0:40:30  lr: 0.0008 (0.0008)  wd: 0.1615 (0.0830)  mom: 0.9947 (0.9930)  last_layer_lr: 0.0008 (0.0008)  current_batch_size: 64.0000 (64.0000)  total_loss: 7.0883 (7.5262)  teacher_entropy_ratio: 0.7248 (0.8015)  teacher_batch_entropy_ratio: 0.8584 (0.8645)  dino_local_crops_loss: 5.3742 (5.7132)  dino_global_crops_loss: 0.6803 (0.7192)  koleo_loss: -0.0182 (0.0052)  ibot_loss: 1.0844 (1.0886)  time: 0.442803  data: 0.086976  max mem: 19495
I20260802 13:18:40 3235501 dinov2 helpers.py:102] Training  [2980/7500]  eta: 0:40:23  lr: 0.0008 (0.0008)  wd: 0.1622 (0.0832)  mom: 0.9947 (0.9930)  last_layer_lr: 0.0008 (0.0008)  current_batch_size: 64.0000 (64.0000)  total_loss: 7.1767 (7.5253)  teacher_entropy_ratio: 0.7292 (0.8012)  teacher_batch_entropy_ratio: 0.8671 (0.8645)  dino_local_crops_loss: 5.4024 (5.7123)  dino_global_crops_loss: 0.6884 (0.7191)  koleo_loss: -0.0182 (0.0052)  ibot_loss: 1.0931 (1.0887)  time: 0.463971  data: 0.113342  max mem: 19495
I20260802 13:18:44 3235501 dinov2 helpers.py:102] Training  [2990/7500]  eta: 0:40:17  lr: 0.0008 (0.0008)  wd: 0.1629 (0.0835)  mom: 0.9947 (0.9930)  last_layer_lr: 0.0008 (0.0008)  current_batch_size: 64.0000 (64.0000)  total_loss: 7.2114 (7.5243)  teacher_entropy_ratio: 0.7380 (0.8010)  teacher_batch_entropy_ratio: 0.8708 (0.8645)  dino_local_crops_loss: 5.4422 (5.7113)  dino_global_crops_loss: 0.6930 (0.7190)  koleo_loss: -0.0184 (0.0051)  ibot_loss: 1.1214 (1.0888)  time: 0.463895  data: 0.119630  max mem: 19495
  [probe] best config: n_blocks=1 avgpool=True
I20260802 13:20:17 3235501 dinov2 train.py:276] PROBE @ iter 3000: 73.98% +/- 1.80%
W20260802 13:20:17 3235501 py.warnings warnings.py:109] /sci/labs/arieljaffe/dan.abergel1/repos/FAIR_official/dinov2/loss/koleo_loss.py:43: FutureWarning: `torch.cuda.amp.autocast(args...)` is deprecated. Please use `torch.amp.autocast('cuda', args...)` instead.
  with torch.cuda.amp.autocast(enabled=False):

I20260802 13:20:18 3235501 dinov2 helpers.py:102] Training  [3000/7500]  eta: 0:42:23  lr: 0.0008 (0.0008)  wd: 0.1637 (0.0838)  mom: 0.9947 (0.9930)  last_layer_lr: 0.0008 (0.0008)  current_batch_size: 64.0000 (64.0000)  total_loss: 7.0943 (7.5229)  teacher_entropy_ratio: 0.7258 (0.8008)  teacher_batch_entropy_ratio: 0.8600 (0.8645)  dino_local_crops_loss: 5.3178 (5.7101)  dino_global_crops_loss: 0.6767 (0.7189)  koleo_loss: -0.0182 (0.0050)  ibot_loss: 1.1214 (1.0889)  time: 4.900619  data: 0.114396  max mem: 19495
I20260802 13:20:21 3235501 dinov2 helpers.py:102] Training  [3010/7500]  eta: 0:42:14  lr: 0.0008 (0.0008)  wd: 0.1644 (0.0840)  mom: 0.9948 (0.9930)  last_layer_lr: 0.0008 (0.0008)  current_batch_size: 64.0000 (64.0000)  total_loss: 7.1904 (7.5220)  teacher_entropy_ratio: 0.7345 (0.8006)  teacher_batch_entropy_ratio: 0.8600 (0.8645)  dino_local_crops_loss: 5.4130 (5.7092)  dino_global_crops_loss: 0.6827 (0.7188)  koleo_loss: -0.0182 (0.0049)  ibot_loss: 1.1221 (1.0891)  time: 4.818441  data: 0.041515  max mem: 19495
I20260802 13:20:24 3235501 dinov2 helpers.py:102] Training  [3020/7500]  eta: 0:42:05  lr: 0.0007 (0.0008)  wd: 0.1651 (0.0843)  mom: 0.9948 (0.9930)  last_layer_lr: 0.0007 (0.0008)  current_batch_size: 64.0000 (64.0000)  total_loss: 7.3743 (7.5216)  teacher_entropy_ratio: 0.7542 (0.8004)  teacher_batch_entropy_ratio: 0.8830 (0.8646)  dino_local_crops_loss: 5.5552 (5.7087)  dino_global_crops_loss: 0.7092 (0.7188)  koleo_loss: -0.0187 (0.0049)  ibot_loss: 1.1385 (1.0893)  time: 0.341726  data: 0.000405  max mem: 19495
I20260802 13:20:28 3235501 dinov2 helpers.py:102] Training  [3030/7500]  eta: 0:41:56  lr: 0.0007 (0.0008)  wd: 0.1658 (0.0846)  mom: 0.9948 (0.9930)  last_layer_lr: 0.0007 (0.0008)  current_batch_size: 64.0000 (64.0000)  total_loss: 7.3352 (7.5201)  teacher_entropy_ratio: 0.7460 (0.8001)  teacher_batch_entropy_ratio: 0.8812 (0.8646)  dino_local_crops_loss: 5.4966 (5.7073)  dino_global_crops_loss: 0.7026 (0.7186)  koleo_loss: -0.0187 (0.0048)  ibot_loss: 1.1385 (1.0894)  time: 0.343972  data: 0.000524  max mem: 19495
I20260802 13:20:31 3235501 dinov2 helpers.py:102] Training  [3040/7500]  eta: 0:41:47  lr: 0.0007 (0.0008)  wd: 0.1665 (0.0849)  mom: 0.9948 (0.9930)  last_layer_lr: 0.0007 (0.0008)  current_batch_size: 64.0000 (64.0000)  total_loss: 7.2039 (7.5195)  teacher_entropy_ratio: 0.7314 (0.7999)  teacher_batch_entropy_ratio: 0.8679 (0.8646)  dino_local_crops_loss: 5.4102 (5.7065)  dino_global_crops_loss: 0.6963 (0.7186)  koleo_loss: -0.0177 (0.0047)  ibot_loss: 1.1394 (1.0896)  time: 0.353674  data: 0.000729  max mem: 19495
I20260802 13:20:35 3235501 dinov2 helpers.py:102] Training  [3050/7500]  eta: 0:41:39  lr: 0.0007 (0.0008)  wd: 0.1673 (0.0851)  mom: 0.9948 (0.9930)  last_layer_lr: 0.0007 (0.0008)  current_batch_size: 64.0000 (64.0000)  total_loss: 7.3618 (7.5185)  teacher_entropy_ratio: 0.7368 (0.7997)  teacher_batch_entropy_ratio: 0.8747 (0.8646)  dino_local_crops_loss: 5.4950 (5.7056)  dino_global_crops_loss: 0.7004 (0.7185)  koleo_loss: -0.0173 (0.0046)  ibot_loss: 1.1246 (1.0897)  time: 0.361840  data: 0.001452  max mem: 19495
I20260802 13:20:39 3235501 dinov2 helpers.py:102] Training  [3060/7500]  eta: 0:41:30  lr: 0.0007 (0.0008)  wd: 0.1680 (0.0854)  mom: 0.9948 (0.9930)  last_layer_lr: 0.0007 (0.0008)  current_batch_size: 64.0000 (64.0000)  total_loss: 7.3353 (7.5179)  teacher_entropy_ratio: 0.7493 (0.7995)  teacher_batch_entropy_ratio: 0.8853 (0.8647)  dino_local_crops_loss: 5.4860 (5.7050)  dino_global_crops_loss: 0.6972 (0.7184)  koleo_loss: -0.0173 (0.0046)  ibot_loss: 1.1301 (1.0899)  time: 0.355318  data: 0.004993  max mem: 19495
I20260802 13:20:43 3235501 dinov2 helpers.py:102] Training  [3070/7500]  eta: 0:41:23  lr: 0.0007 (0.0008)  wd: 0.1687 (0.0857)  mom: 0.9949 (0.9930)  last_layer_lr: 0.0007 (0.0008)  current_batch_size: 64.0000 (64.0000)  total_loss: 7.2537 (7.5171)  teacher_entropy_ratio: 0.7361 (0.7993)  teacher_batch_entropy_ratio: 0.8736 (0.8647)  dino_local_crops_loss: 5.3949 (5.7041)  dino_global_crops_loss: 0.6970 (0.7184)  koleo_loss: -0.0177 (0.0045)  ibot_loss: 1.1655 (1.0902)  time: 0.415961  data: 0.068109  max mem: 19495
I20260802 13:20:47 3235501 dinov2 helpers.py:102] Training  [3080/7500]  eta: 0:41:15  lr: 0.0007 (0.0008)  wd: 0.1694 (0.0859)  mom: 0.9949 (0.9930)  last_layer_lr: 0.0007 (0.0008)  current_batch_size: 64.0000 (64.0000)  total_loss: 7.2537 (7.5164)  teacher_entropy_ratio: 0.7387 (0.7991)  teacher_batch_entropy_ratio: 0.8796 (0.8648)  dino_local_crops_loss: 5.4460 (5.7033)  dino_global_crops_loss: 0.6979 (0.7183)  koleo_loss: -0.0177 (0.0044)  ibot_loss: 1.1438 (1.0904)  time: 0.413261  data: 0.067758  max mem: 19495
I20260802 13:20:51 3235501 dinov2 helpers.py:102] Training  [3090/7500]  eta: 0:41:07  lr: 0.0007 (0.0008)  wd: 0.1701 (0.0862)  mom: 0.9949 (0.9930)  last_layer_lr: 0.0007 (0.0008)  current_batch_size: 64.0000 (64.0000)  total_loss: 7.3009 (7.5155)  teacher_entropy_ratio: 0.7387 (0.7989)  teacher_batch_entropy_ratio: 0.8796 (0.8648)  dino_local_crops_loss: 5.4462 (5.7023)  dino_global_crops_loss: 0.6967 (0.7182)  koleo_loss: -0.0179 (0.0043)  ibot_loss: 1.1438 (1.0906)  time: 0.378677  data: 0.032166  max mem: 19495
I20260802 13:20:55 3235501 dinov2 helpers.py:102] Training  [3100/7500]  eta: 0:40:59  lr: 0.0007 (0.0008)  wd: 0.1709 (0.0865)  mom: 0.9949 (0.9930)  last_layer_lr: 0.0007 (0.0008)  current_batch_size: 64.0000 (64.0000)  total_loss: 7.2319 (7.5148)  teacher_entropy_ratio: 0.7321 (0.7987)  teacher_batch_entropy_ratio: 0.8735 (0.8648)  dino_local_crops_loss: 5.4128 (5.7016)  dino_global_crops_loss: 0.6913 (0.7181)  koleo_loss: -0.0179 (0.0043)  ibot_loss: 1.1313 (1.0907)  time: 0.415505  data: 0.063675  max mem: 19495
I20260802 13:20:59 3235501 dinov2 helpers.py:102] Training  [3110/7500]  eta: 0:40:52  lr: 0.0007 (0.0008)  wd: 0.1716 (0.0868)  mom: 0.9949 (0.9930)  last_layer_lr: 0.0007 (0.0008)  current_batch_size: 64.0000 (64.0000)  total_loss: 7.2319 (7.5142)  teacher_entropy_ratio: 0.7354 (0.7985)  teacher_batch_entropy_ratio: 0.8773 (0.8649)  dino_local_crops_loss: 5.4482 (5.7010)  dino_global_crops_loss: 0.6913 (0.7181)  koleo_loss: -0.0182 (0.0042)  ibot_loss: 1.1415 (1.0909)  time: 0.412522  data: 0.067192  max mem: 19495
I20260802 13:21:04 3235501 dinov2 helpers.py:102] Training  [3120/7500]  eta: 0:40:45  lr: 0.0007 (0.0008)  wd: 0.1723 (0.0870)  mom: 0.9949 (0.9930)  last_layer_lr: 0.0007 (0.0008)  current_batch_size: 64.0000 (64.0000)  total_loss: 7.2775 (7.5133)  teacher_entropy_ratio: 0.7428 (0.7983)  teacher_batch_entropy_ratio: 0.8840 (0.8649)  dino_local_crops_loss: 5.4762 (5.7000)  dino_global_crops_loss: 0.6965 (0.7180)  koleo_loss: -0.0186 (0.0041)  ibot_loss: 1.1750 (1.0912)  time: 0.441850  data: 0.097048  max mem: 19495
I20260802 13:21:08 3235501 dinov2 helpers.py:102] Training  [3130/7500]  eta: 0:40:37  lr: 0.0007 (0.0008)  wd: 0.1730 (0.0873)  mom: 0.9950 (0.9931)  last_layer_lr: 0.0007 (0.0008)  current_batch_size: 64.0000 (64.0000)  total_loss: 7.2761 (7.5127)  teacher_entropy_ratio: 0.7362 (0.7981)  teacher_batch_entropy_ratio: 0.8813 (0.8650)  dino_local_crops_loss: 5.4431 (5.6992)  dino_global_crops_loss: 0.6952 (0.7179)  koleo_loss: -0.0188 (0.0041)  ibot_loss: 1.1803 (1.0915)  time: 0.418576  data: 0.070075  max mem: 19495
I20260802 13:21:11 3235501 dinov2 helpers.py:102] Training  [3140/7500]  eta: 0:40:28  lr: 0.0007 (0.0008)  wd: 0.1738 (0.0876)  mom: 0.9950 (0.9931)  last_layer_lr: 0.0007 (0.0008)  current_batch_size: 64.0000 (64.0000)  total_loss: 7.2451 (7.5119)  teacher_entropy_ratio: 0.7310 (0.7979)  teacher_batch_entropy_ratio: 0.8784 (0.8650)  dino_local_crops_loss: 5.4345 (5.6984)  dino_global_crops_loss: 0.6951 (0.7178)  koleo_loss: -0.0187 (0.0040)  ibot_loss: 1.1653 (1.0916)  time: 0.358492  data: 0.013075  max mem: 19495
W20260802 13:21:15 3235501 py.warnings warnings.py:109] /sci/labs/arieljaffe/dan.abergel1/torch_env/lib/python3.11/site-packages/torch/distributed/fsdp/fully_sharded_data_parallel.py:822: FutureWarning: FSDP.state_dict_type() and FSDP.set_state_dict_type() are being deprecated. Please use APIs, get_state_dict() and set_state_dict(), which can support different parallelisms, FSDP1, FSDP2, DDP. API doc: https://pytorch.org/docs/stable/distributed.checkpoint.html#torch.distributed.checkpoint.state_dict.get_state_dict .Tutorial: https://pytorch.org/tutorials/recipes/distributed_checkpoint_recipe.html .
  prev_state_dict_settings = FullyShardedDataParallel.set_state_dict_type(

W20260802 13:21:15 3235501 py.warnings warnings.py:109] /sci/labs/arieljaffe/dan.abergel1/torch_env/lib/python3.11/site-packages/torch/utils/_contextlib.py:124: UserWarning: When using ``NO_SHARD`` for ``ShardingStrategy``, full_state_dict will be returned.
  return func(*args, **kwargs)

W20260802 13:21:15 3235501 py.warnings warnings.py:109] /sci/labs/arieljaffe/dan.abergel1/torch_env/lib/python3.11/site-packages/torch/distributed/fsdp/fully_sharded_data_parallel.py:829: FutureWarning: FSDP.state_dict_type() and FSDP.set_state_dict_type() are being deprecated. Please use APIs, get_state_dict() and set_state_dict(), which can support different parallelisms, FSDP1, FSDP2, DDP. API doc: https://pytorch.org/docs/stable/distributed.checkpoint.html#torch.distributed.checkpoint.state_dict.get_state_dict .Tutorial: https://pytorch.org/tutorials/recipes/distributed_checkpoint_recipe.html .
  FullyShardedDataParallel.set_state_dict_type(

I20260802 13:21:15 3235501 fvcore.common.checkpoint __init__.py:109] Saving checkpoint to /sci/labs/arieljaffe/dan.abergel1/runs/brain/koleo_on/model_0003149.rank_0.pth
W20260802 13:21:16 3235501 py.warnings warnings.py:109] /sci/labs/arieljaffe/dan.abergel1/torch_env/lib/python3.11/site-packages/torch/distributed/c10d_logger.py:83: UserWarning: barrier(): using the device under current context. You can specify `device_id` in `init_process_group` to mute this warning.
  return func(*args, **kwargs)

I20260802 13:21:17 3235501 dinov2 helpers.py:102] Training  [3150/7500]  eta: 0:40:23  lr: 0.0007 (0.0008)  wd: 0.1745 (0.0879)  mom: 0.9950 (0.9931)  last_layer_lr: 0.0007 (0.0008)  current_batch_size: 64.0000 (64.0000)  total_loss: 7.2472 (7.5111)  teacher_entropy_ratio: 0.7418 (0.7978)  teacher_batch_entropy_ratio: 0.8819 (0.8650)  dino_local_crops_loss: 5.4309 (5.6976)  dino_global_crops_loss: 0.6898 (0.7178)  koleo_loss: -0.0184 (0.0039)  ibot_loss: 1.1585 (1.0918)  time: 0.457796  data: 0.025355  max mem: 19495
I20260802 13:21:20 3235501 dinov2 helpers.py:102] Training  [3160/7500]  eta: 0:40:14  lr: 0.0007 (0.0008)  wd: 0.1752 (0.0882)  mom: 0.9950 (0.9931)  last_layer_lr: 0.0007 (0.0008)  current_batch_size: 64.0000 (64.0000)  total_loss: 7.3319 (7.5105)  teacher_entropy_ratio: 0.7409 (0.7976)  teacher_batch_entropy_ratio: 0.8827 (0.8651)  dino_local_crops_loss: 5.4725 (5.6969)  dino_global_crops_loss: 0.6963 (0.7177)  koleo_loss: -0.0186 (0.0038)  ibot_loss: 1.1656 (1.0921)  time: 0.444852  data: 0.017566  max mem: 19495
I20260802 13:21:24 3235501 dinov2 helpers.py:102] Training  [3170/7500]  eta: 0:40:06  lr: 0.0007 (0.0008)  wd: 0.1760 (0.0884)  mom: 0.9950 (0.9931)  last_layer_lr: 0.0007 (0.0008)  current_batch_size: 64.0000 (64.0000)  total_loss: 7.4521 (7.5107)  teacher_entropy_ratio: 0.7416 (0.7974)  teacher_batch_entropy_ratio: 0.8843 (0.8652)  dino_local_crops_loss: 5.5649 (5.6968)  dino_global_crops_loss: 0.7127 (0.7177)  koleo_loss: -0.0184 (0.0038)  ibot_loss: 1.2066 (1.0925)  time: 0.346960  data: 0.001020  max mem: 19495
I20260802 13:21:27 3235501 dinov2 helpers.py:102] Training  [3180/7500]  eta: 0:39:58  lr: 0.0007 (0.0008)  wd: 0.1767 (0.0887)  mom: 0.9950 (0.9931)  last_layer_lr: 0.0007 (0.0008)  current_batch_size: 64.0000 (64.0000)  total_loss: 7.4253 (7.5099)  teacher_entropy_ratio: 0.7455 (0.7972)  teacher_batch_entropy_ratio: 0.8843 (0.8652)  dino_local_crops_loss: 5.5350 (5.6958)  dino_global_crops_loss: 0.7062 (0.7176)  koleo_loss: -0.0184 (0.0037)  ibot_loss: 1.2139 (1.0928)  time: 0.357499  data: 0.000875  max mem: 19495
I20260802 13:21:31 3235501 dinov2 helpers.py:102] Training  [3190/7500]  eta: 0:39:49  lr: 0.0007 (0.0008)  wd: 0.1774 (0.0890)  mom: 0.9951 (0.9931)  last_layer_lr: 0.0007 (0.0008)  current_batch_size: 64.0000 (64.0000)  total_loss: 7.2778 (7.5092)  teacher_entropy_ratio: 0.7294 (0.7970)  teacher_batch_entropy_ratio: 0.8741 (0.8652)  dino_local_crops_loss: 5.4018 (5.6950)  dino_global_crops_loss: 0.6880 (0.7175)  koleo_loss: -0.0182 (0.0036)  ibot_loss: 1.1953 (1.0931)  time: 0.354932  data: 0.000449  max mem: 19495
I20260802 13:21:34 3235501 dinov2 helpers.py:102] Training  [3200/7500]  eta: 0:39:41  lr: 0.0007 (0.0008)  wd: 0.1782 (0.0893)  mom: 0.9951 (0.9931)  last_layer_lr: 0.0007 (0.0008)  current_batch_size: 64.0000 (64.0000)  total_loss: 7.3019 (7.5086)  teacher_entropy_ratio: 0.7350 (0.7968)  teacher_batch_entropy_ratio: 0.8777 (0.8653)  dino_local_crops_loss: 5.4142 (5.6942)  dino_global_crops_loss: 0.6953 (0.7175)  koleo_loss: -0.0179 (0.0036)  ibot_loss: 1.1953 (1.0933)  time: 0.355112  data: 0.000431  max mem: 19495
I20260802 13:21:38 3235501 dinov2 helpers.py:102] Training  [3210/7500]  eta: 0:39:33  lr: 0.0007 (0.0008)  wd: 0.1789 (0.0895)  mom: 0.9951 (0.9931)  last_layer_lr: 0.0007 (0.0008)  current_batch_size: 64.0000 (64.0000)  total_loss: 7.3069 (7.5080)  teacher_entropy_ratio: 0.7433 (0.7966)  teacher_batch_entropy_ratio: 0.8787 (0.8653)  dino_local_crops_loss: 5.4473 (5.6935)  dino_global_crops_loss: 0.6953 (0.7174)  koleo_loss: -0.0180 (0.0035)  ibot_loss: 1.1944 (1.0937)  time: 0.363104  data: 0.000806  max mem: 19495
I20260802 13:21:42 3235501 dinov2 helpers.py:102] Training  [3220/7500]  eta: 0:39:25  lr: 0.0007 (0.0008)  wd: 0.1796 (0.0898)  mom: 0.9951 (0.9931)  last_layer_lr: 0.0007 (0.0008)  current_batch_size: 64.0000 (64.0000)  total_loss: 7.3069 (7.5076)  teacher_entropy_ratio: 0.7433 (0.7965)  teacher_batch_entropy_ratio: 0.8806 (0.8654)  dino_local_crops_loss: 5.4473 (5.6928)  dino_global_crops_loss: 0.6932 (0.7173)  koleo_loss: -0.0183 (0.0034)  ibot_loss: 1.1830 (1.0939)  time: 0.362687  data: 0.001168  max mem: 19495
I20260802 13:21:45 3235501 dinov2 helpers.py:102] Training  [3230/7500]  eta: 0:39:17  lr: 0.0007 (0.0008)  wd: 0.1804 (0.0901)  mom: 0.9951 (0.9931)  last_layer_lr: 0.0007 (0.0008)  current_batch_size: 64.0000 (64.0000)  total_loss: 7.4053 (7.5071)  teacher_entropy_ratio: 0.7410 (0.7963)  teacher_batch_entropy_ratio: 0.8833 (0.8655)  dino_local_crops_loss: 5.4967 (5.6922)  dino_global_crops_loss: 0.7032 (0.7173)  koleo_loss: -0.0183 (0.0034)  ibot_loss: 1.1903 (1.0943)  time: 0.366906  data: 0.008790  max mem: 19495
I20260802 13:21:50 3235501 dinov2 helpers.py:102] Training  [3240/7500]  eta: 0:39:10  lr: 0.0007 (0.0008)  wd: 0.1811 (0.0904)  mom: 0.9951 (0.9931)  last_layer_lr: 0.0007 (0.0008)  current_batch_size: 64.0000 (64.0000)  total_loss: 7.3701 (7.5065)  teacher_entropy_ratio: 0.7365 (0.7961)  teacher_batch_entropy_ratio: 0.8800 (0.8655)  dino_local_crops_loss: 5.4847 (5.6914)  dino_global_crops_loss: 0.6936 (0.7172)  koleo_loss: -0.0183 (0.0033)  ibot_loss: 1.2002 (1.0946)  time: 0.401947  data: 0.049191  max mem: 19495
I20260802 13:21:53 3235501 dinov2 helpers.py:102] Training  [3250/7500]  eta: 0:39:02  lr: 0.0007 (0.0008)  wd: 0.1818 (0.0907)  mom: 0.9952 (0.9931)  last_layer_lr: 0.0007 (0.0008)  current_batch_size: 64.0000 (64.0000)  total_loss: 7.1975 (7.5059)  teacher_entropy_ratio: 0.7211 (0.7960)  teacher_batch_entropy_ratio: 0.8672 (0.8656)  dino_local_crops_loss: 5.3500 (5.6907)  dino_global_crops_loss: 0.6899 (0.7171)  koleo_loss: -0.0184 (0.0032)  ibot_loss: 1.1905 (1.0949)  time: 0.402385  data: 0.047008  max mem: 19495
I20260802 13:21:57 3235501 dinov2 helpers.py:102] Training  [3260/7500]  eta: 0:38:55  lr: 0.0007 (0.0008)  wd: 0.1826 (0.0910)  mom: 0.9952 (0.9931)  last_layer_lr: 0.0007 (0.0008)  current_batch_size: 64.0000 (64.0000)  total_loss: 7.1434 (7.5050)  teacher_entropy_ratio: 0.7179 (0.7957)  teacher_batch_entropy_ratio: 0.8650 (0.8656)  dino_local_crops_loss: 5.2769 (5.6896)  dino_global_crops_loss: 0.6768 (0.7170)  koleo_loss: -0.0187 (0.0032)  ibot_loss: 1.1801 (1.0951)  time: 0.384203  data: 0.033719  max mem: 19495
I20260802 13:22:02 3235501 dinov2 helpers.py:102] Training  [3270/7500]  eta: 0:38:48  lr: 0.0007 (0.0008)  wd: 0.1833 (0.0912)  mom: 0.9952 (0.9931)  last_layer_lr: 0.0007 (0.0008)  current_batch_size: 64.0000 (64.0000)  total_loss: 7.2347 (7.5047)  teacher_entropy_ratio: 0.7270 (0.7956)  teacher_batch_entropy_ratio: 0.8722 (0.8656)  dino_local_crops_loss: 5.4150 (5.6891)  dino_global_crops_loss: 0.6899 (0.7170)  koleo_loss: -0.0186 (0.0031)  ibot_loss: 1.1776 (1.0955)  time: 0.426333  data: 0.082899  max mem: 19495
I20260802 13:22:06 3235501 dinov2 helpers.py:102] Training  [3280/7500]  eta: 0:38:40  lr: 0.0007 (0.0008)  wd: 0.1841 (0.0915)  mom: 0.9952 (0.9931)  last_layer_lr: 0.0007 (0.0008)  current_batch_size: 64.0000 (64.0000)  total_loss: 7.3415 (7.5042)  teacher_entropy_ratio: 0.7454 (0.7954)  teacher_batch_entropy_ratio: 0.8828 (0.8657)  dino_local_crops_loss: 5.4730 (5.6884)  dino_global_crops_loss: 0.6966 (0.7169)  koleo_loss: -0.0186 (0.0030)  ibot_loss: 1.1961 (1.0958)  time: 0.413705  data: 0.063316  max mem: 19495
I20260802 13:22:09 3235501 dinov2 helpers.py:102] Training  [3290/7500]  eta: 0:38:32  lr: 0.0007 (0.0008)  wd: 0.1848 (0.0918)  mom: 0.9952 (0.9932)  last_layer_lr: 0.0007 (0.0008)  current_batch_size: 64.0000 (64.0000)  total_loss: 7.2799 (7.5035)  teacher_entropy_ratio: 0.7290 (0.7952)  teacher_batch_entropy_ratio: 0.8724 (0.8657)  dino_local_crops_loss: 5.3955 (5.6876)  dino_global_crops_loss: 0.6888 (0.7169)  koleo_loss: -0.0185 (0.0030)  ibot_loss: 1.2106 (1.0961)  time: 0.362764  data: 0.008501  max mem: 19495
I20260802 13:22:13 3235501 dinov2 helpers.py:102] Training  [3300/7500]  eta: 0:38:24  lr: 0.0007 (0.0008)  wd: 0.1855 (0.0921)  mom: 0.9952 (0.9932)  last_layer_lr: 0.0007 (0.0008)  current_batch_size: 64.0000 (64.0000)  total_loss: 7.3150 (7.5029)  teacher_entropy_ratio: 0.7317 (0.7951)  teacher_batch_entropy_ratio: 0.8778 (0.8658)  dino_local_crops_loss: 5.4106 (5.6867)  dino_global_crops_loss: 0.6903 (0.7168)  koleo_loss: -0.0185 (0.0029)  ibot_loss: 1.2183 (1.0965)  time: 0.365209  data: 0.015022  max mem: 19495
I20260802 13:22:16 3235501 dinov2 helpers.py:102] Training  [3310/7500]  eta: 0:38:16  lr: 0.0007 (0.0008)  wd: 0.1863 (0.0924)  mom: 0.9953 (0.9932)  last_layer_lr: 0.0007 (0.0008)  current_batch_size: 64.0000 (64.0000)  total_loss: 7.3206 (7.5021)  teacher_entropy_ratio: 0.7319 (0.7948)  teacher_batch_entropy_ratio: 0.8788 (0.8658)  dino_local_crops_loss: 5.4106 (5.6858)  dino_global_crops_loss: 0.6903 (0.7167)  koleo_loss: -0.0186 (0.0028)  ibot_loss: 1.2130 (1.0969)  time: 0.357064  data: 0.014856  max mem: 19495
I20260802 13:22:20 3235501 dinov2 helpers.py:102] Training  [3320/7500]  eta: 0:38:08  lr: 0.0007 (0.0008)  wd: 0.1870 (0.0927)  mom: 0.9953 (0.9932)  last_layer_lr: 0.0007 (0.0008)  current_batch_size: 64.0000 (64.0000)  total_loss: 7.3904 (7.5016)  teacher_entropy_ratio: 0.7478 (0.7947)  teacher_batch_entropy_ratio: 0.8855 (0.8658)  dino_local_crops_loss: 5.4892 (5.6850)  dino_global_crops_loss: 0.6988 (0.7166)  koleo_loss: -0.0185 (0.0028)  ibot_loss: 1.2053 (1.0972)  time: 0.351855  data: 0.007237  max mem: 19495
I20260802 13:22:24 3235501 dinov2 helpers.py:102] Training  [3330/7500]  eta: 0:38:01  lr: 0.0007 (0.0008)  wd: 0.1878 (0.0930)  mom: 0.9953 (0.9932)  last_layer_lr: 0.0007 (0.0008)  current_batch_size: 64.0000 (64.0000)  total_loss: 7.3209 (7.5011)  teacher_entropy_ratio: 0.7276 (0.7945)  teacher_batch_entropy_ratio: 0.8777 (0.8659)  dino_local_crops_loss: 5.4022 (5.6843)  dino_global_crops_loss: 0.6906 (0.7166)  koleo_loss: -0.0182 (0.0027)  ibot_loss: 1.1896 (1.0975)  time: 0.373755  data: 0.024273  max mem: 19495
I20260802 13:22:28 3235501 dinov2 helpers.py:102] Training  [3340/7500]  eta: 0:37:53  lr: 0.0007 (0.0008)  wd: 0.1885 (0.0932)  mom: 0.9953 (0.9932)  last_layer_lr: 0.0007 (0.0008)  current_batch_size: 64.0000 (64.0000)  total_loss: 7.2801 (7.5004)  teacher_entropy_ratio: 0.7325 (0.7943)  teacher_batch_entropy_ratio: 0.8777 (0.8659)  dino_local_crops_loss: 5.4022 (5.6834)  dino_global_crops_loss: 0.6901 (0.7165)  koleo_loss: -0.0181 (0.0027)  ibot_loss: 1.1907 (1.0978)  time: 0.381904  data: 0.031456  max mem: 19495
I20260802 13:22:31 3235501 dinov2 helpers.py:102] Training  [3350/7500]  eta: 0:37:45  lr: 0.0007 (0.0008)  wd: 0.1892 (0.0935)  mom: 0.9953 (0.9932)  last_layer_lr: 0.0007 (0.0008)  current_batch_size: 64.0000 (64.0000)  total_loss: 7.2513 (7.4997)  teacher_entropy_ratio: 0.7325 (0.7941)  teacher_batch_entropy_ratio: 0.8763 (0.8659)  dino_local_crops_loss: 5.3821 (5.6826)  dino_global_crops_loss: 0.6850 (0.7164)  koleo_loss: -0.0181 (0.0026)  ibot_loss: 1.2034 (1.0982)  time: 0.358459  data: 0.014244  max mem: 19495
I20260802 13:22:35 3235501 dinov2 helpers.py:102] Training  [3360/7500]  eta: 0:37:38  lr: 0.0007 (0.0008)  wd: 0.1900 (0.0938)  mom: 0.9953 (0.9932)  last_layer_lr: 0.0007 (0.0008)  current_batch_size: 64.0000 (64.0000)  total_loss: 7.2343 (7.4989)  teacher_entropy_ratio: 0.7210 (0.7939)  teacher_batch_entropy_ratio: 0.8652 (0.8659)  dino_local_crops_loss: 5.3189 (5.6816)  dino_global_crops_loss: 0.6789 (0.7163)  koleo_loss: -0.0181 (0.0025)  ibot_loss: 1.2103 (1.0985)  time: 0.356484  data: 0.012196  max mem: 19495
I20260802 13:22:38 3235501 dinov2 helpers.py:102] Training  [3370/7500]  eta: 0:37:30  lr: 0.0007 (0.0008)  wd: 0.1907 (0.0941)  mom: 0.9953 (0.9932)  last_layer_lr: 0.0007 (0.0008)  current_batch_size: 64.0000 (64.0000)  total_loss: 7.2766 (7.4985)  teacher_entropy_ratio: 0.7326 (0.7938)  teacher_batch_entropy_ratio: 0.8793 (0.8660)  dino_local_crops_loss: 5.4295 (5.6809)  dino_global_crops_loss: 0.6953 (0.7163)  koleo_loss: -0.0179 (0.0025)  ibot_loss: 1.2086 (1.0989)  time: 0.363100  data: 0.014188  max mem: 19495
I20260802 13:22:42 3235501 dinov2 helpers.py:102] Training  [3380/7500]  eta: 0:37:22  lr: 0.0007 (0.0008)  wd: 0.1915 (0.0944)  mom: 0.9954 (0.9932)  last_layer_lr: 0.0007 (0.0008)  current_batch_size: 64.0000 (64.0000)  total_loss: 7.3252 (7.4983)  teacher_entropy_ratio: 0.7326 (0.7936)  teacher_batch_entropy_ratio: 0.8793 (0.8660)  dino_local_crops_loss: 5.4390 (5.6804)  dino_global_crops_loss: 0.6953 (0.7162)  koleo_loss: -0.0182 (0.0024)  ibot_loss: 1.2431 (1.0993)  time: 0.352917  data: 0.002513  max mem: 19495
I20260802 13:22:45 3235501 dinov2 helpers.py:102] Training  [3390/7500]  eta: 0:37:14  lr: 0.0007 (0.0008)  wd: 0.1922 (0.0947)  mom: 0.9954 (0.9932)  last_layer_lr: 0.0007 (0.0008)  current_batch_size: 64.0000 (64.0000)  total_loss: 7.2874 (7.4978)  teacher_entropy_ratio: 0.7306 (0.7934)  teacher_batch_entropy_ratio: 0.8762 (0.8661)  dino_local_crops_loss: 5.3906 (5.6797)  dino_global_crops_loss: 0.6902 (0.7162)  koleo_loss: -0.0185 (0.0023)  ibot_loss: 1.2272 (1.0995)  time: 0.348792  data: 0.000731  max mem: 19495
I20260802 13:22:49 3235501 dinov2 helpers.py:102] Training  [3400/7500]  eta: 0:37:07  lr: 0.0007 (0.0008)  wd: 0.1930 (0.0950)  mom: 0.9954 (0.9932)  last_layer_lr: 0.0007 (0.0008)  current_batch_size: 64.0000 (64.0000)  total_loss: 7.2503 (7.4971)  teacher_entropy_ratio: 0.7344 (0.7933)  teacher_batch_entropy_ratio: 0.8763 (0.8661)  dino_local_crops_loss: 5.3939 (5.6789)  dino_global_crops_loss: 0.6921 (0.7161)  koleo_loss: -0.0186 (0.0023)  ibot_loss: 1.2177 (1.0998)  time: 0.358914  data: 0.017349  max mem: 19495
I20260802 13:22:53 3235501 dinov2 helpers.py:102] Training  [3410/7500]  eta: 0:36:59  lr: 0.0007 (0.0008)  wd: 0.1937 (0.0953)  mom: 0.9954 (0.9932)  last_layer_lr: 0.0007 (0.0008)  current_batch_size: 64.0000 (64.0000)  total_loss: 7.2319 (7.4964)  teacher_entropy_ratio: 0.7274 (0.7931)  teacher_batch_entropy_ratio: 0.8758 (0.8661)  dino_local_crops_loss: 5.3939 (5.6781)  dino_global_crops_loss: 0.6876 (0.7160)  koleo_loss: -0.0186 (0.0022)  ibot_loss: 1.2105 (1.1002)  time: 0.369411  data: 0.017289  max mem: 19495
I20260802 13:22:56 3235501 dinov2 helpers.py:102] Training  [3420/7500]  eta: 0:36:51  lr: 0.0007 (0.0008)  wd: 0.1945 (0.0956)  mom: 0.9954 (0.9932)  last_layer_lr: 0.0007 (0.0008)  current_batch_size: 64.0000 (64.0000)  total_loss: 7.2134 (7.4960)  teacher_entropy_ratio: 0.7201 (0.7929)  teacher_batch_entropy_ratio: 0.8674 (0.8661)  dino_local_crops_loss: 5.3914 (5.6774)  dino_global_crops_loss: 0.6813 (0.7159)  koleo_loss: -0.0188 (0.0022)  ibot_loss: 1.2286 (1.1005)  time: 0.354387  data: 0.000687  max mem: 19495
I20260802 13:23:00 3235501 dinov2 helpers.py:102] Training  [3430/7500]  eta: 0:36:44  lr: 0.0007 (0.0008)  wd: 0.1952 (0.0958)  mom: 0.9954 (0.9932)  last_layer_lr: 0.0007 (0.0008)  current_batch_size: 64.0000 (64.0000)  total_loss: 7.2162 (7.4954)  teacher_entropy_ratio: 0.7182 (0.7927)  teacher_batch_entropy_ratio: 0.8629 (0.8662)  dino_local_crops_loss: 5.3197 (5.6765)  dino_global_crops_loss: 0.6775 (0.7158)  koleo_loss: -0.0193 (0.0021)  ibot_loss: 1.2384 (1.1009)  time: 0.358914  data: 0.010812  max mem: 19495
I20260802 13:23:03 3235501 dinov2 helpers.py:102] Training  [3440/7500]  eta: 0:36:36  lr: 0.0007 (0.0008)  wd: 0.1959 (0.0961)  mom: 0.9955 (0.9932)  last_layer_lr: 0.0007 (0.0008)  current_batch_size: 64.0000 (64.0000)  total_loss: 7.2293 (7.4947)  teacher_entropy_ratio: 0.7205 (0.7925)  teacher_batch_entropy_ratio: 0.8641 (0.8662)  dino_local_crops_loss: 5.3420 (5.6757)  dino_global_crops_loss: 0.6815 (0.7157)  koleo_loss: -0.0193 (0.0020)  ibot_loss: 1.2107 (1.1012)  time: 0.360020  data: 0.010722  max mem: 19495
I20260802 13:23:07 3235501 dinov2 helpers.py:102] Training  [3450/7500]  eta: 0:36:29  lr: 0.0007 (0.0008)  wd: 0.1967 (0.0964)  mom: 0.9955 (0.9933)  last_layer_lr: 0.0007 (0.0008)  current_batch_size: 64.0000 (64.0000)  total_loss: 7.2893 (7.4941)  teacher_entropy_ratio: 0.7278 (0.7923)  teacher_batch_entropy_ratio: 0.8769 (0.8662)  dino_local_crops_loss: 5.4076 (5.6749)  dino_global_crops_loss: 0.6902 (0.7157)  koleo_loss: -0.0194 (0.0020)  ibot_loss: 1.2139 (1.1016)  time: 0.353782  data: 0.000406  max mem: 19495
I20260802 13:23:11 3235501 dinov2 helpers.py:102] Training  [3460/7500]  eta: 0:36:21  lr: 0.0007 (0.0008)  wd: 0.1974 (0.0967)  mom: 0.9955 (0.9933)  last_layer_lr: 0.0007 (0.0008)  current_batch_size: 64.0000 (64.0000)  total_loss: 7.3480 (7.4939)  teacher_entropy_ratio: 0.7405 (0.7922)  teacher_batch_entropy_ratio: 0.8837 (0.8663)  dino_local_crops_loss: 5.4529 (5.6745)  dino_global_crops_loss: 0.6963 (0.7156)  koleo_loss: -0.0194 (0.0019)  ibot_loss: 1.2245 (1.1019)  time: 0.356486  data: 0.003969  max mem: 19495
I20260802 13:23:14 3235501 dinov2 helpers.py:102] Training  [3470/7500]  eta: 0:36:14  lr: 0.0007 (0.0008)  wd: 0.1982 (0.0970)  mom: 0.9955 (0.9933)  last_layer_lr: 0.0007 (0.0008)  current_batch_size: 64.0000 (64.0000)  total_loss: 7.3378 (7.4933)  teacher_entropy_ratio: 0.7342 (0.7920)  teacher_batch_entropy_ratio: 0.8789 (0.8663)  dino_local_crops_loss: 5.4199 (5.6737)  dino_global_crops_loss: 0.6915 (0.7156)  koleo_loss: -0.0193 (0.0019)  ibot_loss: 1.2172 (1.1022)  time: 0.367367  data: 0.024670  max mem: 19495
I20260802 13:23:18 3235501 dinov2 helpers.py:102] Training  [3480/7500]  eta: 0:36:06  lr: 0.0007 (0.0008)  wd: 0.1989 (0.0973)  mom: 0.9955 (0.9933)  last_layer_lr: 0.0007 (0.0008)  current_batch_size: 64.0000 (64.0000)  total_loss: 7.1976 (7.4927)  teacher_entropy_ratio: 0.7274 (0.7919)  teacher_batch_entropy_ratio: 0.8736 (0.8663)  dino_local_crops_loss: 5.3326 (5.6729)  dino_global_crops_loss: 0.6797 (0.7155)  koleo_loss: -0.0195 (0.0018)  ibot_loss: 1.2031 (1.1025)  time: 0.363400  data: 0.021136  max mem: 19495
I20260802 13:23:21 3235501 dinov2 helpers.py:102] Training  [3490/7500]  eta: 0:35:59  lr: 0.0006 (0.0008)  wd: 0.1997 (0.0976)  mom: 0.9955 (0.9933)  last_layer_lr: 0.0006 (0.0008)  current_batch_size: 64.0000 (64.0000)  total_loss: 7.1966 (7.4921)  teacher_entropy_ratio: 0.7249 (0.7917)  teacher_batch_entropy_ratio: 0.8663 (0.8664)  dino_local_crops_loss: 5.3326 (5.6720)  dino_global_crops_loss: 0.6840 (0.7154)  koleo_loss: -0.0192 (0.0017)  ibot_loss: 1.2149 (1.1029)  time: 0.349479  data: 0.000877  max mem: 19495
I20260802 13:23:25 3235501 dinov2 helpers.py:102] Training  [3500/7500]  eta: 0:35:51  lr: 0.0006 (0.0008)  wd: 0.2004 (0.0979)  mom: 0.9956 (0.9933)  last_layer_lr: 0.0006 (0.0008)  current_batch_size: 64.0000 (64.0000)  total_loss: 7.2949 (7.4916)  teacher_entropy_ratio: 0.7387 (0.7915)  teacher_batch_entropy_ratio: 0.8814 (0.8664)  dino_local_crops_loss: 5.4501 (5.6713)  dino_global_crops_loss: 0.6905 (0.7153)  koleo_loss: -0.0191 (0.0017)  ibot_loss: 1.2219 (1.1033)  time: 0.363556  data: 0.014682  max mem: 19495
I20260802 13:23:29 3235501 dinov2 helpers.py:102] Training  [3510/7500]  eta: 0:35:44  lr: 0.0006 (0.0008)  wd: 0.2012 (0.0982)  mom: 0.9956 (0.9933)  last_layer_lr: 0.0006 (0.0008)  current_batch_size: 64.0000 (64.0000)  total_loss: 7.2801 (7.4908)  teacher_entropy_ratio: 0.7332 (0.7914)  teacher_batch_entropy_ratio: 0.8761 (0.8664)  dino_local_crops_loss: 5.4065 (5.6704)  dino_global_crops_loss: 0.6913 (0.7152)  koleo_loss: -0.0191 (0.0016)  ibot_loss: 1.2179 (1.1036)  time: 0.357685  data: 0.016609  max mem: 19495
I20260802 13:23:32 3235501 dinov2 helpers.py:102] Training  [3520/7500]  eta: 0:35:36  lr: 0.0006 (0.0008)  wd: 0.2019 (0.0985)  mom: 0.9956 (0.9933)  last_layer_lr: 0.0006 (0.0008)  current_batch_size: 64.0000 (64.0000)  total_loss: 7.2264 (7.4902)  teacher_entropy_ratio: 0.7212 (0.7912)  teacher_batch_entropy_ratio: 0.8687 (0.8664)  dino_local_crops_loss: 5.3174 (5.6696)  dino_global_crops_loss: 0.6812 (0.7152)  koleo_loss: -0.0194 (0.0016)  ibot_loss: 1.2186 (1.1039)  time: 0.350428  data: 0.002598  max mem: 19495
I20260802 13:23:36 3235501 dinov2 helpers.py:102] Training  [3530/7500]  eta: 0:35:29  lr: 0.0006 (0.0008)  wd: 0.2027 (0.0988)  mom: 0.9956 (0.9933)  last_layer_lr: 0.0006 (0.0008)  current_batch_size: 64.0000 (64.0000)  total_loss: 7.2015 (7.4897)  teacher_entropy_ratio: 0.7240 (0.7910)  teacher_batch_entropy_ratio: 0.8699 (0.8665)  dino_local_crops_loss: 5.3266 (5.6689)  dino_global_crops_loss: 0.6780 (0.7151)  koleo_loss: -0.0193 (0.0015)  ibot_loss: 1.2186 (1.1042)  time: 0.354355  data: 0.000461  max mem: 19495
I20260802 13:23:39 3235501 dinov2 helpers.py:102] Training  [3540/7500]  eta: 0:35:22  lr: 0.0006 (0.0008)  wd: 0.2034 (0.0991)  mom: 0.9956 (0.9933)  last_layer_lr: 0.0006 (0.0008)  current_batch_size: 64.0000 (64.0000)  total_loss: 7.2015 (7.4888)  teacher_entropy_ratio: 0.7258 (0.7908)  teacher_batch_entropy_ratio: 0.8693 (0.8665)  dino_local_crops_loss: 5.3400 (5.6678)  dino_global_crops_loss: 0.6795 (0.7150)  koleo_loss: -0.0190 (0.0014)  ibot_loss: 1.2309 (1.1045)  time: 0.358759  data: 0.010293  max mem: 19495
I20260802 13:23:43 3235501 dinov2 helpers.py:102] Training  [3550/7500]  eta: 0:35:14  lr: 0.0006 (0.0008)  wd: 0.2042 (0.0994)  mom: 0.9956 (0.9933)  last_layer_lr: 0.0006 (0.0008)  current_batch_size: 64.0000 (64.0000)  total_loss: 7.1719 (7.4882)  teacher_entropy_ratio: 0.7159 (0.7907)  teacher_batch_entropy_ratio: 0.8608 (0.8665)  dino_local_crops_loss: 5.3143 (5.6671)  dino_global_crops_loss: 0.6825 (0.7149)  koleo_loss: -0.0191 (0.0014)  ibot_loss: 1.2071 (1.1048)  time: 0.356879  data: 0.010058  max mem: 19495
I20260802 13:23:47 3235501 dinov2 helpers.py:102] Training  [3560/7500]  eta: 0:35:07  lr: 0.0006 (0.0008)  wd: 0.2049 (0.0997)  mom: 0.9957 (0.9933)  last_layer_lr: 0.0006 (0.0008)  current_batch_size: 64.0000 (64.0000)  total_loss: 7.2016 (7.4875)  teacher_entropy_ratio: 0.7255 (0.7905)  teacher_batch_entropy_ratio: 0.8721 (0.8665)  dino_local_crops_loss: 5.3583 (5.6663)  dino_global_crops_loss: 0.6871 (0.7148)  koleo_loss: -0.0188 (0.0013)  ibot_loss: 1.2012 (1.1051)  time: 0.358735  data: 0.011271  max mem: 19495
I20260802 13:23:50 3235501 dinov2 helpers.py:102] Training  [3570/7500]  eta: 0:35:00  lr: 0.0006 (0.0008)  wd: 0.2057 (0.1000)  mom: 0.9957 (0.9933)  last_layer_lr: 0.0006 (0.0008)  current_batch_size: 64.0000 (64.0000)  total_loss: 7.2208 (7.4867)  teacher_entropy_ratio: 0.7255 (0.7903)  teacher_batch_entropy_ratio: 0.8721 (0.8665)  dino_local_crops_loss: 5.3523 (5.6653)  dino_global_crops_loss: 0.6871 (0.7147)  koleo_loss: -0.0188 (0.0013)  ibot_loss: 1.1895 (1.1053)  time: 0.355071  data: 0.011449  max mem: 19495
I20260802 13:23:53 3235501 dinov2 helpers.py:102] Training  [3580/7500]  eta: 0:34:52  lr: 0.0006 (0.0008)  wd: 0.2064 (0.1003)  mom: 0.9957 (0.9933)  last_layer_lr: 0.0006 (0.0008)  current_batch_size: 64.0000 (64.0000)  total_loss: 7.1756 (7.4860)  teacher_entropy_ratio: 0.7204 (0.7901)  teacher_batch_entropy_ratio: 0.8684 (0.8665)  dino_local_crops_loss: 5.2768 (5.6644)  dino_global_crops_loss: 0.6811 (0.7147)  koleo_loss: -0.0194 (0.0012)  ibot_loss: 1.1863 (1.1056)  time: 0.344833  data: 0.000634  max mem: 19495
I20260802 13:23:57 3235501 dinov2 helpers.py:102] Training  [3590/7500]  eta: 0:34:45  lr: 0.0006 (0.0008)  wd: 0.2072 (0.1006)  mom: 0.9957 (0.9933)  last_layer_lr: 0.0006 (0.0008)  current_batch_size: 64.0000 (64.0000)  total_loss: 7.2877 (7.4857)  teacher_entropy_ratio: 0.7217 (0.7900)  teacher_batch_entropy_ratio: 0.8710 (0.8666)  dino_local_crops_loss: 5.3569 (5.6640)  dino_global_crops_loss: 0.6863 (0.7146)  koleo_loss: -0.0194 (0.0012)  ibot_loss: 1.1914 (1.1059)  time: 0.356525  data: 0.000608  max mem: 19495
I20260802 13:24:00 3235501 fvcore.common.checkpoint __init__.py:109] Saving checkpoint to /sci/labs/arieljaffe/dan.abergel1/runs/brain/koleo_on/model_0003599.rank_0.pth
I20260802 13:24:02 3235501 dinov2 helpers.py:102] Training  [3600/7500]  eta: 0:34:39  lr: 0.0006 (0.0008)  wd: 0.2079 (0.1009)  mom: 0.9957 (0.9934)  last_layer_lr: 0.0006 (0.0008)  current_batch_size: 64.0000 (64.0000)  total_loss: 7.4043 (7.4852)  teacher_entropy_ratio: 0.7469 (0.7899)  teacher_batch_entropy_ratio: 0.8887 (0.8666)  dino_local_crops_loss: 5.4970 (5.6633)  dino_global_crops_loss: 0.7007 (0.7146)  koleo_loss: -0.0188 (0.0011)  ibot_loss: 1.2330 (1.1062)  time: 0.422910  data: 0.000943  max mem: 19495
I20260802 13:24:05 3235501 dinov2 helpers.py:102] Training  [3610/7500]  eta: 0:34:32  lr: 0.0006 (0.0008)  wd: 0.2087 (0.1012)  mom: 0.9957 (0.9934)  last_layer_lr: 0.0006 (0.0008)  current_batch_size: 64.0000 (64.0000)  total_loss: 7.3985 (7.4848)  teacher_entropy_ratio: 0.7431 (0.7897)  teacher_batch_entropy_ratio: 0.8887 (0.8667)  dino_local_crops_loss: 5.4768 (5.6627)  dino_global_crops_loss: 0.6964 (0.7145)  koleo_loss: -0.0188 (0.0010)  ibot_loss: 1.2166 (1.1065)  time: 0.407632  data: 0.000991  max mem: 19495
I20260802 13:24:09 3235501 dinov2 helpers.py:102] Training  [3620/7500]  eta: 0:34:24  lr: 0.0006 (0.0008)  wd: 0.2095 (0.1015)  mom: 0.9958 (0.9934)  last_layer_lr: 0.0006 (0.0008)  current_batch_size: 64.0000 (64.0000)  total_loss: 7.3469 (7.4843)  teacher_entropy_ratio: 0.7322 (0.7896)  teacher_batch_entropy_ratio: 0.8799 (0.8667)  dino_local_crops_loss: 5.4024 (5.6621)  dino_global_crops_loss: 0.6919 (0.7145)  koleo_loss: -0.0192 (0.0010)  ibot_loss: 1.2135 (1.1068)  time: 0.334868  data: 0.000434  max mem: 19495
I20260802 13:24:12 3235501 dinov2 helpers.py:102] Training  [3630/7500]  eta: 0:34:17  lr: 0.0006 (0.0008)  wd: 0.2102 (0.1018)  mom: 0.9958 (0.9934)  last_layer_lr: 0.0006 (0.0008)  current_batch_size: 64.0000 (64.0000)  total_loss: 7.2319 (7.4836)  teacher_entropy_ratio: 0.7259 (0.7894)  teacher_batch_entropy_ratio: 0.8719 (0.8667)  dino_local_crops_loss: 5.3352 (5.6612)  dino_global_crops_loss: 0.6841 (0.7144)  koleo_loss: -0.0194 (0.0009)  ibot_loss: 1.2051 (1.1071)  time: 0.346732  data: 0.000972  max mem: 19495
I20260802 13:24:16 3235501 dinov2 helpers.py:102] Training  [3640/7500]  eta: 0:34:10  lr: 0.0006 (0.0008)  wd: 0.2110 (0.1021)  mom: 0.9958 (0.9934)  last_layer_lr: 0.0006 (0.0008)  current_batch_size: 64.0000 (64.0000)  total_loss: 7.2319 (7.4831)  teacher_entropy_ratio: 0.7314 (0.7893)  teacher_batch_entropy_ratio: 0.8754 (0.8668)  dino_local_crops_loss: 5.3642 (5.6605)  dino_global_crops_loss: 0.6843 (0.7143)  koleo_loss: -0.0193 (0.0009)  ibot_loss: 1.1893 (1.1074)  time: 0.352997  data: 0.001125  max mem: 19495
I20260802 13:24:19 3235501 dinov2 helpers.py:102] Training  [3650/7500]  eta: 0:34:02  lr: 0.0006 (0.0008)  wd: 0.2117 (0.1024)  mom: 0.9958 (0.9934)  last_layer_lr: 0.0006 (0.0008)  current_batch_size: 64.0000 (64.0000)  total_loss: 7.2541 (7.4824)  teacher_entropy_ratio: 0.7375 (0.7891)  teacher_batch_entropy_ratio: 0.8754 (0.8668)  dino_local_crops_loss: 5.4092 (5.6598)  dino_global_crops_loss: 0.6923 (0.7142)  koleo_loss: -0.0191 (0.0008)  ibot_loss: 1.1827 (1.1076)  time: 0.348036  data: 0.000967  max mem: 19495
I20260802 13:24:23 3235501 dinov2 helpers.py:102] Training  [3660/7500]  eta: 0:33:55  lr: 0.0006 (0.0008)  wd: 0.2125 (0.1027)  mom: 0.9958 (0.9934)  last_layer_lr: 0.0006 (0.0008)  current_batch_size: 64.0000 (64.0000)  total_loss: 7.2519 (7.4818)  teacher_entropy_ratio: 0.7299 (0.7890)  teacher_batch_entropy_ratio: 0.8752 (0.8668)  dino_local_crops_loss: 5.3554 (5.6589)  dino_global_crops_loss: 0.6850 (0.7142)  koleo_loss: -0.0190 (0.0008)  ibot_loss: 1.2136 (1.1079)  time: 0.352895  data: 0.001026  max mem: 19495
I20260802 13:24:26 3235501 dinov2 helpers.py:102] Training  [3670/7500]  eta: 0:33:48  lr: 0.0006 (0.0008)  wd: 0.2132 (0.1030)  mom: 0.9958 (0.9934)  last_layer_lr: 0.0006 (0.0008)  current_batch_size: 64.0000 (64.0000)  total_loss: 7.2519 (7.4811)  teacher_entropy_ratio: 0.7299 (0.7888)  teacher_batch_entropy_ratio: 0.8767 (0.8669)  dino_local_crops_loss: 5.3554 (5.6582)  dino_global_crops_loss: 0.6802 (0.7141)  koleo_loss: -0.0193 (0.0007)  ibot_loss: 1.2064 (1.1081)  time: 0.354098  data: 0.000628  max mem: 19495
I20260802 13:24:30 3235501 dinov2 helpers.py:102] Training  [3680/7500]  eta: 0:33:41  lr: 0.0006 (0.0008)  wd: 0.2140 (0.1033)  mom: 0.9959 (0.9934)  last_layer_lr: 0.0006 (0.0008)  current_batch_size: 64.0000 (64.0000)  total_loss: 7.2707 (7.4805)  teacher_entropy_ratio: 0.7381 (0.7887)  teacher_batch_entropy_ratio: 0.8874 (0.8669)  dino_local_crops_loss: 5.3722 (5.6575)  dino_global_crops_loss: 0.6895 (0.7140)  koleo_loss: -0.0192 (0.0007)  ibot_loss: 1.1973 (1.1084)  time: 0.350013  data: 0.000792  max mem: 19495
I20260802 13:24:33 3235501 dinov2 helpers.py:102] Training  [3690/7500]  eta: 0:33:34  lr: 0.0006 (0.0008)  wd: 0.2147 (0.1036)  mom: 0.9959 (0.9934)  last_layer_lr: 0.0006 (0.0008)  current_batch_size: 64.0000 (64.0000)  total_loss: 7.2655 (7.4800)  teacher_entropy_ratio: 0.7379 (0.7885)  teacher_batch_entropy_ratio: 0.8848 (0.8669)  dino_local_crops_loss: 5.3845 (5.6567)  dino_global_crops_loss: 0.6866 (0.7139)  koleo_loss: -0.0194 (0.0006)  ibot_loss: 1.2060 (1.1087)  time: 0.343989  data: 0.000620  max mem: 19495
I20260802 13:24:37 3235501 dinov2 helpers.py:102] Training  [3700/7500]  eta: 0:33:27  lr: 0.0006 (0.0008)  wd: 0.2155 (0.1039)  mom: 0.9959 (0.9934)  last_layer_lr: 0.0006 (0.0008)  current_batch_size: 64.0000 (64.0000)  total_loss: 7.2521 (7.4794)  teacher_entropy_ratio: 0.7375 (0.7884)  teacher_batch_entropy_ratio: 0.8816 (0.8669)  dino_local_crops_loss: 5.3663 (5.6560)  dino_global_crops_loss: 0.6863 (0.7139)  koleo_loss: -0.0196 (0.0005)  ibot_loss: 1.2133 (1.1090)  time: 0.357974  data: 0.001028  max mem: 19495
I20260802 13:24:40 3235501 dinov2 helpers.py:102] Training  [3710/7500]  eta: 0:33:20  lr: 0.0006 (0.0008)  wd: 0.2162 (0.1042)  mom: 0.9959 (0.9934)  last_layer_lr: 0.0006 (0.0008)  current_batch_size: 64.0000 (64.0000)  total_loss: 7.2501 (7.4789)  teacher_entropy_ratio: 0.7286 (0.7883)  teacher_batch_entropy_ratio: 0.8786 (0.8670)  dino_local_crops_loss: 5.3663 (5.6553)  dino_global_crops_loss: 0.6822 (0.7138)  koleo_loss: -0.0193 (0.0005)  ibot_loss: 1.2223 (1.1093)  time: 0.362621  data: 0.001258  max mem: 19495
I20260802 13:24:44 3235501 dinov2 helpers.py:102] Training  [3720/7500]  eta: 0:33:13  lr: 0.0006 (0.0008)  wd: 0.2170 (0.1045)  mom: 0.9959 (0.9934)  last_layer_lr: 0.0006 (0.0008)  current_batch_size: 64.0000 (64.0000)  total_loss: 7.2267 (7.4784)  teacher_entropy_ratio: 0.7286 (0.7881)  teacher_batch_entropy_ratio: 0.8784 (0.8670)  dino_local_crops_loss: 5.3695 (5.6546)  dino_global_crops_loss: 0.6833 (0.7137)  koleo_loss: -0.0193 (0.0004)  ibot_loss: 1.2299 (1.1096)  time: 0.345102  data: 0.000496  max mem: 19495
I20260802 13:24:47 3235501 dinov2 helpers.py:102] Training  [3730/7500]  eta: 0:33:05  lr: 0.0006 (0.0008)  wd: 0.2177 (0.1048)  mom: 0.9959 (0.9934)  last_layer_lr: 0.0006 (0.0008)  current_batch_size: 64.0000 (64.0000)  total_loss: 7.2019 (7.4777)  teacher_entropy_ratio: 0.7277 (0.7880)  teacher_batch_entropy_ratio: 0.8771 (0.8670)  dino_local_crops_loss: 5.3548 (5.6538)  dino_global_crops_loss: 0.6804 (0.7136)  koleo_loss: -0.0194 (0.0004)  ibot_loss: 1.2108 (1.1099)  time: 0.343031  data: 0.000610  max mem: 19495
I20260802 13:24:51 3235501 dinov2 helpers.py:102] Training  [3740/7500]  eta: 0:32:58  lr: 0.0006 (0.0008)  wd: 0.2185 (0.1051)  mom: 0.9960 (0.9934)  last_layer_lr: 0.0006 (0.0008)  current_batch_size: 64.0000 (64.0000)  total_loss: 7.2636 (7.4775)  teacher_entropy_ratio: 0.7364 (0.7879)  teacher_batch_entropy_ratio: 0.8824 (0.8671)  dino_local_crops_loss: 5.4053 (5.6534)  dino_global_crops_loss: 0.6955 (0.7136)  koleo_loss: -0.0193 (0.0003)  ibot_loss: 1.2032 (1.1102)  time: 0.341171  data: 0.000599  max mem: 19495
I20260802 13:24:54 3235501 dinov2 helpers.py:102] Training  [3750/7500]  eta: 0:32:51  lr: 0.0006 (0.0008)  wd: 0.2192 (0.1054)  mom: 0.9960 (0.9935)  last_layer_lr: 0.0006 (0.0008)  current_batch_size: 64.0000 (64.0000)  total_loss: 7.4097 (7.4768)  teacher_entropy_ratio: 0.7428 (0.7877)  teacher_batch_entropy_ratio: 0.8846 (0.8671)  dino_local_crops_loss: 5.4747 (5.6525)  dino_global_crops_loss: 0.7011 (0.7135)  koleo_loss: -0.0193 (0.0003)  ibot_loss: 1.2139 (1.1105)  time: 0.340894  data: 0.000526  max mem: 19495
I20260802 13:24:58 3235501 dinov2 helpers.py:102] Training  [3760/7500]  eta: 0:32:44  lr: 0.0006 (0.0008)  wd: 0.2200 (0.1057)  mom: 0.9960 (0.9935)  last_layer_lr: 0.0006 (0.0008)  current_batch_size: 64.0000 (64.0000)  total_loss: 7.1936 (7.4764)  teacher_entropy_ratio: 0.7310 (0.7876)  teacher_batch_entropy_ratio: 0.8762 (0.8672)  dino_local_crops_loss: 5.3838 (5.6519)  dino_global_crops_loss: 0.6860 (0.7135)  koleo_loss: -0.0191 (0.0002)  ibot_loss: 1.2139 (1.1107)  time: 0.341860  data: 0.000659  max mem: 19495
I20260802 13:25:01 3235501 dinov2 helpers.py:102] Training  [3770/7500]  eta: 0:32:37  lr: 0.0006 (0.0008)  wd: 0.2208 (0.1060)  mom: 0.9960 (0.9935)  last_layer_lr: 0.0006 (0.0008)  current_batch_size: 64.0000 (64.0000)  total_loss: 7.1936 (7.4757)  teacher_entropy_ratio: 0.7310 (0.7874)  teacher_batch_entropy_ratio: 0.8762 (0.8672)  dino_local_crops_loss: 5.3626 (5.6511)  dino_global_crops_loss: 0.6852 (0.7134)  koleo_loss: -0.0190 (0.0002)  ibot_loss: 1.2095 (1.1110)  time: 0.344858  data: 0.000659  max mem: 19495
I20260802 13:25:05 3235501 dinov2 helpers.py:102] Training  [3780/7500]  eta: 0:32:30  lr: 0.0006 (0.0008)  wd: 0.2215 (0.1063)  mom: 0.9960 (0.9935)  last_layer_lr: 0.0006 (0.0008)  current_batch_size: 64.0000 (64.0000)  total_loss: 7.2208 (7.4752)  teacher_entropy_ratio: 0.7287 (0.7873)  teacher_batch_entropy_ratio: 0.8768 (0.8672)  dino_local_crops_loss: 5.3543 (5.6505)  dino_global_crops_loss: 0.6790 (0.7133)  koleo_loss: -0.0189 (0.0001)  ibot_loss: 1.2091 (1.1112)  time: 0.355435  data: 0.007465  max mem: 19495
I20260802 13:25:08 3235501 dinov2 helpers.py:102] Training  [3790/7500]  eta: 0:32:23  lr: 0.0006 (0.0008)  wd: 0.2223 (0.1066)  mom: 0.9961 (0.9935)  last_layer_lr: 0.0006 (0.0008)  current_batch_size: 64.0000 (64.0000)  total_loss: 7.2665 (7.4749)  teacher_entropy_ratio: 0.7334 (0.7872)  teacher_batch_entropy_ratio: 0.8784 (0.8673)  dino_local_crops_loss: 5.3834 (5.6500)  dino_global_crops_loss: 0.6801 (0.7133)  koleo_loss: -0.0193 (0.0001)  ibot_loss: 1.2149 (1.1115)  time: 0.354420  data: 0.007212  max mem: 19495
I20260802 13:25:12 3235501 dinov2 helpers.py:102] Training  [3800/7500]  eta: 0:32:16  lr: 0.0006 (0.0008)  wd: 0.2230 (0.1069)  mom: 0.9961 (0.9935)  last_layer_lr: 0.0006 (0.0008)  current_batch_size: 64.0000 (64.0000)  total_loss: 7.2665 (7.4745)  teacher_entropy_ratio: 0.7322 (0.7871)  teacher_batch_entropy_ratio: 0.8784 (0.8673)  dino_local_crops_loss: 5.3792 (5.6494)  dino_global_crops_loss: 0.6801 (0.7132)  koleo_loss: -0.0197 (0.0000)  ibot_loss: 1.2270 (1.1118)  time: 0.350235  data: 0.005634  max mem: 19495
I20260802 13:25:15 3235501 dinov2 helpers.py:102] Training  [3810/7500]  eta: 0:32:09  lr: 0.0006 (0.0008)  wd: 0.2238 (0.1073)  mom: 0.9961 (0.9935)  last_layer_lr: 0.0006 (0.0008)  current_batch_size: 64.0000 (64.0000)  total_loss: 7.2070 (7.4739)  teacher_entropy_ratio: 0.7267 (0.7869)  teacher_batch_entropy_ratio: 0.8747 (0.8674)  dino_local_crops_loss: 5.3294 (5.6487)  dino_global_crops_loss: 0.6831 (0.7132)  koleo_loss: -0.0198 (-0.0000)  ibot_loss: 1.2134 (1.1121)  time: 0.351446  data: 0.005782  max mem: 19495
I20260802 13:25:19 3235501 dinov2 helpers.py:102] Training  [3820/7500]  eta: 0:32:03  lr: 0.0006 (0.0008)  wd: 0.2245 (0.1076)  mom: 0.9961 (0.9935)  last_layer_lr: 0.0006 (0.0008)  current_batch_size: 64.0000 (64.0000)  total_loss: 7.2165 (7.4734)  teacher_entropy_ratio: 0.7295 (0.7868)  teacher_batch_entropy_ratio: 0.8779 (0.8674)  dino_local_crops_loss: 5.3394 (5.6480)  dino_global_crops_loss: 0.6845 (0.7131)  koleo_loss: -0.0198 (-0.0001)  ibot_loss: 1.2134 (1.1124)  time: 0.352813  data: 0.001845  max mem: 19495
I20260802 13:25:22 3235501 dinov2 helpers.py:102] Training  [3830/7500]  eta: 0:31:56  lr: 0.0006 (0.0008)  wd: 0.2253 (0.1079)  mom: 0.9961 (0.9935)  last_layer_lr: 0.0006 (0.0008)  current_batch_size: 64.0000 (64.0000)  total_loss: 7.2046 (7.4726)  teacher_entropy_ratio: 0.7295 (0.7866)  teacher_batch_entropy_ratio: 0.8779 (0.8674)  dino_local_crops_loss: 5.3245 (5.6471)  dino_global_crops_loss: 0.6802 (0.7130)  koleo_loss: -0.0198 (-0.0001)  ibot_loss: 1.2096 (1.1126)  time: 0.350795  data: 0.001891  max mem: 19495
I20260802 13:25:26 3235501 dinov2 helpers.py:102] Training  [3840/7500]  eta: 0:31:49  lr: 0.0006 (0.0008)  wd: 0.2260 (0.1082)  mom: 0.9961 (0.9935)  last_layer_lr: 0.0006 (0.0008)  current_batch_size: 64.0000 (64.0000)  total_loss: 7.1636 (7.4722)  teacher_entropy_ratio: 0.7233 (0.7865)  teacher_batch_entropy_ratio: 0.8703 (0.8674)  dino_local_crops_loss: 5.3132 (5.6465)  dino_global_crops_loss: 0.6764 (0.7129)  koleo_loss: -0.0191 (-0.0002)  ibot_loss: 1.2118 (1.1129)  time: 0.344640  data: 0.002993  max mem: 19495
I20260802 13:25:29 3235501 dinov2 helpers.py:102] Training  [3850/7500]  eta: 0:31:42  lr: 0.0006 (0.0008)  wd: 0.2268 (0.1085)  mom: 0.9962 (0.9935)  last_layer_lr: 0.0006 (0.0008)  current_batch_size: 64.0000 (64.0000)  total_loss: 7.2898 (7.4718)  teacher_entropy_ratio: 0.7344 (0.7864)  teacher_batch_entropy_ratio: 0.8749 (0.8675)  dino_local_crops_loss: 5.4089 (5.6459)  dino_global_crops_loss: 0.6891 (0.7129)  koleo_loss: -0.0191 (-0.0002)  ibot_loss: 1.2120 (1.1132)  time: 0.359330  data: 0.008614  max mem: 19495
I20260802 13:25:33 3235501 dinov2 helpers.py:102] Training  [3860/7500]  eta: 0:31:35  lr: 0.0006 (0.0008)  wd: 0.2275 (0.1088)  mom: 0.9962 (0.9935)  last_layer_lr: 0.0006 (0.0008)  current_batch_size: 64.0000 (64.0000)  total_loss: 7.1947 (7.4713)  teacher_entropy_ratio: 0.7287 (0.7863)  teacher_batch_entropy_ratio: 0.8761 (0.8675)  dino_local_crops_loss: 5.3536 (5.6453)  dino_global_crops_loss: 0.6847 (0.7128)  koleo_loss: -0.0197 (-0.0003)  ibot_loss: 1.2120 (1.1135)  time: 0.362683  data: 0.012857  max mem: 19495
I20260802 13:25:36 3235501 dinov2 helpers.py:102] Training  [3870/7500]  eta: 0:31:29  lr: 0.0006 (0.0008)  wd: 0.2283 (0.1091)  mom: 0.9962 (0.9935)  last_layer_lr: 0.0006 (0.0008)  current_batch_size: 64.0000 (64.0000)  total_loss: 7.2134 (7.4710)  teacher_entropy_ratio: 0.7390 (0.7861)  teacher_batch_entropy_ratio: 0.8868 (0.8676)  dino_local_crops_loss: 5.3698 (5.6447)  dino_global_crops_loss: 0.6865 (0.7128)  koleo_loss: -0.0194 (-0.0003)  ibot_loss: 1.2245 (1.1138)  time: 0.350020  data: 0.010078  max mem: 19495
I20260802 13:25:40 3235501 dinov2 helpers.py:102] Training  [3880/7500]  eta: 0:31:22  lr: 0.0006 (0.0008)  wd: 0.2290 (0.1094)  mom: 0.9962 (0.9935)  last_layer_lr: 0.0006 (0.0008)  current_batch_size: 64.0000 (64.0000)  total_loss: 7.3316 (7.4704)  teacher_entropy_ratio: 0.7407 (0.7860)  teacher_batch_entropy_ratio: 0.8915 (0.8676)  dino_local_crops_loss: 5.4502 (5.6440)  dino_global_crops_loss: 0.6934 (0.7127)  koleo_loss: -0.0193 (-0.0004)  ibot_loss: 1.2245 (1.1140)  time: 0.348596  data: 0.006236  max mem: 19495
I20260802 13:25:43 3235501 dinov2 helpers.py:102] Training  [3890/7500]  eta: 0:31:15  lr: 0.0006 (0.0008)  wd: 0.2298 (0.1097)  mom: 0.9962 (0.9935)  last_layer_lr: 0.0006 (0.0008)  current_batch_size: 64.0000 (64.0000)  total_loss: 7.2544 (7.4700)  teacher_entropy_ratio: 0.7319 (0.7859)  teacher_batch_entropy_ratio: 0.8800 (0.8677)  dino_local_crops_loss: 5.3493 (5.6435)  dino_global_crops_loss: 0.6823 (0.7127)  koleo_loss: -0.0195 (-0.0004)  ibot_loss: 1.2288 (1.1143)  time: 0.352647  data: 0.008252  max mem: 19495
I20260802 13:25:47 3235501 dinov2 helpers.py:102] Training  [3900/7500]  eta: 0:31:09  lr: 0.0006 (0.0008)  wd: 0.2305 (0.1100)  mom: 0.9962 (0.9936)  last_layer_lr: 0.0006 (0.0008)  current_batch_size: 64.0000 (64.0000)  total_loss: 7.2544 (7.4696)  teacher_entropy_ratio: 0.7352 (0.7858)  teacher_batch_entropy_ratio: 0.8823 (0.8677)  dino_local_crops_loss: 5.3567 (5.6429)  dino_global_crops_loss: 0.6886 (0.7126)  koleo_loss: -0.0194 (-0.0005)  ibot_loss: 1.2067 (1.1145)  time: 0.372960  data: 0.026721  max mem: 19495
I20260802 13:25:51 3235501 dinov2 helpers.py:102] Training  [3910/7500]  eta: 0:31:02  lr: 0.0006 (0.0008)  wd: 0.2313 (0.1104)  mom: 0.9963 (0.9936)  last_layer_lr: 0.0006 (0.0008)  current_batch_size: 64.0000 (64.0000)  total_loss: 7.2241 (7.4689)  teacher_entropy_ratio: 0.7352 (0.7856)  teacher_batch_entropy_ratio: 0.8823 (0.8677)  dino_local_crops_loss: 5.3567 (5.6421)  dino_global_crops_loss: 0.6807 (0.7125)  koleo_loss: -0.0194 (-0.0005)  ibot_loss: 1.1955 (1.1148)  time: 0.367720  data: 0.023302  max mem: 19495
I20260802 13:25:54 3235501 dinov2 helpers.py:102] Training  [3920/7500]  eta: 0:30:55  lr: 0.0006 (0.0008)  wd: 0.2321 (0.1107)  mom: 0.9963 (0.9936)  last_layer_lr: 0.0006 (0.0008)  current_batch_size: 64.0000 (64.0000)  total_loss: 7.2601 (7.4687)  teacher_entropy_ratio: 0.7382 (0.7855)  teacher_batch_entropy_ratio: 0.8856 (0.8678)  dino_local_crops_loss: 5.4038 (5.6417)  dino_global_crops_loss: 0.6842 (0.7125)  koleo_loss: -0.0199 (-0.0006)  ibot_loss: 1.2023 (1.1150)  time: 0.350492  data: 0.002121  max mem: 19495
I20260802 13:25:58 3235501 dinov2 helpers.py:102] Training  [3930/7500]  eta: 0:30:49  lr: 0.0005 (0.0008)  wd: 0.2328 (0.1110)  mom: 0.9963 (0.9936)  last_layer_lr: 0.0005 (0.0008)  current_batch_size: 64.0000 (64.0000)  total_loss: 7.2612 (7.4682)  teacher_entropy_ratio: 0.7383 (0.7854)  teacher_batch_entropy_ratio: 0.8816 (0.8678)  dino_local_crops_loss: 5.4077 (5.6411)  dino_global_crops_loss: 0.6853 (0.7124)  koleo_loss: -0.0201 (-0.0006)  ibot_loss: 1.2078 (1.1153)  time: 0.357360  data: 0.004126  max mem: 19495
I20260802 13:26:02 3235501 dinov2 helpers.py:102] Training  [3940/7500]  eta: 0:30:42  lr: 0.0005 (0.0008)  wd: 0.2336 (0.1113)  mom: 0.9963 (0.9936)  last_layer_lr: 0.0005 (0.0008)  current_batch_size: 64.0000 (64.0000)  total_loss: 7.2705 (7.4677)  teacher_entropy_ratio: 0.7422 (0.7853)  teacher_batch_entropy_ratio: 0.8816 (0.8679)  dino_local_crops_loss: 5.4550 (5.6404)  dino_global_crops_loss: 0.6892 (0.7124)  koleo_loss: -0.0199 (-0.0007)  ibot_loss: 1.2078 (1.1156)  time: 0.366454  data: 0.013388  max mem: 19495
I20260802 13:26:06 3235501 dinov2 helpers.py:102] Training  [3950/7500]  eta: 0:30:36  lr: 0.0005 (0.0008)  wd: 0.2343 (0.1116)  mom: 0.9963 (0.9936)  last_layer_lr: 0.0005 (0.0008)  current_batch_size: 64.0000 (64.0000)  total_loss: 7.3380 (7.4673)  teacher_entropy_ratio: 0.7463 (0.7851)  teacher_batch_entropy_ratio: 0.8931 (0.8679)  dino_local_crops_loss: 5.4568 (5.6399)  dino_global_crops_loss: 0.6969 (0.7123)  koleo_loss: -0.0196 (-0.0007)  ibot_loss: 1.2260 (1.1159)  time: 0.397409  data: 0.053397  max mem: 19495
I20260802 13:26:10 3235501 dinov2 helpers.py:102] Training  [3960/7500]  eta: 0:30:30  lr: 0.0005 (0.0008)  wd: 0.2351 (0.1119)  mom: 0.9963 (0.9936)  last_layer_lr: 0.0005 (0.0008)  current_batch_size: 64.0000 (64.0000)  total_loss: 7.3223 (7.4669)  teacher_entropy_ratio: 0.7411 (0.7850)  teacher_batch_entropy_ratio: 0.8887 (0.8680)  dino_local_crops_loss: 5.4568 (5.6393)  dino_global_crops_loss: 0.6969 (0.7123)  koleo_loss: -0.0196 (-0.0008)  ibot_loss: 1.2210 (1.1161)  time: 0.410147  data: 0.065476  max mem: 19495
I20260802 13:26:14 3235501 dinov2 helpers.py:102] Training  [3970/7500]  eta: 0:30:24  lr: 0.0005 (0.0008)  wd: 0.2358 (0.1122)  mom: 0.9964 (0.9936)  last_layer_lr: 0.0005 (0.0008)  current_batch_size: 64.0000 (64.0000)  total_loss: 7.1846 (7.4661)  teacher_entropy_ratio: 0.7312 (0.7848)  teacher_batch_entropy_ratio: 0.8777 (0.8680)  dino_local_crops_loss: 5.3466 (5.6385)  dino_global_crops_loss: 0.6827 (0.7122)  koleo_loss: -0.0191 (-0.0008)  ibot_loss: 1.2033 (1.1163)  time: 0.423479  data: 0.075773  max mem: 19495
I20260802 13:26:18 3235501 dinov2 helpers.py:102] Training  [3980/7500]  eta: 0:30:18  lr: 0.0005 (0.0008)  wd: 0.2366 (0.1125)  mom: 0.9964 (0.9936)  last_layer_lr: 0.0005 (0.0008)  current_batch_size: 64.0000 (64.0000)  total_loss: 7.2794 (7.4661)  teacher_entropy_ratio: 0.7321 (0.7848)  teacher_batch_entropy_ratio: 0.8833 (0.8681)  dino_local_crops_loss: 5.4148 (5.6383)  dino_global_crops_loss: 0.6910 (0.7122)  koleo_loss: -0.0193 (-0.0009)  ibot_loss: 1.1841 (1.1165)  time: 0.423483  data: 0.081856  max mem: 19495
I20260802 13:26:22 3235501 dinov2 helpers.py:102] Training  [3990/7500]  eta: 0:30:12  lr: 0.0005 (0.0008)  wd: 0.2373 (0.1129)  mom: 0.9964 (0.9936)  last_layer_lr: 0.0005 (0.0008)  current_batch_size: 64.0000 (64.0000)  total_loss: 7.3377 (7.4656)  teacher_entropy_ratio: 0.7397 (0.7846)  teacher_batch_entropy_ratio: 0.8905 (0.8681)  dino_local_crops_loss: 5.4845 (5.6377)  dino_global_crops_loss: 0.6942 (0.7121)  koleo_loss: -0.0193 (-0.0009)  ibot_loss: 1.1904 (1.1167)  time: 0.394690  data: 0.049874  max mem: 19495
  [probe] best config: n_blocks=1 avgpool=True
I20260802 13:27:45 3235501 dinov2 train.py:276] PROBE @ iter 4000: 75.64% +/- 2.39%
W20260802 13:27:45 3235501 py.warnings warnings.py:109] /sci/labs/arieljaffe/dan.abergel1/repos/FAIR_official/dinov2/loss/koleo_loss.py:43: FutureWarning: `torch.cuda.amp.autocast(args...)` is deprecated. Please use `torch.amp.autocast('cuda', args...)` instead.
  with torch.cuda.amp.autocast(enabled=False):

I20260802 13:27:45 3235501 dinov2 helpers.py:102] Training  [4000/7500]  eta: 0:31:14  lr: 0.0005 (0.0008)  wd: 0.2381 (0.1132)  mom: 0.9964 (0.9936)  last_layer_lr: 0.0005 (0.0008)  current_batch_size: 64.0000 (64.0000)  total_loss: 7.3333 (7.4653)  teacher_entropy_ratio: 0.7397 (0.7845)  teacher_batch_entropy_ratio: 0.8921 (0.8682)  dino_local_crops_loss: 5.4405 (5.6372)  dino_global_crops_loss: 0.6928 (0.7121)  koleo_loss: -0.0199 (-0.0009)  ibot_loss: 1.2009 (1.1170)  time: 4.328225  data: 0.022635  max mem: 19495
I20260802 13:27:48 3235501 dinov2 helpers.py:102] Training  [4010/7500]  eta: 0:31:07  lr: 0.0005 (0.0008)  wd: 0.2388 (0.1135)  mom: 0.9964 (0.9936)  last_layer_lr: 0.0005 (0.0008)  current_batch_size: 64.0000 (64.0000)  total_loss: 7.2553 (7.4647)  teacher_entropy_ratio: 0.7243 (0.7844)  teacher_batch_entropy_ratio: 0.8795 (0.8682)  dino_local_crops_loss: 5.3368 (5.6365)  dino_global_crops_loss: 0.6837 (0.7120)  koleo_loss: -0.0197 (-0.0010)  ibot_loss: 1.2113 (1.1172)  time: 4.300922  data: 0.000671  max mem: 19495
I20260802 13:27:52 3235501 dinov2 helpers.py:102] Training  [4020/7500]  eta: 0:31:00  lr: 0.0005 (0.0008)  wd: 0.2396 (0.1138)  mom: 0.9964 (0.9936)  last_layer_lr: 0.0005 (0.0008)  current_batch_size: 64.0000 (64.0000)  total_loss: 7.1437 (7.4643)  teacher_entropy_ratio: 0.7223 (0.7843)  teacher_batch_entropy_ratio: 0.8795 (0.8682)  dino_local_crops_loss: 5.3104 (5.6359)  dino_global_crops_loss: 0.6767 (0.7120)  koleo_loss: -0.0197 (-0.0010)  ibot_loss: 1.2120 (1.1174)  time: 0.340831  data: 0.000462  max mem: 19495
I20260802 13:27:55 3235501 dinov2 helpers.py:102] Training  [4030/7500]  eta: 0:30:53  lr: 0.0005 (0.0008)  wd: 0.2403 (0.1141)  mom: 0.9965 (0.9936)  last_layer_lr: 0.0005 (0.0008)  current_batch_size: 64.0000 (64.0000)  total_loss: 7.2087 (7.4637)  teacher_entropy_ratio: 0.7278 (0.7842)  teacher_batch_entropy_ratio: 0.8831 (0.8683)  dino_local_crops_loss: 5.3598 (5.6353)  dino_global_crops_loss: 0.6858 (0.7119)  koleo_loss: -0.0194 (-0.0011)  ibot_loss: 1.1965 (1.1176)  time: 0.348352  data: 0.000782  max mem: 19495
I20260802 13:27:59 3235501 dinov2 helpers.py:102] Training  [4040/7500]  eta: 0:30:46  lr: 0.0005 (0.0008)  wd: 0.2411 (0.1144)  mom: 0.9965 (0.9937)  last_layer_lr: 0.0005 (0.0008)  current_batch_size: 64.0000 (64.0000)  total_loss: 7.1052 (7.4631)  teacher_entropy_ratio: 0.7265 (0.7840)  teacher_batch_entropy_ratio: 0.8823 (0.8683)  dino_local_crops_loss: 5.2916 (5.6346)  dino_global_crops_loss: 0.6776 (0.7118)  koleo_loss: -0.0194 (-0.0011)  ibot_loss: 1.1939 (1.1178)  time: 0.351356  data: 0.003120  max mem: 19495
W20260802 13:28:02 3235501 py.warnings warnings.py:109] /sci/labs/arieljaffe/dan.abergel1/torch_env/lib/python3.11/site-packages/torch/distributed/fsdp/fully_sharded_data_parallel.py:822: FutureWarning: FSDP.state_dict_type() and FSDP.set_state_dict_type() are being deprecated. Please use APIs, get_state_dict() and set_state_dict(), which can support different parallelisms, FSDP1, FSDP2, DDP. API doc: https://pytorch.org/docs/stable/distributed.checkpoint.html#torch.distributed.checkpoint.state_dict.get_state_dict .Tutorial: https://pytorch.org/tutorials/recipes/distributed_checkpoint_recipe.html .
  prev_state_dict_settings = FullyShardedDataParallel.set_state_dict_type(

W20260802 13:28:02 3235501 py.warnings warnings.py:109] /sci/labs/arieljaffe/dan.abergel1/torch_env/lib/python3.11/site-packages/torch/utils/_contextlib.py:124: UserWarning: When using ``NO_SHARD`` for ``ShardingStrategy``, full_state_dict will be returned.
  return func(*args, **kwargs)

W20260802 13:28:02 3235501 py.warnings warnings.py:109] /sci/labs/arieljaffe/dan.abergel1/torch_env/lib/python3.11/site-packages/torch/distributed/fsdp/fully_sharded_data_parallel.py:829: FutureWarning: FSDP.state_dict_type() and FSDP.set_state_dict_type() are being deprecated. Please use APIs, get_state_dict() and set_state_dict(), which can support different parallelisms, FSDP1, FSDP2, DDP. API doc: https://pytorch.org/docs/stable/distributed.checkpoint.html#torch.distributed.checkpoint.state_dict.get_state_dict .Tutorial: https://pytorch.org/tutorials/recipes/distributed_checkpoint_recipe.html .
  FullyShardedDataParallel.set_state_dict_type(

I20260802 13:28:02 3235501 fvcore.common.checkpoint __init__.py:109] Saving checkpoint to /sci/labs/arieljaffe/dan.abergel1/runs/brain/koleo_on/model_0004049.rank_0.pth
W20260802 13:28:04 3235501 py.warnings warnings.py:109] /sci/labs/arieljaffe/dan.abergel1/torch_env/lib/python3.11/site-packages/torch/distributed/c10d_logger.py:83: UserWarning: barrier(): using the device under current context. You can specify `device_id` in `init_process_group` to mute this warning.
  return func(*args, **kwargs)

I20260802 13:28:04 3235501 dinov2 helpers.py:102] Training  [4050/7500]  eta: 0:30:41  lr: 0.0005 (0.0008)  wd: 0.2418 (0.1147)  mom: 0.9965 (0.9937)  last_layer_lr: 0.0005 (0.0008)  current_batch_size: 64.0000 (64.0000)  total_loss: 7.3197 (7.4629)  teacher_entropy_ratio: 0.7363 (0.7839)  teacher_batch_entropy_ratio: 0.8923 (0.8684)  dino_local_crops_loss: 5.4374 (5.6343)  dino_global_crops_loss: 0.6938 (0.7118)  koleo_loss: -0.0196 (-0.0012)  ibot_loss: 1.2116 (1.1180)  time: 0.433872  data: 0.011239  max mem: 19495
I20260802 13:28:07 3235501 dinov2 helpers.py:102] Training  [4060/7500]  eta: 0:30:34  lr: 0.0005 (0.0008)  wd: 0.2426 (0.1151)  mom: 0.9965 (0.9937)  last_layer_lr: 0.0005 (0.0008)  current_batch_size: 64.0000 (64.0000)  total_loss: 7.3197 (7.4623)  teacher_entropy_ratio: 0.7363 (0.7838)  teacher_batch_entropy_ratio: 0.8902 (0.8684)  dino_local_crops_loss: 5.3937 (5.6335)  dino_global_crops_loss: 0.6921 (0.7117)  koleo_loss: -0.0197 (-0.0012)  ibot_loss: 1.2137 (1.1182)  time: 0.431177  data: 0.008668  max mem: 19495
I20260802 13:28:11 3235501 dinov2 helpers.py:102] Training  [4070/7500]  eta: 0:30:27  lr: 0.0005 (0.0008)  wd: 0.2433 (0.1154)  mom: 0.9965 (0.9937)  last_layer_lr: 0.0005 (0.0008)  current_batch_size: 64.0000 (64.0000)  total_loss: 7.2545 (7.4619)  teacher_entropy_ratio: 0.7239 (0.7837)  teacher_batch_entropy_ratio: 0.8821 (0.8685)  dino_local_crops_loss: 5.4206 (5.6331)  dino_global_crops_loss: 0.6973 (0.7117)  koleo_loss: -0.0199 (-0.0013)  ibot_loss: 1.1884 (1.1184)  time: 0.356974  data: 0.000609  max mem: 19495
I20260802 13:28:15 3235501 dinov2 helpers.py:102] Training  [4080/7500]  eta: 0:30:20  lr: 0.0005 (0.0008)  wd: 0.2441 (0.1157)  mom: 0.9965 (0.9937)  last_layer_lr: 0.0005 (0.0008)  current_batch_size: 64.0000 (64.0000)  total_loss: 7.2583 (7.4615)  teacher_entropy_ratio: 0.7265 (0.7835)  teacher_batch_entropy_ratio: 0.8816 (0.8685)  dino_local_crops_loss: 5.4206 (5.6325)  dino_global_crops_loss: 0.6973 (0.7116)  koleo_loss: -0.0199 (-0.0013)  ibot_loss: 1.1898 (1.1186)  time: 0.356643  data: 0.000705  max mem: 19495
I20260802 13:28:19 3235501 dinov2 helpers.py:102] Training  [4090/7500]  eta: 0:30:14  lr: 0.0005 (0.0008)  wd: 0.2448 (0.1160)  mom: 0.9966 (0.9937)  last_layer_lr: 0.0005 (0.0008)  current_batch_size: 64.0000 (64.0000)  total_loss: 7.2507 (7.4609)  teacher_entropy_ratio: 0.7230 (0.7834)  teacher_batch_entropy_ratio: 0.8786 (0.8686)  dino_local_crops_loss: 5.3399 (5.6318)  dino_global_crops_loss: 0.6826 (0.7116)  koleo_loss: -0.0201 (-0.0014)  ibot_loss: 1.2115 (1.1188)  time: 0.390895  data: 0.038899  max mem: 19495
I20260802 13:28:23 3235501 dinov2 helpers.py:102] Training  [4100/7500]  eta: 0:30:08  lr: 0.0005 (0.0008)  wd: 0.2455 (0.1163)  mom: 0.9966 (0.9937)  last_layer_lr: 0.0005 (0.0008)  current_batch_size: 64.0000 (64.0000)  total_loss: 7.2685 (7.4606)  teacher_entropy_ratio: 0.7318 (0.7833)  teacher_batch_entropy_ratio: 0.8827 (0.8686)  dino_local_crops_loss: 5.3498 (5.6314)  dino_global_crops_loss: 0.6861 (0.7115)  koleo_loss: -0.0200 (-0.0014)  ibot_loss: 1.2164 (1.1191)  time: 0.413639  data: 0.060994  max mem: 19495
I20260802 13:28:27 3235501 dinov2 helpers.py:102] Training  [4110/7500]  eta: 0:30:01  lr: 0.0005 (0.0008)  wd: 0.2463 (0.1166)  mom: 0.9966 (0.9937)  last_layer_lr: 0.0005 (0.0008)  current_batch_size: 64.0000 (64.0000)  total_loss: 7.2179 (7.4601)  teacher_entropy_ratio: 0.7247 (0.7832)  teacher_batch_entropy_ratio: 0.8847 (0.8687)  dino_local_crops_loss: 5.3591 (5.6307)  dino_global_crops_loss: 0.6862 (0.7115)  koleo_loss: -0.0199 (-0.0015)  ibot_loss: 1.2060 (1.1193)  time: 0.383893  data: 0.039871  max mem: 19495
I20260802 13:28:30 3235501 dinov2 helpers.py:102] Training  [4120/7500]  eta: 0:29:54  lr: 0.0005 (0.0008)  wd: 0.2470 (0.1170)  mom: 0.9966 (0.9937)  last_layer_lr: 0.0005 (0.0008)  current_batch_size: 64.0000 (64.0000)  total_loss: 7.2027 (7.4595)  teacher_entropy_ratio: 0.7265 (0.7831)  teacher_batch_entropy_ratio: 0.8875 (0.8687)  dino_local_crops_loss: 5.3591 (5.6302)  dino_global_crops_loss: 0.6869 (0.7114)  koleo_loss: -0.0200 (-0.0015)  ibot_loss: 1.1857 (1.1195)  time: 0.381796  data: 0.040353  max mem: 19495
I20260802 13:28:35 3235501 dinov2 helpers.py:102] Training  [4130/7500]  eta: 0:29:48  lr: 0.0005 (0.0008)  wd: 0.2478 (0.1173)  mom: 0.9966 (0.9937)  last_layer_lr: 0.0005 (0.0008)  current_batch_size: 64.0000 (64.0000)  total_loss: 7.2955 (7.4592)  teacher_entropy_ratio: 0.7432 (0.7830)  teacher_batch_entropy_ratio: 0.8906 (0.8688)  dino_local_crops_loss: 5.4629 (5.6297)  dino_global_crops_loss: 0.6960 (0.7114)  koleo_loss: -0.0194 (-0.0015)  ibot_loss: 1.1899 (1.1197)  time: 0.397572  data: 0.059384  max mem: 19495
I20260802 13:28:39 3235501 dinov2 helpers.py:102] Training  [4140/7500]  eta: 0:29:42  lr: 0.0005 (0.0008)  wd: 0.2485 (0.1176)  mom: 0.9966 (0.9937)  last_layer_lr: 0.0005 (0.0008)  current_batch_size: 64.0000 (64.0000)  total_loss: 7.3607 (7.4589)  teacher_entropy_ratio: 0.7446 (0.7829)  teacher_batch_entropy_ratio: 0.8989 (0.8689)  dino_local_crops_loss: 5.4767 (5.6293)  dino_global_crops_loss: 0.6989 (0.7114)  koleo_loss: -0.0197 (-0.0016)  ibot_loss: 1.1961 (1.1198)  time: 0.409696  data: 0.057474  max mem: 19495
I20260802 13:28:43 3235501 dinov2 helpers.py:102] Training  [4150/7500]  eta: 0:29:36  lr: 0.0005 (0.0008)  wd: 0.2493 (0.1179)  mom: 0.9967 (0.9937)  last_layer_lr: 0.0005 (0.0008)  current_batch_size: 64.0000 (64.0000)  total_loss: 7.1440 (7.4581)  teacher_entropy_ratio: 0.7188 (0.7827)  teacher_batch_entropy_ratio: 0.8800 (0.8689)  dino_local_crops_loss: 5.3017 (5.6284)  dino_global_crops_loss: 0.6790 (0.7113)  koleo_loss: -0.0197 (-0.0016)  ibot_loss: 1.1950 (1.1200)  time: 0.422680  data: 0.060954  max mem: 19495
I20260802 13:28:47 3235501 dinov2 helpers.py:102] Training  [4160/7500]  eta: 0:29:29  lr: 0.0005 (0.0008)  wd: 0.2500 (0.1182)  mom: 0.9967 (0.9937)  last_layer_lr: 0.0005 (0.0008)  current_batch_size: 64.0000 (64.0000)  total_loss: 7.1320 (7.4577)  teacher_entropy_ratio: 0.7178 (0.7826)  teacher_batch_entropy_ratio: 0.8722 (0.8689)  dino_local_crops_loss: 5.2982 (5.6279)  dino_global_crops_loss: 0.6769 (0.7112)  koleo_loss: -0.0197 (-0.0017)  ibot_loss: 1.1897 (1.1202)  time: 0.393056  data: 0.040259  max mem: 19495
I20260802 13:28:51 3235501 dinov2 helpers.py:102] Training  [4170/7500]  eta: 0:29:23  lr: 0.0005 (0.0008)  wd: 0.2508 (0.1185)  mom: 0.9967 (0.9937)  last_layer_lr: 0.0005 (0.0008)  current_batch_size: 64.0000 (64.0000)  total_loss: 7.2339 (7.4570)  teacher_entropy_ratio: 0.7223 (0.7824)  teacher_batch_entropy_ratio: 0.8843 (0.8689)  dino_local_crops_loss: 5.3429 (5.6272)  dino_global_crops_loss: 0.6830 (0.7111)  koleo_loss: -0.0197 (-0.0017)  ibot_loss: 1.1995 (1.1204)  time: 0.397679  data: 0.054629  max mem: 19495
I20260802 13:28:56 3235501 dinov2 helpers.py:102] Training  [4180/7500]  eta: 0:29:17  lr: 0.0005 (0.0008)  wd: 0.2515 (0.1189)  mom: 0.9967 (0.9938)  last_layer_lr: 0.0005 (0.0008)  current_batch_size: 64.0000 (64.0000)  total_loss: 7.2418 (7.4566)  teacher_entropy_ratio: 0.7260 (0.7823)  teacher_batch_entropy_ratio: 0.8867 (0.8690)  dino_local_crops_loss: 5.3232 (5.6267)  dino_global_crops_loss: 0.6869 (0.7111)  koleo_loss: -0.0197 (-0.0018)  ibot_loss: 1.1995 (1.1206)  time: 0.458008  data: 0.122023  max mem: 19495
I20260802 13:29:00 3235501 dinov2 helpers.py:102] Training  [4190/7500]  eta: 0:29:11  lr: 0.0005 (0.0008)  wd: 0.2522 (0.1192)  mom: 0.9967 (0.9938)  last_layer_lr: 0.0005 (0.0008)  current_batch_size: 64.0000 (64.0000)  total_loss: 7.2495 (7.4561)  teacher_entropy_ratio: 0.7298 (0.7822)  teacher_batch_entropy_ratio: 0.8870 (0.8690)  dino_local_crops_loss: 5.3871 (5.6261)  dino_global_crops_loss: 0.6876 (0.7110)  koleo_loss: -0.0199 (-0.0018)  ibot_loss: 1.2185 (1.1208)  time: 0.430005  data: 0.086175  max mem: 19495
I20260802 13:29:04 3235501 dinov2 helpers.py:102] Training  [4200/7500]  eta: 0:29:05  lr: 0.0005 (0.0008)  wd: 0.2530 (0.1195)  mom: 0.9967 (0.9938)  last_layer_lr: 0.0005 (0.0008)  current_batch_size: 64.0000 (64.0000)  total_loss: 7.3158 (7.4558)  teacher_entropy_ratio: 0.7326 (0.7821)  teacher_batch_entropy_ratio: 0.8877 (0.8691)  dino_local_crops_loss: 5.4014 (5.6257)  dino_global_crops_loss: 0.6890 (0.7110)  koleo_loss: -0.0200 (-0.0018)  ibot_loss: 1.1994 (1.1210)  time: 0.397103  data: 0.051422  max mem: 19495
I20260802 13:29:07 3235501 dinov2 helpers.py:102] Training  [4210/7500]  eta: 0:28:58  lr: 0.0005 (0.0008)  wd: 0.2537 (0.1198)  mom: 0.9967 (0.9938)  last_layer_lr: 0.0005 (0.0008)  current_batch_size: 64.0000 (64.0000)  total_loss: 7.3019 (7.4552)  teacher_entropy_ratio: 0.7326 (0.7820)  teacher_batch_entropy_ratio: 0.8877 (0.8691)  dino_local_crops_loss: 5.4530 (5.6250)  dino_global_crops_loss: 0.6966 (0.7109)  koleo_loss: -0.0197 (-0.0019)  ibot_loss: 1.1852 (1.1211)  time: 0.388177  data: 0.046354  max mem: 19495
I20260802 13:29:11 3235501 dinov2 helpers.py:102] Training  [4220/7500]  eta: 0:28:52  lr: 0.0005 (0.0008)  wd: 0.2545 (0.1201)  mom: 0.9968 (0.9938)  last_layer_lr: 0.0005 (0.0008)  current_batch_size: 64.0000 (64.0000)  total_loss: 7.2163 (7.4549)  teacher_entropy_ratio: 0.7258 (0.7819)  teacher_batch_entropy_ratio: 0.8863 (0.8692)  dino_local_crops_loss: 5.3637 (5.6246)  dino_global_crops_loss: 0.6896 (0.7109)  koleo_loss: -0.0198 (-0.0019)  ibot_loss: 1.1859 (1.1213)  time: 0.380428  data: 0.034854  max mem: 19495
I20260802 13:29:15 3235501 dinov2 helpers.py:102] Training  [4230/7500]  eta: 0:28:46  lr: 0.0005 (0.0008)  wd: 0.2552 (0.1205)  mom: 0.9968 (0.9938)  last_layer_lr: 0.0005 (0.0008)  current_batch_size: 64.0000 (64.0000)  total_loss: 7.1952 (7.4544)  teacher_entropy_ratio: 0.7234 (0.7817)  teacher_batch_entropy_ratio: 0.8818 (0.8693)  dino_local_crops_loss: 5.3200 (5.6241)  dino_global_crops_loss: 0.6827 (0.7109)  koleo_loss: -0.0201 (-0.0020)  ibot_loss: 1.1859 (1.1215)  time: 0.402365  data: 0.060384  max mem: 19495
I20260802 13:29:19 3235501 dinov2 helpers.py:102] Training  [4240/7500]  eta: 0:28:39  lr: 0.0005 (0.0008)  wd: 0.2559 (0.1208)  mom: 0.9968 (0.9938)  last_layer_lr: 0.0005 (0.0007)  current_batch_size: 64.0000 (64.0000)  total_loss: 7.1044 (7.4537)  teacher_entropy_ratio: 0.7156 (0.7816)  teacher_batch_entropy_ratio: 0.8752 (0.8693)  dino_local_crops_loss: 5.2515 (5.6233)  dino_global_crops_loss: 0.6731 (0.7108)  koleo_loss: -0.0200 (-0.0020)  ibot_loss: 1.1938 (1.1217)  time: 0.402895  data: 0.062210  max mem: 19495
I20260802 13:29:23 3235501 dinov2 helpers.py:102] Training  [4250/7500]  eta: 0:28:33  lr: 0.0005 (0.0008)  wd: 0.2567 (0.1211)  mom: 0.9968 (0.9938)  last_layer_lr: 0.0005 (0.0007)  current_batch_size: 64.0000 (64.0000)  total_loss: 7.2340 (7.4533)  teacher_entropy_ratio: 0.7281 (0.7815)  teacher_batch_entropy_ratio: 0.8845 (0.8693)  dino_local_crops_loss: 5.3630 (5.6228)  dino_global_crops_loss: 0.6771 (0.7107)  koleo_loss: -0.0201 (-0.0021)  ibot_loss: 1.2046 (1.1218)  time: 0.398303  data: 0.045311  max mem: 19495
I20260802 13:29:27 3235501 dinov2 helpers.py:102] Training  [4260/7500]  eta: 0:28:27  lr: 0.0005 (0.0008)  wd: 0.2574 (0.1214)  mom: 0.9968 (0.9938)  last_layer_lr: 0.0005 (0.0007)  current_batch_size: 64.0000 (64.0000)  total_loss: 7.2866 (7.4530)  teacher_entropy_ratio: 0.7345 (0.7814)  teacher_batch_entropy_ratio: 0.8935 (0.8694)  dino_local_crops_loss: 5.3920 (5.6224)  dino_global_crops_loss: 0.6885 (0.7107)  koleo_loss: -0.0201 (-0.0021)  ibot_loss: 1.2098 (1.1221)  time: 0.379211  data: 0.022546  max mem: 19495
I20260802 13:29:31 3235501 dinov2 helpers.py:102] Training  [4270/7500]  eta: 0:28:20  lr: 0.0005 (0.0008)  wd: 0.2582 (0.1217)  mom: 0.9968 (0.9938)  last_layer_lr: 0.0005 (0.0007)  current_batch_size: 64.0000 (64.0000)  total_loss: 7.1873 (7.4522)  teacher_entropy_ratio: 0.7193 (0.7812)  teacher_batch_entropy_ratio: 0.8790 (0.8694)  dino_local_crops_loss: 5.3510 (5.6215)  dino_global_crops_loss: 0.6815 (0.7106)  koleo_loss: -0.0199 (-0.0021)  ibot_loss: 1.2042 (1.1222)  time: 0.373380  data: 0.022015  max mem: 19495
I20260802 13:29:35 3235501 dinov2 helpers.py:102] Training  [4280/7500]  eta: 0:28:14  lr: 0.0005 (0.0008)  wd: 0.2589 (0.1221)  mom: 0.9969 (0.9938)  last_layer_lr: 0.0005 (0.0007)  current_batch_size: 64.0000 (64.0000)  total_loss: 7.1629 (7.4517)  teacher_entropy_ratio: 0.7163 (0.7811)  teacher_batch_entropy_ratio: 0.8808 (0.8694)  dino_local_crops_loss: 5.2749 (5.6209)  dino_global_crops_loss: 0.6742 (0.7105)  koleo_loss: -0.0199 (-0.0022)  ibot_loss: 1.2060 (1.1225)  time: 0.384118  data: 0.034491  max mem: 19495
I20260802 13:29:39 3235501 dinov2 helpers.py:102] Training  [4290/7500]  eta: 0:28:08  lr: 0.0005 (0.0007)  wd: 0.2596 (0.1224)  mom: 0.9969 (0.9938)  last_layer_lr: 0.0005 (0.0007)  current_batch_size: 64.0000 (64.0000)  total_loss: 7.2434 (7.4512)  teacher_entropy_ratio: 0.7291 (0.7810)  teacher_batch_entropy_ratio: 0.8860 (0.8695)  dino_local_crops_loss: 5.3604 (5.6203)  dino_global_crops_loss: 0.6885 (0.7105)  koleo_loss: -0.0199 (-0.0022)  ibot_loss: 1.1985 (1.1226)  time: 0.391458  data: 0.044140  max mem: 19495
I20260802 13:29:43 3235501 dinov2 helpers.py:102] Training  [4300/7500]  eta: 0:28:01  lr: 0.0005 (0.0007)  wd: 0.2604 (0.1227)  mom: 0.9969 (0.9938)  last_layer_lr: 0.0005 (0.0007)  current_batch_size: 64.0000 (64.0000)  total_loss: 7.2184 (7.4506)  teacher_entropy_ratio: 0.7260 (0.7808)  teacher_batch_entropy_ratio: 0.8839 (0.8695)  dino_local_crops_loss: 5.3568 (5.6197)  dino_global_crops_loss: 0.6835 (0.7104)  koleo_loss: -0.0207 (-0.0023)  ibot_loss: 1.1969 (1.1228)  time: 0.401990  data: 0.053660  max mem: 19495
I20260802 13:29:47 3235501 dinov2 helpers.py:102] Training  [4310/7500]  eta: 0:27:55  lr: 0.0005 (0.0007)  wd: 0.2611 (0.1230)  mom: 0.9969 (0.9938)  last_layer_lr: 0.0005 (0.0007)  current_batch_size: 64.0000 (64.0000)  total_loss: 7.2801 (7.4502)  teacher_entropy_ratio: 0.7321 (0.7807)  teacher_batch_entropy_ratio: 0.8907 (0.8696)  dino_local_crops_loss: 5.4015 (5.6192)  dino_global_crops_loss: 0.6889 (0.7104)  koleo_loss: -0.0202 (-0.0023)  ibot_loss: 1.1972 (1.1229)  time: 0.403040  data: 0.048550  max mem: 19495
I20260802 13:29:51 3235501 dinov2 helpers.py:102] Training  [4320/7500]  eta: 0:27:49  lr: 0.0005 (0.0007)  wd: 0.2618 (0.1234)  mom: 0.9969 (0.9939)  last_layer_lr: 0.0005 (0.0007)  current_batch_size: 64.0000 (64.0000)  total_loss: 7.2064 (7.4497)  teacher_entropy_ratio: 0.7239 (0.7806)  teacher_batch_entropy_ratio: 0.8803 (0.8696)  dino_local_crops_loss: 5.3380 (5.6185)  dino_global_crops_loss: 0.6796 (0.7103)  koleo_loss: -0.0201 (-0.0023)  ibot_loss: 1.2103 (1.1232)  time: 0.410897  data: 0.058073  max mem: 19495
I20260802 13:29:55 3235501 dinov2 helpers.py:102] Training  [4330/7500]  eta: 0:27:43  lr: 0.0005 (0.0007)  wd: 0.2626 (0.1237)  mom: 0.9969 (0.9939)  last_layer_lr: 0.0005 (0.0007)  current_batch_size: 64.0000 (64.0000)  total_loss: 7.2064 (7.4492)  teacher_entropy_ratio: 0.7247 (0.7805)  teacher_batch_entropy_ratio: 0.8803 (0.8696)  dino_local_crops_loss: 5.3380 (5.6180)  dino_global_crops_loss: 0.6778 (0.7103)  koleo_loss: -0.0203 (-0.0024)  ibot_loss: 1.2270 (1.1234)  time: 0.419760  data: 0.075008  max mem: 19495
I20260802 13:29:59 3235501 dinov2 helpers.py:102] Training  [4340/7500]  eta: 0:27:37  lr: 0.0005 (0.0007)  wd: 0.2633 (0.1240)  mom: 0.9970 (0.9939)  last_layer_lr: 0.0005 (0.0007)  current_batch_size: 64.0000 (64.0000)  total_loss: 7.2924 (7.4487)  teacher_entropy_ratio: 0.7335 (0.7804)  teacher_batch_entropy_ratio: 0.8882 (0.8697)  dino_local_crops_loss: 5.4026 (5.6173)  dino_global_crops_loss: 0.6931 (0.7102)  koleo_loss: -0.0201 (-0.0024)  ibot_loss: 1.2289 (1.1236)  time: 0.417041  data: 0.077677  max mem: 19495
I20260802 13:30:03 3235501 dinov2 helpers.py:102] Training  [4350/7500]  eta: 0:27:31  lr: 0.0005 (0.0007)  wd: 0.2640 (0.1243)  mom: 0.9970 (0.9939)  last_layer_lr: 0.0005 (0.0007)  current_batch_size: 64.0000 (64.0000)  total_loss: 7.1739 (7.4482)  teacher_entropy_ratio: 0.7255 (0.7802)  teacher_batch_entropy_ratio: 0.8848 (0.8697)  dino_local_crops_loss: 5.2889 (5.6167)  dino_global_crops_loss: 0.6769 (0.7101)  koleo_loss: -0.0201 (-0.0025)  ibot_loss: 1.2075 (1.1238)  time: 0.401799  data: 0.058587  max mem: 19495
I20260802 13:30:07 3235501 dinov2 helpers.py:102] Training  [4360/7500]  eta: 0:27:25  lr: 0.0004 (0.0007)  wd: 0.2648 (0.1246)  mom: 0.9970 (0.9939)  last_layer_lr: 0.0004 (0.0007)  current_batch_size: 64.0000 (64.0000)  total_loss: 7.1910 (7.4476)  teacher_entropy_ratio: 0.7294 (0.7801)  teacher_batch_entropy_ratio: 0.8903 (0.8697)  dino_local_crops_loss: 5.3595 (5.6161)  dino_global_crops_loss: 0.6856 (0.7101)  koleo_loss: -0.0200 (-0.0025)  ibot_loss: 1.1977 (1.1240)  time: 0.396917  data: 0.052532  max mem: 19495
I20260802 13:30:11 3235501 dinov2 helpers.py:102] Training  [4370/7500]  eta: 0:27:19  lr: 0.0004 (0.0007)  wd: 0.2655 (0.1250)  mom: 0.9970 (0.9939)  last_layer_lr: 0.0004 (0.0007)  current_batch_size: 64.0000 (64.0000)  total_loss: 7.1910 (7.4470)  teacher_entropy_ratio: 0.7269 (0.7800)  teacher_batch_entropy_ratio: 0.8863 (0.8698)  dino_local_crops_loss: 5.3516 (5.6154)  dino_global_crops_loss: 0.6856 (0.7100)  koleo_loss: -0.0201 (-0.0025)  ibot_loss: 1.2020 (1.1242)  time: 0.388986  data: 0.047433  max mem: 19495
I20260802 13:30:15 3235501 dinov2 helpers.py:102] Training  [4380/7500]  eta: 0:27:12  lr: 0.0004 (0.0007)  wd: 0.2662 (0.1253)  mom: 0.9970 (0.9939)  last_layer_lr: 0.0004 (0.0007)  current_batch_size: 64.0000 (64.0000)  total_loss: 7.1112 (7.4465)  teacher_entropy_ratio: 0.7144 (0.7799)  teacher_batch_entropy_ratio: 0.8779 (0.8698)  dino_local_crops_loss: 5.3200 (5.6148)  dino_global_crops_loss: 0.6830 (0.7100)  koleo_loss: -0.0198 (-0.0026)  ibot_loss: 1.1987 (1.1243)  time: 0.387917  data: 0.045776  max mem: 19495
I20260802 13:30:19 3235501 dinov2 helpers.py:102] Training  [4390/7500]  eta: 0:27:06  lr: 0.0004 (0.0007)  wd: 0.2670 (0.1256)  mom: 0.9970 (0.9939)  last_layer_lr: 0.0004 (0.0007)  current_batch_size: 64.0000 (64.0000)  total_loss: 7.1355 (7.4459)  teacher_entropy_ratio: 0.7144 (0.7797)  teacher_batch_entropy_ratio: 0.8779 (0.8698)  dino_local_crops_loss: 5.3243 (5.6142)  dino_global_crops_loss: 0.6830 (0.7099)  koleo_loss: -0.0199 (-0.0026)  ibot_loss: 1.1759 (1.1245)  time: 0.398519  data: 0.053638  max mem: 19495
I20260802 13:30:24 3235501 dinov2 helpers.py:102] Training  [4400/7500]  eta: 0:27:01  lr: 0.0004 (0.0007)  wd: 0.2677 (0.1259)  mom: 0.9971 (0.9939)  last_layer_lr: 0.0004 (0.0007)  current_batch_size: 64.0000 (64.0000)  total_loss: 7.1355 (7.4454)  teacher_entropy_ratio: 0.7202 (0.7796)  teacher_batch_entropy_ratio: 0.8848 (0.8699)  dino_local_crops_loss: 5.2520 (5.6135)  dino_global_crops_loss: 0.6781 (0.7098)  koleo_loss: -0.0203 (-0.0027)  ibot_loss: 1.2063 (1.1246)  time: 0.458569  data: 0.112138  max mem: 19495
I20260802 13:30:28 3235501 dinov2 helpers.py:102] Training  [4410/7500]  eta: 0:26:55  lr: 0.0004 (0.0007)  wd: 0.2684 (0.1263)  mom: 0.9971 (0.9939)  last_layer_lr: 0.0004 (0.0007)  current_batch_size: 64.0000 (64.0000)  total_loss: 7.2986 (7.4451)  teacher_entropy_ratio: 0.7382 (0.7795)  teacher_batch_entropy_ratio: 0.8939 (0.8699)  dino_local_crops_loss: 5.3946 (5.6131)  dino_global_crops_loss: 0.6897 (0.7098)  koleo_loss: -0.0204 (-0.0027)  ibot_loss: 1.2097 (1.1249)  time: 0.429749  data: 0.085668  max mem: 19495
I20260802 13:30:31 3235501 dinov2 helpers.py:102] Training  [4420/7500]  eta: 0:26:48  lr: 0.0004 (0.0007)  wd: 0.2691 (0.1266)  mom: 0.9971 (0.9939)  last_layer_lr: 0.0004 (0.0007)  current_batch_size: 64.0000 (64.0000)  total_loss: 7.2748 (7.4444)  teacher_entropy_ratio: 0.7306 (0.7794)  teacher_batch_entropy_ratio: 0.8921 (0.8700)  dino_local_crops_loss: 5.3721 (5.6124)  dino_global_crops_loss: 0.6804 (0.7097)  koleo_loss: -0.0201 (-0.0027)  ibot_loss: 1.2052 (1.1250)  time: 0.350520  data: 0.006280  max mem: 19495
I20260802 13:30:36 3235501 dinov2 helpers.py:102] Training  [4430/7500]  eta: 0:26:42  lr: 0.0004 (0.0007)  wd: 0.2699 (0.1269)  mom: 0.9971 (0.9939)  last_layer_lr: 0.0004 (0.0007)  current_batch_size: 64.0000 (64.0000)  total_loss: 7.1581 (7.4438)  teacher_entropy_ratio: 0.7115 (0.7793)  teacher_batch_entropy_ratio: 0.8798 (0.8700)  dino_local_crops_loss: 5.2878 (5.6118)  dino_global_crops_loss: 0.6787 (0.7097)  koleo_loss: -0.0202 (-0.0028)  ibot_loss: 1.1905 (1.1251)  time: 0.394723  data: 0.047165  max mem: 19495
I20260802 13:30:40 3235501 dinov2 helpers.py:102] Training  [4440/7500]  eta: 0:26:36  lr: 0.0004 (0.0007)  wd: 0.2706 (0.1272)  mom: 0.9971 (0.9939)  last_layer_lr: 0.0004 (0.0007)  current_batch_size: 64.0000 (64.0000)  total_loss: 7.1748 (7.4435)  teacher_entropy_ratio: 0.7279 (0.7792)  teacher_batch_entropy_ratio: 0.8845 (0.8700)  dino_local_crops_loss: 5.3277 (5.6114)  dino_global_crops_loss: 0.6829 (0.7096)  koleo_loss: -0.0203 (-0.0028)  ibot_loss: 1.1914 (1.1253)  time: 0.428470  data: 0.078059  max mem: 19495
I20260802 13:30:43 3235501 dinov2 helpers.py:102] Training  [4450/7500]  eta: 0:26:30  lr: 0.0004 (0.0007)  wd: 0.2713 (0.1276)  mom: 0.9971 (0.9939)  last_layer_lr: 0.0004 (0.0007)  current_batch_size: 64.0000 (64.0000)  total_loss: 7.1577 (7.4430)  teacher_entropy_ratio: 0.7279 (0.7791)  teacher_batch_entropy_ratio: 0.8845 (0.8701)  dino_local_crops_loss: 5.3059 (5.6109)  dino_global_crops_loss: 0.6823 (0.7096)  koleo_loss: -0.0204 (-0.0029)  ibot_loss: 1.1914 (1.1254)  time: 0.386053  data: 0.036979  max mem: 19495
I20260802 13:30:47 3235501 dinov2 helpers.py:102] Training  [4460/7500]  eta: 0:26:24  lr: 0.0004 (0.0007)  wd: 0.2720 (0.1279)  mom: 0.9972 (0.9940)  last_layer_lr: 0.0004 (0.0007)  current_batch_size: 64.0000 (64.0000)  total_loss: 7.0760 (7.4422)  teacher_entropy_ratio: 0.7136 (0.7789)  teacher_batch_entropy_ratio: 0.8760 (0.8701)  dino_local_crops_loss: 5.2683 (5.6100)  dino_global_crops_loss: 0.6749 (0.7095)  koleo_loss: -0.0207 (-0.0029)  ibot_loss: 1.1845 (1.1255)  time: 0.354746  data: 0.001455  max mem: 19495
I20260802 13:30:52 3235501 dinov2 helpers.py:102] Training  [4470/7500]  eta: 0:26:18  lr: 0.0004 (0.0007)  wd: 0.2727 (0.1282)  mom: 0.9972 (0.9940)  last_layer_lr: 0.0004 (0.0007)  current_batch_size: 64.0000 (64.0000)  total_loss: 7.1076 (7.4417)  teacher_entropy_ratio: 0.7203 (0.7788)  teacher_batch_entropy_ratio: 0.8801 (0.8701)  dino_local_crops_loss: 5.2683 (5.6095)  dino_global_crops_loss: 0.6703 (0.7094)  koleo_loss: -0.0205 (-0.0029)  ibot_loss: 1.1878 (1.1257)  time: 0.427345  data: 0.076436  max mem: 19495
I20260802 13:30:55 3235501 dinov2 helpers.py:102] Training  [4480/7500]  eta: 0:26:12  lr: 0.0004 (0.0007)  wd: 0.2735 (0.1285)  mom: 0.9972 (0.9940)  last_layer_lr: 0.0004 (0.0007)  current_batch_size: 64.0000 (64.0000)  total_loss: 7.1617 (7.4411)  teacher_entropy_ratio: 0.7207 (0.7787)  teacher_batch_entropy_ratio: 0.8842 (0.8701)  dino_local_crops_loss: 5.3003 (5.6089)  dino_global_crops_loss: 0.6837 (0.7094)  koleo_loss: -0.0204 (-0.0030)  ibot_loss: 1.1774 (1.1258)  time: 0.418554  data: 0.075474  max mem: 19495
I20260802 13:30:59 3235501 dinov2 helpers.py:102] Training  [4490/7500]  eta: 0:26:06  lr: 0.0004 (0.0007)  wd: 0.2742 (0.1289)  mom: 0.9972 (0.9940)  last_layer_lr: 0.0004 (0.0007)  current_batch_size: 64.0000 (64.0000)  total_loss: 7.1656 (7.4405)  teacher_entropy_ratio: 0.7189 (0.7785)  teacher_batch_entropy_ratio: 0.8807 (0.8702)  dino_local_crops_loss: 5.3003 (5.6083)  dino_global_crops_loss: 0.6784 (0.7093)  koleo_loss: -0.0202 (-0.0030)  ibot_loss: 1.1698 (1.1259)  time: 0.366281  data: 0.016166  max mem: 19495
I20260802 13:31:02 3235501 fvcore.common.checkpoint __init__.py:109] Saving checkpoint to /sci/labs/arieljaffe/dan.abergel1/runs/brain/koleo_on/model_0004499.rank_0.pth
I20260802 13:31:04 3235501 dinov2 helpers.py:102] Training  [4500/7500]  eta: 0:26:00  lr: 0.0004 (0.0007)  wd: 0.2749 (0.1292)  mom: 0.9972 (0.9940)  last_layer_lr: 0.0004 (0.0007)  current_batch_size: 64.0000 (64.0000)  total_loss: 7.1550 (7.4399)  teacher_entropy_ratio: 0.7189 (0.7784)  teacher_batch_entropy_ratio: 0.8807 (0.8702)  dino_local_crops_loss: 5.3047 (5.6076)  dino_global_crops_loss: 0.6785 (0.7093)  koleo_loss: -0.0203 (-0.0031)  ibot_loss: 1.1865 (1.1261)  time: 0.440710  data: 0.016113  max mem: 19495
I20260802 13:31:07 3235501 dinov2 helpers.py:102] Training  [4510/7500]  eta: 0:25:54  lr: 0.0004 (0.0007)  wd: 0.2756 (0.1295)  mom: 0.9972 (0.9940)  last_layer_lr: 0.0004 (0.0007)  current_batch_size: 64.0000 (64.0000)  total_loss: 7.2223 (7.4394)  teacher_entropy_ratio: 0.7245 (0.7783)  teacher_batch_entropy_ratio: 0.8910 (0.8702)  dino_local_crops_loss: 5.3186 (5.6071)  dino_global_crops_loss: 0.6831 (0.7092)  koleo_loss: -0.0203 (-0.0031)  ibot_loss: 1.1871 (1.1262)  time: 0.416947  data: 0.000658  max mem: 19495
I20260802 13:31:11 3235501 dinov2 helpers.py:102] Training  [4520/7500]  eta: 0:25:48  lr: 0.0004 (0.0007)  wd: 0.2763 (0.1298)  mom: 0.9973 (0.9940)  last_layer_lr: 0.0004 (0.0007)  current_batch_size: 64.0000 (64.0000)  total_loss: 7.1412 (7.4387)  teacher_entropy_ratio: 0.7245 (0.7782)  teacher_batch_entropy_ratio: 0.8821 (0.8703)  dino_local_crops_loss: 5.3022 (5.6064)  dino_global_crops_loss: 0.6775 (0.7091)  koleo_loss: -0.0202 (-0.0031)  ibot_loss: 1.1762 (1.1263)  time: 0.341365  data: 0.000488  max mem: 19495
I20260802 13:31:15 3235501 dinov2 helpers.py:102] Training  [4530/7500]  eta: 0:25:42  lr: 0.0004 (0.0007)  wd: 0.2771 (0.1302)  mom: 0.9973 (0.9940)  last_layer_lr: 0.0004 (0.0007)  current_batch_size: 64.0000 (64.0000)  total_loss: 7.1308 (7.4382)  teacher_entropy_ratio: 0.7252 (0.7781)  teacher_batch_entropy_ratio: 0.8857 (0.8703)  dino_local_crops_loss: 5.3122 (5.6058)  dino_global_crops_loss: 0.6788 (0.7091)  koleo_loss: -0.0205 (-0.0032)  ibot_loss: 1.1704 (1.1264)  time: 0.393659  data: 0.043907  max mem: 19495
I20260802 13:31:19 3235501 dinov2 helpers.py:102] Training  [4540/7500]  eta: 0:25:36  lr: 0.0004 (0.0007)  wd: 0.2778 (0.1305)  mom: 0.9973 (0.9940)  last_layer_lr: 0.0004 (0.0007)  current_batch_size: 64.0000 (64.0000)  total_loss: 7.1112 (7.4372)  teacher_entropy_ratio: 0.7252 (0.7779)  teacher_batch_entropy_ratio: 0.8851 (0.8703)  dino_local_crops_loss: 5.3313 (5.6049)  dino_global_crops_loss: 0.6788 (0.7090)  koleo_loss: -0.0206 (-0.0032)  ibot_loss: 1.1459 (1.1264)  time: 0.407533  data: 0.053283  max mem: 19495
I20260802 13:31:23 3235501 dinov2 helpers.py:102] Training  [4550/7500]  eta: 0:25:30  lr: 0.0004 (0.0007)  wd: 0.2785 (0.1308)  mom: 0.9973 (0.9940)  last_layer_lr: 0.0004 (0.0007)  current_batch_size: 64.0000 (64.0000)  total_loss: 7.0717 (7.4367)  teacher_entropy_ratio: 0.7088 (0.7778)  teacher_batch_entropy_ratio: 0.8733 (0.8703)  dino_local_crops_loss: 5.2227 (5.6044)  dino_global_crops_loss: 0.6713 (0.7090)  koleo_loss: -0.0206 (-0.0032)  ibot_loss: 1.1588 (1.1266)  time: 0.386823  data: 0.032798  max mem: 19495
I20260802 13:31:27 3235501 dinov2 helpers.py:102] Training  [4560/7500]  eta: 0:25:24  lr: 0.0004 (0.0007)  wd: 0.2792 (0.1311)  mom: 0.9973 (0.9940)  last_layer_lr: 0.0004 (0.0007)  current_batch_size: 64.0000 (64.0000)  total_loss: 7.0628 (7.4357)  teacher_entropy_ratio: 0.7023 (0.7776)  teacher_batch_entropy_ratio: 0.8724 (0.8703)  dino_local_crops_loss: 5.2206 (5.6035)  dino_global_crops_loss: 0.6713 (0.7089)  koleo_loss: -0.0202 (-0.0033)  ibot_loss: 1.1710 (1.1267)  time: 0.391181  data: 0.040840  max mem: 19495
I20260802 13:31:31 3235501 dinov2 helpers.py:102] Training  [4570/7500]  eta: 0:25:18  lr: 0.0004 (0.0007)  wd: 0.2799 (0.1315)  mom: 0.9973 (0.9940)  last_layer_lr: 0.0004 (0.0007)  current_batch_size: 64.0000 (64.0000)  total_loss: 7.1577 (7.4352)  teacher_entropy_ratio: 0.7196 (0.7775)  teacher_batch_entropy_ratio: 0.8762 (0.8704)  dino_local_crops_loss: 5.3116 (5.6030)  dino_global_crops_loss: 0.6844 (0.7088)  koleo_loss: -0.0203 (-0.0033)  ibot_loss: 1.1690 (1.1268)  time: 0.397625  data: 0.054518  max mem: 19495
I20260802 13:31:35 3235501 dinov2 helpers.py:102] Training  [4580/7500]  eta: 0:25:12  lr: 0.0004 (0.0007)  wd: 0.2806 (0.1318)  mom: 0.9973 (0.9940)  last_layer_lr: 0.0004 (0.0007)  current_batch_size: 64.0000 (64.0000)  total_loss: 7.1778 (7.4346)  teacher_entropy_ratio: 0.7201 (0.7774)  teacher_batch_entropy_ratio: 0.8762 (0.8704)  dino_local_crops_loss: 5.3591 (5.6023)  dino_global_crops_loss: 0.6844 (0.7087)  koleo_loss: -0.0204 (-0.0034)  ibot_loss: 1.1917 (1.1269)  time: 0.399466  data: 0.054804  max mem: 19495
I20260802 13:31:39 3235501 dinov2 helpers.py:102] Training  [4590/7500]  eta: 0:25:06  lr: 0.0004 (0.0007)  wd: 0.2813 (0.1321)  mom: 0.9974 (0.9940)  last_layer_lr: 0.0004 (0.0007)  current_batch_size: 64.0000 (64.0000)  total_loss: 7.0482 (7.4339)  teacher_entropy_ratio: 0.7117 (0.7773)  teacher_batch_entropy_ratio: 0.8741 (0.8704)  dino_local_crops_loss: 5.2097 (5.6016)  dino_global_crops_loss: 0.6641 (0.7087)  koleo_loss: -0.0203 (-0.0034)  ibot_loss: 1.1781 (1.1270)  time: 0.378911  data: 0.037349  max mem: 19495
I20260802 13:31:43 3235501 dinov2 helpers.py:102] Training  [4600/7500]  eta: 0:25:00  lr: 0.0004 (0.0007)  wd: 0.2820 (0.1324)  mom: 0.9974 (0.9941)  last_layer_lr: 0.0004 (0.0007)  current_batch_size: 64.0000 (64.0000)  total_loss: 7.0473 (7.4332)  teacher_entropy_ratio: 0.7123 (0.7771)  teacher_batch_entropy_ratio: 0.8753 (0.8704)  dino_local_crops_loss: 5.2562 (5.6010)  dino_global_crops_loss: 0.6732 (0.7086)  koleo_loss: -0.0204 (-0.0034)  ibot_loss: 1.1721 (1.1271)  time: 0.386227  data: 0.046724  max mem: 19495
I20260802 13:31:47 3235501 dinov2 helpers.py:102] Training  [4610/7500]  eta: 0:24:54  lr: 0.0004 (0.0007)  wd: 0.2827 (0.1328)  mom: 0.9974 (0.9941)  last_layer_lr: 0.0004 (0.0007)  current_batch_size: 64.0000 (64.0000)  total_loss: 7.0604 (7.4326)  teacher_entropy_ratio: 0.7206 (0.7770)  teacher_batch_entropy_ratio: 0.8835 (0.8705)  dino_local_crops_loss: 5.2936 (5.6004)  dino_global_crops_loss: 0.6774 (0.7086)  koleo_loss: -0.0205 (-0.0035)  ibot_loss: 1.1449 (1.1271)  time: 0.405992  data: 0.053740  max mem: 19495
I20260802 13:31:50 3235501 dinov2 helpers.py:102] Training  [4620/7500]  eta: 0:24:48  lr: 0.0004 (0.0007)  wd: 0.2834 (0.1331)  mom: 0.9974 (0.9941)  last_layer_lr: 0.0004 (0.0007)  current_batch_size: 64.0000 (64.0000)  total_loss: 7.0604 (7.4320)  teacher_entropy_ratio: 0.7206 (0.7769)  teacher_batch_entropy_ratio: 0.8835 (0.8705)  dino_local_crops_loss: 5.2936 (5.5998)  dino_global_crops_loss: 0.6774 (0.7085)  koleo_loss: -0.0207 (-0.0035)  ibot_loss: 1.1687 (1.1272)  time: 0.387109  data: 0.032750  max mem: 19495
I20260802 13:31:54 3235501 dinov2 helpers.py:102] Training  [4630/7500]  eta: 0:24:42  lr: 0.0004 (0.0007)  wd: 0.2842 (0.1334)  mom: 0.9974 (0.9941)  last_layer_lr: 0.0004 (0.0007)  current_batch_size: 64.0000 (64.0000)  total_loss: 7.0551 (7.4313)  teacher_entropy_ratio: 0.7124 (0.7768)  teacher_batch_entropy_ratio: 0.8792 (0.8705)  dino_local_crops_loss: 5.2132 (5.5991)  dino_global_crops_loss: 0.6701 (0.7084)  koleo_loss: -0.0202 (-0.0035)  ibot_loss: 1.1700 (1.1273)  time: 0.371170  data: 0.025678  max mem: 19495
I20260802 13:31:58 3235501 dinov2 helpers.py:102] Training  [4640/7500]  eta: 0:24:36  lr: 0.0004 (0.0007)  wd: 0.2849 (0.1338)  mom: 0.9974 (0.9941)  last_layer_lr: 0.0004 (0.0007)  current_batch_size: 64.0000 (64.0000)  total_loss: 7.1467 (7.4307)  teacher_entropy_ratio: 0.7171 (0.7767)  teacher_batch_entropy_ratio: 0.8791 (0.8705)  dino_local_crops_loss: 5.3245 (5.5986)  dino_global_crops_loss: 0.6846 (0.7084)  koleo_loss: -0.0200 (-0.0036)  ibot_loss: 1.1521 (1.1273)  time: 0.402500  data: 0.053219  max mem: 19495
I20260802 13:32:02 3235501 dinov2 helpers.py:102] Training  [4650/7500]  eta: 0:24:30  lr: 0.0004 (0.0007)  wd: 0.2856 (0.1341)  mom: 0.9975 (0.9941)  last_layer_lr: 0.0004 (0.0007)  current_batch_size: 64.0000 (64.0000)  total_loss: 7.0808 (7.4301)  teacher_entropy_ratio: 0.7165 (0.7766)  teacher_batch_entropy_ratio: 0.8763 (0.8706)  dino_local_crops_loss: 5.3032 (5.5980)  dino_global_crops_loss: 0.6751 (0.7083)  koleo_loss: -0.0206 (-0.0036)  ibot_loss: 1.1571 (1.1274)  time: 0.411650  data: 0.057562  max mem: 19495
I20260802 13:32:06 3235501 dinov2 helpers.py:102] Training  [4660/7500]  eta: 0:24:24  lr: 0.0004 (0.0007)  wd: 0.2863 (0.1344)  mom: 0.9975 (0.9941)  last_layer_lr: 0.0004 (0.0007)  current_batch_size: 64.0000 (64.0000)  total_loss: 7.0913 (7.4297)  teacher_entropy_ratio: 0.7142 (0.7765)  teacher_batch_entropy_ratio: 0.8800 (0.8706)  dino_local_crops_loss: 5.2845 (5.5976)  dino_global_crops_loss: 0.6744 (0.7083)  koleo_loss: -0.0204 (-0.0037)  ibot_loss: 1.1618 (1.1275)  time: 0.390534  data: 0.043790  max mem: 19495
I20260802 13:32:10 3235501 dinov2 helpers.py:102] Training  [4670/7500]  eta: 0:24:18  lr: 0.0004 (0.0007)  wd: 0.2870 (0.1347)  mom: 0.9975 (0.9941)  last_layer_lr: 0.0004 (0.0007)  current_batch_size: 64.0000 (64.0000)  total_loss: 7.0913 (7.4289)  teacher_entropy_ratio: 0.7172 (0.7763)  teacher_batch_entropy_ratio: 0.8790 (0.8706)  dino_local_crops_loss: 5.2845 (5.5969)  dino_global_crops_loss: 0.6744 (0.7082)  koleo_loss: -0.0204 (-0.0037)  ibot_loss: 1.1515 (1.1275)  time: 0.382229  data: 0.041755  max mem: 19495
I20260802 13:32:15 3235501 dinov2 helpers.py:102] Training  [4680/7500]  eta: 0:24:13  lr: 0.0004 (0.0007)  wd: 0.2877 (0.1351)  mom: 0.9975 (0.9941)  last_layer_lr: 0.0004 (0.0007)  current_batch_size: 64.0000 (64.0000)  total_loss: 7.0487 (7.4280)  teacher_entropy_ratio: 0.7163 (0.7762)  teacher_batch_entropy_ratio: 0.8748 (0.8706)  dino_local_crops_loss: 5.2535 (5.5961)  dino_global_crops_loss: 0.6695 (0.7081)  koleo_loss: -0.0204 (-0.0037)  ibot_loss: 1.1588 (1.1276)  time: 0.440224  data: 0.100440  max mem: 19495
I20260802 13:32:19 3235501 dinov2 helpers.py:102] Training  [4690/7500]  eta: 0:24:07  lr: 0.0004 (0.0007)  wd: 0.2884 (0.1354)  mom: 0.9975 (0.9941)  last_layer_lr: 0.0004 (0.0007)  current_batch_size: 64.0000 (64.0000)  total_loss: 7.0629 (7.4273)  teacher_entropy_ratio: 0.7134 (0.7761)  teacher_batch_entropy_ratio: 0.8754 (0.8707)  dino_local_crops_loss: 5.2726 (5.5954)  dino_global_crops_loss: 0.6767 (0.7081)  koleo_loss: -0.0202 (-0.0038)  ibot_loss: 1.1613 (1.1276)  time: 0.422692  data: 0.079173  max mem: 19495
I20260802 13:32:23 3235501 dinov2 helpers.py:102] Training  [4700/7500]  eta: 0:24:01  lr: 0.0004 (0.0007)  wd: 0.2891 (0.1357)  mom: 0.9975 (0.9941)  last_layer_lr: 0.0004 (0.0007)  current_batch_size: 64.0000 (64.0000)  total_loss: 7.0816 (7.4267)  teacher_entropy_ratio: 0.7120 (0.7759)  teacher_batch_entropy_ratio: 0.8754 (0.8707)  dino_local_crops_loss: 5.2726 (5.5948)  dino_global_crops_loss: 0.6770 (0.7080)  koleo_loss: -0.0202 (-0.0038)  ibot_loss: 1.1385 (1.1277)  time: 0.380998  data: 0.026283  max mem: 19495
I20260802 13:32:26 3235501 dinov2 helpers.py:102] Training  [4710/7500]  eta: 0:23:55  lr: 0.0004 (0.0007)  wd: 0.2898 (0.1360)  mom: 0.9976 (0.9941)  last_layer_lr: 0.0004 (0.0007)  current_batch_size: 64.0000 (64.0000)  total_loss: 7.0438 (7.4260)  teacher_entropy_ratio: 0.7082 (0.7758)  teacher_batch_entropy_ratio: 0.8695 (0.8707)  dino_local_crops_loss: 5.2239 (5.5942)  dino_global_crops_loss: 0.6701 (0.7079)  koleo_loss: -0.0208 (-0.0038)  ibot_loss: 1.1416 (1.1277)  time: 0.387952  data: 0.032709  max mem: 19495
I20260802 13:32:30 3235501 dinov2 helpers.py:102] Training  [4720/7500]  eta: 0:23:49  lr: 0.0004 (0.0007)  wd: 0.2904 (0.1364)  mom: 0.9976 (0.9941)  last_layer_lr: 0.0004 (0.0007)  current_batch_size: 64.0000 (64.0000)  total_loss: 7.0540 (7.4254)  teacher_entropy_ratio: 0.7090 (0.7757)  teacher_batch_entropy_ratio: 0.8756 (0.8707)  dino_local_crops_loss: 5.2249 (5.5936)  dino_global_crops_loss: 0.6728 (0.7079)  koleo_loss: -0.0205 (-0.0039)  ibot_loss: 1.1422 (1.1278)  time: 0.376060  data: 0.026163  max mem: 19495
I20260802 13:32:34 3235501 dinov2 helpers.py:102] Training  [4730/7500]  eta: 0:23:43  lr: 0.0004 (0.0007)  wd: 0.2911 (0.1367)  mom: 0.9976 (0.9941)  last_layer_lr: 0.0004 (0.0007)  current_batch_size: 64.0000 (64.0000)  total_loss: 6.9936 (7.4244)  teacher_entropy_ratio: 0.7078 (0.7755)  teacher_batch_entropy_ratio: 0.8719 (0.8707)  dino_local_crops_loss: 5.2214 (5.5927)  dino_global_crops_loss: 0.6695 (0.7078)  koleo_loss: -0.0203 (-0.0039)  ibot_loss: 1.1361 (1.1278)  time: 0.380619  data: 0.032744  max mem: 19495
I20260802 13:32:39 3235501 dinov2 helpers.py:102] Training  [4740/7500]  eta: 0:23:38  lr: 0.0004 (0.0007)  wd: 0.2918 (0.1370)  mom: 0.9976 (0.9942)  last_layer_lr: 0.0004 (0.0007)  current_batch_size: 64.0000 (64.0000)  total_loss: 7.0151 (7.4238)  teacher_entropy_ratio: 0.7112 (0.7754)  teacher_batch_entropy_ratio: 0.8816 (0.8708)  dino_local_crops_loss: 5.2522 (5.5922)  dino_global_crops_loss: 0.6734 (0.7077)  koleo_loss: -0.0203 (-0.0039)  ibot_loss: 1.1144 (1.1278)  time: 0.421936  data: 0.074885  max mem: 19495
I20260802 13:32:43 3235501 dinov2 helpers.py:102] Training  [4750/7500]  eta: 0:23:32  lr: 0.0004 (0.0007)  wd: 0.2925 (0.1374)  mom: 0.9976 (0.9942)  last_layer_lr: 0.0004 (0.0007)  current_batch_size: 64.0000 (64.0000)  total_loss: 7.1607 (7.4233)  teacher_entropy_ratio: 0.7268 (0.7753)  teacher_batch_entropy_ratio: 0.8883 (0.8708)  dino_local_crops_loss: 5.3810 (5.5917)  dino_global_crops_loss: 0.6851 (0.7077)  koleo_loss: -0.0207 (-0.0040)  ibot_loss: 1.1323 (1.1278)  time: 0.439181  data: 0.093425  max mem: 19495
I20260802 13:32:47 3235501 dinov2 helpers.py:102] Training  [4760/7500]  eta: 0:23:27  lr: 0.0004 (0.0007)  wd: 0.2932 (0.1377)  mom: 0.9976 (0.9942)  last_layer_lr: 0.0004 (0.0007)  current_batch_size: 64.0000 (64.0000)  total_loss: 7.1177 (7.4224)  teacher_entropy_ratio: 0.7228 (0.7752)  teacher_batch_entropy_ratio: 0.8803 (0.8708)  dino_local_crops_loss: 5.2909 (5.5910)  dino_global_crops_loss: 0.6756 (0.7076)  koleo_loss: -0.0203 (-0.0040)  ibot_loss: 1.1404 (1.1278)  time: 0.421414  data: 0.074946  max mem: 19495
I20260802 13:32:51 3235501 dinov2 helpers.py:102] Training  [4770/7500]  eta: 0:23:21  lr: 0.0004 (0.0007)  wd: 0.2939 (0.1380)  mom: 0.9976 (0.9942)  last_layer_lr: 0.0004 (0.0007)  current_batch_size: 64.0000 (64.0000)  total_loss: 7.0524 (7.4217)  teacher_entropy_ratio: 0.7093 (0.7751)  teacher_batch_entropy_ratio: 0.8782 (0.8708)  dino_local_crops_loss: 5.2300 (5.5903)  dino_global_crops_loss: 0.6688 (0.7076)  koleo_loss: -0.0203 (-0.0040)  ibot_loss: 1.1529 (1.1279)  time: 0.398117  data: 0.043037  max mem: 19495
I20260802 13:32:55 3235501 dinov2 helpers.py:102] Training  [4780/7500]  eta: 0:23:15  lr: 0.0004 (0.0007)  wd: 0.2946 (0.1383)  mom: 0.9977 (0.9942)  last_layer_lr: 0.0004 (0.0007)  current_batch_size: 64.0000 (64.0000)  total_loss: 7.1200 (7.4211)  teacher_entropy_ratio: 0.7200 (0.7750)  teacher_batch_entropy_ratio: 0.8821 (0.8709)  dino_local_crops_loss: 5.3228 (5.5898)  dino_global_crops_loss: 0.6796 (0.7075)  koleo_loss: -0.0204 (-0.0041)  ibot_loss: 1.1390 (1.1279)  time: 0.379039  data: 0.020846  max mem: 19495
I20260802 13:32:59 3235501 dinov2 helpers.py:102] Training  [4790/7500]  eta: 0:23:09  lr: 0.0004 (0.0007)  wd: 0.2953 (0.1387)  mom: 0.9977 (0.9942)  last_layer_lr: 0.0004 (0.0007)  current_batch_size: 64.0000 (64.0000)  total_loss: 7.1520 (7.4205)  teacher_entropy_ratio: 0.7266 (0.7749)  teacher_batch_entropy_ratio: 0.8793 (0.8709)  dino_local_crops_loss: 5.3609 (5.5893)  dino_global_crops_loss: 0.6863 (0.7075)  koleo_loss: -0.0204 (-0.0041)  ibot_loss: 1.1262 (1.1279)  time: 0.391919  data: 0.038538  max mem: 19495
I20260802 13:33:03 3235501 dinov2 helpers.py:102] Training  [4800/7500]  eta: 0:23:03  lr: 0.0003 (0.0007)  wd: 0.2960 (0.1390)  mom: 0.9977 (0.9942)  last_layer_lr: 0.0003 (0.0007)  current_batch_size: 64.0000 (64.0000)  total_loss: 7.1025 (7.4197)  teacher_entropy_ratio: 0.7266 (0.7747)  teacher_batch_entropy_ratio: 0.8805 (0.8709)  dino_local_crops_loss: 5.2809 (5.5885)  dino_global_crops_loss: 0.6782 (0.7074)  koleo_loss: -0.0207 (-0.0041)  ibot_loss: 1.1250 (1.1279)  time: 0.396815  data: 0.046320  max mem: 19495
I20260802 13:33:06 3235501 dinov2 helpers.py:102] Training  [4810/7500]  eta: 0:22:57  lr: 0.0003 (0.0007)  wd: 0.2966 (0.1393)  mom: 0.9977 (0.9942)  last_layer_lr: 0.0003 (0.0007)  current_batch_size: 64.0000 (64.0000)  total_loss: 6.9997 (7.4189)  teacher_entropy_ratio: 0.7116 (0.7746)  teacher_batch_entropy_ratio: 0.8804 (0.8709)  dino_local_crops_loss: 5.2661 (5.5879)  dino_global_crops_loss: 0.6741 (0.7073)  koleo_loss: -0.0207 (-0.0042)  ibot_loss: 1.1279 (1.1279)  time: 0.385231  data: 0.028969  max mem: 19495
I20260802 13:33:11 3235501 dinov2 helpers.py:102] Training  [4820/7500]  eta: 0:22:52  lr: 0.0003 (0.0007)  wd: 0.2973 (0.1397)  mom: 0.9977 (0.9942)  last_layer_lr: 0.0003 (0.0007)  current_batch_size: 64.0000 (64.0000)  total_loss: 6.9904 (7.4179)  teacher_entropy_ratio: 0.7092 (0.7745)  teacher_batch_entropy_ratio: 0.8784 (0.8709)  dino_local_crops_loss: 5.2244 (5.5870)  dino_global_crops_loss: 0.6671 (0.7072)  koleo_loss: -0.0207 (-0.0042)  ibot_loss: 1.1357 (1.1279)  time: 0.393986  data: 0.039940  max mem: 19495
I20260802 13:33:15 3235501 dinov2 helpers.py:102] Training  [4830/7500]  eta: 0:22:46  lr: 0.0003 (0.0007)  wd: 0.2980 (0.1400)  mom: 0.9977 (0.9942)  last_layer_lr: 0.0003 (0.0007)  current_batch_size: 64.0000 (64.0000)  total_loss: 7.0552 (7.4175)  teacher_entropy_ratio: 0.7188 (0.7744)  teacher_batch_entropy_ratio: 0.8808 (0.8710)  dino_local_crops_loss: 5.2755 (5.5866)  dino_global_crops_loss: 0.6748 (0.7072)  koleo_loss: -0.0205 (-0.0042)  ibot_loss: 1.1220 (1.1279)  time: 0.448436  data: 0.107063  max mem: 19495
I20260802 13:33:19 3235501 dinov2 helpers.py:102] Training  [4840/7500]  eta: 0:22:40  lr: 0.0003 (0.0007)  wd: 0.2987 (0.1403)  mom: 0.9977 (0.9942)  last_layer_lr: 0.0003 (0.0007)  current_batch_size: 64.0000 (64.0000)  total_loss: 7.1258 (7.4167)  teacher_entropy_ratio: 0.7231 (0.7742)  teacher_batch_entropy_ratio: 0.8877 (0.8710)  dino_local_crops_loss: 5.3613 (5.5860)  dino_global_crops_loss: 0.6864 (0.7071)  koleo_loss: -0.0206 (-0.0043)  ibot_loss: 1.1302 (1.1279)  time: 0.411587  data: 0.075973  max mem: 19495
I20260802 13:33:24 3235501 dinov2 helpers.py:102] Training  [4850/7500]  eta: 0:22:35  lr: 0.0003 (0.0007)  wd: 0.2994 (0.1406)  mom: 0.9978 (0.9942)  last_layer_lr: 0.0003 (0.0007)  current_batch_size: 64.0000 (64.0000)  total_loss: 7.0876 (7.4158)  teacher_entropy_ratio: 0.7215 (0.7741)  teacher_batch_entropy_ratio: 0.8858 (0.8710)  dino_local_crops_loss: 5.3155 (5.5852)  dino_global_crops_loss: 0.6765 (0.7070)  koleo_loss: -0.0206 (-0.0043)  ibot_loss: 1.1279 (1.1278)  time: 0.438012  data: 0.099928  max mem: 19495
I20260802 13:33:29 3235501 dinov2 helpers.py:102] Training  [4860/7500]  eta: 0:22:30  lr: 0.0003 (0.0007)  wd: 0.3000 (0.1410)  mom: 0.9978 (0.9942)  last_layer_lr: 0.0003 (0.0007)  current_batch_size: 64.0000 (64.0000)  total_loss: 7.0774 (7.4152)  teacher_entropy_ratio: 0.7232 (0.7740)  teacher_batch_entropy_ratio: 0.8875 (0.8710)  dino_local_crops_loss: 5.3162 (5.5847)  dino_global_crops_loss: 0.6777 (0.7070)  koleo_loss: -0.0207 (-0.0043)  ibot_loss: 1.1180 (1.1278)  time: 0.487456  data: 0.145435  max mem: 19495
I20260802 13:33:33 3235501 dinov2 helpers.py:102] Training  [4870/7500]  eta: 0:22:24  lr: 0.0003 (0.0007)  wd: 0.3007 (0.1413)  mom: 0.9978 (0.9943)  last_layer_lr: 0.0003 (0.0007)  current_batch_size: 64.0000 (64.0000)  total_loss: 7.1161 (7.4145)  teacher_entropy_ratio: 0.7242 (0.7739)  teacher_batch_entropy_ratio: 0.8872 (0.8710)  dino_local_crops_loss: 5.3310 (5.5840)  dino_global_crops_loss: 0.6781 (0.7069)  koleo_loss: -0.0209 (-0.0044)  ibot_loss: 1.1376 (1.1279)  time: 0.444034  data: 0.101637  max mem: 19495
I20260802 13:33:37 3235501 dinov2 helpers.py:102] Training  [4880/7500]  eta: 0:22:18  lr: 0.0003 (0.0007)  wd: 0.3014 (0.1416)  mom: 0.9978 (0.9943)  last_layer_lr: 0.0003 (0.0007)  current_batch_size: 64.0000 (64.0000)  total_loss: 7.0158 (7.4138)  teacher_entropy_ratio: 0.7188 (0.7738)  teacher_batch_entropy_ratio: 0.8829 (0.8711)  dino_local_crops_loss: 5.2586 (5.5835)  dino_global_crops_loss: 0.6675 (0.7069)  koleo_loss: -0.0210 (-0.0044)  ibot_loss: 1.1167 (1.1278)  time: 0.406324  data: 0.065519  max mem: 19495
I20260802 13:33:41 3235501 dinov2 helpers.py:102] Training  [4890/7500]  eta: 0:22:13  lr: 0.0003 (0.0007)  wd: 0.3021 (0.1420)  mom: 0.9978 (0.9943)  last_layer_lr: 0.0003 (0.0007)  current_batch_size: 64.0000 (64.0000)  total_loss: 7.0158 (7.4130)  teacher_entropy_ratio: 0.7144 (0.7736)  teacher_batch_entropy_ratio: 0.8833 (0.8711)  dino_local_crops_loss: 5.2441 (5.5828)  dino_global_crops_loss: 0.6675 (0.7068)  koleo_loss: -0.0207 (-0.0044)  ibot_loss: 1.1167 (1.1279)  time: 0.391999  data: 0.045901  max mem: 19495
I20260802 13:33:45 3235501 dinov2 helpers.py:102] Training  [4900/7500]  eta: 0:22:07  lr: 0.0003 (0.0007)  wd: 0.3027 (0.1423)  mom: 0.9978 (0.9943)  last_layer_lr: 0.0003 (0.0007)  current_batch_size: 64.0000 (64.0000)  total_loss: 7.0581 (7.4124)  teacher_entropy_ratio: 0.7144 (0.7735)  teacher_batch_entropy_ratio: 0.8833 (0.8711)  dino_local_crops_loss: 5.2952 (5.5823)  dino_global_crops_loss: 0.6759 (0.7068)  koleo_loss: -0.0207 (-0.0045)  ibot_loss: 1.1223 (1.1278)  time: 0.403130  data: 0.052959  max mem: 19495
I20260802 13:33:48 3235501 dinov2 helpers.py:102] Training  [4910/7500]  eta: 0:22:01  lr: 0.0003 (0.0007)  wd: 0.3034 (0.1426)  mom: 0.9979 (0.9943)  last_layer_lr: 0.0003 (0.0007)  current_batch_size: 64.0000 (64.0000)  total_loss: 7.0472 (7.4117)  teacher_entropy_ratio: 0.7135 (0.7734)  teacher_batch_entropy_ratio: 0.8785 (0.8711)  dino_local_crops_loss: 5.2807 (5.5817)  dino_global_crops_loss: 0.6762 (0.7067)  koleo_loss: -0.0209 (-0.0045)  ibot_loss: 1.1200 (1.1278)  time: 0.381711  data: 0.032506  max mem: 19495
I20260802 13:33:52 3235501 dinov2 helpers.py:102] Training  [4920/7500]  eta: 0:21:55  lr: 0.0003 (0.0007)  wd: 0.3041 (0.1429)  mom: 0.9979 (0.9943)  last_layer_lr: 0.0003 (0.0007)  current_batch_size: 64.0000 (64.0000)  total_loss: 7.0408 (7.4108)  teacher_entropy_ratio: 0.7120 (0.7733)  teacher_batch_entropy_ratio: 0.8762 (0.8711)  dino_local_crops_loss: 5.2684 (5.5809)  dino_global_crops_loss: 0.6757 (0.7066)  koleo_loss: -0.0208 (-0.0045)  ibot_loss: 1.1186 (1.1278)  time: 0.381572  data: 0.029875  max mem: 19495
I20260802 13:33:56 3235501 dinov2 helpers.py:102] Training  [4930/7500]  eta: 0:21:50  lr: 0.0003 (0.0007)  wd: 0.3047 (0.1433)  mom: 0.9979 (0.9943)  last_layer_lr: 0.0003 (0.0007)  current_batch_size: 64.0000 (64.0000)  total_loss: 6.9905 (7.4101)  teacher_entropy_ratio: 0.7112 (0.7732)  teacher_batch_entropy_ratio: 0.8761 (0.8712)  dino_local_crops_loss: 5.2364 (5.5803)  dino_global_crops_loss: 0.6747 (0.7066)  koleo_loss: -0.0206 (-0.0046)  ibot_loss: 1.1088 (1.1278)  time: 0.389104  data: 0.033984  max mem: 19495
I20260802 13:34:00 3235501 dinov2 helpers.py:102] Training  [4940/7500]  eta: 0:21:44  lr: 0.0003 (0.0007)  wd: 0.3054 (0.1436)  mom: 0.9979 (0.9943)  last_layer_lr: 0.0003 (0.0007)  current_batch_size: 64.0000 (64.0000)  total_loss: 7.1170 (7.4097)  teacher_entropy_ratio: 0.7232 (0.7731)  teacher_batch_entropy_ratio: 0.8893 (0.8712)  dino_local_crops_loss: 5.3311 (5.5800)  dino_global_crops_loss: 0.6821 (0.7065)  koleo_loss: -0.0208 (-0.0046)  ibot_loss: 1.1122 (1.1278)  time: 0.384842  data: 0.018160  max mem: 19495
I20260802 13:34:04 3235501 fvcore.common.checkpoint __init__.py:109] Saving checkpoint to /sci/labs/arieljaffe/dan.abergel1/runs/brain/koleo_on/model_0004949.rank_0.pth
I20260802 13:34:05 3235501 dinov2 helpers.py:102] Training  [4950/7500]  eta: 0:21:39  lr: 0.0003 (0.0007)  wd: 0.3061 (0.1439)  mom: 0.9979 (0.9943)  last_layer_lr: 0.0003 (0.0007)  current_batch_size: 64.0000 (64.0000)  total_loss: 7.1170 (7.4086)  teacher_entropy_ratio: 0.7243 (0.7729)  teacher_batch_entropy_ratio: 0.8927 (0.8712)  dino_local_crops_loss: 5.3295 (5.5791)  dino_global_crops_loss: 0.6821 (0.7064)  koleo_loss: -0.0208 (-0.0046)  ibot_loss: 1.1163 (1.1277)  time: 0.453529  data: 0.031094  max mem: 19495
I20260802 13:34:09 3235501 dinov2 helpers.py:102] Training  [4960/7500]  eta: 0:21:33  lr: 0.0003 (0.0007)  wd: 0.3067 (0.1443)  mom: 0.9979 (0.9943)  last_layer_lr: 0.0003 (0.0007)  current_batch_size: 64.0000 (64.0000)  total_loss: 6.9113 (7.4080)  teacher_entropy_ratio: 0.7033 (0.7728)  teacher_batch_entropy_ratio: 0.8727 (0.8712)  dino_local_crops_loss: 5.1507 (5.5786)  dino_global_crops_loss: 0.6622 (0.7064)  koleo_loss: -0.0208 (-0.0047)  ibot_loss: 1.1345 (1.1277)  time: 0.434456  data: 0.025057  max mem: 19495
I20260802 13:34:12 3235501 dinov2 helpers.py:102] Training  [4970/7500]  eta: 0:21:27  lr: 0.0003 (0.0007)  wd: 0.3074 (0.1446)  mom: 0.9979 (0.9943)  last_layer_lr: 0.0003 (0.0007)  current_batch_size: 64.0000 (64.0000)  total_loss: 6.9928 (7.4072)  teacher_entropy_ratio: 0.7107 (0.7727)  teacher_batch_entropy_ratio: 0.8777 (0.8713)  dino_local_crops_loss: 5.2512 (5.5779)  dino_global_crops_loss: 0.6734 (0.7063)  koleo_loss: -0.0204 (-0.0047)  ibot_loss: 1.0989 (1.1276)  time: 0.343498  data: 0.000672  max mem: 19495
I20260802 13:34:16 3235501 dinov2 helpers.py:102] Training  [4980/7500]  eta: 0:21:21  lr: 0.0003 (0.0007)  wd: 0.3080 (0.1449)  mom: 0.9980 (0.9943)  last_layer_lr: 0.0003 (0.0007)  current_batch_size: 64.0000 (64.0000)  total_loss: 6.9850 (7.4063)  teacher_entropy_ratio: 0.7118 (0.7726)  teacher_batch_entropy_ratio: 0.8777 (0.8713)  dino_local_crops_loss: 5.2512 (5.5772)  dino_global_crops_loss: 0.6720 (0.7062)  koleo_loss: -0.0206 (-0.0047)  ibot_loss: 1.0927 (1.1276)  time: 0.372457  data: 0.034828  max mem: 19495
I20260802 13:34:20 3235501 dinov2 helpers.py:102] Training  [4990/7500]  eta: 0:21:16  lr: 0.0003 (0.0007)  wd: 0.3087 (0.1452)  mom: 0.9980 (0.9943)  last_layer_lr: 0.0003 (0.0007)  current_batch_size: 64.0000 (64.0000)  total_loss: 7.0690 (7.4056)  teacher_entropy_ratio: 0.7217 (0.7725)  teacher_batch_entropy_ratio: 0.8848 (0.8713)  dino_local_crops_loss: 5.2990 (5.5766)  dino_global_crops_loss: 0.6761 (0.7062)  koleo_loss: -0.0206 (-0.0048)  ibot_loss: 1.1103 (1.1275)  time: 0.411969  data: 0.064682  max mem: 19495
  [probe] best config: n_blocks=1 avgpool=True
I20260802 13:35:45 3235501 dinov2 train.py:276] PROBE @ iter 5000: 75.37% +/- 2.71%
W20260802 13:35:45 3235501 py.warnings warnings.py:109] /sci/labs/arieljaffe/dan.abergel1/repos/FAIR_official/dinov2/loss/koleo_loss.py:43: FutureWarning: `torch.cuda.amp.autocast(args...)` is deprecated. Please use `torch.amp.autocast('cuda', args...)` instead.
  with torch.cuda.amp.autocast(enabled=False):

I20260802 13:35:46 3235501 dinov2 helpers.py:102] Training  [5000/7500]  eta: 0:21:51  lr: 0.0003 (0.0007)  wd: 0.3093 (0.1456)  mom: 0.9980 (0.9943)  last_layer_lr: 0.0003 (0.0007)  current_batch_size: 64.0000 (64.0000)  total_loss: 7.1229 (7.4047)  teacher_entropy_ratio: 0.7230 (0.7724)  teacher_batch_entropy_ratio: 0.8886 (0.8713)  dino_local_crops_loss: 5.3063 (5.5759)  dino_global_crops_loss: 0.6765 (0.7061)  koleo_loss: -0.0206 (-0.0048)  ibot_loss: 1.1150 (1.1275)  time: 4.471311  data: 0.037791  max mem: 19495
I20260802 13:35:49 3235501 dinov2 helpers.py:102] Training  [5010/7500]  eta: 0:21:45  lr: 0.0003 (0.0007)  wd: 0.3100 (0.1459)  mom: 0.9980 (0.9944)  last_layer_lr: 0.0003 (0.0007)  current_batch_size: 64.0000 (64.0000)  total_loss: 6.9773 (7.4041)  teacher_entropy_ratio: 0.7028 (0.7722)  teacher_batch_entropy_ratio: 0.8719 (0.8713)  dino_local_crops_loss: 5.2167 (5.5754)  dino_global_crops_loss: 0.6702 (0.7061)  koleo_loss: -0.0208 (-0.0048)  ibot_loss: 1.1032 (1.1275)  time: 4.431014  data: 0.007694  max mem: 19495
I20260802 13:35:53 3235501 dinov2 helpers.py:102] Training  [5020/7500]  eta: 0:21:39  lr: 0.0003 (0.0007)  wd: 0.3107 (0.1462)  mom: 0.9980 (0.9944)  last_layer_lr: 0.0003 (0.0007)  current_batch_size: 64.0000 (64.0000)  total_loss: 6.9787 (7.4033)  teacher_entropy_ratio: 0.7031 (0.7721)  teacher_batch_entropy_ratio: 0.8721 (0.8713)  dino_local_crops_loss: 5.2167 (5.5747)  dino_global_crops_loss: 0.6690 (0.7060)  koleo_loss: -0.0208 (-0.0049)  ibot_loss: 1.0954 (1.1274)  time: 0.349712  data: 0.000399  max mem: 19495
I20260802 13:35:56 3235501 dinov2 helpers.py:102] Training  [5030/7500]  eta: 0:21:33  lr: 0.0003 (0.0007)  wd: 0.3113 (0.1466)  mom: 0.9980 (0.9944)  last_layer_lr: 0.0003 (0.0007)  current_batch_size: 64.0000 (64.0000)  total_loss: 6.9807 (7.4026)  teacher_entropy_ratio: 0.7044 (0.7720)  teacher_batch_entropy_ratio: 0.8721 (0.8713)  dino_local_crops_loss: 5.1952 (5.5741)  dino_global_crops_loss: 0.6714 (0.7059)  koleo_loss: -0.0208 (-0.0049)  ibot_loss: 1.1053 (1.1274)  time: 0.359664  data: 0.000726  max mem: 19495
I20260802 13:36:00 3235501 dinov2 helpers.py:102] Training  [5040/7500]  eta: 0:21:27  lr: 0.0003 (0.0007)  wd: 0.3120 (0.1469)  mom: 0.9980 (0.9944)  last_layer_lr: 0.0003 (0.0007)  current_batch_size: 64.0000 (64.0000)  total_loss: 6.9171 (7.4017)  teacher_entropy_ratio: 0.7044 (0.7719)  teacher_batch_entropy_ratio: 0.8698 (0.8714)  dino_local_crops_loss: 5.1952 (5.5734)  dino_global_crops_loss: 0.6671 (0.7059)  koleo_loss: -0.0208 (-0.0049)  ibot_loss: 1.1111 (1.1274)  time: 0.356163  data: 0.000821  max mem: 19495
I20260802 13:36:04 3235501 dinov2 helpers.py:102] Training  [5050/7500]  eta: 0:21:21  lr: 0.0003 (0.0007)  wd: 0.3126 (0.1472)  mom: 0.9981 (0.9944)  last_layer_lr: 0.0003 (0.0007)  current_batch_size: 64.0000 (64.0000)  total_loss: 6.8827 (7.4008)  teacher_entropy_ratio: 0.6961 (0.7718)  teacher_batch_entropy_ratio: 0.8711 (0.8714)  dino_local_crops_loss: 5.1383 (5.5727)  dino_global_crops_loss: 0.6605 (0.7058)  koleo_loss: -0.0209 (-0.0050)  ibot_loss: 1.1016 (1.1273)  time: 0.366875  data: 0.012979  max mem: 19495
I20260802 13:36:08 3235501 dinov2 helpers.py:102] Training  [5060/7500]  eta: 0:21:15  lr: 0.0003 (0.0007)  wd: 0.3132 (0.1475)  mom: 0.9981 (0.9944)  last_layer_lr: 0.0003 (0.0007)  current_batch_size: 64.0000 (64.0000)  total_loss: 6.9241 (7.4001)  teacher_entropy_ratio: 0.6969 (0.7717)  teacher_batch_entropy_ratio: 0.8716 (0.8714)  dino_local_crops_loss: 5.1961 (5.5721)  dino_global_crops_loss: 0.6619 (0.7057)  koleo_loss: -0.0210 (-0.0050)  ibot_loss: 1.1010 (1.1273)  time: 0.395911  data: 0.038080  max mem: 19495
I20260802 13:36:12 3235501 dinov2 helpers.py:102] Training  [5070/7500]  eta: 0:21:09  lr: 0.0003 (0.0007)  wd: 0.3139 (0.1479)  mom: 0.9981 (0.9944)  last_layer_lr: 0.0003 (0.0007)  current_batch_size: 64.0000 (64.0000)  total_loss: 6.8770 (7.3991)  teacher_entropy_ratio: 0.6969 (0.7715)  teacher_batch_entropy_ratio: 0.8668 (0.8714)  dino_local_crops_loss: 5.1431 (5.5712)  dino_global_crops_loss: 0.6577 (0.7056)  koleo_loss: -0.0208 (-0.0050)  ibot_loss: 1.1149 (1.1272)  time: 0.421555  data: 0.066489  max mem: 19495
I20260802 13:36:17 3235501 dinov2 helpers.py:102] Training  [5080/7500]  eta: 0:21:04  lr: 0.0003 (0.0007)  wd: 0.3145 (0.1482)  mom: 0.9981 (0.9944)  last_layer_lr: 0.0003 (0.0007)  current_batch_size: 64.0000 (64.0000)  total_loss: 6.9814 (7.3985)  teacher_entropy_ratio: 0.7085 (0.7714)  teacher_batch_entropy_ratio: 0.8773 (0.8714)  dino_local_crops_loss: 5.2332 (5.5708)  dino_global_crops_loss: 0.6681 (0.7056)  koleo_loss: -0.0207 (-0.0051)  ibot_loss: 1.1021 (1.1271)  time: 0.441135  data: 0.095251  max mem: 19495
I20260802 13:36:20 3235501 dinov2 helpers.py:102] Training  [5090/7500]  eta: 0:20:58  lr: 0.0003 (0.0007)  wd: 0.3152 (0.1485)  mom: 0.9981 (0.9944)  last_layer_lr: 0.0003 (0.0007)  current_batch_size: 64.0000 (64.0000)  total_loss: 7.0135 (7.3977)  teacher_entropy_ratio: 0.7130 (0.7713)  teacher_batch_entropy_ratio: 0.8812 (0.8714)  dino_local_crops_loss: 5.2491 (5.5702)  dino_global_crops_loss: 0.6786 (0.7055)  koleo_loss: -0.0208 (-0.0051)  ibot_loss: 1.0913 (1.1271)  time: 0.416473  data: 0.073760  max mem: 19495
I20260802 13:36:25 3235501 dinov2 helpers.py:102] Training  [5100/7500]  eta: 0:20:52  lr: 0.0003 (0.0007)  wd: 0.3158 (0.1489)  mom: 0.9981 (0.9944)  last_layer_lr: 0.0003 (0.0007)  current_batch_size: 64.0000 (64.0000)  total_loss: 6.9739 (7.3971)  teacher_entropy_ratio: 0.7087 (0.7712)  teacher_batch_entropy_ratio: 0.8748 (0.8715)  dino_local_crops_loss: 5.2491 (5.5697)  dino_global_crops_loss: 0.6760 (0.7055)  koleo_loss: -0.0208 (-0.0051)  ibot_loss: 1.0898 (1.1270)  time: 0.427805  data: 0.083289  max mem: 19495
I20260802 13:36:29 3235501 dinov2 helpers.py:102] Training  [5110/7500]  eta: 0:20:46  lr: 0.0003 (0.0007)  wd: 0.3164 (0.1492)  mom: 0.9981 (0.9944)  last_layer_lr: 0.0003 (0.0007)  current_batch_size: 64.0000 (64.0000)  total_loss: 6.9959 (7.3963)  teacher_entropy_ratio: 0.7126 (0.7711)  teacher_batch_entropy_ratio: 0.8748 (0.8715)  dino_local_crops_loss: 5.2639 (5.5690)  dino_global_crops_loss: 0.6749 (0.7054)  koleo_loss: -0.0212 (-0.0051)  ibot_loss: 1.0927 (1.1270)  time: 0.431296  data: 0.087426  max mem: 19495
I20260802 13:36:33 3235501 dinov2 helpers.py:102] Training  [5120/7500]  eta: 0:20:41  lr: 0.0003 (0.0007)  wd: 0.3171 (0.1495)  mom: 0.9982 (0.9944)  last_layer_lr: 0.0003 (0.0007)  current_batch_size: 64.0000 (64.0000)  total_loss: 6.9476 (7.3955)  teacher_entropy_ratio: 0.7062 (0.7710)  teacher_batch_entropy_ratio: 0.8728 (0.8715)  dino_local_crops_loss: 5.2262 (5.5684)  dino_global_crops_loss: 0.6667 (0.7053)  koleo_loss: -0.0208 (-0.0052)  ibot_loss: 1.1067 (1.1269)  time: 0.389527  data: 0.047286  max mem: 19495
I20260802 13:36:37 3235501 dinov2 helpers.py:102] Training  [5130/7500]  eta: 0:20:35  lr: 0.0003 (0.0007)  wd: 0.3177 (0.1498)  mom: 0.9982 (0.9944)  last_layer_lr: 0.0003 (0.0007)  current_batch_size: 64.0000 (64.0000)  total_loss: 6.9773 (7.3948)  teacher_entropy_ratio: 0.7062 (0.7709)  teacher_batch_entropy_ratio: 0.8786 (0.8715)  dino_local_crops_loss: 5.1973 (5.5679)  dino_global_crops_loss: 0.6665 (0.7053)  koleo_loss: -0.0208 (-0.0052)  ibot_loss: 1.1044 (1.1269)  time: 0.382238  data: 0.035522  max mem: 19495
I20260802 13:36:41 3235501 dinov2 helpers.py:102] Training  [5140/7500]  eta: 0:20:29  lr: 0.0003 (0.0007)  wd: 0.3184 (0.1502)  mom: 0.9982 (0.9944)  last_layer_lr: 0.0003 (0.0007)  current_batch_size: 64.0000 (64.0000)  total_loss: 6.9773 (7.3938)  teacher_entropy_ratio: 0.7042 (0.7707)  teacher_batch_entropy_ratio: 0.8748 (0.8715)  dino_local_crops_loss: 5.1973 (5.5671)  dino_global_crops_loss: 0.6653 (0.7052)  koleo_loss: -0.0212 (-0.0052)  ibot_loss: 1.0820 (1.1268)  time: 0.403908  data: 0.050215  max mem: 19495
I20260802 13:36:46 3235501 dinov2 helpers.py:102] Training  [5150/7500]  eta: 0:20:24  lr: 0.0003 (0.0007)  wd: 0.3190 (0.1505)  mom: 0.9982 (0.9945)  last_layer_lr: 0.0003 (0.0007)  current_batch_size: 64.0000 (64.0000)  total_loss: 7.0207 (7.3933)  teacher_entropy_ratio: 0.7087 (0.7706)  teacher_batch_entropy_ratio: 0.8796 (0.8715)  dino_local_crops_loss: 5.2583 (5.5667)  dino_global_crops_loss: 0.6744 (0.7052)  koleo_loss: -0.0210 (-0.0053)  ibot_loss: 1.0936 (1.1268)  time: 0.458385  data: 0.109257  max mem: 19495
I20260802 13:36:49 3235501 dinov2 helpers.py:102] Training  [5160/7500]  eta: 0:20:18  lr: 0.0003 (0.0007)  wd: 0.3196 (0.1508)  mom: 0.9982 (0.9945)  last_layer_lr: 0.0003 (0.0007)  current_batch_size: 64.0000 (64.0000)  total_loss: 7.0385 (7.3926)  teacher_entropy_ratio: 0.7176 (0.7705)  teacher_batch_entropy_ratio: 0.8812 (0.8716)  dino_local_crops_loss: 5.2743 (5.5661)  dino_global_crops_loss: 0.6754 (0.7051)  koleo_loss: -0.0211 (-0.0053)  ibot_loss: 1.0986 (1.1267)  time: 0.413868  data: 0.071160  max mem: 19495
I20260802 13:36:53 3235501 dinov2 helpers.py:102] Training  [5170/7500]  eta: 0:20:12  lr: 0.0003 (0.0007)  wd: 0.3202 (0.1512)  mom: 0.9982 (0.9945)  last_layer_lr: 0.0003 (0.0007)  current_batch_size: 64.0000 (64.0000)  total_loss: 6.9910 (7.3917)  teacher_entropy_ratio: 0.7115 (0.7704)  teacher_batch_entropy_ratio: 0.8812 (0.8716)  dino_local_crops_loss: 5.2522 (5.5654)  dino_global_crops_loss: 0.6736 (0.7050)  koleo_loss: -0.0213 (-0.0053)  ibot_loss: 1.0805 (1.1266)  time: 0.369133  data: 0.024490  max mem: 19495
I20260802 13:36:58 3235501 dinov2 helpers.py:102] Training  [5180/7500]  eta: 0:20:07  lr: 0.0003 (0.0007)  wd: 0.3209 (0.1515)  mom: 0.9982 (0.9945)  last_layer_lr: 0.0003 (0.0007)  current_batch_size: 64.0000 (64.0000)  total_loss: 6.9910 (7.3909)  teacher_entropy_ratio: 0.7137 (0.7703)  teacher_batch_entropy_ratio: 0.8844 (0.8716)  dino_local_crops_loss: 5.2513 (5.5648)  dino_global_crops_loss: 0.6751 (0.7050)  koleo_loss: -0.0213 (-0.0054)  ibot_loss: 1.0825 (1.1265)  time: 0.453823  data: 0.115278  max mem: 19495
I20260802 13:37:02 3235501 dinov2 helpers.py:102] Training  [5190/7500]  eta: 0:20:01  lr: 0.0003 (0.0007)  wd: 0.3215 (0.1518)  mom: 0.9983 (0.9945)  last_layer_lr: 0.0003 (0.0007)  current_batch_size: 64.0000 (64.0000)  total_loss: 6.9710 (7.3900)  teacher_entropy_ratio: 0.7085 (0.7701)  teacher_batch_entropy_ratio: 0.8770 (0.8716)  dino_local_crops_loss: 5.2271 (5.5641)  dino_global_crops_loss: 0.6716 (0.7049)  koleo_loss: -0.0211 (-0.0054)  ibot_loss: 1.0825 (1.1264)  time: 0.453575  data: 0.091440  max mem: 19495
I20260802 13:37:07 3235501 dinov2 helpers.py:102] Training  [5200/7500]  eta: 0:19:55  lr: 0.0003 (0.0007)  wd: 0.3221 (0.1521)  mom: 0.9983 (0.9945)  last_layer_lr: 0.0003 (0.0007)  current_batch_size: 64.0000 (64.0000)  total_loss: 6.9814 (7.3892)  teacher_entropy_ratio: 0.7013 (0.7700)  teacher_batch_entropy_ratio: 0.8766 (0.8716)  dino_local_crops_loss: 5.2090 (5.5635)  dino_global_crops_loss: 0.6716 (0.7048)  koleo_loss: -0.0210 (-0.0054)  ibot_loss: 1.0636 (1.1264)  time: 0.408344  data: 0.040677  max mem: 19495
I20260802 13:37:11 3235501 dinov2 helpers.py:102] Training  [5210/7500]  eta: 0:19:50  lr: 0.0003 (0.0007)  wd: 0.3227 (0.1525)  mom: 0.9983 (0.9945)  last_layer_lr: 0.0003 (0.0007)  current_batch_size: 64.0000 (64.0000)  total_loss: 7.0169 (7.3884)  teacher_entropy_ratio: 0.7077 (0.7699)  teacher_batch_entropy_ratio: 0.8766 (0.8716)  dino_local_crops_loss: 5.2682 (5.5628)  dino_global_crops_loss: 0.6752 (0.7048)  koleo_loss: -0.0210 (-0.0054)  ibot_loss: 1.0854 (1.1263)  time: 0.427310  data: 0.087903  max mem: 19495
I20260802 13:37:15 3235501 dinov2 helpers.py:102] Training  [5220/7500]  eta: 0:19:44  lr: 0.0003 (0.0007)  wd: 0.3233 (0.1528)  mom: 0.9983 (0.9945)  last_layer_lr: 0.0003 (0.0007)  current_batch_size: 64.0000 (64.0000)  total_loss: 6.9799 (7.3877)  teacher_entropy_ratio: 0.7136 (0.7698)  teacher_batch_entropy_ratio: 0.8834 (0.8717)  dino_local_crops_loss: 5.2459 (5.5622)  dino_global_crops_loss: 0.6741 (0.7047)  koleo_loss: -0.0208 (-0.0055)  ibot_loss: 1.0951 (1.1262)  time: 0.438987  data: 0.103396  max mem: 19495
I20260802 13:37:19 3235501 dinov2 helpers.py:102] Training  [5230/7500]  eta: 0:19:38  lr: 0.0003 (0.0007)  wd: 0.3240 (0.1531)  mom: 0.9983 (0.9945)  last_layer_lr: 0.0003 (0.0007)  current_batch_size: 64.0000 (64.0000)  total_loss: 7.0218 (7.3870)  teacher_entropy_ratio: 0.7136 (0.7697)  teacher_batch_entropy_ratio: 0.8834 (0.8717)  dino_local_crops_loss: 5.2395 (5.5616)  dino_global_crops_loss: 0.6788 (0.7047)  koleo_loss: -0.0207 (-0.0055)  ibot_loss: 1.0901 (1.1262)  time: 0.406886  data: 0.068042  max mem: 19495
I20260802 13:37:23 3235501 dinov2 helpers.py:102] Training  [5240/7500]  eta: 0:19:33  lr: 0.0003 (0.0007)  wd: 0.3246 (0.1535)  mom: 0.9983 (0.9945)  last_layer_lr: 0.0003 (0.0007)  current_batch_size: 64.0000 (64.0000)  total_loss: 6.8874 (7.3860)  teacher_entropy_ratio: 0.7066 (0.7696)  teacher_batch_entropy_ratio: 0.8749 (0.8717)  dino_local_crops_loss: 5.1869 (5.5609)  dino_global_crops_loss: 0.6668 (0.7046)  koleo_loss: -0.0206 (-0.0055)  ibot_loss: 1.0827 (1.1261)  time: 0.380500  data: 0.040016  max mem: 19495
I20260802 13:37:27 3235501 dinov2 helpers.py:102] Training  [5250/7500]  eta: 0:19:27  lr: 0.0003 (0.0007)  wd: 0.3252 (0.1538)  mom: 0.9983 (0.9945)  last_layer_lr: 0.0003 (0.0007)  current_batch_size: 64.0000 (64.0000)  total_loss: 6.8874 (7.3854)  teacher_entropy_ratio: 0.7038 (0.7695)  teacher_batch_entropy_ratio: 0.8750 (0.8717)  dino_local_crops_loss: 5.1758 (5.5605)  dino_global_crops_loss: 0.6666 (0.7045)  koleo_loss: -0.0206 (-0.0056)  ibot_loss: 1.0845 (1.1260)  time: 0.382750  data: 0.043812  max mem: 19495
I20260802 13:37:32 3235501 dinov2 helpers.py:102] Training  [5260/7500]  eta: 0:19:22  lr: 0.0003 (0.0007)  wd: 0.3258 (0.1541)  mom: 0.9984 (0.9945)  last_layer_lr: 0.0003 (0.0007)  current_batch_size: 64.0000 (64.0000)  total_loss: 6.9984 (7.3848)  teacher_entropy_ratio: 0.7111 (0.7694)  teacher_batch_entropy_ratio: 0.8775 (0.8717)  dino_local_crops_loss: 5.2601 (5.5599)  dino_global_crops_loss: 0.6753 (0.7045)  koleo_loss: -0.0207 (-0.0056)  ibot_loss: 1.0819 (1.1259)  time: 0.452601  data: 0.114379  max mem: 19495
I20260802 13:37:36 3235501 dinov2 helpers.py:102] Training  [5270/7500]  eta: 0:19:16  lr: 0.0002 (0.0007)  wd: 0.3264 (0.1544)  mom: 0.9984 (0.9945)  last_layer_lr: 0.0002 (0.0007)  current_batch_size: 64.0000 (64.0000)  total_loss: 6.9249 (7.3838)  teacher_entropy_ratio: 0.7026 (0.7692)  teacher_batch_entropy_ratio: 0.8760 (0.8717)  dino_local_crops_loss: 5.2048 (5.5592)  dino_global_crops_loss: 0.6649 (0.7044)  koleo_loss: -0.0207 (-0.0056)  ibot_loss: 1.0762 (1.1258)  time: 0.456473  data: 0.112783  max mem: 19495
I20260802 13:37:40 3235501 dinov2 helpers.py:102] Training  [5280/7500]  eta: 0:19:10  lr: 0.0002 (0.0007)  wd: 0.3270 (0.1548)  mom: 0.9984 (0.9946)  last_layer_lr: 0.0002 (0.0007)  current_batch_size: 64.0000 (64.0000)  total_loss: 6.9249 (7.3831)  teacher_entropy_ratio: 0.7041 (0.7691)  teacher_batch_entropy_ratio: 0.8769 (0.8718)  dino_local_crops_loss: 5.2048 (5.5586)  dino_global_crops_loss: 0.6649 (0.7043)  koleo_loss: -0.0209 (-0.0057)  ibot_loss: 1.0810 (1.1258)  time: 0.386971  data: 0.039843  max mem: 19495
I20260802 13:37:44 3235501 dinov2 helpers.py:102] Training  [5290/7500]  eta: 0:19:05  lr: 0.0002 (0.0007)  wd: 0.3276 (0.1551)  mom: 0.9984 (0.9946)  last_layer_lr: 0.0002 (0.0007)  current_batch_size: 64.0000 (64.0000)  total_loss: 7.0192 (7.3825)  teacher_entropy_ratio: 0.7189 (0.7690)  teacher_batch_entropy_ratio: 0.8896 (0.8718)  dino_local_crops_loss: 5.3365 (5.5582)  dino_global_crops_loss: 0.6823 (0.7043)  koleo_loss: -0.0211 (-0.0057)  ibot_loss: 1.0846 (1.1257)  time: 0.396289  data: 0.042605  max mem: 19495
I20260802 13:37:49 3235501 dinov2 helpers.py:102] Training  [5300/7500]  eta: 0:18:59  lr: 0.0002 (0.0007)  wd: 0.3282 (0.1554)  mom: 0.9984 (0.9946)  last_layer_lr: 0.0002 (0.0007)  current_batch_size: 64.0000 (64.0000)  total_loss: 6.9708 (7.3817)  teacher_entropy_ratio: 0.7078 (0.7689)  teacher_batch_entropy_ratio: 0.8789 (0.8718)  dino_local_crops_loss: 5.2070 (5.5576)  dino_global_crops_loss: 0.6714 (0.7042)  koleo_loss: -0.0210 (-0.0057)  ibot_loss: 1.0884 (1.1256)  time: 0.436384  data: 0.085644  max mem: 19495
I20260802 13:37:53 3235501 dinov2 helpers.py:102] Training  [5310/7500]  eta: 0:18:54  lr: 0.0002 (0.0007)  wd: 0.3288 (0.1558)  mom: 0.9984 (0.9946)  last_layer_lr: 0.0002 (0.0007)  current_batch_size: 64.0000 (64.0000)  total_loss: 6.9708 (7.3809)  teacher_entropy_ratio: 0.7090 (0.7688)  teacher_batch_entropy_ratio: 0.8830 (0.8718)  dino_local_crops_loss: 5.2319 (5.5569)  dino_global_crops_loss: 0.6714 (0.7042)  koleo_loss: -0.0210 (-0.0057)  ibot_loss: 1.0964 (1.1255)  time: 0.478382  data: 0.135981  max mem: 19495
I20260802 13:37:57 3235501 dinov2 helpers.py:102] Training  [5320/7500]  eta: 0:18:48  lr: 0.0002 (0.0007)  wd: 0.3294 (0.1561)  mom: 0.9984 (0.9946)  last_layer_lr: 0.0002 (0.0007)  current_batch_size: 64.0000 (64.0000)  total_loss: 6.9811 (7.3801)  teacher_entropy_ratio: 0.7124 (0.7687)  teacher_batch_entropy_ratio: 0.8838 (0.8718)  dino_local_crops_loss: 5.2414 (5.5563)  dino_global_crops_loss: 0.6725 (0.7041)  koleo_loss: -0.0210 (-0.0058)  ibot_loss: 1.0800 (1.1254)  time: 0.413815  data: 0.067953  max mem: 19495
I20260802 13:38:02 3235501 dinov2 helpers.py:102] Training  [5330/7500]  eta: 0:18:43  lr: 0.0002 (0.0007)  wd: 0.3300 (0.1564)  mom: 0.9984 (0.9946)  last_layer_lr: 0.0002 (0.0007)  current_batch_size: 64.0000 (64.0000)  total_loss: 6.8735 (7.3792)  teacher_entropy_ratio: 0.6994 (0.7686)  teacher_batch_entropy_ratio: 0.8697 (0.8718)  dino_local_crops_loss: 5.1626 (5.5556)  dino_global_crops_loss: 0.6654 (0.7040)  koleo_loss: -0.0211 (-0.0058)  ibot_loss: 1.0709 (1.1254)  time: 0.414425  data: 0.073390  max mem: 19495
I20260802 13:38:06 3235501 dinov2 helpers.py:102] Training  [5340/7500]  eta: 0:18:37  lr: 0.0002 (0.0007)  wd: 0.3306 (0.1567)  mom: 0.9985 (0.9946)  last_layer_lr: 0.0002 (0.0007)  current_batch_size: 64.0000 (64.0000)  total_loss: 6.8735 (7.3783)  teacher_entropy_ratio: 0.6955 (0.7684)  teacher_batch_entropy_ratio: 0.8704 (0.8718)  dino_local_crops_loss: 5.1233 (5.5549)  dino_global_crops_loss: 0.6552 (0.7039)  koleo_loss: -0.0210 (-0.0058)  ibot_loss: 1.0909 (1.1253)  time: 0.441616  data: 0.100219  max mem: 19495
I20260802 13:38:09 3235501 dinov2 helpers.py:102] Training  [5350/7500]  eta: 0:18:31  lr: 0.0002 (0.0007)  wd: 0.3312 (0.1571)  mom: 0.9985 (0.9946)  last_layer_lr: 0.0002 (0.0007)  current_batch_size: 64.0000 (64.0000)  total_loss: 6.9708 (7.3777)  teacher_entropy_ratio: 0.7079 (0.7683)  teacher_batch_entropy_ratio: 0.8834 (0.8719)  dino_local_crops_loss: 5.2329 (5.5544)  dino_global_crops_loss: 0.6699 (0.7039)  koleo_loss: -0.0211 (-0.0059)  ibot_loss: 1.0849 (1.1252)  time: 0.392385  data: 0.041355  max mem: 19495
I20260802 13:38:13 3235501 dinov2 helpers.py:102] Training  [5360/7500]  eta: 0:18:26  lr: 0.0002 (0.0007)  wd: 0.3318 (0.1574)  mom: 0.9985 (0.9946)  last_layer_lr: 0.0002 (0.0007)  current_batch_size: 64.0000 (64.0000)  total_loss: 7.0105 (7.3771)  teacher_entropy_ratio: 0.7207 (0.7683)  teacher_batch_entropy_ratio: 0.8901 (0.8719)  dino_local_crops_loss: 5.2876 (5.5539)  dino_global_crops_loss: 0.6789 (0.7039)  koleo_loss: -0.0211 (-0.0059)  ibot_loss: 1.0849 (1.1252)  time: 0.391088  data: 0.045481  max mem: 19495
I20260802 13:38:18 3235501 dinov2 helpers.py:102] Training  [5370/7500]  eta: 0:18:20  lr: 0.0002 (0.0007)  wd: 0.3324 (0.1577)  mom: 0.9985 (0.9946)  last_layer_lr: 0.0002 (0.0007)  current_batch_size: 64.0000 (64.0000)  total_loss: 6.9868 (7.3762)  teacher_entropy_ratio: 0.7196 (0.7681)  teacher_batch_entropy_ratio: 0.8870 (0.8719)  dino_local_crops_loss: 5.2634 (5.5533)  dino_global_crops_loss: 0.6712 (0.7038)  koleo_loss: -0.0211 (-0.0059)  ibot_loss: 1.0879 (1.1251)  time: 0.408487  data: 0.069444  max mem: 19495
I20260802 13:38:22 3235501 dinov2 helpers.py:102] Training  [5380/7500]  eta: 0:18:14  lr: 0.0002 (0.0007)  wd: 0.3330 (0.1580)  mom: 0.9985 (0.9946)  last_layer_lr: 0.0002 (0.0007)  current_batch_size: 64.0000 (64.0000)  total_loss: 6.8779 (7.3754)  teacher_entropy_ratio: 0.6908 (0.7680)  teacher_batch_entropy_ratio: 0.8682 (0.8719)  dino_local_crops_loss: 5.1262 (5.5526)  dino_global_crops_loss: 0.6588 (0.7037)  koleo_loss: -0.0212 (-0.0059)  ibot_loss: 1.0995 (1.1250)  time: 0.411157  data: 0.063438  max mem: 19495
I20260802 13:38:26 3235501 dinov2 helpers.py:102] Training  [5390/7500]  eta: 0:18:09  lr: 0.0002 (0.0007)  wd: 0.3336 (0.1584)  mom: 0.9985 (0.9946)  last_layer_lr: 0.0002 (0.0007)  current_batch_size: 64.0000 (64.0000)  total_loss: 6.9815 (7.3746)  teacher_entropy_ratio: 0.7038 (0.7679)  teacher_batch_entropy_ratio: 0.8742 (0.8719)  dino_local_crops_loss: 5.2065 (5.5520)  dino_global_crops_loss: 0.6660 (0.7037)  koleo_loss: -0.0212 (-0.0060)  ibot_loss: 1.1018 (1.1249)  time: 0.428869  data: 0.080963  max mem: 19495
W20260802 13:38:31 3235501 py.warnings warnings.py:109] /sci/labs/arieljaffe/dan.abergel1/torch_env/lib/python3.11/site-packages/torch/distributed/fsdp/fully_sharded_data_parallel.py:822: FutureWarning: FSDP.state_dict_type() and FSDP.set_state_dict_type() are being deprecated. Please use APIs, get_state_dict() and set_state_dict(), which can support different parallelisms, FSDP1, FSDP2, DDP. API doc: https://pytorch.org/docs/stable/distributed.checkpoint.html#torch.distributed.checkpoint.state_dict.get_state_dict .Tutorial: https://pytorch.org/tutorials/recipes/distributed_checkpoint_recipe.html .
  prev_state_dict_settings = FullyShardedDataParallel.set_state_dict_type(

W20260802 13:38:31 3235501 py.warnings warnings.py:109] /sci/labs/arieljaffe/dan.abergel1/torch_env/lib/python3.11/site-packages/torch/utils/_contextlib.py:124: UserWarning: When using ``NO_SHARD`` for ``ShardingStrategy``, full_state_dict will be returned.
  return func(*args, **kwargs)

W20260802 13:38:31 3235501 py.warnings warnings.py:109] /sci/labs/arieljaffe/dan.abergel1/torch_env/lib/python3.11/site-packages/torch/distributed/fsdp/fully_sharded_data_parallel.py:829: FutureWarning: FSDP.state_dict_type() and FSDP.set_state_dict_type() are being deprecated. Please use APIs, get_state_dict() and set_state_dict(), which can support different parallelisms, FSDP1, FSDP2, DDP. API doc: https://pytorch.org/docs/stable/distributed.checkpoint.html#torch.distributed.checkpoint.state_dict.get_state_dict .Tutorial: https://pytorch.org/tutorials/recipes/distributed_checkpoint_recipe.html .
  FullyShardedDataParallel.set_state_dict_type(

I20260802 13:38:31 3235501 fvcore.common.checkpoint __init__.py:109] Saving checkpoint to /sci/labs/arieljaffe/dan.abergel1/runs/brain/koleo_on/model_0005399.rank_0.pth
W20260802 13:38:32 3235501 py.warnings warnings.py:109] /sci/labs/arieljaffe/dan.abergel1/torch_env/lib/python3.11/site-packages/torch/distributed/c10d_logger.py:83: UserWarning: barrier(): using the device under current context. You can specify `device_id` in `init_process_group` to mute this warning.
  return func(*args, **kwargs)

I20260802 13:38:32 3235501 dinov2 helpers.py:102] Training  [5400/7500]  eta: 0:18:04  lr: 0.0002 (0.0007)  wd: 0.3342 (0.1587)  mom: 0.9985 (0.9946)  last_layer_lr: 0.0002 (0.0007)  current_batch_size: 64.0000 (64.0000)  total_loss: 6.9914 (7.3740)  teacher_entropy_ratio: 0.7129 (0.7678)  teacher_batch_entropy_ratio: 0.8800 (0.8720)  dino_local_crops_loss: 5.2281 (5.5515)  dino_global_crops_loss: 0.6730 (0.7036)  koleo_loss: -0.0213 (-0.0060)  ibot_loss: 1.0855 (1.1249)  time: 0.525902  data: 0.118649  max mem: 19495
I20260802 13:38:36 3235501 dinov2 helpers.py:102] Training  [5410/7500]  eta: 0:17:59  lr: 0.0002 (0.0007)  wd: 0.3347 (0.1590)  mom: 0.9985 (0.9946)  last_layer_lr: 0.0002 (0.0007)  current_batch_size: 64.0000 (64.0000)  total_loss: 6.9329 (7.3732)  teacher_entropy_ratio: 0.7003 (0.7677)  teacher_batch_entropy_ratio: 0.8779 (0.8720)  dino_local_crops_loss: 5.1966 (5.5509)  dino_global_crops_loss: 0.6638 (0.7035)  koleo_loss: -0.0213 (-0.0060)  ibot_loss: 1.0746 (1.1248)  time: 0.492786  data: 0.063377  max mem: 19495
I20260802 13:38:40 3235501 dinov2 helpers.py:102] Training  [5420/7500]  eta: 0:17:53  lr: 0.0002 (0.0007)  wd: 0.3353 (0.1593)  mom: 0.9986 (0.9947)  last_layer_lr: 0.0002 (0.0007)  current_batch_size: 64.0000 (64.0000)  total_loss: 6.9237 (7.3724)  teacher_entropy_ratio: 0.7014 (0.7676)  teacher_batch_entropy_ratio: 0.8779 (0.8720)  dino_local_crops_loss: 5.1811 (5.5503)  dino_global_crops_loss: 0.6674 (0.7035)  koleo_loss: -0.0213 (-0.0061)  ibot_loss: 1.0600 (1.1247)  time: 0.368620  data: 0.000683  max mem: 19495
I20260802 13:38:43 3235501 dinov2 helpers.py:102] Training  [5430/7500]  eta: 0:17:47  lr: 0.0002 (0.0007)  wd: 0.3359 (0.1597)  mom: 0.9986 (0.9947)  last_layer_lr: 0.0002 (0.0007)  current_batch_size: 64.0000 (64.0000)  total_loss: 6.9237 (7.3715)  teacher_entropy_ratio: 0.7026 (0.7675)  teacher_batch_entropy_ratio: 0.8806 (0.8720)  dino_local_crops_loss: 5.1796 (5.5496)  dino_global_crops_loss: 0.6680 (0.7034)  koleo_loss: -0.0213 (-0.0061)  ibot_loss: 1.0729 (1.1246)  time: 0.343535  data: 0.000445  max mem: 19495
I20260802 13:38:47 3235501 dinov2 helpers.py:102] Training  [5440/7500]  eta: 0:17:41  lr: 0.0002 (0.0007)  wd: 0.3365 (0.1600)  mom: 0.9986 (0.9947)  last_layer_lr: 0.0002 (0.0007)  current_batch_size: 64.0000 (64.0000)  total_loss: 6.8642 (7.3708)  teacher_entropy_ratio: 0.6994 (0.7674)  teacher_batch_entropy_ratio: 0.8739 (0.8720)  dino_local_crops_loss: 5.1268 (5.5490)  dino_global_crops_loss: 0.6600 (0.7033)  koleo_loss: -0.0212 (-0.0061)  ibot_loss: 1.0910 (1.1245)  time: 0.372177  data: 0.024391  max mem: 19495
I20260802 13:38:52 3235501 dinov2 helpers.py:102] Training  [5450/7500]  eta: 0:17:36  lr: 0.0002 (0.0007)  wd: 0.3370 (0.1603)  mom: 0.9986 (0.9947)  last_layer_lr: 0.0002 (0.0007)  current_batch_size: 64.0000 (64.0000)  total_loss: 6.9305 (7.3702)  teacher_entropy_ratio: 0.7048 (0.7673)  teacher_batch_entropy_ratio: 0.8809 (0.8720)  dino_local_crops_loss: 5.2438 (5.5486)  dino_global_crops_loss: 0.6698 (0.7033)  koleo_loss: -0.0210 (-0.0061)  ibot_loss: 1.0873 (1.1244)  time: 0.438778  data: 0.086874  max mem: 19495
I20260802 13:38:56 3235501 dinov2 helpers.py:102] Training  [5460/7500]  eta: 0:17:30  lr: 0.0002 (0.0007)  wd: 0.3376 (0.1606)  mom: 0.9986 (0.9947)  last_layer_lr: 0.0002 (0.0007)  current_batch_size: 64.0000 (64.0000)  total_loss: 6.9305 (7.3696)  teacher_entropy_ratio: 0.7119 (0.7672)  teacher_batch_entropy_ratio: 0.8844 (0.8721)  dino_local_crops_loss: 5.2438 (5.5481)  dino_global_crops_loss: 0.6726 (0.7033)  koleo_loss: -0.0212 (-0.0062)  ibot_loss: 1.0693 (1.1244)  time: 0.443750  data: 0.093144  max mem: 19495
I20260802 13:39:01 3235501 dinov2 helpers.py:102] Training  [5470/7500]  eta: 0:17:25  lr: 0.0002 (0.0007)  wd: 0.3382 (0.1610)  mom: 0.9986 (0.9947)  last_layer_lr: 0.0002 (0.0007)  current_batch_size: 64.0000 (64.0000)  total_loss: 6.9020 (7.3686)  teacher_entropy_ratio: 0.6986 (0.7670)  teacher_batch_entropy_ratio: 0.8776 (0.8721)  dino_local_crops_loss: 5.1519 (5.5473)  dino_global_crops_loss: 0.6682 (0.7032)  koleo_loss: -0.0212 (-0.0062)  ibot_loss: 1.0786 (1.1243)  time: 0.458644  data: 0.095640  max mem: 19495
I20260802 13:39:05 3235501 dinov2 helpers.py:102] Training  [5480/7500]  eta: 0:17:20  lr: 0.0002 (0.0007)  wd: 0.3388 (0.1613)  mom: 0.9986 (0.9947)  last_layer_lr: 0.0002 (0.0007)  current_batch_size: 64.0000 (64.0000)  total_loss: 6.9062 (7.3678)  teacher_entropy_ratio: 0.6986 (0.7669)  teacher_batch_entropy_ratio: 0.8776 (0.8721)  dino_local_crops_loss: 5.1519 (5.5467)  dino_global_crops_loss: 0.6682 (0.7031)  koleo_loss: -0.0212 (-0.0062)  ibot_loss: 1.0782 (1.1242)  time: 0.443138  data: 0.084855  max mem: 19495
I20260802 13:39:08 3235501 dinov2 helpers.py:102] Training  [5490/7500]  eta: 0:17:14  lr: 0.0002 (0.0007)  wd: 0.3393 (0.1616)  mom: 0.9987 (0.9947)  last_layer_lr: 0.0002 (0.0007)  current_batch_size: 64.0000 (64.0000)  total_loss: 7.0476 (7.3670)  teacher_entropy_ratio: 0.7183 (0.7668)  teacher_batch_entropy_ratio: 0.8888 (0.8721)  dino_local_crops_loss: 5.2932 (5.5461)  dino_global_crops_loss: 0.6736 (0.7030)  koleo_loss: -0.0212 (-0.0062)  ibot_loss: 1.0761 (1.1241)  time: 0.375475  data: 0.028605  max mem: 19495
I20260802 13:39:12 3235501 dinov2 helpers.py:102] Training  [5500/7500]  eta: 0:17:08  lr: 0.0002 (0.0007)  wd: 0.3399 (0.1619)  mom: 0.9987 (0.9947)  last_layer_lr: 0.0002 (0.0007)  current_batch_size: 64.0000 (64.0000)  total_loss: 7.0460 (7.3662)  teacher_entropy_ratio: 0.7197 (0.7667)  teacher_batch_entropy_ratio: 0.8935 (0.8721)  dino_local_crops_loss: 5.2932 (5.5455)  dino_global_crops_loss: 0.6786 (0.7030)  koleo_loss: -0.0211 (-0.0063)  ibot_loss: 1.0761 (1.1241)  time: 0.365958  data: 0.023111  max mem: 19495
I20260802 13:39:17 3235501 dinov2 helpers.py:102] Training  [5510/7500]  eta: 0:17:03  lr: 0.0002 (0.0007)  wd: 0.3404 (0.1623)  mom: 0.9987 (0.9947)  last_layer_lr: 0.0002 (0.0007)  current_batch_size: 64.0000 (64.0000)  total_loss: 7.0180 (7.3656)  teacher_entropy_ratio: 0.7211 (0.7666)  teacher_batch_entropy_ratio: 0.8867 (0.8721)  dino_local_crops_loss: 5.2823 (5.5450)  dino_global_crops_loss: 0.6768 (0.7029)  koleo_loss: -0.0211 (-0.0063)  ibot_loss: 1.0787 (1.1239)  time: 0.435553  data: 0.093764  max mem: 19495
I20260802 13:39:21 3235501 dinov2 helpers.py:102] Training  [5520/7500]  eta: 0:16:57  lr: 0.0002 (0.0007)  wd: 0.3410 (0.1626)  mom: 0.9987 (0.9947)  last_layer_lr: 0.0002 (0.0007)  current_batch_size: 64.0000 (64.0000)  total_loss: 7.0008 (7.3649)  teacher_entropy_ratio: 0.7156 (0.7665)  teacher_batch_entropy_ratio: 0.8867 (0.8721)  dino_local_crops_loss: 5.2823 (5.5445)  dino_global_crops_loss: 0.6747 (0.7029)  koleo_loss: -0.0212 (-0.0063)  ibot_loss: 1.0785 (1.1239)  time: 0.433638  data: 0.092691  max mem: 19495
I20260802 13:39:25 3235501 dinov2 helpers.py:102] Training  [5530/7500]  eta: 0:16:52  lr: 0.0002 (0.0007)  wd: 0.3416 (0.1629)  mom: 0.9987 (0.9947)  last_layer_lr: 0.0002 (0.0007)  current_batch_size: 64.0000 (64.0000)  total_loss: 7.0101 (7.3644)  teacher_entropy_ratio: 0.7127 (0.7664)  teacher_batch_entropy_ratio: 0.8876 (0.8722)  dino_local_crops_loss: 5.2681 (5.5441)  dino_global_crops_loss: 0.6765 (0.7028)  koleo_loss: -0.0212 (-0.0063)  ibot_loss: 1.1034 (1.1238)  time: 0.372276  data: 0.031796  max mem: 19495
I20260802 13:39:29 3235501 dinov2 helpers.py:102] Training  [5540/7500]  eta: 0:16:46  lr: 0.0002 (0.0007)  wd: 0.3421 (0.1632)  mom: 0.9987 (0.9947)  last_layer_lr: 0.0002 (0.0007)  current_batch_size: 64.0000 (64.0000)  total_loss: 6.9548 (7.3633)  teacher_entropy_ratio: 0.7114 (0.7663)  teacher_batch_entropy_ratio: 0.8828 (0.8722)  dino_local_crops_loss: 5.2470 (5.5432)  dino_global_crops_loss: 0.6668 (0.7028)  koleo_loss: -0.0210 (-0.0064)  ibot_loss: 1.0902 (1.1237)  time: 0.420934  data: 0.075886  max mem: 19495
I20260802 13:39:34 3235501 dinov2 helpers.py:102] Training  [5550/7500]  eta: 0:16:41  lr: 0.0002 (0.0007)  wd: 0.3427 (0.1636)  mom: 0.9987 (0.9947)  last_layer_lr: 0.0002 (0.0007)  current_batch_size: 64.0000 (64.0000)  total_loss: 6.7857 (7.3624)  teacher_entropy_ratio: 0.6914 (0.7662)  teacher_batch_entropy_ratio: 0.8757 (0.8722)  dino_local_crops_loss: 5.0718 (5.5425)  dino_global_crops_loss: 0.6540 (0.7027)  koleo_loss: -0.0210 (-0.0064)  ibot_loss: 1.0811 (1.1237)  time: 0.462179  data: 0.118462  max mem: 19495
I20260802 13:39:40 3235501 dinov2 helpers.py:102] Training  [5560/7500]  eta: 0:16:36  lr: 0.0002 (0.0007)  wd: 0.3432 (0.1639)  mom: 0.9987 (0.9948)  last_layer_lr: 0.0002 (0.0006)  current_batch_size: 64.0000 (64.0000)  total_loss: 6.9948 (7.3619)  teacher_entropy_ratio: 0.7117 (0.7661)  teacher_batch_entropy_ratio: 0.8848 (0.8722)  dino_local_crops_loss: 5.2944 (5.5421)  dino_global_crops_loss: 0.6736 (0.7026)  koleo_loss: -0.0211 (-0.0064)  ibot_loss: 1.0609 (1.1236)  time: 0.530241  data: 0.186681  max mem: 19495
I20260802 13:39:44 3235501 dinov2 helpers.py:102] Training  [5570/7500]  eta: 0:16:31  lr: 0.0002 (0.0007)  wd: 0.3438 (0.1642)  mom: 0.9988 (0.9948)  last_layer_lr: 0.0002 (0.0006)  current_batch_size: 64.0000 (64.0000)  total_loss: 7.0588 (7.3611)  teacher_entropy_ratio: 0.7117 (0.7660)  teacher_batch_entropy_ratio: 0.8875 (0.8722)  dino_local_crops_loss: 5.3265 (5.5415)  dino_global_crops_loss: 0.6794 (0.7026)  koleo_loss: -0.0211 (-0.0065)  ibot_loss: 1.0534 (1.1235)  time: 0.512313  data: 0.171055  max mem: 19495
I20260802 13:39:48 3235501 dinov2 helpers.py:102] Training  [5580/7500]  eta: 0:16:25  lr: 0.0002 (0.0007)  wd: 0.3443 (0.1645)  mom: 0.9988 (0.9948)  last_layer_lr: 0.0002 (0.0006)  current_batch_size: 64.0000 (64.0000)  total_loss: 6.9203 (7.3604)  teacher_entropy_ratio: 0.7100 (0.7659)  teacher_batch_entropy_ratio: 0.8760 (0.8722)  dino_local_crops_loss: 5.2218 (5.5410)  dino_global_crops_loss: 0.6660 (0.7025)  koleo_loss: -0.0212 (-0.0065)  ibot_loss: 1.0660 (1.1234)  time: 0.424300  data: 0.084884  max mem: 19495
I20260802 13:39:53 3235501 dinov2 helpers.py:102] Training  [5590/7500]  eta: 0:16:20  lr: 0.0002 (0.0006)  wd: 0.3449 (0.1649)  mom: 0.9988 (0.9948)  last_layer_lr: 0.0002 (0.0006)  current_batch_size: 64.0000 (64.0000)  total_loss: 6.9681 (7.3597)  teacher_entropy_ratio: 0.7099 (0.7658)  teacher_batch_entropy_ratio: 0.8797 (0.8722)  dino_local_crops_loss: 5.2246 (5.5404)  dino_global_crops_loss: 0.6660 (0.7025)  koleo_loss: -0.0211 (-0.0065)  ibot_loss: 1.0816 (1.1234)  time: 0.433191  data: 0.089922  max mem: 19495
I20260802 13:39:58 3235501 dinov2 helpers.py:102] Training  [5600/7500]  eta: 0:16:15  lr: 0.0002 (0.0006)  wd: 0.3454 (0.1652)  mom: 0.9988 (0.9948)  last_layer_lr: 0.0002 (0.0006)  current_batch_size: 64.0000 (64.0000)  total_loss: 6.9681 (7.3588)  teacher_entropy_ratio: 0.7058 (0.7656)  teacher_batch_entropy_ratio: 0.8797 (0.8722)  dino_local_crops_loss: 5.2246 (5.5397)  dino_global_crops_loss: 0.6725 (0.7024)  koleo_loss: -0.0214 (-0.0065)  ibot_loss: 1.0642 (1.1233)  time: 0.477128  data: 0.132330  max mem: 19495
I20260802 13:40:01 3235501 dinov2 helpers.py:102] Training  [5610/7500]  eta: 0:16:09  lr: 0.0002 (0.0006)  wd: 0.3459 (0.1655)  mom: 0.9988 (0.9948)  last_layer_lr: 0.0002 (0.0006)  current_batch_size: 64.0000 (64.0000)  total_loss: 6.9946 (7.3583)  teacher_entropy_ratio: 0.7121 (0.7656)  teacher_batch_entropy_ratio: 0.8854 (0.8723)  dino_local_crops_loss: 5.2696 (5.5393)  dino_global_crops_loss: 0.6771 (0.7023)  koleo_loss: -0.0214 (-0.0066)  ibot_loss: 1.0642 (1.1232)  time: 0.424263  data: 0.082030  max mem: 19495
I20260802 13:40:05 3235501 dinov2 helpers.py:102] Training  [5620/7500]  eta: 0:16:04  lr: 0.0002 (0.0006)  wd: 0.3465 (0.1658)  mom: 0.9988 (0.9948)  last_layer_lr: 0.0002 (0.0006)  current_batch_size: 64.0000 (64.0000)  total_loss: 6.9645 (7.3573)  teacher_entropy_ratio: 0.7108 (0.7654)  teacher_batch_entropy_ratio: 0.8832 (0.8723)  dino_local_crops_loss: 5.2144 (5.5386)  dino_global_crops_loss: 0.6694 (0.7023)  koleo_loss: -0.0214 (-0.0066)  ibot_loss: 1.0702 (1.1231)  time: 0.378427  data: 0.031546  max mem: 19495
I20260802 13:40:10 3235501 dinov2 helpers.py:102] Training  [5630/7500]  eta: 0:15:58  lr: 0.0002 (0.0006)  wd: 0.3470 (0.1661)  mom: 0.9988 (0.9948)  last_layer_lr: 0.0002 (0.0006)  current_batch_size: 64.0000 (64.0000)  total_loss: 6.9627 (7.3566)  teacher_entropy_ratio: 0.7065 (0.7653)  teacher_batch_entropy_ratio: 0.8835 (0.8723)  dino_local_crops_loss: 5.2144 (5.5380)  dino_global_crops_loss: 0.6639 (0.7022)  koleo_loss: -0.0216 (-0.0066)  ibot_loss: 1.0737 (1.1230)  time: 0.422204  data: 0.066542  max mem: 19495
I20260802 13:40:14 3235501 dinov2 helpers.py:102] Training  [5640/7500]  eta: 0:15:53  lr: 0.0002 (0.0006)  wd: 0.3475 (0.1665)  mom: 0.9988 (0.9948)  last_layer_lr: 0.0002 (0.0006)  current_batch_size: 64.0000 (64.0000)  total_loss: 6.9494 (7.3558)  teacher_entropy_ratio: 0.7065 (0.7652)  teacher_batch_entropy_ratio: 0.8799 (0.8723)  dino_local_crops_loss: 5.1972 (5.5374)  dino_global_crops_loss: 0.6681 (0.7021)  koleo_loss: -0.0213 (-0.0066)  ibot_loss: 1.0726 (1.1229)  time: 0.438273  data: 0.091333  max mem: 19495
I20260802 13:40:18 3235501 dinov2 helpers.py:102] Training  [5650/7500]  eta: 0:15:47  lr: 0.0002 (0.0006)  wd: 0.3481 (0.1668)  mom: 0.9988 (0.9948)  last_layer_lr: 0.0002 (0.0006)  current_batch_size: 64.0000 (64.0000)  total_loss: 6.8796 (7.3551)  teacher_entropy_ratio: 0.6998 (0.7651)  teacher_batch_entropy_ratio: 0.8787 (0.8723)  dino_local_crops_loss: 5.1754 (5.5368)  dino_global_crops_loss: 0.6619 (0.7021)  koleo_loss: -0.0214 (-0.0067)  ibot_loss: 1.0726 (1.1229)  time: 0.417558  data: 0.079464  max mem: 19495
I20260802 13:40:22 3235501 dinov2 helpers.py:102] Training  [5660/7500]  eta: 0:15:42  lr: 0.0002 (0.0006)  wd: 0.3486 (0.1671)  mom: 0.9989 (0.9948)  last_layer_lr: 0.0002 (0.0006)  current_batch_size: 64.0000 (64.0000)  total_loss: 6.8812 (7.3544)  teacher_entropy_ratio: 0.6990 (0.7650)  teacher_batch_entropy_ratio: 0.8719 (0.8723)  dino_local_crops_loss: 5.1656 (5.5363)  dino_global_crops_loss: 0.6593 (0.7020)  koleo_loss: -0.0214 (-0.0067)  ibot_loss: 1.0799 (1.1228)  time: 0.403164  data: 0.055257  max mem: 19495
I20260802 13:40:27 3235501 dinov2 helpers.py:102] Training  [5670/7500]  eta: 0:15:37  lr: 0.0002 (0.0006)  wd: 0.3491 (0.1674)  mom: 0.9989 (0.9948)  last_layer_lr: 0.0002 (0.0006)  current_batch_size: 64.0000 (64.0000)  total_loss: 6.9934 (7.3538)  teacher_entropy_ratio: 0.7077 (0.7650)  teacher_batch_entropy_ratio: 0.8826 (0.8724)  dino_local_crops_loss: 5.2376 (5.5358)  dino_global_crops_loss: 0.6706 (0.7020)  koleo_loss: -0.0214 (-0.0067)  ibot_loss: 1.0794 (1.1227)  time: 0.420104  data: 0.063480  max mem: 19495
I20260802 13:40:30 3235501 dinov2 helpers.py:102] Training  [5680/7500]  eta: 0:15:31  lr: 0.0002 (0.0006)  wd: 0.3497 (0.1678)  mom: 0.9989 (0.9948)  last_layer_lr: 0.0002 (0.0006)  current_batch_size: 64.0000 (64.0000)  total_loss: 6.8865 (7.3529)  teacher_entropy_ratio: 0.6996 (0.7648)  teacher_batch_entropy_ratio: 0.8787 (0.8724)  dino_local_crops_loss: 5.1435 (5.5351)  dino_global_crops_loss: 0.6621 (0.7019)  koleo_loss: -0.0215 (-0.0067)  ibot_loss: 1.0731 (1.1226)  time: 0.392918  data: 0.040731  max mem: 19495
I20260802 13:40:34 3235501 dinov2 helpers.py:102] Training  [5690/7500]  eta: 0:15:25  lr: 0.0002 (0.0006)  wd: 0.3502 (0.1681)  mom: 0.9989 (0.9948)  last_layer_lr: 0.0002 (0.0006)  current_batch_size: 64.0000 (64.0000)  total_loss: 6.8398 (7.3522)  teacher_entropy_ratio: 0.6958 (0.7647)  teacher_batch_entropy_ratio: 0.8729 (0.8724)  dino_local_crops_loss: 5.1305 (5.5346)  dino_global_crops_loss: 0.6618 (0.7018)  koleo_loss: -0.0214 (-0.0068)  ibot_loss: 1.0736 (1.1225)  time: 0.370976  data: 0.020923  max mem: 19495
I20260802 13:40:38 3235501 dinov2 helpers.py:102] Training  [5700/7500]  eta: 0:15:20  lr: 0.0002 (0.0006)  wd: 0.3507 (0.1684)  mom: 0.9989 (0.9949)  last_layer_lr: 0.0002 (0.0006)  current_batch_size: 64.0000 (64.0000)  total_loss: 6.8361 (7.3512)  teacher_entropy_ratio: 0.6949 (0.7646)  teacher_batch_entropy_ratio: 0.8726 (0.8724)  dino_local_crops_loss: 5.1208 (5.5338)  dino_global_crops_loss: 0.6618 (0.7018)  koleo_loss: -0.0214 (-0.0068)  ibot_loss: 1.0697 (1.1224)  time: 0.391312  data: 0.037389  max mem: 19495
I20260802 13:40:44 3235501 dinov2 helpers.py:102] Training  [5710/7500]  eta: 0:15:15  lr: 0.0002 (0.0006)  wd: 0.3512 (0.1687)  mom: 0.9989 (0.9949)  last_layer_lr: 0.0002 (0.0006)  current_batch_size: 64.0000 (64.0000)  total_loss: 6.9773 (7.3508)  teacher_entropy_ratio: 0.7112 (0.7645)  teacher_batch_entropy_ratio: 0.8804 (0.8724)  dino_local_crops_loss: 5.2284 (5.5335)  dino_global_crops_loss: 0.6653 (0.7017)  koleo_loss: -0.0215 (-0.0068)  ibot_loss: 1.0700 (1.1224)  time: 0.476381  data: 0.121458  max mem: 19495
I20260802 13:40:48 3235501 dinov2 helpers.py:102] Training  [5720/7500]  eta: 0:15:10  lr: 0.0002 (0.0006)  wd: 0.3517 (0.1690)  mom: 0.9989 (0.9949)  last_layer_lr: 0.0002 (0.0006)  current_batch_size: 64.0000 (64.0000)  total_loss: 7.0144 (7.3500)  teacher_entropy_ratio: 0.7131 (0.7644)  teacher_batch_entropy_ratio: 0.8862 (0.8724)  dino_local_crops_loss: 5.2528 (5.5328)  dino_global_crops_loss: 0.6730 (0.7017)  koleo_loss: -0.0215 (-0.0068)  ibot_loss: 1.0757 (1.1223)  time: 0.482013  data: 0.138283  max mem: 19495
I20260802 13:40:51 3235501 dinov2 helpers.py:102] Training  [5730/7500]  eta: 0:15:04  lr: 0.0002 (0.0006)  wd: 0.3522 (0.1694)  mom: 0.9989 (0.9949)  last_layer_lr: 0.0002 (0.0006)  current_batch_size: 64.0000 (64.0000)  total_loss: 6.9825 (7.3493)  teacher_entropy_ratio: 0.7098 (0.7643)  teacher_batch_entropy_ratio: 0.8855 (0.8724)  dino_local_crops_loss: 5.2410 (5.5323)  dino_global_crops_loss: 0.6702 (0.7016)  koleo_loss: -0.0215 (-0.0069)  ibot_loss: 1.0796 (1.1222)  time: 0.393328  data: 0.042919  max mem: 19495
I20260802 13:40:56 3235501 dinov2 helpers.py:102] Training  [5740/7500]  eta: 0:14:59  lr: 0.0002 (0.0006)  wd: 0.3528 (0.1697)  mom: 0.9990 (0.9949)  last_layer_lr: 0.0002 (0.0006)  current_batch_size: 64.0000 (64.0000)  total_loss: 6.9503 (7.3486)  teacher_entropy_ratio: 0.7106 (0.7642)  teacher_batch_entropy_ratio: 0.8787 (0.8725)  dino_local_crops_loss: 5.2468 (5.5318)  dino_global_crops_loss: 0.6724 (0.7016)  koleo_loss: -0.0215 (-0.0069)  ibot_loss: 1.0699 (1.1221)  time: 0.418964  data: 0.059682  max mem: 19495
I20260802 13:41:01 3235501 dinov2 helpers.py:102] Training  [5750/7500]  eta: 0:14:53  lr: 0.0002 (0.0006)  wd: 0.3533 (0.1700)  mom: 0.9990 (0.9949)  last_layer_lr: 0.0002 (0.0006)  current_batch_size: 64.0000 (64.0000)  total_loss: 6.9503 (7.3478)  teacher_entropy_ratio: 0.7106 (0.7641)  teacher_batch_entropy_ratio: 0.8851 (0.8725)  dino_local_crops_loss: 5.2862 (5.5312)  dino_global_crops_loss: 0.6714 (0.7015)  koleo_loss: -0.0214 (-0.0069)  ibot_loss: 1.0698 (1.1220)  time: 0.456845  data: 0.102583  max mem: 19495
I20260802 13:41:04 3235501 dinov2 helpers.py:102] Training  [5760/7500]  eta: 0:14:48  lr: 0.0002 (0.0006)  wd: 0.3538 (0.1703)  mom: 0.9990 (0.9949)  last_layer_lr: 0.0002 (0.0006)  current_batch_size: 64.0000 (64.0000)  total_loss: 6.8156 (7.3471)  teacher_entropy_ratio: 0.7026 (0.7640)  teacher_batch_entropy_ratio: 0.8755 (0.8725)  dino_local_crops_loss: 5.1584 (5.5306)  dino_global_crops_loss: 0.6629 (0.7014)  koleo_loss: -0.0215 (-0.0069)  ibot_loss: 1.0710 (1.1220)  time: 0.396029  data: 0.043791  max mem: 19495
I20260802 13:41:08 3235501 dinov2 helpers.py:102] Training  [5770/7500]  eta: 0:14:42  lr: 0.0002 (0.0006)  wd: 0.3543 (0.1706)  mom: 0.9990 (0.9949)  last_layer_lr: 0.0002 (0.0006)  current_batch_size: 64.0000 (64.0000)  total_loss: 6.9111 (7.3464)  teacher_entropy_ratio: 0.7026 (0.7639)  teacher_batch_entropy_ratio: 0.8771 (0.8725)  dino_local_crops_loss: 5.1891 (5.5301)  dino_global_crops_loss: 0.6632 (0.7014)  koleo_loss: -0.0215 (-0.0070)  ibot_loss: 1.0656 (1.1219)  time: 0.360679  data: 0.000872  max mem: 19495
I20260802 13:41:11 3235501 dinov2 helpers.py:102] Training  [5780/7500]  eta: 0:14:37  lr: 0.0002 (0.0006)  wd: 0.3548 (0.1710)  mom: 0.9990 (0.9949)  last_layer_lr: 0.0002 (0.0006)  current_batch_size: 64.0000 (64.0000)  total_loss: 7.0363 (7.3457)  teacher_entropy_ratio: 0.7164 (0.7638)  teacher_batch_entropy_ratio: 0.8896 (0.8725)  dino_local_crops_loss: 5.3125 (5.5296)  dino_global_crops_loss: 0.6839 (0.7013)  koleo_loss: -0.0216 (-0.0070)  ibot_loss: 1.0615 (1.1218)  time: 0.364046  data: 0.000868  max mem: 19495
I20260802 13:41:15 3235501 dinov2 helpers.py:102] Training  [5790/7500]  eta: 0:14:31  lr: 0.0002 (0.0006)  wd: 0.3553 (0.1713)  mom: 0.9990 (0.9949)  last_layer_lr: 0.0002 (0.0006)  current_batch_size: 64.0000 (64.0000)  total_loss: 6.9840 (7.3450)  teacher_entropy_ratio: 0.7031 (0.7637)  teacher_batch_entropy_ratio: 0.8839 (0.8725)  dino_local_crops_loss: 5.2139 (5.5291)  dino_global_crops_loss: 0.6734 (0.7013)  koleo_loss: -0.0216 (-0.0070)  ibot_loss: 1.0635 (1.1217)  time: 0.345310  data: 0.000468  max mem: 19495
I20260802 13:41:19 3235501 dinov2 helpers.py:102] Training  [5800/7500]  eta: 0:14:26  lr: 0.0002 (0.0006)  wd: 0.3558 (0.1716)  mom: 0.9990 (0.9949)  last_layer_lr: 0.0002 (0.0006)  current_batch_size: 64.0000 (64.0000)  total_loss: 6.9685 (7.3444)  teacher_entropy_ratio: 0.7073 (0.7636)  teacher_batch_entropy_ratio: 0.8880 (0.8726)  dino_local_crops_loss: 5.2337 (5.5286)  dino_global_crops_loss: 0.6729 (0.7012)  koleo_loss: -0.0216 (-0.0070)  ibot_loss: 1.0618 (1.1216)  time: 0.370611  data: 0.028823  max mem: 19495
I20260802 13:41:23 3235501 dinov2 helpers.py:102] Training  [5810/7500]  eta: 0:14:21  lr: 0.0001 (0.0006)  wd: 0.3563 (0.1719)  mom: 0.9990 (0.9949)  last_layer_lr: 0.0001 (0.0006)  current_batch_size: 64.0000 (64.0000)  total_loss: 6.9216 (7.3436)  teacher_entropy_ratio: 0.7051 (0.7635)  teacher_batch_entropy_ratio: 0.8878 (0.8726)  dino_local_crops_loss: 5.2122 (5.5280)  dino_global_crops_loss: 0.6714 (0.7012)  koleo_loss: -0.0217 (-0.0071)  ibot_loss: 1.0523 (1.1215)  time: 0.428378  data: 0.079469  max mem: 19495
I20260802 13:41:28 3235501 dinov2 helpers.py:102] Training  [5820/7500]  eta: 0:14:15  lr: 0.0001 (0.0006)  wd: 0.3568 (0.1722)  mom: 0.9990 (0.9949)  last_layer_lr: 0.0001 (0.0006)  current_batch_size: 64.0000 (64.0000)  total_loss: 6.7860 (7.3428)  teacher_entropy_ratio: 0.6846 (0.7634)  teacher_batch_entropy_ratio: 0.8648 (0.8726)  dino_local_crops_loss: 5.0689 (5.5274)  dino_global_crops_loss: 0.6513 (0.7011)  koleo_loss: -0.0218 (-0.0071)  ibot_loss: 1.0678 (1.1214)  time: 0.447768  data: 0.096531  max mem: 19495
I20260802 13:41:32 3235501 dinov2 helpers.py:102] Training  [5830/7500]  eta: 0:14:10  lr: 0.0001 (0.0006)  wd: 0.3572 (0.1725)  mom: 0.9990 (0.9949)  last_layer_lr: 0.0001 (0.0006)  current_batch_size: 64.0000 (64.0000)  total_loss: 6.9551 (7.3424)  teacher_entropy_ratio: 0.7154 (0.7634)  teacher_batch_entropy_ratio: 0.8864 (0.8726)  dino_local_crops_loss: 5.2379 (5.5271)  dino_global_crops_loss: 0.6714 (0.7011)  koleo_loss: -0.0217 (-0.0071)  ibot_loss: 1.0784 (1.1213)  time: 0.414529  data: 0.062478  max mem: 19495
I20260802 13:41:35 3235501 dinov2 helpers.py:102] Training  [5840/7500]  eta: 0:14:04  lr: 0.0001 (0.0006)  wd: 0.3577 (0.1729)  mom: 0.9991 (0.9950)  last_layer_lr: 0.0001 (0.0006)  current_batch_size: 64.0000 (64.0000)  total_loss: 6.9551 (7.3415)  teacher_entropy_ratio: 0.7154 (0.7632)  teacher_batch_entropy_ratio: 0.8850 (0.8726)  dino_local_crops_loss: 5.2379 (5.5264)  dino_global_crops_loss: 0.6714 (0.7010)  koleo_loss: -0.0216 (-0.0071)  ibot_loss: 1.0779 (1.1213)  time: 0.371110  data: 0.028497  max mem: 19495
I20260802 13:41:39 3235501 fvcore.common.checkpoint __init__.py:109] Saving checkpoint to /sci/labs/arieljaffe/dan.abergel1/runs/brain/koleo_on/model_0005849.rank_0.pth
I20260802 13:41:41 3235501 dinov2 helpers.py:102] Training  [5850/7500]  eta: 0:13:59  lr: 0.0001 (0.0006)  wd: 0.3582 (0.1732)  mom: 0.9991 (0.9950)  last_layer_lr: 0.0001 (0.0006)  current_batch_size: 64.0000 (64.0000)  total_loss: 6.8764 (7.3409)  teacher_entropy_ratio: 0.7004 (0.7632)  teacher_batch_entropy_ratio: 0.8776 (0.8726)  dino_local_crops_loss: 5.1481 (5.5260)  dino_global_crops_loss: 0.6554 (0.7010)  koleo_loss: -0.0216 (-0.0072)  ibot_loss: 1.0639 (1.1212)  time: 0.456107  data: 0.034558  max mem: 19495
I20260802 13:41:44 3235501 dinov2 helpers.py:102] Training  [5860/7500]  eta: 0:13:54  lr: 0.0001 (0.0006)  wd: 0.3587 (0.1735)  mom: 0.9991 (0.9950)  last_layer_lr: 0.0001 (0.0006)  current_batch_size: 64.0000 (64.0000)  total_loss: 6.9174 (7.3402)  teacher_entropy_ratio: 0.7000 (0.7630)  teacher_batch_entropy_ratio: 0.8784 (0.8726)  dino_local_crops_loss: 5.1667 (5.5254)  dino_global_crops_loss: 0.6620 (0.7009)  koleo_loss: -0.0215 (-0.0072)  ibot_loss: 1.0768 (1.1211)  time: 0.446433  data: 0.022913  max mem: 19495
I20260802 13:41:48 3235501 dinov2 helpers.py:102] Training  [5870/7500]  eta: 0:13:48  lr: 0.0001 (0.0006)  wd: 0.3592 (0.1738)  mom: 0.9991 (0.9950)  last_layer_lr: 0.0001 (0.0006)  current_batch_size: 64.0000 (64.0000)  total_loss: 7.0185 (7.3396)  teacher_entropy_ratio: 0.7000 (0.7629)  teacher_batch_entropy_ratio: 0.8784 (0.8727)  dino_local_crops_loss: 5.2494 (5.5249)  dino_global_crops_loss: 0.6724 (0.7009)  koleo_loss: -0.0214 (-0.0072)  ibot_loss: 1.0964 (1.1210)  time: 0.347113  data: 0.000608  max mem: 19495
I20260802 13:41:51 3235501 dinov2 helpers.py:102] Training  [5880/7500]  eta: 0:13:43  lr: 0.0001 (0.0006)  wd: 0.3596 (0.1741)  mom: 0.9991 (0.9950)  last_layer_lr: 0.0001 (0.0006)  current_batch_size: 64.0000 (64.0000)  total_loss: 6.9743 (7.3387)  teacher_entropy_ratio: 0.7038 (0.7628)  teacher_batch_entropy_ratio: 0.8789 (0.8727)  dino_local_crops_loss: 5.1921 (5.5242)  dino_global_crops_loss: 0.6687 (0.7008)  koleo_loss: -0.0213 (-0.0072)  ibot_loss: 1.0708 (1.1209)  time: 0.350725  data: 0.001100  max mem: 19495
I20260802 13:41:55 3235501 dinov2 helpers.py:102] Training  [5890/7500]  eta: 0:13:37  lr: 0.0001 (0.0006)  wd: 0.3601 (0.1744)  mom: 0.9991 (0.9950)  last_layer_lr: 0.0001 (0.0006)  current_batch_size: 64.0000 (64.0000)  total_loss: 6.8993 (7.3380)  teacher_entropy_ratio: 0.6945 (0.7627)  teacher_batch_entropy_ratio: 0.8710 (0.8727)  dino_local_crops_loss: 5.1658 (5.5237)  dino_global_crops_loss: 0.6647 (0.7007)  koleo_loss: -0.0215 (-0.0073)  ibot_loss: 1.0679 (1.1208)  time: 0.359488  data: 0.003829  max mem: 19495
I20260802 13:41:59 3235501 dinov2 helpers.py:102] Training  [5900/7500]  eta: 0:13:32  lr: 0.0001 (0.0006)  wd: 0.3606 (0.1748)  mom: 0.9991 (0.9950)  last_layer_lr: 0.0001 (0.0006)  current_batch_size: 64.0000 (64.0000)  total_loss: 7.0449 (7.3375)  teacher_entropy_ratio: 0.7188 (0.7627)  teacher_batch_entropy_ratio: 0.8936 (0.8727)  dino_local_crops_loss: 5.3198 (5.5234)  dino_global_crops_loss: 0.6818 (0.7007)  koleo_loss: -0.0218 (-0.0073)  ibot_loss: 1.0588 (1.1207)  time: 0.392014  data: 0.031386  max mem: 19495
I20260802 13:42:03 3235501 dinov2 helpers.py:102] Training  [5910/7500]  eta: 0:13:27  lr: 0.0001 (0.0006)  wd: 0.3611 (0.1751)  mom: 0.9991 (0.9950)  last_layer_lr: 0.0001 (0.0006)  current_batch_size: 64.0000 (64.0000)  total_loss: 6.9840 (7.3366)  teacher_entropy_ratio: 0.7151 (0.7625)  teacher_batch_entropy_ratio: 0.8856 (0.8727)  dino_local_crops_loss: 5.2985 (5.5227)  dino_global_crops_loss: 0.6803 (0.7006)  koleo_loss: -0.0217 (-0.0073)  ibot_loss: 1.0612 (1.1206)  time: 0.407732  data: 0.054303  max mem: 19495
I20260802 13:42:07 3235501 dinov2 helpers.py:102] Training  [5920/7500]  eta: 0:13:21  lr: 0.0001 (0.0006)  wd: 0.3615 (0.1754)  mom: 0.9991 (0.9950)  last_layer_lr: 0.0001 (0.0006)  current_batch_size: 64.0000 (64.0000)  total_loss: 6.8208 (7.3359)  teacher_entropy_ratio: 0.6982 (0.7624)  teacher_batch_entropy_ratio: 0.8765 (0.8727)  dino_local_crops_loss: 5.1203 (5.5221)  dino_global_crops_loss: 0.6603 (0.7006)  koleo_loss: -0.0214 (-0.0073)  ibot_loss: 1.0696 (1.1205)  time: 0.382737  data: 0.035236  max mem: 19495
I20260802 13:42:11 3235501 dinov2 helpers.py:102] Training  [5930/7500]  eta: 0:13:16  lr: 0.0001 (0.0006)  wd: 0.3620 (0.1757)  mom: 0.9992 (0.9950)  last_layer_lr: 0.0001 (0.0006)  current_batch_size: 64.0000 (64.0000)  total_loss: 6.9120 (7.3352)  teacher_entropy_ratio: 0.7077 (0.7624)  teacher_batch_entropy_ratio: 0.8824 (0.8727)  dino_local_crops_loss: 5.2021 (5.5216)  dino_global_crops_loss: 0.6690 (0.7005)  koleo_loss: -0.0216 (-0.0074)  ibot_loss: 1.0565 (1.1204)  time: 0.409267  data: 0.061111  max mem: 19495
I20260802 13:42:15 3235501 dinov2 helpers.py:102] Training  [5940/7500]  eta: 0:13:10  lr: 0.0001 (0.0006)  wd: 0.3625 (0.1760)  mom: 0.9992 (0.9950)  last_layer_lr: 0.0001 (0.0006)  current_batch_size: 64.0000 (64.0000)  total_loss: 6.9407 (7.3345)  teacher_entropy_ratio: 0.7128 (0.7623)  teacher_batch_entropy_ratio: 0.8875 (0.8727)  dino_local_crops_loss: 5.2357 (5.5211)  dino_global_crops_loss: 0.6705 (0.7005)  koleo_loss: -0.0217 (-0.0074)  ibot_loss: 1.0565 (1.1204)  time: 0.405869  data: 0.057555  max mem: 19495
I20260802 13:42:18 3235501 dinov2 helpers.py:102] Training  [5950/7500]  eta: 0:13:05  lr: 0.0001 (0.0006)  wd: 0.3629 (0.1763)  mom: 0.9992 (0.9950)  last_layer_lr: 0.0001 (0.0006)  current_batch_size: 64.0000 (64.0000)  total_loss: 6.8667 (7.3338)  teacher_entropy_ratio: 0.6981 (0.7622)  teacher_batch_entropy_ratio: 0.8745 (0.8728)  dino_local_crops_loss: 5.1633 (5.5206)  dino_global_crops_loss: 0.6617 (0.7004)  koleo_loss: -0.0216 (-0.0074)  ibot_loss: 1.0755 (1.1203)  time: 0.353107  data: 0.007416  max mem: 19495
I20260802 13:42:23 3235501 dinov2 helpers.py:102] Training  [5960/7500]  eta: 0:13:00  lr: 0.0001 (0.0006)  wd: 0.3634 (0.1767)  mom: 0.9992 (0.9950)  last_layer_lr: 0.0001 (0.0006)  current_batch_size: 64.0000 (64.0000)  total_loss: 6.8283 (7.3332)  teacher_entropy_ratio: 0.6908 (0.7621)  teacher_batch_entropy_ratio: 0.8763 (0.8728)  dino_local_crops_loss: 5.1343 (5.5201)  dino_global_crops_loss: 0.6578 (0.7004)  koleo_loss: -0.0216 (-0.0074)  ibot_loss: 1.0742 (1.1202)  time: 0.402440  data: 0.055471  max mem: 19495
I20260802 13:42:27 3235501 dinov2 helpers.py:102] Training  [5970/7500]  eta: 0:12:54  lr: 0.0001 (0.0006)  wd: 0.3638 (0.1770)  mom: 0.9992 (0.9950)  last_layer_lr: 0.0001 (0.0006)  current_batch_size: 64.0000 (64.0000)  total_loss: 6.8283 (7.3324)  teacher_entropy_ratio: 0.6914 (0.7620)  teacher_batch_entropy_ratio: 0.8763 (0.8728)  dino_local_crops_loss: 5.1256 (5.5195)  dino_global_crops_loss: 0.6577 (0.7003)  koleo_loss: -0.0218 (-0.0075)  ibot_loss: 1.0579 (1.1201)  time: 0.424576  data: 0.077130  max mem: 19495
I20260802 13:42:30 3235501 dinov2 helpers.py:102] Training  [5980/7500]  eta: 0:12:49  lr: 0.0001 (0.0006)  wd: 0.3643 (0.1773)  mom: 0.9992 (0.9951)  last_layer_lr: 0.0001 (0.0006)  current_batch_size: 64.0000 (64.0000)  total_loss: 6.9621 (7.3319)  teacher_entropy_ratio: 0.7094 (0.7619)  teacher_batch_entropy_ratio: 0.8867 (0.8728)  dino_local_crops_loss: 5.2266 (5.5191)  dino_global_crops_loss: 0.6713 (0.7003)  koleo_loss: -0.0218 (-0.0075)  ibot_loss: 1.0484 (1.1200)  time: 0.386157  data: 0.037864  max mem: 19495
I20260802 13:42:35 3235501 dinov2 helpers.py:102] Training  [5990/7500]  eta: 0:12:44  lr: 0.0001 (0.0006)  wd: 0.3647 (0.1776)  mom: 0.9992 (0.9951)  last_layer_lr: 0.0001 (0.0006)  current_batch_size: 64.0000 (64.0000)  total_loss: 6.9319 (7.3311)  teacher_entropy_ratio: 0.6996 (0.7618)  teacher_batch_entropy_ratio: 0.8748 (0.8728)  dino_local_crops_loss: 5.1499 (5.5185)  dino_global_crops_loss: 0.6652 (0.7002)  koleo_loss: -0.0215 (-0.0075)  ibot_loss: 1.0618 (1.1199)  time: 0.391255  data: 0.043797  max mem: 19495
  [probe] best config: n_blocks=1 avgpool=True
I20260802 13:43:57 3235501 dinov2 train.py:276] PROBE @ iter 6000: 75.18% +/- 2.57%
W20260802 13:43:57 3235501 py.warnings warnings.py:109] /sci/labs/arieljaffe/dan.abergel1/repos/FAIR_official/dinov2/loss/koleo_loss.py:43: FutureWarning: `torch.cuda.amp.autocast(args...)` is deprecated. Please use `torch.amp.autocast('cuda', args...)` instead.
  with torch.cuda.amp.autocast(enabled=False):

I20260802 13:43:57 3235501 dinov2 helpers.py:102] Training  [6000/7500]  eta: 0:12:58  lr: 0.0001 (0.0006)  wd: 0.3652 (0.1779)  mom: 0.9992 (0.9951)  last_layer_lr: 0.0001 (0.0006)  current_batch_size: 64.0000 (64.0000)  total_loss: 6.8036 (7.3303)  teacher_entropy_ratio: 0.6882 (0.7617)  teacher_batch_entropy_ratio: 0.8695 (0.8728)  dino_local_crops_loss: 5.0525 (5.5179)  dino_global_crops_loss: 0.6489 (0.7001)  koleo_loss: -0.0215 (-0.0075)  ibot_loss: 1.0658 (1.1198)  time: 4.317977  data: 0.040706  max mem: 19495
I20260802 13:44:00 3235501 dinov2 helpers.py:102] Training  [6010/7500]  eta: 0:12:52  lr: 0.0001 (0.0006)  wd: 0.3656 (0.1782)  mom: 0.9992 (0.9951)  last_layer_lr: 0.0001 (0.0006)  current_batch_size: 64.0000 (64.0000)  total_loss: 6.8662 (7.3297)  teacher_entropy_ratio: 0.6984 (0.7616)  teacher_batch_entropy_ratio: 0.8800 (0.8728)  dino_local_crops_loss: 5.1339 (5.5174)  dino_global_crops_loss: 0.6615 (0.7001)  koleo_loss: -0.0217 (-0.0076)  ibot_loss: 1.0825 (1.1197)  time: 4.287262  data: 0.011317  max mem: 19495
I20260802 13:44:04 3235501 dinov2 helpers.py:102] Training  [6020/7500]  eta: 0:12:47  lr: 0.0001 (0.0006)  wd: 0.3661 (0.1785)  mom: 0.9992 (0.9951)  last_layer_lr: 0.0001 (0.0006)  current_batch_size: 64.0000 (64.0000)  total_loss: 6.8662 (7.3288)  teacher_entropy_ratio: 0.7072 (0.7615)  teacher_batch_entropy_ratio: 0.8759 (0.8728)  dino_local_crops_loss: 5.1595 (5.5167)  dino_global_crops_loss: 0.6638 (0.7000)  koleo_loss: -0.0218 (-0.0076)  ibot_loss: 1.0635 (1.1197)  time: 0.343426  data: 0.000382  max mem: 19495
I20260802 13:44:07 3235501 dinov2 helpers.py:102] Training  [6030/7500]  eta: 0:12:41  lr: 0.0001 (0.0006)  wd: 0.3665 (0.1788)  mom: 0.9993 (0.9951)  last_layer_lr: 0.0001 (0.0006)  current_batch_size: 64.0000 (64.0000)  total_loss: 6.9651 (7.3283)  teacher_entropy_ratio: 0.7105 (0.7614)  teacher_batch_entropy_ratio: 0.8841 (0.8729)  dino_local_crops_loss: 5.2291 (5.5163)  dino_global_crops_loss: 0.6722 (0.7000)  koleo_loss: -0.0219 (-0.0076)  ibot_loss: 1.0499 (1.1195)  time: 0.353419  data: 0.000903  max mem: 19495
I20260802 13:44:12 3235501 dinov2 helpers.py:102] Training  [6040/7500]  eta: 0:12:36  lr: 0.0001 (0.0006)  wd: 0.3669 (0.1792)  mom: 0.9993 (0.9951)  last_layer_lr: 0.0001 (0.0006)  current_batch_size: 64.0000 (64.0000)  total_loss: 6.9826 (7.3276)  teacher_entropy_ratio: 0.7105 (0.7613)  teacher_batch_entropy_ratio: 0.8853 (0.8729)  dino_local_crops_loss: 5.2674 (5.5158)  dino_global_crops_loss: 0.6727 (0.6999)  koleo_loss: -0.0217 (-0.0076)  ibot_loss: 1.0568 (1.1195)  time: 0.396494  data: 0.030107  max mem: 19495
I20260802 13:44:15 3235501 dinov2 helpers.py:102] Training  [6050/7500]  eta: 0:12:30  lr: 0.0001 (0.0006)  wd: 0.3674 (0.1795)  mom: 0.9993 (0.9951)  last_layer_lr: 0.0001 (0.0006)  current_batch_size: 64.0000 (64.0000)  total_loss: 6.8839 (7.3270)  teacher_entropy_ratio: 0.7012 (0.7612)  teacher_batch_entropy_ratio: 0.8778 (0.8729)  dino_local_crops_loss: 5.1757 (5.5153)  dino_global_crops_loss: 0.6639 (0.6999)  koleo_loss: -0.0216 (-0.0076)  ibot_loss: 1.0758 (1.1194)  time: 0.404084  data: 0.051400  max mem: 19495
I20260802 13:44:21 3235501 dinov2 helpers.py:102] Training  [6060/7500]  eta: 0:12:25  lr: 0.0001 (0.0006)  wd: 0.3678 (0.1798)  mom: 0.9993 (0.9951)  last_layer_lr: 0.0001 (0.0006)  current_batch_size: 64.0000 (64.0000)  total_loss: 6.9433 (7.3263)  teacher_entropy_ratio: 0.7036 (0.7611)  teacher_batch_entropy_ratio: 0.8778 (0.8729)  dino_local_crops_loss: 5.1916 (5.5148)  dino_global_crops_loss: 0.6686 (0.6998)  koleo_loss: -0.0215 (-0.0077)  ibot_loss: 1.0644 (1.1193)  time: 0.449286  data: 0.113322  max mem: 19495
I20260802 13:44:25 3235501 dinov2 helpers.py:102] Training  [6070/7500]  eta: 0:12:20  lr: 0.0001 (0.0006)  wd: 0.3682 (0.1801)  mom: 0.9993 (0.9951)  last_layer_lr: 0.0001 (0.0006)  current_batch_size: 64.0000 (64.0000)  total_loss: 6.8803 (7.3254)  teacher_entropy_ratio: 0.6954 (0.7610)  teacher_batch_entropy_ratio: 0.8726 (0.8729)  dino_local_crops_loss: 5.1554 (5.5141)  dino_global_crops_loss: 0.6635 (0.6997)  koleo_loss: -0.0215 (-0.0077)  ibot_loss: 1.0650 (1.1192)  time: 0.466226  data: 0.118400  max mem: 19495
I20260802 13:44:29 3235501 dinov2 helpers.py:102] Training  [6080/7500]  eta: 0:12:14  lr: 0.0001 (0.0006)  wd: 0.3687 (0.1804)  mom: 0.9993 (0.9951)  last_layer_lr: 0.0001 (0.0006)  current_batch_size: 64.0000 (64.0000)  total_loss: 6.9402 (7.3249)  teacher_entropy_ratio: 0.7061 (0.7609)  teacher_batch_entropy_ratio: 0.8888 (0.8729)  dino_local_crops_loss: 5.2427 (5.5138)  dino_global_crops_loss: 0.6690 (0.6997)  koleo_loss: -0.0215 (-0.0077)  ibot_loss: 1.0650 (1.1191)  time: 0.391900  data: 0.039733  max mem: 19495
I20260802 13:44:33 3235501 dinov2 helpers.py:102] Training  [6090/7500]  eta: 0:12:09  lr: 0.0001 (0.0006)  wd: 0.3691 (0.1807)  mom: 0.9993 (0.9951)  last_layer_lr: 0.0001 (0.0006)  current_batch_size: 64.0000 (64.0000)  total_loss: 6.9285 (7.3241)  teacher_entropy_ratio: 0.7080 (0.7608)  teacher_batch_entropy_ratio: 0.8853 (0.8730)  dino_local_crops_loss: 5.2427 (5.5132)  dino_global_crops_loss: 0.6701 (0.6997)  koleo_loss: -0.0217 (-0.0077)  ibot_loss: 1.0559 (1.1190)  time: 0.391584  data: 0.047027  max mem: 19495
I20260802 13:44:37 3235501 dinov2 helpers.py:102] Training  [6100/7500]  eta: 0:12:03  lr: 0.0001 (0.0006)  wd: 0.3695 (0.1810)  mom: 0.9993 (0.9951)  last_layer_lr: 0.0001 (0.0006)  current_batch_size: 64.0000 (64.0000)  total_loss: 6.9184 (7.3234)  teacher_entropy_ratio: 0.6983 (0.7607)  teacher_batch_entropy_ratio: 0.8788 (0.8730)  dino_local_crops_loss: 5.1542 (5.5126)  dino_global_crops_loss: 0.6658 (0.6996)  koleo_loss: -0.0217 (-0.0078)  ibot_loss: 1.0624 (1.1190)  time: 0.444039  data: 0.098816  max mem: 19495
I20260802 13:44:41 3235501 dinov2 helpers.py:102] Training  [6110/7500]  eta: 0:11:58  lr: 0.0001 (0.0006)  wd: 0.3699 (0.1813)  mom: 0.9993 (0.9951)  last_layer_lr: 0.0001 (0.0006)  current_batch_size: 64.0000 (64.0000)  total_loss: 6.9299 (7.3229)  teacher_entropy_ratio: 0.6978 (0.7607)  teacher_batch_entropy_ratio: 0.8756 (0.8730)  dino_local_crops_loss: 5.1833 (5.5122)  dino_global_crops_loss: 0.6684 (0.6996)  koleo_loss: -0.0217 (-0.0078)  ibot_loss: 1.0667 (1.1189)  time: 0.425024  data: 0.077961  max mem: 19495
I20260802 13:44:45 3235501 dinov2 helpers.py:102] Training  [6120/7500]  eta: 0:11:52  lr: 0.0001 (0.0006)  wd: 0.3703 (0.1816)  mom: 0.9993 (0.9951)  last_layer_lr: 0.0001 (0.0006)  current_batch_size: 64.0000 (64.0000)  total_loss: 7.0036 (7.3222)  teacher_entropy_ratio: 0.7091 (0.7606)  teacher_batch_entropy_ratio: 0.8876 (0.8730)  dino_local_crops_loss: 5.2757 (5.5117)  dino_global_crops_loss: 0.6776 (0.6995)  koleo_loss: -0.0218 (-0.0078)  ibot_loss: 1.0648 (1.1188)  time: 0.394690  data: 0.047217  max mem: 19495
I20260802 13:44:49 3235501 dinov2 helpers.py:102] Training  [6130/7500]  eta: 0:11:47  lr: 0.0001 (0.0006)  wd: 0.3708 (0.1819)  mom: 0.9994 (0.9952)  last_layer_lr: 0.0001 (0.0006)  current_batch_size: 64.0000 (64.0000)  total_loss: 6.9594 (7.3215)  teacher_entropy_ratio: 0.7067 (0.7605)  teacher_batch_entropy_ratio: 0.8855 (0.8730)  dino_local_crops_loss: 5.2315 (5.5112)  dino_global_crops_loss: 0.6714 (0.6994)  koleo_loss: -0.0218 (-0.0078)  ibot_loss: 1.0643 (1.1187)  time: 0.400668  data: 0.056195  max mem: 19495
I20260802 13:44:54 3235501 dinov2 helpers.py:102] Training  [6140/7500]  eta: 0:11:42  lr: 0.0001 (0.0006)  wd: 0.3712 (0.1823)  mom: 0.9994 (0.9952)  last_layer_lr: 0.0001 (0.0006)  current_batch_size: 64.0000 (64.0000)  total_loss: 6.9000 (7.3208)  teacher_entropy_ratio: 0.7067 (0.7604)  teacher_batch_entropy_ratio: 0.8837 (0.8730)  dino_local_crops_loss: 5.2097 (5.5107)  dino_global_crops_loss: 0.6678 (0.6994)  koleo_loss: -0.0218 (-0.0079)  ibot_loss: 1.0508 (1.1186)  time: 0.438138  data: 0.099105  max mem: 19495
I20260802 13:44:58 3235501 dinov2 helpers.py:102] Training  [6150/7500]  eta: 0:11:36  lr: 0.0001 (0.0006)  wd: 0.3716 (0.1826)  mom: 0.9994 (0.9952)  last_layer_lr: 0.0001 (0.0006)  current_batch_size: 64.0000 (64.0000)  total_loss: 6.9000 (7.3200)  teacher_entropy_ratio: 0.7029 (0.7603)  teacher_batch_entropy_ratio: 0.8796 (0.8730)  dino_local_crops_loss: 5.2005 (5.5101)  dino_global_crops_loss: 0.6657 (0.6993)  koleo_loss: -0.0217 (-0.0079)  ibot_loss: 1.0589 (1.1185)  time: 0.438899  data: 0.104673  max mem: 19495
I20260802 13:45:02 3235501 dinov2 helpers.py:102] Training  [6160/7500]  eta: 0:11:31  lr: 0.0001 (0.0006)  wd: 0.3720 (0.1829)  mom: 0.9994 (0.9952)  last_layer_lr: 0.0001 (0.0006)  current_batch_size: 64.0000 (64.0000)  total_loss: 6.8391 (7.3195)  teacher_entropy_ratio: 0.6950 (0.7602)  teacher_batch_entropy_ratio: 0.8763 (0.8731)  dino_local_crops_loss: 5.1552 (5.5096)  dino_global_crops_loss: 0.6597 (0.6993)  koleo_loss: -0.0217 (-0.0079)  ibot_loss: 1.0756 (1.1185)  time: 0.382650  data: 0.044901  max mem: 19495
I20260802 13:45:06 3235501 dinov2 helpers.py:102] Training  [6170/7500]  eta: 0:11:26  lr: 0.0001 (0.0006)  wd: 0.3724 (0.1832)  mom: 0.9994 (0.9952)  last_layer_lr: 0.0001 (0.0006)  current_batch_size: 64.0000 (64.0000)  total_loss: 6.8367 (7.3188)  teacher_entropy_ratio: 0.6904 (0.7601)  teacher_batch_entropy_ratio: 0.8744 (0.8731)  dino_local_crops_loss: 5.1266 (5.5091)  dino_global_crops_loss: 0.6588 (0.6992)  koleo_loss: -0.0216 (-0.0079)  ibot_loss: 1.0750 (1.1184)  time: 0.403446  data: 0.057279  max mem: 19495
I20260802 13:45:11 3235501 dinov2 helpers.py:102] Training  [6180/7500]  eta: 0:11:20  lr: 0.0001 (0.0006)  wd: 0.3728 (0.1835)  mom: 0.9994 (0.9952)  last_layer_lr: 0.0001 (0.0006)  current_batch_size: 64.0000 (64.0000)  total_loss: 6.8641 (7.3182)  teacher_entropy_ratio: 0.6966 (0.7600)  teacher_batch_entropy_ratio: 0.8789 (0.8731)  dino_local_crops_loss: 5.1463 (5.5086)  dino_global_crops_loss: 0.6588 (0.6992)  koleo_loss: -0.0219 (-0.0079)  ibot_loss: 1.0680 (1.1183)  time: 0.478427  data: 0.133217  max mem: 19495
I20260802 13:45:15 3235501 dinov2 helpers.py:102] Training  [6190/7500]  eta: 0:11:15  lr: 0.0001 (0.0006)  wd: 0.3732 (0.1838)  mom: 0.9994 (0.9952)  last_layer_lr: 0.0001 (0.0006)  current_batch_size: 64.0000 (64.0000)  total_loss: 6.8617 (7.3176)  teacher_entropy_ratio: 0.6966 (0.7599)  teacher_batch_entropy_ratio: 0.8791 (0.8731)  dino_local_crops_loss: 5.1463 (5.5082)  dino_global_crops_loss: 0.6633 (0.6991)  koleo_loss: -0.0220 (-0.0080)  ibot_loss: 1.0800 (1.1182)  time: 0.446054  data: 0.107347  max mem: 19495
I20260802 13:45:19 3235501 dinov2 helpers.py:102] Training  [6200/7500]  eta: 0:11:10  lr: 0.0001 (0.0006)  wd: 0.3736 (0.1841)  mom: 0.9994 (0.9952)  last_layer_lr: 0.0001 (0.0006)  current_batch_size: 64.0000 (64.0000)  total_loss: 6.8466 (7.3168)  teacher_entropy_ratio: 0.6984 (0.7598)  teacher_batch_entropy_ratio: 0.8814 (0.8731)  dino_local_crops_loss: 5.1552 (5.5076)  dino_global_crops_loss: 0.6646 (0.6991)  koleo_loss: -0.0221 (-0.0080)  ibot_loss: 1.0623 (1.1181)  time: 0.390462  data: 0.053418  max mem: 19495
I20260802 13:45:24 3235501 dinov2 helpers.py:102] Training  [6210/7500]  eta: 0:11:04  lr: 0.0001 (0.0006)  wd: 0.3740 (0.1844)  mom: 0.9994 (0.9952)  last_layer_lr: 0.0001 (0.0006)  current_batch_size: 64.0000 (64.0000)  total_loss: 6.8743 (7.3162)  teacher_entropy_ratio: 0.7006 (0.7597)  teacher_batch_entropy_ratio: 0.8817 (0.8731)  dino_local_crops_loss: 5.1559 (5.5071)  dino_global_crops_loss: 0.6646 (0.6990)  koleo_loss: -0.0220 (-0.0080)  ibot_loss: 1.0573 (1.1181)  time: 0.452520  data: 0.113670  max mem: 19495
I20260802 13:45:27 3235501 dinov2 helpers.py:102] Training  [6220/7500]  eta: 0:10:59  lr: 0.0001 (0.0006)  wd: 0.3744 (0.1847)  mom: 0.9994 (0.9952)  last_layer_lr: 0.0001 (0.0006)  current_batch_size: 64.0000 (64.0000)  total_loss: 6.9066 (7.3155)  teacher_entropy_ratio: 0.7053 (0.7597)  teacher_batch_entropy_ratio: 0.8844 (0.8731)  dino_local_crops_loss: 5.1912 (5.5066)  dino_global_crops_loss: 0.6667 (0.6990)  koleo_loss: -0.0219 (-0.0080)  ibot_loss: 1.0573 (1.1180)  time: 0.418382  data: 0.075115  max mem: 19495
I20260802 13:45:32 3235501 dinov2 helpers.py:102] Training  [6230/7500]  eta: 0:10:54  lr: 0.0001 (0.0006)  wd: 0.3747 (0.1850)  mom: 0.9994 (0.9952)  last_layer_lr: 0.0001 (0.0006)  current_batch_size: 64.0000 (64.0000)  total_loss: 6.8619 (7.3147)  teacher_entropy_ratio: 0.7030 (0.7595)  teacher_batch_entropy_ratio: 0.8824 (0.8732)  dino_local_crops_loss: 5.1852 (5.5060)  dino_global_crops_loss: 0.6705 (0.6989)  koleo_loss: -0.0220 (-0.0081)  ibot_loss: 1.0570 (1.1179)  time: 0.417657  data: 0.072151  max mem: 19495
I20260802 13:45:37 3235501 dinov2 helpers.py:102] Training  [6240/7500]  eta: 0:10:48  lr: 0.0001 (0.0006)  wd: 0.3751 (0.1853)  mom: 0.9994 (0.9952)  last_layer_lr: 0.0001 (0.0006)  current_batch_size: 64.0000 (64.0000)  total_loss: 6.8619 (7.3142)  teacher_entropy_ratio: 0.7030 (0.7595)  teacher_batch_entropy_ratio: 0.8824 (0.8732)  dino_local_crops_loss: 5.1948 (5.5056)  dino_global_crops_loss: 0.6633 (0.6989)  koleo_loss: -0.0220 (-0.0081)  ibot_loss: 1.0521 (1.1178)  time: 0.487460  data: 0.147163  max mem: 19495
I20260802 13:45:41 3235501 dinov2 helpers.py:102] Training  [6250/7500]  eta: 0:10:43  lr: 0.0001 (0.0006)  wd: 0.3755 (0.1856)  mom: 0.9995 (0.9952)  last_layer_lr: 0.0001 (0.0006)  current_batch_size: 64.0000 (64.0000)  total_loss: 6.9257 (7.3137)  teacher_entropy_ratio: 0.7097 (0.7594)  teacher_batch_entropy_ratio: 0.8856 (0.8732)  dino_local_crops_loss: 5.2417 (5.5052)  dino_global_crops_loss: 0.6781 (0.6988)  koleo_loss: -0.0218 (-0.0081)  ibot_loss: 1.0595 (1.1177)  time: 0.416718  data: 0.076118  max mem: 19495
I20260802 13:45:44 3235501 dinov2 helpers.py:102] Training  [6260/7500]  eta: 0:10:38  lr: 0.0001 (0.0006)  wd: 0.3759 (0.1859)  mom: 0.9995 (0.9952)  last_layer_lr: 0.0001 (0.0006)  current_batch_size: 64.0000 (64.0000)  total_loss: 6.9823 (7.3130)  teacher_entropy_ratio: 0.7156 (0.7593)  teacher_batch_entropy_ratio: 0.8923 (0.8732)  dino_local_crops_loss: 5.2751 (5.5047)  dino_global_crops_loss: 0.6748 (0.6988)  koleo_loss: -0.0219 (-0.0081)  ibot_loss: 1.0764 (1.1176)  time: 0.354746  data: 0.009345  max mem: 19495
I20260802 13:45:49 3235501 dinov2 helpers.py:102] Training  [6270/7500]  eta: 0:10:32  lr: 0.0001 (0.0006)  wd: 0.3763 (0.1862)  mom: 0.9995 (0.9952)  last_layer_lr: 0.0001 (0.0006)  current_batch_size: 64.0000 (64.0000)  total_loss: 6.9516 (7.3124)  teacher_entropy_ratio: 0.7129 (0.7592)  teacher_batch_entropy_ratio: 0.8923 (0.8732)  dino_local_crops_loss: 5.2641 (5.5043)  dino_global_crops_loss: 0.6726 (0.6987)  koleo_loss: -0.0218 (-0.0081)  ibot_loss: 1.0660 (1.1175)  time: 0.428691  data: 0.085798  max mem: 19495
I20260802 13:45:53 3235501 dinov2 helpers.py:102] Training  [6280/7500]  eta: 0:10:27  lr: 0.0001 (0.0006)  wd: 0.3766 (0.1865)  mom: 0.9995 (0.9953)  last_layer_lr: 0.0001 (0.0006)  current_batch_size: 64.0000 (64.0000)  total_loss: 6.9516 (7.3118)  teacher_entropy_ratio: 0.7170 (0.7591)  teacher_batch_entropy_ratio: 0.8867 (0.8733)  dino_local_crops_loss: 5.2816 (5.5039)  dino_global_crops_loss: 0.6821 (0.6987)  koleo_loss: -0.0218 (-0.0082)  ibot_loss: 1.0369 (1.1174)  time: 0.432869  data: 0.089364  max mem: 19495
I20260802 13:45:57 3235501 dinov2 helpers.py:102] Training  [6290/7500]  eta: 0:10:22  lr: 0.0001 (0.0006)  wd: 0.3770 (0.1868)  mom: 0.9995 (0.9953)  last_layer_lr: 0.0001 (0.0006)  current_batch_size: 64.0000 (64.0000)  total_loss: 6.9617 (7.3113)  teacher_entropy_ratio: 0.7140 (0.7591)  teacher_batch_entropy_ratio: 0.8881 (0.8733)  dino_local_crops_loss: 5.2852 (5.5035)  dino_global_crops_loss: 0.6795 (0.6987)  koleo_loss: -0.0219 (-0.0082)  ibot_loss: 1.0358 (1.1173)  time: 0.394549  data: 0.042501  max mem: 19495
W20260802 13:46:01 3235501 py.warnings warnings.py:109] /sci/labs/arieljaffe/dan.abergel1/torch_env/lib/python3.11/site-packages/torch/distributed/fsdp/fully_sharded_data_parallel.py:822: FutureWarning: FSDP.state_dict_type() and FSDP.set_state_dict_type() are being deprecated. Please use APIs, get_state_dict() and set_state_dict(), which can support different parallelisms, FSDP1, FSDP2, DDP. API doc: https://pytorch.org/docs/stable/distributed.checkpoint.html#torch.distributed.checkpoint.state_dict.get_state_dict .Tutorial: https://pytorch.org/tutorials/recipes/distributed_checkpoint_recipe.html .
  prev_state_dict_settings = FullyShardedDataParallel.set_state_dict_type(

W20260802 13:46:01 3235501 py.warnings warnings.py:109] /sci/labs/arieljaffe/dan.abergel1/torch_env/lib/python3.11/site-packages/torch/utils/_contextlib.py:124: UserWarning: When using ``NO_SHARD`` for ``ShardingStrategy``, full_state_dict will be returned.
  return func(*args, **kwargs)

W20260802 13:46:01 3235501 py.warnings warnings.py:109] /sci/labs/arieljaffe/dan.abergel1/torch_env/lib/python3.11/site-packages/torch/distributed/fsdp/fully_sharded_data_parallel.py:829: FutureWarning: FSDP.state_dict_type() and FSDP.set_state_dict_type() are being deprecated. Please use APIs, get_state_dict() and set_state_dict(), which can support different parallelisms, FSDP1, FSDP2, DDP. API doc: https://pytorch.org/docs/stable/distributed.checkpoint.html#torch.distributed.checkpoint.state_dict.get_state_dict .Tutorial: https://pytorch.org/tutorials/recipes/distributed_checkpoint_recipe.html .
  FullyShardedDataParallel.set_state_dict_type(

I20260802 13:46:01 3235501 fvcore.common.checkpoint __init__.py:109] Saving checkpoint to /sci/labs/arieljaffe/dan.abergel1/runs/brain/koleo_on/model_0006299.rank_0.pth
W20260802 13:46:02 3235501 py.warnings warnings.py:109] /sci/labs/arieljaffe/dan.abergel1/torch_env/lib/python3.11/site-packages/torch/distributed/c10d_logger.py:83: UserWarning: barrier(): using the device under current context. You can specify `device_id` in `init_process_group` to mute this warning.
  return func(*args, **kwargs)

I20260802 13:46:03 3235501 dinov2 helpers.py:102] Training  [6300/7500]  eta: 0:10:16  lr: 0.0001 (0.0006)  wd: 0.3774 (0.1871)  mom: 0.9995 (0.9953)  last_layer_lr: 0.0001 (0.0006)  current_batch_size: 64.0000 (64.0000)  total_loss: 6.8495 (7.3104)  teacher_entropy_ratio: 0.6995 (0.7590)  teacher_batch_entropy_ratio: 0.8821 (0.8733)  dino_local_crops_loss: 5.1709 (5.5028)  dino_global_crops_loss: 0.6632 (0.6986)  koleo_loss: -0.0219 (-0.0082)  ibot_loss: 1.0545 (1.1173)  time: 0.479101  data: 0.055235  max mem: 19495
I20260802 13:46:06 3235501 dinov2 helpers.py:102] Training  [6310/7500]  eta: 0:10:11  lr: 0.0001 (0.0006)  wd: 0.3777 (0.1874)  mom: 0.9995 (0.9953)  last_layer_lr: 0.0001 (0.0006)  current_batch_size: 64.0000 (64.0000)  total_loss: 6.8899 (7.3100)  teacher_entropy_ratio: 0.7001 (0.7589)  teacher_batch_entropy_ratio: 0.8821 (0.8733)  dino_local_crops_loss: 5.1748 (5.5024)  dino_global_crops_loss: 0.6657 (0.6986)  koleo_loss: -0.0220 (-0.0082)  ibot_loss: 1.0701 (1.1172)  time: 0.437708  data: 0.025289  max mem: 19495
I20260802 13:46:11 3235501 dinov2 helpers.py:102] Training  [6320/7500]  eta: 0:10:06  lr: 0.0001 (0.0006)  wd: 0.3781 (0.1877)  mom: 0.9995 (0.9953)  last_layer_lr: 0.0001 (0.0006)  current_batch_size: 64.0000 (64.0000)  total_loss: 6.9487 (7.3094)  teacher_entropy_ratio: 0.7054 (0.7588)  teacher_batch_entropy_ratio: 0.8855 (0.8733)  dino_local_crops_loss: 5.2245 (5.5020)  dino_global_crops_loss: 0.6771 (0.6985)  koleo_loss: -0.0218 (-0.0083)  ibot_loss: 1.0651 (1.1171)  time: 0.406707  data: 0.070959  max mem: 19495
I20260802 13:46:15 3235501 dinov2 helpers.py:102] Training  [6330/7500]  eta: 0:10:01  lr: 0.0001 (0.0006)  wd: 0.3785 (0.1880)  mom: 0.9995 (0.9953)  last_layer_lr: 0.0001 (0.0006)  current_batch_size: 64.0000 (64.0000)  total_loss: 6.9486 (7.3087)  teacher_entropy_ratio: 0.7036 (0.7587)  teacher_batch_entropy_ratio: 0.8854 (0.8733)  dino_local_crops_loss: 5.2439 (5.5015)  dino_global_crops_loss: 0.6771 (0.6985)  koleo_loss: -0.0218 (-0.0083)  ibot_loss: 1.0512 (1.1170)  time: 0.462798  data: 0.117591  max mem: 19495
I20260802 13:46:19 3235501 dinov2 helpers.py:102] Training  [6340/7500]  eta: 0:09:55  lr: 0.0001 (0.0006)  wd: 0.3788 (0.1884)  mom: 0.9995 (0.9953)  last_layer_lr: 0.0001 (0.0006)  current_batch_size: 64.0000 (64.0000)  total_loss: 6.9439 (7.3082)  teacher_entropy_ratio: 0.7036 (0.7586)  teacher_batch_entropy_ratio: 0.8854 (0.8733)  dino_local_crops_loss: 5.2032 (5.5011)  dino_global_crops_loss: 0.6692 (0.6984)  koleo_loss: -0.0218 (-0.0083)  ibot_loss: 1.0606 (1.1170)  time: 0.408035  data: 0.056715  max mem: 19495
I20260802 13:46:23 3235501 dinov2 helpers.py:102] Training  [6350/7500]  eta: 0:09:50  lr: 0.0001 (0.0006)  wd: 0.3792 (0.1887)  mom: 0.9995 (0.9953)  last_layer_lr: 0.0001 (0.0006)  current_batch_size: 64.0000 (64.0000)  total_loss: 6.9439 (7.3076)  teacher_entropy_ratio: 0.7092 (0.7585)  teacher_batch_entropy_ratio: 0.8892 (0.8734)  dino_local_crops_loss: 5.2032 (5.5007)  dino_global_crops_loss: 0.6710 (0.6984)  koleo_loss: -0.0221 (-0.0083)  ibot_loss: 1.0608 (1.1169)  time: 0.386798  data: 0.032575  max mem: 19495
I20260802 13:46:27 3235501 dinov2 helpers.py:102] Training  [6360/7500]  eta: 0:09:44  lr: 0.0001 (0.0006)  wd: 0.3795 (0.1890)  mom: 0.9995 (0.9953)  last_layer_lr: 0.0001 (0.0006)  current_batch_size: 64.0000 (64.0000)  total_loss: 6.8916 (7.3070)  teacher_entropy_ratio: 0.7079 (0.7585)  teacher_batch_entropy_ratio: 0.8873 (0.8734)  dino_local_crops_loss: 5.2057 (5.5002)  dino_global_crops_loss: 0.6697 (0.6983)  koleo_loss: -0.0220 (-0.0083)  ibot_loss: 1.0584 (1.1168)  time: 0.407833  data: 0.054318  max mem: 19495
I20260802 13:46:31 3235501 dinov2 helpers.py:102] Training  [6370/7500]  eta: 0:09:39  lr: 0.0001 (0.0006)  wd: 0.3799 (0.1893)  mom: 0.9996 (0.9953)  last_layer_lr: 0.0001 (0.0006)  current_batch_size: 64.0000 (64.0000)  total_loss: 6.8902 (7.3063)  teacher_entropy_ratio: 0.6941 (0.7584)  teacher_batch_entropy_ratio: 0.8814 (0.8734)  dino_local_crops_loss: 5.1724 (5.4997)  dino_global_crops_loss: 0.6625 (0.6983)  koleo_loss: -0.0219 (-0.0084)  ibot_loss: 1.0550 (1.1167)  time: 0.407506  data: 0.063408  max mem: 19495
I20260802 13:46:35 3235501 dinov2 helpers.py:102] Training  [6380/7500]  eta: 0:09:34  lr: 0.0001 (0.0006)  wd: 0.3802 (0.1896)  mom: 0.9996 (0.9953)  last_layer_lr: 0.0001 (0.0006)  current_batch_size: 64.0000 (64.0000)  total_loss: 6.8513 (7.3056)  teacher_entropy_ratio: 0.6941 (0.7583)  teacher_batch_entropy_ratio: 0.8792 (0.8734)  dino_local_crops_loss: 5.1492 (5.4992)  dino_global_crops_loss: 0.6625 (0.6982)  koleo_loss: -0.0220 (-0.0084)  ibot_loss: 1.0550 (1.1166)  time: 0.386979  data: 0.043901  max mem: 19495
I20260802 13:46:39 3235501 dinov2 helpers.py:102] Training  [6390/7500]  eta: 0:09:29  lr: 0.0001 (0.0006)  wd: 0.3806 (0.1899)  mom: 0.9996 (0.9953)  last_layer_lr: 0.0001 (0.0006)  current_batch_size: 64.0000 (64.0000)  total_loss: 6.9255 (7.3051)  teacher_entropy_ratio: 0.7009 (0.7582)  teacher_batch_entropy_ratio: 0.8795 (0.8734)  dino_local_crops_loss: 5.1812 (5.4987)  dino_global_crops_loss: 0.6666 (0.6982)  koleo_loss: -0.0219 (-0.0084)  ibot_loss: 1.0818 (1.1166)  time: 0.397916  data: 0.057558  max mem: 19495
I20260802 13:46:43 3235501 dinov2 helpers.py:102] Training  [6400/7500]  eta: 0:09:23  lr: 0.0001 (0.0006)  wd: 0.3809 (0.1901)  mom: 0.9996 (0.9953)  last_layer_lr: 0.0001 (0.0006)  current_batch_size: 64.0000 (64.0000)  total_loss: 6.9463 (7.3044)  teacher_entropy_ratio: 0.7065 (0.7581)  teacher_batch_entropy_ratio: 0.8806 (0.8734)  dino_local_crops_loss: 5.2368 (5.4982)  dino_global_crops_loss: 0.6716 (0.6981)  koleo_loss: -0.0218 (-0.0084)  ibot_loss: 1.0789 (1.1165)  time: 0.402452  data: 0.058228  max mem: 19495
I20260802 13:46:48 3235501 dinov2 helpers.py:102] Training  [6410/7500]  eta: 0:09:18  lr: 0.0001 (0.0006)  wd: 0.3812 (0.1904)  mom: 0.9996 (0.9953)  last_layer_lr: 0.0001 (0.0006)  current_batch_size: 64.0000 (64.0000)  total_loss: 6.9355 (7.3039)  teacher_entropy_ratio: 0.7047 (0.7580)  teacher_batch_entropy_ratio: 0.8826 (0.8735)  dino_local_crops_loss: 5.2019 (5.4978)  dino_global_crops_loss: 0.6669 (0.6981)  koleo_loss: -0.0219 (-0.0084)  ibot_loss: 1.0600 (1.1164)  time: 0.446988  data: 0.098426  max mem: 19495
I20260802 13:46:52 3235501 dinov2 helpers.py:102] Training  [6420/7500]  eta: 0:09:13  lr: 0.0001 (0.0006)  wd: 0.3816 (0.1907)  mom: 0.9996 (0.9953)  last_layer_lr: 0.0001 (0.0006)  current_batch_size: 64.0000 (64.0000)  total_loss: 6.8717 (7.3032)  teacher_entropy_ratio: 0.7047 (0.7579)  teacher_batch_entropy_ratio: 0.8823 (0.8735)  dino_local_crops_loss: 5.1882 (5.4973)  dino_global_crops_loss: 0.6655 (0.6980)  koleo_loss: -0.0217 (-0.0085)  ibot_loss: 1.0757 (1.1164)  time: 0.437177  data: 0.091536  max mem: 19495
I20260802 13:46:56 3235501 dinov2 helpers.py:102] Training  [6430/7500]  eta: 0:09:07  lr: 0.0001 (0.0006)  wd: 0.3819 (0.1910)  mom: 0.9996 (0.9954)  last_layer_lr: 0.0001 (0.0006)  current_batch_size: 64.0000 (64.0000)  total_loss: 6.8645 (7.3025)  teacher_entropy_ratio: 0.7014 (0.7579)  teacher_batch_entropy_ratio: 0.8823 (0.8735)  dino_local_crops_loss: 5.1598 (5.4968)  dino_global_crops_loss: 0.6655 (0.6980)  koleo_loss: -0.0217 (-0.0085)  ibot_loss: 1.0757 (1.1163)  time: 0.376108  data: 0.019040  max mem: 19495
I20260802 13:46:59 3235501 dinov2 helpers.py:102] Training  [6440/7500]  eta: 0:09:02  lr: 0.0001 (0.0006)  wd: 0.3822 (0.1913)  mom: 0.9996 (0.9954)  last_layer_lr: 0.0001 (0.0006)  current_batch_size: 64.0000 (64.0000)  total_loss: 6.9247 (7.3020)  teacher_entropy_ratio: 0.7075 (0.7578)  teacher_batch_entropy_ratio: 0.8859 (0.8735)  dino_local_crops_loss: 5.2022 (5.4963)  dino_global_crops_loss: 0.6703 (0.6979)  koleo_loss: -0.0217 (-0.0085)  ibot_loss: 1.0590 (1.1162)  time: 0.377087  data: 0.020278  max mem: 19495
I20260802 13:47:03 3235501 dinov2 helpers.py:102] Training  [6450/7500]  eta: 0:08:57  lr: 0.0001 (0.0006)  wd: 0.3825 (0.1916)  mom: 0.9996 (0.9954)  last_layer_lr: 0.0001 (0.0006)  current_batch_size: 64.0000 (64.0000)  total_loss: 6.9276 (7.3013)  teacher_entropy_ratio: 0.7122 (0.7577)  teacher_batch_entropy_ratio: 0.8900 (0.8735)  dino_local_crops_loss: 5.2044 (5.4958)  dino_global_crops_loss: 0.6681 (0.6979)  koleo_loss: -0.0218 (-0.0085)  ibot_loss: 1.0590 (1.1162)  time: 0.391230  data: 0.041576  max mem: 19495
I20260802 13:47:09 3235501 dinov2 helpers.py:102] Training  [6460/7500]  eta: 0:08:52  lr: 0.0001 (0.0006)  wd: 0.3829 (0.1919)  mom: 0.9996 (0.9954)  last_layer_lr: 0.0001 (0.0006)  current_batch_size: 64.0000 (64.0000)  total_loss: 6.8277 (7.3006)  teacher_entropy_ratio: 0.6964 (0.7576)  teacher_batch_entropy_ratio: 0.8704 (0.8735)  dino_local_crops_loss: 5.1206 (5.4953)  dino_global_crops_loss: 0.6596 (0.6978)  koleo_loss: -0.0220 (-0.0085)  ibot_loss: 1.0561 (1.1161)  time: 0.480879  data: 0.124582  max mem: 19495
I20260802 13:47:13 3235501 dinov2 helpers.py:102] Training  [6470/7500]  eta: 0:08:46  lr: 0.0001 (0.0006)  wd: 0.3832 (0.1922)  mom: 0.9996 (0.9954)  last_layer_lr: 0.0001 (0.0006)  current_batch_size: 64.0000 (64.0000)  total_loss: 6.8493 (7.3001)  teacher_entropy_ratio: 0.7027 (0.7575)  teacher_batch_entropy_ratio: 0.8828 (0.8735)  dino_local_crops_loss: 5.1639 (5.4949)  dino_global_crops_loss: 0.6633 (0.6978)  koleo_loss: -0.0218 (-0.0086)  ibot_loss: 1.0555 (1.1160)  time: 0.462529  data: 0.111518  max mem: 19495
I20260802 13:47:17 3235501 dinov2 helpers.py:102] Training  [6480/7500]  eta: 0:08:41  lr: 0.0001 (0.0006)  wd: 0.3835 (0.1925)  mom: 0.9996 (0.9954)  last_layer_lr: 0.0001 (0.0006)  current_batch_size: 64.0000 (64.0000)  total_loss: 6.8679 (7.2994)  teacher_entropy_ratio: 0.7004 (0.7574)  teacher_batch_entropy_ratio: 0.8828 (0.8736)  dino_local_crops_loss: 5.1902 (5.4943)  dino_global_crops_loss: 0.6661 (0.6977)  koleo_loss: -0.0219 (-0.0086)  ibot_loss: 1.0640 (1.1159)  time: 0.393689  data: 0.050452  max mem: 19495
I20260802 13:47:21 3235501 dinov2 helpers.py:102] Training  [6490/7500]  eta: 0:08:36  lr: 0.0001 (0.0006)  wd: 0.3838 (0.1928)  mom: 0.9996 (0.9954)  last_layer_lr: 0.0001 (0.0006)  current_batch_size: 64.0000 (64.0000)  total_loss: 6.8679 (7.2988)  teacher_entropy_ratio: 0.6952 (0.7574)  teacher_batch_entropy_ratio: 0.8784 (0.8736)  dino_local_crops_loss: 5.1538 (5.4939)  dino_global_crops_loss: 0.6646 (0.6977)  koleo_loss: -0.0221 (-0.0086)  ibot_loss: 1.0752 (1.1159)  time: 0.403677  data: 0.053417  max mem: 19495
I20260802 13:47:25 3235501 dinov2 helpers.py:102] Training  [6500/7500]  eta: 0:08:31  lr: 0.0001 (0.0006)  wd: 0.3841 (0.1931)  mom: 0.9996 (0.9954)  last_layer_lr: 0.0001 (0.0006)  current_batch_size: 64.0000 (64.0000)  total_loss: 7.0664 (7.2985)  teacher_entropy_ratio: 0.7187 (0.7573)  teacher_batch_entropy_ratio: 0.8876 (0.8736)  dino_local_crops_loss: 5.3157 (5.4936)  dino_global_crops_loss: 0.6774 (0.6977)  koleo_loss: -0.0222 (-0.0086)  ibot_loss: 1.0805 (1.1158)  time: 0.418134  data: 0.065378  max mem: 19495
I20260802 13:47:29 3235501 dinov2 helpers.py:102] Training  [6510/7500]  eta: 0:08:25  lr: 0.0001 (0.0006)  wd: 0.3844 (0.1934)  mom: 0.9997 (0.9954)  last_layer_lr: 0.0001 (0.0006)  current_batch_size: 64.0000 (64.0000)  total_loss: 6.9915 (7.2979)  teacher_entropy_ratio: 0.7075 (0.7572)  teacher_batch_entropy_ratio: 0.8857 (0.8736)  dino_local_crops_loss: 5.2463 (5.4931)  dino_global_crops_loss: 0.6774 (0.6976)  koleo_loss: -0.0222 (-0.0087)  ibot_loss: 1.0825 (1.1158)  time: 0.416219  data: 0.068627  max mem: 19495
I20260802 13:47:34 3235501 dinov2 helpers.py:102] Training  [6520/7500]  eta: 0:08:20  lr: 0.0001 (0.0006)  wd: 0.3847 (0.1937)  mom: 0.9997 (0.9954)  last_layer_lr: 0.0001 (0.0006)  current_batch_size: 64.0000 (64.0000)  total_loss: 6.8893 (7.2972)  teacher_entropy_ratio: 0.7002 (0.7571)  teacher_batch_entropy_ratio: 0.8767 (0.8736)  dino_local_crops_loss: 5.1692 (5.4927)  dino_global_crops_loss: 0.6613 (0.6975)  koleo_loss: -0.0220 (-0.0087)  ibot_loss: 1.0803 (1.1157)  time: 0.438742  data: 0.096845  max mem: 19495
I20260802 13:47:37 3235501 dinov2 helpers.py:102] Training  [6530/7500]  eta: 0:08:15  lr: 0.0001 (0.0006)  wd: 0.3850 (0.1940)  mom: 0.9997 (0.9954)  last_layer_lr: 0.0001 (0.0006)  current_batch_size: 64.0000 (64.0000)  total_loss: 6.8732 (7.2967)  teacher_entropy_ratio: 0.6999 (0.7571)  teacher_batch_entropy_ratio: 0.8774 (0.8736)  dino_local_crops_loss: 5.1692 (5.4923)  dino_global_crops_loss: 0.6639 (0.6975)  koleo_loss: -0.0221 (-0.0087)  ibot_loss: 1.0701 (1.1156)  time: 0.416465  data: 0.074486  max mem: 19495
I20260802 13:47:42 3235501 dinov2 helpers.py:102] Training  [6540/7500]  eta: 0:08:10  lr: 0.0001 (0.0006)  wd: 0.3853 (0.1943)  mom: 0.9997 (0.9954)  last_layer_lr: 0.0001 (0.0006)  current_batch_size: 64.0000 (64.0000)  total_loss: 6.8696 (7.2961)  teacher_entropy_ratio: 0.6999 (0.7570)  teacher_batch_entropy_ratio: 0.8779 (0.8737)  dino_local_crops_loss: 5.1336 (5.4918)  dino_global_crops_loss: 0.6637 (0.6975)  koleo_loss: -0.0222 (-0.0087)  ibot_loss: 1.0782 (1.1156)  time: 0.407614  data: 0.055621  max mem: 19495
I20260802 13:47:46 3235501 dinov2 helpers.py:102] Training  [6550/7500]  eta: 0:08:04  lr: 0.0000 (0.0006)  wd: 0.3856 (0.1946)  mom: 0.9997 (0.9954)  last_layer_lr: 0.0000 (0.0006)  current_batch_size: 64.0000 (64.0000)  total_loss: 6.9319 (7.2955)  teacher_entropy_ratio: 0.7001 (0.7569)  teacher_batch_entropy_ratio: 0.8844 (0.8737)  dino_local_crops_loss: 5.1781 (5.4913)  dino_global_crops_loss: 0.6655 (0.6974)  koleo_loss: -0.0222 (-0.0087)  ibot_loss: 1.0790 (1.1155)  time: 0.431539  data: 0.079730  max mem: 19495
I20260802 13:47:50 3235501 dinov2 helpers.py:102] Training  [6560/7500]  eta: 0:07:59  lr: 0.0000 (0.0006)  wd: 0.3859 (0.1949)  mom: 0.9997 (0.9954)  last_layer_lr: 0.0000 (0.0006)  current_batch_size: 64.0000 (64.0000)  total_loss: 6.8954 (7.2949)  teacher_entropy_ratio: 0.7019 (0.7568)  teacher_batch_entropy_ratio: 0.8913 (0.8737)  dino_local_crops_loss: 5.1922 (5.4908)  dino_global_crops_loss: 0.6686 (0.6974)  koleo_loss: -0.0221 (-0.0088)  ibot_loss: 1.0694 (1.1154)  time: 0.377120  data: 0.029815  max mem: 19495
I20260802 13:47:54 3235501 dinov2 helpers.py:102] Training  [6570/7500]  eta: 0:07:54  lr: 0.0000 (0.0006)  wd: 0.3862 (0.1952)  mom: 0.9997 (0.9954)  last_layer_lr: 0.0000 (0.0006)  current_batch_size: 64.0000 (64.0000)  total_loss: 6.8685 (7.2943)  teacher_entropy_ratio: 0.7098 (0.7567)  teacher_batch_entropy_ratio: 0.8830 (0.8737)  dino_local_crops_loss: 5.1922 (5.4904)  dino_global_crops_loss: 0.6686 (0.6973)  koleo_loss: -0.0221 (-0.0088)  ibot_loss: 1.0767 (1.1154)  time: 0.401204  data: 0.056251  max mem: 19495
I20260802 13:47:59 3235501 dinov2 helpers.py:102] Training  [6580/7500]  eta: 0:07:49  lr: 0.0000 (0.0006)  wd: 0.3865 (0.1955)  mom: 0.9997 (0.9955)  last_layer_lr: 0.0000 (0.0006)  current_batch_size: 64.0000 (64.0000)  total_loss: 6.8852 (7.2938)  teacher_entropy_ratio: 0.7029 (0.7566)  teacher_batch_entropy_ratio: 0.8830 (0.8737)  dino_local_crops_loss: 5.2192 (5.4900)  dino_global_crops_loss: 0.6702 (0.6973)  koleo_loss: -0.0221 (-0.0088)  ibot_loss: 1.0767 (1.1153)  time: 0.462527  data: 0.095971  max mem: 19495
I20260802 13:48:02 3235501 dinov2 helpers.py:102] Training  [6590/7500]  eta: 0:07:43  lr: 0.0000 (0.0006)  wd: 0.3868 (0.1957)  mom: 0.9997 (0.9955)  last_layer_lr: 0.0000 (0.0006)  current_batch_size: 64.0000 (64.0000)  total_loss: 6.9207 (7.2932)  teacher_entropy_ratio: 0.7026 (0.7566)  teacher_batch_entropy_ratio: 0.8857 (0.8737)  dino_local_crops_loss: 5.1991 (5.4896)  dino_global_crops_loss: 0.6666 (0.6972)  koleo_loss: -0.0222 (-0.0088)  ibot_loss: 1.0677 (1.1152)  time: 0.415956  data: 0.047108  max mem: 19495
I20260802 13:48:06 3235501 dinov2 helpers.py:102] Training  [6600/7500]  eta: 0:07:38  lr: 0.0000 (0.0006)  wd: 0.3871 (0.1960)  mom: 0.9997 (0.9955)  last_layer_lr: 0.0000 (0.0006)  current_batch_size: 64.0000 (64.0000)  total_loss: 6.8894 (7.2926)  teacher_entropy_ratio: 0.7009 (0.7565)  teacher_batch_entropy_ratio: 0.8845 (0.8738)  dino_local_crops_loss: 5.1715 (5.4891)  dino_global_crops_loss: 0.6602 (0.6972)  koleo_loss: -0.0221 (-0.0088)  ibot_loss: 1.0614 (1.1151)  time: 0.374483  data: 0.007462  max mem: 19495
I20260802 13:48:10 3235501 dinov2 helpers.py:102] Training  [6610/7500]  eta: 0:07:33  lr: 0.0000 (0.0006)  wd: 0.3874 (0.1963)  mom: 0.9997 (0.9955)  last_layer_lr: 0.0000 (0.0006)  current_batch_size: 64.0000 (64.0000)  total_loss: 6.8813 (7.2918)  teacher_entropy_ratio: 0.7019 (0.7564)  teacher_batch_entropy_ratio: 0.8810 (0.8738)  dino_local_crops_loss: 5.1560 (5.4885)  dino_global_crops_loss: 0.6602 (0.6971)  koleo_loss: -0.0221 (-0.0089)  ibot_loss: 1.0758 (1.1151)  time: 0.395249  data: 0.030944  max mem: 19495
I20260802 13:48:15 3235501 dinov2 helpers.py:102] Training  [6620/7500]  eta: 0:07:28  lr: 0.0000 (0.0006)  wd: 0.3876 (0.1966)  mom: 0.9997 (0.9955)  last_layer_lr: 0.0000 (0.0006)  current_batch_size: 64.0000 (64.0000)  total_loss: 6.9835 (7.2915)  teacher_entropy_ratio: 0.7100 (0.7563)  teacher_batch_entropy_ratio: 0.8848 (0.8738)  dino_local_crops_loss: 5.2579 (5.4882)  dino_global_crops_loss: 0.6700 (0.6971)  koleo_loss: -0.0220 (-0.0089)  ibot_loss: 1.0759 (1.1150)  time: 0.425823  data: 0.071725  max mem: 19495
I20260802 13:48:19 3235501 dinov2 helpers.py:102] Training  [6630/7500]  eta: 0:07:22  lr: 0.0000 (0.0006)  wd: 0.3879 (0.1969)  mom: 0.9997 (0.9955)  last_layer_lr: 0.0000 (0.0006)  current_batch_size: 64.0000 (64.0000)  total_loss: 6.9998 (7.2909)  teacher_entropy_ratio: 0.7183 (0.7563)  teacher_batch_entropy_ratio: 0.8957 (0.8738)  dino_local_crops_loss: 5.2609 (5.4878)  dino_global_crops_loss: 0.6787 (0.6971)  koleo_loss: -0.0219 (-0.0089)  ibot_loss: 1.0622 (1.1150)  time: 0.441677  data: 0.081744  max mem: 19495
I20260802 13:48:24 3235501 dinov2 helpers.py:102] Training  [6640/7500]  eta: 0:07:17  lr: 0.0000 (0.0006)  wd: 0.3882 (0.1972)  mom: 0.9997 (0.9955)  last_layer_lr: 0.0000 (0.0006)  current_batch_size: 64.0000 (64.0000)  total_loss: 6.9521 (7.2903)  teacher_entropy_ratio: 0.7077 (0.7562)  teacher_batch_entropy_ratio: 0.8882 (0.8738)  dino_local_crops_loss: 5.2168 (5.4873)  dino_global_crops_loss: 0.6685 (0.6970)  koleo_loss: -0.0221 (-0.0089)  ibot_loss: 1.0572 (1.1149)  time: 0.437201  data: 0.085675  max mem: 19495
I20260802 13:48:28 3235501 dinov2 helpers.py:102] Training  [6650/7500]  eta: 0:07:12  lr: 0.0000 (0.0006)  wd: 0.3884 (0.1975)  mom: 0.9997 (0.9955)  last_layer_lr: 0.0000 (0.0006)  current_batch_size: 64.0000 (64.0000)  total_loss: 6.8540 (7.2897)  teacher_entropy_ratio: 0.6911 (0.7561)  teacher_batch_entropy_ratio: 0.8827 (0.8738)  dino_local_crops_loss: 5.1841 (5.4869)  dino_global_crops_loss: 0.6618 (0.6970)  koleo_loss: -0.0218 (-0.0089)  ibot_loss: 1.0504 (1.1148)  time: 0.437822  data: 0.086823  max mem: 19495
I20260802 13:48:32 3235501 dinov2 helpers.py:102] Training  [6660/7500]  eta: 0:07:07  lr: 0.0000 (0.0006)  wd: 0.3887 (0.1978)  mom: 0.9997 (0.9955)  last_layer_lr: 0.0000 (0.0006)  current_batch_size: 64.0000 (64.0000)  total_loss: 6.8696 (7.2893)  teacher_entropy_ratio: 0.7053 (0.7560)  teacher_batch_entropy_ratio: 0.8866 (0.8739)  dino_local_crops_loss: 5.1915 (5.4866)  dino_global_crops_loss: 0.6708 (0.6969)  koleo_loss: -0.0219 (-0.0090)  ibot_loss: 1.0533 (1.1147)  time: 0.395867  data: 0.042359  max mem: 19495
I20260802 13:48:36 3235501 dinov2 helpers.py:102] Training  [6670/7500]  eta: 0:07:02  lr: 0.0000 (0.0006)  wd: 0.3890 (0.1981)  mom: 0.9998 (0.9955)  last_layer_lr: 0.0000 (0.0006)  current_batch_size: 64.0000 (64.0000)  total_loss: 6.8580 (7.2886)  teacher_entropy_ratio: 0.7005 (0.7559)  teacher_batch_entropy_ratio: 0.8846 (0.8739)  dino_local_crops_loss: 5.1566 (5.4860)  dino_global_crops_loss: 0.6639 (0.6969)  koleo_loss: -0.0222 (-0.0090)  ibot_loss: 1.0670 (1.1146)  time: 0.387585  data: 0.030145  max mem: 19495
I20260802 13:48:40 3235501 dinov2 helpers.py:102] Training  [6680/7500]  eta: 0:06:56  lr: 0.0000 (0.0006)  wd: 0.3892 (0.1983)  mom: 0.9998 (0.9955)  last_layer_lr: 0.0000 (0.0006)  current_batch_size: 64.0000 (64.0000)  total_loss: 6.8395 (7.2880)  teacher_entropy_ratio: 0.6999 (0.7559)  teacher_batch_entropy_ratio: 0.8813 (0.8739)  dino_local_crops_loss: 5.1540 (5.4856)  dino_global_crops_loss: 0.6609 (0.6968)  koleo_loss: -0.0221 (-0.0090)  ibot_loss: 1.0639 (1.1146)  time: 0.406667  data: 0.052514  max mem: 19495
I20260802 13:48:45 3235501 dinov2 helpers.py:102] Training  [6690/7500]  eta: 0:06:51  lr: 0.0000 (0.0006)  wd: 0.3895 (0.1986)  mom: 0.9998 (0.9955)  last_layer_lr: 0.0000 (0.0006)  current_batch_size: 64.0000 (64.0000)  total_loss: 6.8347 (7.2874)  teacher_entropy_ratio: 0.6929 (0.7558)  teacher_batch_entropy_ratio: 0.8825 (0.8739)  dino_local_crops_loss: 5.1369 (5.4851)  dino_global_crops_loss: 0.6611 (0.6968)  koleo_loss: -0.0222 (-0.0090)  ibot_loss: 1.0639 (1.1145)  time: 0.440909  data: 0.091797  max mem: 19495
I20260802 13:48:48 3235501 dinov2 helpers.py:102] Training  [6700/7500]  eta: 0:06:46  lr: 0.0000 (0.0006)  wd: 0.3897 (0.1989)  mom: 0.9998 (0.9955)  last_layer_lr: 0.0000 (0.0006)  current_batch_size: 64.0000 (64.0000)  total_loss: 6.8049 (7.2868)  teacher_entropy_ratio: 0.6926 (0.7557)  teacher_batch_entropy_ratio: 0.8755 (0.8739)  dino_local_crops_loss: 5.1207 (5.4847)  dino_global_crops_loss: 0.6562 (0.6967)  koleo_loss: -0.0220 (-0.0090)  ibot_loss: 1.0538 (1.1144)  time: 0.431944  data: 0.089492  max mem: 19495
I20260802 13:48:53 3235501 dinov2 helpers.py:102] Training  [6710/7500]  eta: 0:06:41  lr: 0.0000 (0.0006)  wd: 0.3900 (0.1992)  mom: 0.9998 (0.9955)  last_layer_lr: 0.0000 (0.0006)  current_batch_size: 64.0000 (64.0000)  total_loss: 6.9324 (7.2863)  teacher_entropy_ratio: 0.7097 (0.7556)  teacher_batch_entropy_ratio: 0.8897 (0.8739)  dino_local_crops_loss: 5.2313 (5.4843)  dino_global_crops_loss: 0.6705 (0.6967)  koleo_loss: -0.0220 (-0.0090)  ibot_loss: 1.0648 (1.1144)  time: 0.423720  data: 0.085233  max mem: 19495
I20260802 13:48:57 3235501 dinov2 helpers.py:102] Training  [6720/7500]  eta: 0:06:36  lr: 0.0000 (0.0006)  wd: 0.3902 (0.1995)  mom: 0.9998 (0.9955)  last_layer_lr: 0.0000 (0.0006)  current_batch_size: 64.0000 (64.0000)  total_loss: 6.9023 (7.2858)  teacher_entropy_ratio: 0.7097 (0.7556)  teacher_batch_entropy_ratio: 0.8897 (0.8739)  dino_local_crops_loss: 5.1962 (5.4840)  dino_global_crops_loss: 0.6719 (0.6967)  koleo_loss: -0.0220 (-0.0091)  ibot_loss: 1.0675 (1.1143)  time: 0.448959  data: 0.110309  max mem: 19495
I20260802 13:49:01 3235501 dinov2 helpers.py:102] Training  [6730/7500]  eta: 0:06:31  lr: 0.0000 (0.0006)  wd: 0.3905 (0.1998)  mom: 0.9998 (0.9956)  last_layer_lr: 0.0000 (0.0006)  current_batch_size: 64.0000 (64.0000)  total_loss: 6.9936 (7.2853)  teacher_entropy_ratio: 0.7123 (0.7555)  teacher_batch_entropy_ratio: 0.8902 (0.8740)  dino_local_crops_loss: 5.2646 (5.4836)  dino_global_crops_loss: 0.6726 (0.6966)  koleo_loss: -0.0222 (-0.0091)  ibot_loss: 1.0655 (1.1142)  time: 0.408772  data: 0.061862  max mem: 19495
I20260802 13:49:06 3235501 dinov2 helpers.py:102] Training  [6740/7500]  eta: 0:06:25  lr: 0.0000 (0.0006)  wd: 0.3907 (0.2000)  mom: 0.9998 (0.9956)  last_layer_lr: 0.0000 (0.0006)  current_batch_size: 64.0000 (64.0000)  total_loss: 6.9420 (7.2847)  teacher_entropy_ratio: 0.7105 (0.7554)  teacher_batch_entropy_ratio: 0.8893 (0.8740)  dino_local_crops_loss: 5.2504 (5.4831)  dino_global_crops_loss: 0.6675 (0.6966)  koleo_loss: -0.0222 (-0.0091)  ibot_loss: 1.0742 (1.1141)  time: 0.435361  data: 0.080183  max mem: 19495
I20260802 13:49:10 3235501 fvcore.common.checkpoint __init__.py:109] Saving checkpoint to /sci/labs/arieljaffe/dan.abergel1/runs/brain/koleo_on/model_0006749.rank_0.pth
I20260802 13:49:11 3235501 dinov2 helpers.py:102] Training  [6750/7500]  eta: 0:06:20  lr: 0.0000 (0.0006)  wd: 0.3910 (0.2003)  mom: 0.9998 (0.9956)  last_layer_lr: 0.0000 (0.0006)  current_batch_size: 64.0000 (64.0000)  total_loss: 6.8778 (7.2842)  teacher_entropy_ratio: 0.7036 (0.7553)  teacher_batch_entropy_ratio: 0.8888 (0.8740)  dino_local_crops_loss: 5.1398 (5.4827)  dino_global_crops_loss: 0.6636 (0.6965)  koleo_loss: -0.0221 (-0.0091)  ibot_loss: 1.0666 (1.1141)  time: 0.506623  data: 0.082075  max mem: 19495
I20260802 13:49:15 3235501 dinov2 helpers.py:102] Training  [6760/7500]  eta: 0:06:15  lr: 0.0000 (0.0006)  wd: 0.3912 (0.2006)  mom: 0.9998 (0.9956)  last_layer_lr: 0.0000 (0.0006)  current_batch_size: 64.0000 (64.0000)  total_loss: 6.9083 (7.2836)  teacher_entropy_ratio: 0.7057 (0.7553)  teacher_batch_entropy_ratio: 0.8834 (0.8740)  dino_local_crops_loss: 5.2117 (5.4823)  dino_global_crops_loss: 0.6695 (0.6965)  koleo_loss: -0.0220 (-0.0091)  ibot_loss: 1.0666 (1.1140)  time: 0.435098  data: 0.018270  max mem: 19495
I20260802 13:49:18 3235501 dinov2 helpers.py:102] Training  [6770/7500]  eta: 0:06:10  lr: 0.0000 (0.0006)  wd: 0.3914 (0.2009)  mom: 0.9998 (0.9956)  last_layer_lr: 0.0000 (0.0006)  current_batch_size: 64.0000 (64.0000)  total_loss: 6.9083 (7.2831)  teacher_entropy_ratio: 0.7046 (0.7552)  teacher_batch_entropy_ratio: 0.8832 (0.8740)  dino_local_crops_loss: 5.1834 (5.4819)  dino_global_crops_loss: 0.6687 (0.6965)  koleo_loss: -0.0219 (-0.0092)  ibot_loss: 1.0746 (1.1139)  time: 0.354083  data: 0.015681  max mem: 19495
I20260802 13:49:23 3235501 dinov2 helpers.py:102] Training  [6780/7500]  eta: 0:06:05  lr: 0.0000 (0.0006)  wd: 0.3917 (0.2012)  mom: 0.9998 (0.9956)  last_layer_lr: 0.0000 (0.0006)  current_batch_size: 64.0000 (64.0000)  total_loss: 6.9353 (7.2827)  teacher_entropy_ratio: 0.7045 (0.7551)  teacher_batch_entropy_ratio: 0.8834 (0.8740)  dino_local_crops_loss: 5.2062 (5.4816)  dino_global_crops_loss: 0.6654 (0.6964)  koleo_loss: -0.0220 (-0.0092)  ibot_loss: 1.0634 (1.1139)  time: 0.407772  data: 0.061452  max mem: 19495
I20260802 13:49:27 3235501 dinov2 helpers.py:102] Training  [6790/7500]  eta: 0:06:00  lr: 0.0000 (0.0006)  wd: 0.3919 (0.2015)  mom: 0.9998 (0.9956)  last_layer_lr: 0.0000 (0.0005)  current_batch_size: 64.0000 (64.0000)  total_loss: 6.8855 (7.2819)  teacher_entropy_ratio: 0.6952 (0.7550)  teacher_batch_entropy_ratio: 0.8787 (0.8740)  dino_local_crops_loss: 5.1987 (5.4810)  dino_global_crops_loss: 0.6645 (0.6964)  koleo_loss: -0.0220 (-0.0092)  ibot_loss: 1.0664 (1.1138)  time: 0.449618  data: 0.103041  max mem: 19495
I20260802 13:49:32 3235501 dinov2 helpers.py:102] Training  [6800/7500]  eta: 0:05:54  lr: 0.0000 (0.0006)  wd: 0.3921 (0.2017)  mom: 0.9998 (0.9956)  last_layer_lr: 0.0000 (0.0005)  current_batch_size: 64.0000 (64.0000)  total_loss: 6.7685 (7.2813)  teacher_entropy_ratio: 0.6870 (0.7549)  teacher_batch_entropy_ratio: 0.8754 (0.8741)  dino_local_crops_loss: 5.0909 (5.4806)  dino_global_crops_loss: 0.6563 (0.6963)  koleo_loss: -0.0220 (-0.0092)  ibot_loss: 1.0671 (1.1137)  time: 0.431290  data: 0.090694  max mem: 19495
I20260802 13:49:35 3235501 dinov2 helpers.py:102] Training  [6810/7500]  eta: 0:05:49  lr: 0.0000 (0.0006)  wd: 0.3923 (0.2020)  mom: 0.9998 (0.9956)  last_layer_lr: 0.0000 (0.0005)  current_batch_size: 64.0000 (64.0000)  total_loss: 6.7923 (7.2807)  teacher_entropy_ratio: 0.6919 (0.7548)  teacher_batch_entropy_ratio: 0.8765 (0.8741)  dino_local_crops_loss: 5.0946 (5.4800)  dino_global_crops_loss: 0.6542 (0.6963)  koleo_loss: -0.0220 (-0.0092)  ibot_loss: 1.0845 (1.1137)  time: 0.389160  data: 0.038515  max mem: 19495
I20260802 13:49:39 3235501 dinov2 helpers.py:102] Training  [6820/7500]  eta: 0:05:44  lr: 0.0000 (0.0005)  wd: 0.3925 (0.2023)  mom: 0.9998 (0.9956)  last_layer_lr: 0.0000 (0.0005)  current_batch_size: 64.0000 (64.0000)  total_loss: 6.8221 (7.2802)  teacher_entropy_ratio: 0.6940 (0.7548)  teacher_batch_entropy_ratio: 0.8765 (0.8741)  dino_local_crops_loss: 5.1122 (5.4796)  dino_global_crops_loss: 0.6584 (0.6962)  koleo_loss: -0.0219 (-0.0093)  ibot_loss: 1.0762 (1.1136)  time: 0.381017  data: 0.024120  max mem: 19495
I20260802 13:49:43 3235501 dinov2 helpers.py:102] Training  [6830/7500]  eta: 0:05:39  lr: 0.0000 (0.0005)  wd: 0.3927 (0.2026)  mom: 0.9998 (0.9956)  last_layer_lr: 0.0000 (0.0005)  current_batch_size: 64.0000 (64.0000)  total_loss: 6.9118 (7.2798)  teacher_entropy_ratio: 0.7078 (0.7547)  teacher_batch_entropy_ratio: 0.8909 (0.8741)  dino_local_crops_loss: 5.2081 (5.4793)  dino_global_crops_loss: 0.6664 (0.6962)  koleo_loss: -0.0217 (-0.0093)  ibot_loss: 1.0737 (1.1135)  time: 0.389784  data: 0.040518  max mem: 19495
I20260802 13:49:47 3235501 dinov2 helpers.py:102] Training  [6840/7500]  eta: 0:05:34  lr: 0.0000 (0.0005)  wd: 0.3930 (0.2029)  mom: 0.9998 (0.9956)  last_layer_lr: 0.0000 (0.0005)  current_batch_size: 64.0000 (64.0000)  total_loss: 6.8865 (7.2791)  teacher_entropy_ratio: 0.7078 (0.7546)  teacher_batch_entropy_ratio: 0.8888 (0.8741)  dino_local_crops_loss: 5.1552 (5.4788)  dino_global_crops_loss: 0.6634 (0.6961)  koleo_loss: -0.0218 (-0.0093)  ibot_loss: 1.0737 (1.1135)  time: 0.409017  data: 0.060575  max mem: 19495
I20260802 13:49:52 3235501 dinov2 helpers.py:102] Training  [6850/7500]  eta: 0:05:29  lr: 0.0000 (0.0005)  wd: 0.3932 (0.2031)  mom: 0.9998 (0.9956)  last_layer_lr: 0.0000 (0.0005)  current_batch_size: 64.0000 (64.0000)  total_loss: 6.8317 (7.2786)  teacher_entropy_ratio: 0.7000 (0.7546)  teacher_batch_entropy_ratio: 0.8862 (0.8741)  dino_local_crops_loss: 5.1400 (5.4784)  dino_global_crops_loss: 0.6571 (0.6961)  koleo_loss: -0.0219 (-0.0093)  ibot_loss: 1.0600 (1.1134)  time: 0.431666  data: 0.085494  max mem: 19495
I20260802 13:49:57 3235501 dinov2 helpers.py:102] Training  [6860/7500]  eta: 0:05:24  lr: 0.0000 (0.0005)  wd: 0.3934 (0.2034)  mom: 0.9999 (0.9956)  last_layer_lr: 0.0000 (0.0005)  current_batch_size: 64.0000 (64.0000)  total_loss: 6.8784 (7.2781)  teacher_entropy_ratio: 0.6998 (0.7545)  teacher_batch_entropy_ratio: 0.8849 (0.8741)  dino_local_crops_loss: 5.1850 (5.4781)  dino_global_crops_loss: 0.6593 (0.6960)  koleo_loss: -0.0220 (-0.0093)  ibot_loss: 1.0661 (1.1133)  time: 0.499286  data: 0.161742  max mem: 19495
I20260802 13:50:01 3235501 dinov2 helpers.py:102] Training  [6870/7500]  eta: 0:05:18  lr: 0.0000 (0.0005)  wd: 0.3936 (0.2037)  mom: 0.9999 (0.9956)  last_layer_lr: 0.0000 (0.0005)  current_batch_size: 64.0000 (64.0000)  total_loss: 6.8784 (7.2776)  teacher_entropy_ratio: 0.7085 (0.7544)  teacher_batch_entropy_ratio: 0.8823 (0.8742)  dino_local_crops_loss: 5.1863 (5.4777)  dino_global_crops_loss: 0.6649 (0.6960)  koleo_loss: -0.0219 (-0.0093)  ibot_loss: 1.0690 (1.1133)  time: 0.478265  data: 0.141934  max mem: 19495
I20260802 13:50:05 3235501 dinov2 helpers.py:102] Training  [6880/7500]  eta: 0:05:13  lr: 0.0000 (0.0005)  wd: 0.3938 (0.2040)  mom: 0.9999 (0.9956)  last_layer_lr: 0.0000 (0.0005)  current_batch_size: 64.0000 (64.0000)  total_loss: 6.8639 (7.2769)  teacher_entropy_ratio: 0.7046 (0.7543)  teacher_batch_entropy_ratio: 0.8815 (0.8742)  dino_local_crops_loss: 5.1628 (5.4772)  dino_global_crops_loss: 0.6657 (0.6960)  koleo_loss: -0.0219 (-0.0094)  ibot_loss: 1.0661 (1.1132)  time: 0.383837  data: 0.042892  max mem: 19495
I20260802 13:50:09 3235501 dinov2 helpers.py:102] Training  [6890/7500]  eta: 0:05:08  lr: 0.0000 (0.0005)  wd: 0.3940 (0.2042)  mom: 0.9999 (0.9956)  last_layer_lr: 0.0000 (0.0005)  current_batch_size: 64.0000 (64.0000)  total_loss: 6.8439 (7.2764)  teacher_entropy_ratio: 0.6952 (0.7543)  teacher_batch_entropy_ratio: 0.8787 (0.8742)  dino_local_crops_loss: 5.1264 (5.4768)  dino_global_crops_loss: 0.6630 (0.6959)  koleo_loss: -0.0221 (-0.0094)  ibot_loss: 1.0661 (1.1131)  time: 0.376208  data: 0.023557  max mem: 19495
I20260802 13:50:13 3235501 dinov2 helpers.py:102] Training  [6900/7500]  eta: 0:05:03  lr: 0.0000 (0.0005)  wd: 0.3942 (0.2045)  mom: 0.9999 (0.9957)  last_layer_lr: 0.0000 (0.0005)  current_batch_size: 64.0000 (64.0000)  total_loss: 6.8439 (7.2758)  teacher_entropy_ratio: 0.6863 (0.7542)  teacher_batch_entropy_ratio: 0.8652 (0.8742)  dino_local_crops_loss: 5.1264 (5.4763)  dino_global_crops_loss: 0.6634 (0.6959)  koleo_loss: -0.0222 (-0.0094)  ibot_loss: 1.0689 (1.1130)  time: 0.400369  data: 0.042476  max mem: 19495
I20260802 13:50:18 3235501 dinov2 helpers.py:102] Training  [6910/7500]  eta: 0:04:58  lr: 0.0000 (0.0005)  wd: 0.3943 (0.2048)  mom: 0.9999 (0.9957)  last_layer_lr: 0.0000 (0.0005)  current_batch_size: 64.0000 (64.0000)  total_loss: 6.8900 (7.2753)  teacher_entropy_ratio: 0.7083 (0.7541)  teacher_batch_entropy_ratio: 0.8850 (0.8742)  dino_local_crops_loss: 5.1743 (5.4759)  dino_global_crops_loss: 0.6641 (0.6958)  koleo_loss: -0.0222 (-0.0094)  ibot_loss: 1.0611 (1.1130)  time: 0.475669  data: 0.131106  max mem: 19495
I20260802 13:50:23 3235501 dinov2 helpers.py:102] Training  [6920/7500]  eta: 0:04:53  lr: 0.0000 (0.0005)  wd: 0.3945 (0.2051)  mom: 0.9999 (0.9957)  last_layer_lr: 0.0000 (0.0005)  current_batch_size: 64.0000 (64.0000)  total_loss: 6.8940 (7.2747)  teacher_entropy_ratio: 0.7087 (0.7540)  teacher_batch_entropy_ratio: 0.8883 (0.8742)  dino_local_crops_loss: 5.1743 (5.4755)  dino_global_crops_loss: 0.6625 (0.6958)  koleo_loss: -0.0222 (-0.0094)  ibot_loss: 1.0599 (1.1129)  time: 0.513920  data: 0.175355  max mem: 19495
I20260802 13:50:27 3235501 dinov2 helpers.py:102] Training  [6930/7500]  eta: 0:04:48  lr: 0.0000 (0.0005)  wd: 0.3947 (0.2053)  mom: 0.9999 (0.9957)  last_layer_lr: 0.0000 (0.0005)  current_batch_size: 64.0000 (64.0000)  total_loss: 6.9134 (7.2742)  teacher_entropy_ratio: 0.7025 (0.7540)  teacher_batch_entropy_ratio: 0.8875 (0.8742)  dino_local_crops_loss: 5.1739 (5.4751)  dino_global_crops_loss: 0.6637 (0.6957)  koleo_loss: -0.0222 (-0.0095)  ibot_loss: 1.0649 (1.1128)  time: 0.449898  data: 0.106424  max mem: 19495
I20260802 13:50:31 3235501 dinov2 helpers.py:102] Training  [6940/7500]  eta: 0:04:43  lr: 0.0000 (0.0005)  wd: 0.3949 (0.2056)  mom: 0.9999 (0.9957)  last_layer_lr: 0.0000 (0.0005)  current_batch_size: 64.0000 (64.0000)  total_loss: 6.9392 (7.2737)  teacher_entropy_ratio: 0.7047 (0.7539)  teacher_batch_entropy_ratio: 0.8839 (0.8743)  dino_local_crops_loss: 5.2015 (5.4747)  dino_global_crops_loss: 0.6668 (0.6957)  koleo_loss: -0.0222 (-0.0095)  ibot_loss: 1.0777 (1.1128)  time: 0.378519  data: 0.034394  max mem: 19495
I20260802 13:50:35 3235501 dinov2 helpers.py:102] Training  [6950/7500]  eta: 0:04:37  lr: 0.0000 (0.0005)  wd: 0.3951 (0.2059)  mom: 0.9999 (0.9957)  last_layer_lr: 0.0000 (0.0005)  current_batch_size: 64.0000 (64.0000)  total_loss: 6.9392 (7.2731)  teacher_entropy_ratio: 0.7047 (0.7538)  teacher_batch_entropy_ratio: 0.8824 (0.8743)  dino_local_crops_loss: 5.2015 (5.4742)  dino_global_crops_loss: 0.6607 (0.6957)  koleo_loss: -0.0222 (-0.0095)  ibot_loss: 1.0698 (1.1127)  time: 0.362301  data: 0.010912  max mem: 19495
I20260802 13:50:39 3235501 dinov2 helpers.py:102] Training  [6960/7500]  eta: 0:04:32  lr: 0.0000 (0.0005)  wd: 0.3952 (0.2062)  mom: 0.9999 (0.9957)  last_layer_lr: 0.0000 (0.0005)  current_batch_size: 64.0000 (64.0000)  total_loss: 6.9206 (7.2726)  teacher_entropy_ratio: 0.7046 (0.7538)  teacher_batch_entropy_ratio: 0.8821 (0.8743)  dino_local_crops_loss: 5.2123 (5.4739)  dino_global_crops_loss: 0.6607 (0.6956)  koleo_loss: -0.0221 (-0.0095)  ibot_loss: 1.0670 (1.1126)  time: 0.427016  data: 0.069300  max mem: 19495
I20260802 13:50:44 3235501 dinov2 helpers.py:102] Training  [6970/7500]  eta: 0:04:27  lr: 0.0000 (0.0005)  wd: 0.3954 (0.2064)  mom: 0.9999 (0.9957)  last_layer_lr: 0.0000 (0.0005)  current_batch_size: 64.0000 (64.0000)  total_loss: 6.8760 (7.2720)  teacher_entropy_ratio: 0.7046 (0.7537)  teacher_batch_entropy_ratio: 0.8821 (0.8743)  dino_local_crops_loss: 5.1741 (5.4734)  dino_global_crops_loss: 0.6596 (0.6956)  koleo_loss: -0.0223 (-0.0095)  ibot_loss: 1.0545 (1.1126)  time: 0.454005  data: 0.103933  max mem: 19495
I20260802 13:50:47 3235501 dinov2 helpers.py:102] Training  [6980/7500]  eta: 0:04:22  lr: 0.0000 (0.0005)  wd: 0.3956 (0.2067)  mom: 0.9999 (0.9957)  last_layer_lr: 0.0000 (0.0005)  current_batch_size: 64.0000 (64.0000)  total_loss: 6.9061 (7.2715)  teacher_entropy_ratio: 0.7016 (0.7536)  teacher_batch_entropy_ratio: 0.8849 (0.8743)  dino_local_crops_loss: 5.1784 (5.4730)  dino_global_crops_loss: 0.6645 (0.6955)  koleo_loss: -0.0224 (-0.0096)  ibot_loss: 1.0560 (1.1125)  time: 0.383926  data: 0.038172  max mem: 19495
I20260802 13:50:51 3235501 dinov2 helpers.py:102] Training  [6990/7500]  eta: 0:04:17  lr: 0.0000 (0.0005)  wd: 0.3957 (0.2070)  mom: 0.9999 (0.9957)  last_layer_lr: 0.0000 (0.0005)  current_batch_size: 64.0000 (64.0000)  total_loss: 6.9777 (7.2711)  teacher_entropy_ratio: 0.7019 (0.7535)  teacher_batch_entropy_ratio: 0.8876 (0.8743)  dino_local_crops_loss: 5.2288 (5.4728)  dino_global_crops_loss: 0.6709 (0.6955)  koleo_loss: -0.0223 (-0.0096)  ibot_loss: 1.0542 (1.1124)  time: 0.373557  data: 0.023260  max mem: 19495
  [probe] best config: n_blocks=1 avgpool=True
I20260802 13:52:18 3235501 dinov2 train.py:276] PROBE @ iter 7000: 75.28% +/- 2.63%
W20260802 13:52:18 3235501 py.warnings warnings.py:109] /sci/labs/arieljaffe/dan.abergel1/repos/FAIR_official/dinov2/loss/koleo_loss.py:43: FutureWarning: `torch.cuda.amp.autocast(args...)` is deprecated. Please use `torch.amp.autocast('cuda', args...)` instead.
  with torch.cuda.amp.autocast(enabled=False):

I20260802 13:52:18 3235501 dinov2 helpers.py:102] Training  [7000/7500]  eta: 0:04:18  lr: 0.0000 (0.0005)  wd: 0.3959 (0.2072)  mom: 0.9999 (0.9957)  last_layer_lr: 0.0000 (0.0005)  current_batch_size: 64.0000 (64.0000)  total_loss: 6.8955 (7.2704)  teacher_entropy_ratio: 0.6974 (0.7535)  teacher_batch_entropy_ratio: 0.8869 (0.8743)  dino_local_crops_loss: 5.1982 (5.4722)  dino_global_crops_loss: 0.6656 (0.6954)  koleo_loss: -0.0222 (-0.0096)  ibot_loss: 1.0619 (1.1124)  time: 4.552323  data: 0.054777  max mem: 19495
I20260802 13:52:22 3235501 dinov2 helpers.py:102] Training  [7010/7500]  eta: 0:04:12  lr: 0.0000 (0.0005)  wd: 0.3961 (0.2075)  mom: 0.9999 (0.9957)  last_layer_lr: 0.0000 (0.0005)  current_batch_size: 64.0000 (64.0000)  total_loss: 6.9157 (7.2700)  teacher_entropy_ratio: 0.7076 (0.7534)  teacher_batch_entropy_ratio: 0.8888 (0.8744)  dino_local_crops_loss: 5.2294 (5.4719)  dino_global_crops_loss: 0.6704 (0.6954)  koleo_loss: -0.0221 (-0.0096)  ibot_loss: 1.0655 (1.1123)  time: 4.521753  data: 0.031958  max mem: 19495
I20260802 13:52:25 3235501 dinov2 helpers.py:102] Training  [7020/7500]  eta: 0:04:07  lr: 0.0000 (0.0005)  wd: 0.3962 (0.2078)  mom: 0.9999 (0.9957)  last_layer_lr: 0.0000 (0.0005)  current_batch_size: 64.0000 (64.0000)  total_loss: 6.9833 (7.2697)  teacher_entropy_ratio: 0.7163 (0.7534)  teacher_batch_entropy_ratio: 0.8947 (0.8744)  dino_local_crops_loss: 5.2538 (5.4717)  dino_global_crops_loss: 0.6754 (0.6954)  koleo_loss: -0.0221 (-0.0096)  ibot_loss: 1.0395 (1.1122)  time: 0.343549  data: 0.000410  max mem: 19495
I20260802 13:52:29 3235501 dinov2 helpers.py:102] Training  [7030/7500]  eta: 0:04:02  lr: 0.0000 (0.0005)  wd: 0.3964 (0.2080)  mom: 0.9999 (0.9957)  last_layer_lr: 0.0000 (0.0005)  current_batch_size: 64.0000 (64.0000)  total_loss: 6.9446 (7.2689)  teacher_entropy_ratio: 0.7043 (0.7533)  teacher_batch_entropy_ratio: 0.8884 (0.8744)  dino_local_crops_loss: 5.2270 (5.4711)  dino_global_crops_loss: 0.6731 (0.6953)  koleo_loss: -0.0222 (-0.0096)  ibot_loss: 1.0459 (1.1121)  time: 0.355833  data: 0.001441  max mem: 19495
I20260802 13:52:32 3235501 dinov2 helpers.py:102] Training  [7040/7500]  eta: 0:03:57  lr: 0.0000 (0.0005)  wd: 0.3965 (0.2083)  mom: 0.9999 (0.9957)  last_layer_lr: 0.0000 (0.0005)  current_batch_size: 64.0000 (64.0000)  total_loss: 6.8277 (7.2684)  teacher_entropy_ratio: 0.6924 (0.7532)  teacher_batch_entropy_ratio: 0.8717 (0.8744)  dino_local_crops_loss: 5.1376 (5.4707)  dino_global_crops_loss: 0.6590 (0.6953)  koleo_loss: -0.0222 (-0.0097)  ibot_loss: 1.0665 (1.1121)  time: 0.349703  data: 0.001344  max mem: 19495
I20260802 13:52:36 3235501 dinov2 helpers.py:102] Training  [7050/7500]  eta: 0:03:51  lr: 0.0000 (0.0005)  wd: 0.3967 (0.2086)  mom: 0.9999 (0.9957)  last_layer_lr: 0.0000 (0.0005)  current_batch_size: 64.0000 (64.0000)  total_loss: 6.8941 (7.2679)  teacher_entropy_ratio: 0.6979 (0.7531)  teacher_batch_entropy_ratio: 0.8770 (0.8744)  dino_local_crops_loss: 5.1584 (5.4703)  dino_global_crops_loss: 0.6622 (0.6953)  koleo_loss: -0.0222 (-0.0097)  ibot_loss: 1.0532 (1.1120)  time: 0.379469  data: 0.035804  max mem: 19495
I20260802 13:52:41 3235501 dinov2 helpers.py:102] Training  [7060/7500]  eta: 0:03:46  lr: 0.0000 (0.0005)  wd: 0.3968 (0.2088)  mom: 0.9999 (0.9958)  last_layer_lr: 0.0000 (0.0005)  current_batch_size: 64.0000 (64.0000)  total_loss: 6.8941 (7.2674)  teacher_entropy_ratio: 0.6995 (0.7531)  teacher_batch_entropy_ratio: 0.8814 (0.8744)  dino_local_crops_loss: 5.1630 (5.4700)  dino_global_crops_loss: 0.6663 (0.6952)  koleo_loss: -0.0223 (-0.0097)  ibot_loss: 1.0656 (1.1119)  time: 0.440144  data: 0.093468  max mem: 19495
I20260802 13:52:45 3235501 dinov2 helpers.py:102] Training  [7070/7500]  eta: 0:03:41  lr: 0.0000 (0.0005)  wd: 0.3970 (0.2091)  mom: 0.9999 (0.9958)  last_layer_lr: 0.0000 (0.0005)  current_batch_size: 64.0000 (64.0000)  total_loss: 6.9392 (7.2670)  teacher_entropy_ratio: 0.6995 (0.7530)  teacher_batch_entropy_ratio: 0.8823 (0.8745)  dino_local_crops_loss: 5.2062 (5.4696)  dino_global_crops_loss: 0.6696 (0.6952)  koleo_loss: -0.0223 (-0.0097)  ibot_loss: 1.0696 (1.1119)  time: 0.446513  data: 0.088936  max mem: 19495
I20260802 13:52:50 3235501 dinov2 helpers.py:102] Training  [7080/7500]  eta: 0:03:36  lr: 0.0000 (0.0005)  wd: 0.3971 (0.2094)  mom: 0.9999 (0.9958)  last_layer_lr: 0.0000 (0.0005)  current_batch_size: 64.0000 (64.0000)  total_loss: 6.9392 (7.2665)  teacher_entropy_ratio: 0.7053 (0.7529)  teacher_batch_entropy_ratio: 0.8901 (0.8745)  dino_local_crops_loss: 5.2208 (5.4693)  dino_global_crops_loss: 0.6717 (0.6951)  koleo_loss: -0.0222 (-0.0097)  ibot_loss: 1.0696 (1.1118)  time: 0.458444  data: 0.092602  max mem: 19495
I20260802 13:52:55 3235501 dinov2 helpers.py:102] Training  [7090/7500]  eta: 0:03:31  lr: 0.0000 (0.0005)  wd: 0.3972 (0.2096)  mom: 0.9999 (0.9958)  last_layer_lr: 0.0000 (0.0005)  current_batch_size: 64.0000 (64.0000)  total_loss: 6.9194 (7.2659)  teacher_entropy_ratio: 0.7027 (0.7528)  teacher_batch_entropy_ratio: 0.8742 (0.8745)  dino_local_crops_loss: 5.2162 (5.4688)  dino_global_crops_loss: 0.6635 (0.6951)  koleo_loss: -0.0221 (-0.0097)  ibot_loss: 1.0580 (1.1117)  time: 0.470667  data: 0.105749  max mem: 19495
I20260802 13:52:58 3235501 dinov2 helpers.py:102] Training  [7100/7500]  eta: 0:03:25  lr: 0.0000 (0.0005)  wd: 0.3974 (0.2099)  mom: 0.9999 (0.9958)  last_layer_lr: 0.0000 (0.0005)  current_batch_size: 64.0000 (64.0000)  total_loss: 6.8265 (7.2653)  teacher_entropy_ratio: 0.6876 (0.7528)  teacher_batch_entropy_ratio: 0.8725 (0.8745)  dino_local_crops_loss: 5.1172 (5.4684)  dino_global_crops_loss: 0.6603 (0.6951)  koleo_loss: -0.0222 (-0.0098)  ibot_loss: 1.0536 (1.1117)  time: 0.409640  data: 0.048071  max mem: 19495
I20260802 13:53:02 3235501 dinov2 helpers.py:102] Training  [7110/7500]  eta: 0:03:20  lr: 0.0000 (0.0005)  wd: 0.3975 (0.2102)  mom: 0.9999 (0.9958)  last_layer_lr: 0.0000 (0.0005)  current_batch_size: 64.0000 (64.0000)  total_loss: 6.8620 (7.2649)  teacher_entropy_ratio: 0.6994 (0.7527)  teacher_batch_entropy_ratio: 0.8827 (0.8745)  dino_local_crops_loss: 5.1416 (5.4680)  dino_global_crops_loss: 0.6616 (0.6950)  koleo_loss: -0.0222 (-0.0098)  ibot_loss: 1.0666 (1.1116)  time: 0.366759  data: 0.004477  max mem: 19495
I20260802 13:53:07 3235501 dinov2 helpers.py:102] Training  [7120/7500]  eta: 0:03:15  lr: 0.0000 (0.0005)  wd: 0.3976 (0.2104)  mom: 0.9999 (0.9958)  last_layer_lr: 0.0000 (0.0005)  current_batch_size: 64.0000 (64.0000)  total_loss: 6.9176 (7.2644)  teacher_entropy_ratio: 0.7020 (0.7526)  teacher_batch_entropy_ratio: 0.8834 (0.8745)  dino_local_crops_loss: 5.1602 (5.4676)  dino_global_crops_loss: 0.6663 (0.6950)  koleo_loss: -0.0222 (-0.0098)  ibot_loss: 1.0679 (1.1115)  time: 0.422483  data: 0.043547  max mem: 19495
I20260802 13:53:10 3235501 dinov2 helpers.py:102] Training  [7130/7500]  eta: 0:03:10  lr: 0.0000 (0.0005)  wd: 0.3977 (0.2107)  mom: 0.9999 (0.9958)  last_layer_lr: 0.0000 (0.0005)  current_batch_size: 64.0000 (64.0000)  total_loss: 6.9216 (7.2639)  teacher_entropy_ratio: 0.7020 (0.7526)  teacher_batch_entropy_ratio: 0.8847 (0.8745)  dino_local_crops_loss: 5.1988 (5.4673)  dino_global_crops_loss: 0.6643 (0.6949)  koleo_loss: -0.0221 (-0.0098)  ibot_loss: 1.0698 (1.1115)  time: 0.423359  data: 0.058090  max mem: 19495
I20260802 13:53:14 3235501 dinov2 helpers.py:102] Training  [7140/7500]  eta: 0:03:05  lr: 0.0000 (0.0005)  wd: 0.3978 (0.2110)  mom: 1.0000 (0.9958)  last_layer_lr: 0.0000 (0.0005)  current_batch_size: 64.0000 (64.0000)  total_loss: 6.7606 (7.2632)  teacher_entropy_ratio: 0.6853 (0.7525)  teacher_batch_entropy_ratio: 0.8734 (0.8745)  dino_local_crops_loss: 5.0557 (5.4668)  dino_global_crops_loss: 0.6536 (0.6949)  koleo_loss: -0.0221 (-0.0098)  ibot_loss: 1.0704 (1.1114)  time: 0.375891  data: 0.019710  max mem: 19495
I20260802 13:53:19 3235501 dinov2 helpers.py:102] Training  [7150/7500]  eta: 0:02:59  lr: 0.0000 (0.0005)  wd: 0.3980 (0.2112)  mom: 1.0000 (0.9958)  last_layer_lr: 0.0000 (0.0005)  current_batch_size: 64.0000 (64.0000)  total_loss: 6.8089 (7.2628)  teacher_entropy_ratio: 0.6910 (0.7524)  teacher_batch_entropy_ratio: 0.8734 (0.8746)  dino_local_crops_loss: 5.1657 (5.4664)  dino_global_crops_loss: 0.6555 (0.6949)  koleo_loss: -0.0220 (-0.0098)  ibot_loss: 1.0678 (1.1114)  time: 0.426920  data: 0.066380  max mem: 19495
I20260802 13:53:25 3235501 dinov2 helpers.py:102] Training  [7160/7500]  eta: 0:02:54  lr: 0.0000 (0.0005)  wd: 0.3981 (0.2115)  mom: 1.0000 (0.9958)  last_layer_lr: 0.0000 (0.0005)  current_batch_size: 64.0000 (64.0000)  total_loss: 6.8749 (7.2622)  teacher_entropy_ratio: 0.6954 (0.7523)  teacher_batch_entropy_ratio: 0.8800 (0.8746)  dino_local_crops_loss: 5.1657 (5.4659)  dino_global_crops_loss: 0.6615 (0.6948)  koleo_loss: -0.0220 (-0.0099)  ibot_loss: 1.0600 (1.1113)  time: 0.551311  data: 0.200951  max mem: 19495
I20260802 13:53:29 3235501 dinov2 helpers.py:102] Training  [7170/7500]  eta: 0:02:49  lr: 0.0000 (0.0005)  wd: 0.3982 (0.2117)  mom: 1.0000 (0.9958)  last_layer_lr: 0.0000 (0.0005)  current_batch_size: 64.0000 (64.0000)  total_loss: 6.8868 (7.2618)  teacher_entropy_ratio: 0.7078 (0.7523)  teacher_batch_entropy_ratio: 0.8932 (0.8746)  dino_local_crops_loss: 5.1767 (5.4657)  dino_global_crops_loss: 0.6639 (0.6948)  koleo_loss: -0.0220 (-0.0099)  ibot_loss: 1.0600 (1.1112)  time: 0.487063  data: 0.139541  max mem: 19495
I20260802 13:53:33 3235501 dinov2 helpers.py:102] Training  [7180/7500]  eta: 0:02:44  lr: 0.0000 (0.0005)  wd: 0.3983 (0.2120)  mom: 1.0000 (0.9958)  last_layer_lr: 0.0000 (0.0005)  current_batch_size: 64.0000 (64.0000)  total_loss: 6.8549 (7.2612)  teacher_entropy_ratio: 0.7010 (0.7522)  teacher_batch_entropy_ratio: 0.8886 (0.8746)  dino_local_crops_loss: 5.1440 (5.4652)  dino_global_crops_loss: 0.6590 (0.6947)  koleo_loss: -0.0222 (-0.0099)  ibot_loss: 1.0660 (1.1111)  time: 0.389735  data: 0.026901  max mem: 19495
I20260802 13:53:37 3235501 dinov2 helpers.py:102] Training  [7190/7500]  eta: 0:02:39  lr: 0.0000 (0.0005)  wd: 0.3984 (0.2123)  mom: 1.0000 (0.9958)  last_layer_lr: 0.0000 (0.0005)  current_batch_size: 64.0000 (64.0000)  total_loss: 6.8549 (7.2608)  teacher_entropy_ratio: 0.7010 (0.7521)  teacher_batch_entropy_ratio: 0.8848 (0.8746)  dino_local_crops_loss: 5.1348 (5.4649)  dino_global_crops_loss: 0.6568 (0.6947)  koleo_loss: -0.0222 (-0.0099)  ibot_loss: 1.0665 (1.1111)  time: 0.406248  data: 0.047903  max mem: 19495
W20260802 13:53:42 3235501 py.warnings warnings.py:109] /sci/labs/arieljaffe/dan.abergel1/torch_env/lib/python3.11/site-packages/torch/distributed/fsdp/fully_sharded_data_parallel.py:822: FutureWarning: FSDP.state_dict_type() and FSDP.set_state_dict_type() are being deprecated. Please use APIs, get_state_dict() and set_state_dict(), which can support different parallelisms, FSDP1, FSDP2, DDP. API doc: https://pytorch.org/docs/stable/distributed.checkpoint.html#torch.distributed.checkpoint.state_dict.get_state_dict .Tutorial: https://pytorch.org/tutorials/recipes/distributed_checkpoint_recipe.html .
  prev_state_dict_settings = FullyShardedDataParallel.set_state_dict_type(

W20260802 13:53:42 3235501 py.warnings warnings.py:109] /sci/labs/arieljaffe/dan.abergel1/torch_env/lib/python3.11/site-packages/torch/utils/_contextlib.py:124: UserWarning: When using ``NO_SHARD`` for ``ShardingStrategy``, full_state_dict will be returned.
  return func(*args, **kwargs)

W20260802 13:53:42 3235501 py.warnings warnings.py:109] /sci/labs/arieljaffe/dan.abergel1/torch_env/lib/python3.11/site-packages/torch/distributed/fsdp/fully_sharded_data_parallel.py:829: FutureWarning: FSDP.state_dict_type() and FSDP.set_state_dict_type() are being deprecated. Please use APIs, get_state_dict() and set_state_dict(), which can support different parallelisms, FSDP1, FSDP2, DDP. API doc: https://pytorch.org/docs/stable/distributed.checkpoint.html#torch.distributed.checkpoint.state_dict.get_state_dict .Tutorial: https://pytorch.org/tutorials/recipes/distributed_checkpoint_recipe.html .
  FullyShardedDataParallel.set_state_dict_type(

I20260802 13:53:42 3235501 fvcore.common.checkpoint __init__.py:109] Saving checkpoint to /sci/labs/arieljaffe/dan.abergel1/runs/brain/koleo_on/model_0007199.rank_0.pth
W20260802 13:53:43 3235501 py.warnings warnings.py:109] /sci/labs/arieljaffe/dan.abergel1/torch_env/lib/python3.11/site-packages/torch/distributed/c10d_logger.py:83: UserWarning: barrier(): using the device under current context. You can specify `device_id` in `init_process_group` to mute this warning.
  return func(*args, **kwargs)

I20260802 13:53:43 3235501 dinov2 helpers.py:102] Training  [7200/7500]  eta: 0:02:34  lr: 0.0000 (0.0005)  wd: 0.3985 (0.2125)  mom: 1.0000 (0.9958)  last_layer_lr: 0.0000 (0.0005)  current_batch_size: 64.0000 (64.0000)  total_loss: 6.9432 (7.2602)  teacher_entropy_ratio: 0.7030 (0.7521)  teacher_batch_entropy_ratio: 0.8730 (0.8746)  dino_local_crops_loss: 5.2298 (5.4645)  dino_global_crops_loss: 0.6706 (0.6947)  koleo_loss: -0.0223 (-0.0099)  ibot_loss: 1.0636 (1.1110)  time: 0.512640  data: 0.109486  max mem: 19495
I20260802 13:53:47 3235501 dinov2 helpers.py:102] Training  [7210/7500]  eta: 0:02:28  lr: 0.0000 (0.0005)  wd: 0.3986 (0.2128)  mom: 1.0000 (0.9958)  last_layer_lr: 0.0000 (0.0005)  current_batch_size: 64.0000 (64.0000)  total_loss: 6.7885 (7.2596)  teacher_entropy_ratio: 0.6863 (0.7520)  teacher_batch_entropy_ratio: 0.8745 (0.8746)  dino_local_crops_loss: 5.1455 (5.4640)  dino_global_crops_loss: 0.6618 (0.6946)  koleo_loss: -0.0222 (-0.0100)  ibot_loss: 1.0576 (1.1109)  time: 0.519446  data: 0.113849  max mem: 19495
I20260802 13:53:51 3235501 dinov2 helpers.py:102] Training  [7220/7500]  eta: 0:02:23  lr: 0.0000 (0.0005)  wd: 0.3987 (0.2130)  mom: 1.0000 (0.9958)  last_layer_lr: 0.0000 (0.0005)  current_batch_size: 64.0000 (64.0000)  total_loss: 6.9140 (7.2592)  teacher_entropy_ratio: 0.7009 (0.7519)  teacher_batch_entropy_ratio: 0.8826 (0.8746)  dino_local_crops_loss: 5.2315 (5.4637)  dino_global_crops_loss: 0.6704 (0.6946)  koleo_loss: -0.0221 (-0.0100)  ibot_loss: 1.0627 (1.1109)  time: 0.373168  data: 0.026402  max mem: 19495
I20260802 13:53:54 3235501 dinov2 helpers.py:102] Training  [7230/7500]  eta: 0:02:18  lr: 0.0000 (0.0005)  wd: 0.3988 (0.2133)  mom: 1.0000 (0.9959)  last_layer_lr: 0.0000 (0.0005)  current_batch_size: 64.0000 (64.0000)  total_loss: 6.9947 (7.2588)  teacher_entropy_ratio: 0.7080 (0.7519)  teacher_batch_entropy_ratio: 0.8855 (0.8747)  dino_local_crops_loss: 5.2712 (5.4634)  dino_global_crops_loss: 0.6729 (0.6945)  koleo_loss: -0.0222 (-0.0100)  ibot_loss: 1.0662 (1.1108)  time: 0.351272  data: 0.000778  max mem: 19495
I20260802 13:53:59 3235501 dinov2 helpers.py:102] Training  [7240/7500]  eta: 0:02:13  lr: 0.0000 (0.0005)  wd: 0.3989 (0.2135)  mom: 1.0000 (0.9959)  last_layer_lr: 0.0000 (0.0005)  current_batch_size: 64.0000 (64.0000)  total_loss: 6.8984 (7.2583)  teacher_entropy_ratio: 0.7080 (0.7518)  teacher_batch_entropy_ratio: 0.8855 (0.8747)  dino_local_crops_loss: 5.1965 (5.4631)  dino_global_crops_loss: 0.6719 (0.6945)  koleo_loss: -0.0220 (-0.0100)  ibot_loss: 1.0647 (1.1108)  time: 0.399835  data: 0.053401  max mem: 19495
I20260802 13:54:03 3235501 dinov2 helpers.py:102] Training  [7250/7500]  eta: 0:02:08  lr: 0.0000 (0.0005)  wd: 0.3989 (0.2138)  mom: 1.0000 (0.9959)  last_layer_lr: 0.0000 (0.0005)  current_batch_size: 64.0000 (64.0000)  total_loss: 6.9056 (7.2579)  teacher_entropy_ratio: 0.7079 (0.7517)  teacher_batch_entropy_ratio: 0.8945 (0.8747)  dino_local_crops_loss: 5.1965 (5.4627)  dino_global_crops_loss: 0.6719 (0.6945)  koleo_loss: -0.0220 (-0.0100)  ibot_loss: 1.0626 (1.1107)  time: 0.409168  data: 0.057212  max mem: 19495
I20260802 13:54:07 3235501 dinov2 helpers.py:102] Training  [7260/7500]  eta: 0:02:03  lr: 0.0000 (0.0005)  wd: 0.3990 (0.2141)  mom: 1.0000 (0.9959)  last_layer_lr: 0.0000 (0.0005)  current_batch_size: 64.0000 (64.0000)  total_loss: 6.9352 (7.2574)  teacher_entropy_ratio: 0.7079 (0.7517)  teacher_batch_entropy_ratio: 0.8945 (0.8747)  dino_local_crops_loss: 5.2029 (5.4624)  dino_global_crops_loss: 0.6727 (0.6944)  koleo_loss: -0.0222 (-0.0100)  ibot_loss: 1.0603 (1.1106)  time: 0.406585  data: 0.051466  max mem: 19495
I20260802 13:54:11 3235501 dinov2 helpers.py:102] Training  [7270/7500]  eta: 0:01:57  lr: 0.0000 (0.0005)  wd: 0.3991 (0.2143)  mom: 1.0000 (0.9959)  last_layer_lr: 0.0000 (0.0005)  current_batch_size: 64.0000 (64.0000)  total_loss: 6.9316 (7.2569)  teacher_entropy_ratio: 0.7016 (0.7516)  teacher_batch_entropy_ratio: 0.8798 (0.8747)  dino_local_crops_loss: 5.2163 (5.4620)  dino_global_crops_loss: 0.6680 (0.6944)  koleo_loss: -0.0223 (-0.0101)  ibot_loss: 1.0584 (1.1106)  time: 0.402171  data: 0.048332  max mem: 19495
I20260802 13:54:16 3235501 dinov2 helpers.py:102] Training  [7280/7500]  eta: 0:01:52  lr: 0.0000 (0.0005)  wd: 0.3992 (0.2146)  mom: 1.0000 (0.9959)  last_layer_lr: 0.0000 (0.0005)  current_batch_size: 64.0000 (64.0000)  total_loss: 6.9453 (7.2565)  teacher_entropy_ratio: 0.7016 (0.7515)  teacher_batch_entropy_ratio: 0.8863 (0.8747)  dino_local_crops_loss: 5.2163 (5.4617)  dino_global_crops_loss: 0.6731 (0.6944)  koleo_loss: -0.0221 (-0.0101)  ibot_loss: 1.0584 (1.1105)  time: 0.435858  data: 0.080904  max mem: 19495
I20260802 13:54:19 3235501 dinov2 helpers.py:102] Training  [7290/7500]  eta: 0:01:47  lr: 0.0000 (0.0005)  wd: 0.3992 (0.2148)  mom: 1.0000 (0.9959)  last_layer_lr: 0.0000 (0.0005)  current_batch_size: 64.0000 (64.0000)  total_loss: 6.9639 (7.2560)  teacher_entropy_ratio: 0.7062 (0.7515)  teacher_batch_entropy_ratio: 0.8863 (0.8748)  dino_local_crops_loss: 5.2091 (5.4613)  dino_global_crops_loss: 0.6731 (0.6943)  koleo_loss: -0.0221 (-0.0101)  ibot_loss: 1.0447 (1.1104)  time: 0.438732  data: 0.080424  max mem: 19495
I20260802 13:54:24 3235501 dinov2 helpers.py:102] Training  [7300/7500]  eta: 0:01:42  lr: 0.0000 (0.0005)  wd: 0.3993 (0.2151)  mom: 1.0000 (0.9959)  last_layer_lr: 0.0000 (0.0005)  current_batch_size: 64.0000 (64.0000)  total_loss: 6.8735 (7.2554)  teacher_entropy_ratio: 0.7027 (0.7514)  teacher_batch_entropy_ratio: 0.8808 (0.8748)  dino_local_crops_loss: 5.1696 (5.4608)  dino_global_crops_loss: 0.6643 (0.6943)  koleo_loss: -0.0224 (-0.0101)  ibot_loss: 1.0614 (1.1104)  time: 0.406924  data: 0.042843  max mem: 19495
I20260802 13:54:28 3235501 dinov2 helpers.py:102] Training  [7310/7500]  eta: 0:01:37  lr: 0.0000 (0.0005)  wd: 0.3994 (0.2153)  mom: 1.0000 (0.9959)  last_layer_lr: 0.0000 (0.0005)  current_batch_size: 64.0000 (64.0000)  total_loss: 6.8641 (7.2549)  teacher_entropy_ratio: 0.7012 (0.7513)  teacher_batch_entropy_ratio: 0.8808 (0.8748)  dino_local_crops_loss: 5.1915 (5.4605)  dino_global_crops_loss: 0.6649 (0.6943)  koleo_loss: -0.0221 (-0.0101)  ibot_loss: 1.0695 (1.1103)  time: 0.413668  data: 0.062073  max mem: 19495
I20260802 13:54:31 3235501 dinov2 helpers.py:102] Training  [7320/7500]  eta: 0:01:32  lr: 0.0000 (0.0005)  wd: 0.3994 (0.2156)  mom: 1.0000 (0.9959)  last_layer_lr: 0.0000 (0.0005)  current_batch_size: 64.0000 (64.0000)  total_loss: 6.9756 (7.2546)  teacher_entropy_ratio: 0.7117 (0.7513)  teacher_batch_entropy_ratio: 0.8955 (0.8748)  dino_local_crops_loss: 5.2630 (5.4602)  dino_global_crops_loss: 0.6762 (0.6942)  koleo_loss: -0.0220 (-0.0101)  ibot_loss: 1.0671 (1.1102)  time: 0.372845  data: 0.019909  max mem: 19495
I20260802 13:54:35 3235501 dinov2 helpers.py:102] Training  [7330/7500]  eta: 0:01:26  lr: 0.0000 (0.0005)  wd: 0.3995 (0.2158)  mom: 1.0000 (0.9959)  last_layer_lr: 0.0000 (0.0005)  current_batch_size: 64.0000 (64.0000)  total_loss: 6.9657 (7.2540)  teacher_entropy_ratio: 0.7088 (0.7512)  teacher_batch_entropy_ratio: 0.8909 (0.8748)  dino_local_crops_loss: 5.2506 (5.4598)  dino_global_crops_loss: 0.6710 (0.6942)  koleo_loss: -0.0224 (-0.0102)  ibot_loss: 1.0720 (1.1102)  time: 0.367296  data: 0.008062  max mem: 19495
I20260802 13:54:39 3235501 dinov2 helpers.py:102] Training  [7340/7500]  eta: 0:01:21  lr: 0.0000 (0.0005)  wd: 0.3995 (0.2161)  mom: 1.0000 (0.9959)  last_layer_lr: 0.0000 (0.0005)  current_batch_size: 64.0000 (64.0000)  total_loss: 6.9121 (7.2536)  teacher_entropy_ratio: 0.7012 (0.7512)  teacher_batch_entropy_ratio: 0.8802 (0.8748)  dino_local_crops_loss: 5.1920 (5.4595)  dino_global_crops_loss: 0.6680 (0.6942)  koleo_loss: -0.0225 (-0.0102)  ibot_loss: 1.0737 (1.1101)  time: 0.407201  data: 0.056441  max mem: 19495
I20260802 13:54:43 3235501 dinov2 helpers.py:102] Training  [7350/7500]  eta: 0:01:16  lr: 0.0000 (0.0005)  wd: 0.3996 (0.2163)  mom: 1.0000 (0.9959)  last_layer_lr: 0.0000 (0.0005)  current_batch_size: 64.0000 (64.0000)  total_loss: 6.9070 (7.2531)  teacher_entropy_ratio: 0.7030 (0.7511)  teacher_batch_entropy_ratio: 0.8885 (0.8748)  dino_local_crops_loss: 5.2353 (5.4591)  dino_global_crops_loss: 0.6693 (0.6941)  koleo_loss: -0.0222 (-0.0102)  ibot_loss: 1.0580 (1.1101)  time: 0.423844  data: 0.078602  max mem: 19495
I20260802 13:54:47 3235501 dinov2 helpers.py:102] Training  [7360/7500]  eta: 0:01:11  lr: 0.0000 (0.0005)  wd: 0.3996 (0.2166)  mom: 1.0000 (0.9959)  last_layer_lr: 0.0000 (0.0005)  current_batch_size: 64.0000 (64.0000)  total_loss: 6.9247 (7.2528)  teacher_entropy_ratio: 0.7065 (0.7510)  teacher_batch_entropy_ratio: 0.8885 (0.8749)  dino_local_crops_loss: 5.2028 (5.4589)  dino_global_crops_loss: 0.6672 (0.6941)  koleo_loss: -0.0221 (-0.0102)  ibot_loss: 1.0688 (1.1100)  time: 0.391193  data: 0.045046  max mem: 19495
I20260802 13:54:51 3235501 dinov2 helpers.py:102] Training  [7370/7500]  eta: 0:01:06  lr: 0.0000 (0.0005)  wd: 0.3997 (0.2168)  mom: 1.0000 (0.9959)  last_layer_lr: 0.0000 (0.0005)  current_batch_size: 64.0000 (64.0000)  total_loss: 6.9247 (7.2522)  teacher_entropy_ratio: 0.7051 (0.7510)  teacher_batch_entropy_ratio: 0.8792 (0.8749)  dino_local_crops_loss: 5.1871 (5.4584)  dino_global_crops_loss: 0.6626 (0.6941)  koleo_loss: -0.0220 (-0.0102)  ibot_loss: 1.0694 (1.1100)  time: 0.391430  data: 0.038626  max mem: 19495
I20260802 13:54:55 3235501 dinov2 helpers.py:102] Training  [7380/7500]  eta: 0:01:01  lr: 0.0000 (0.0005)  wd: 0.3997 (0.2171)  mom: 1.0000 (0.9959)  last_layer_lr: 0.0000 (0.0005)  current_batch_size: 64.0000 (64.0000)  total_loss: 6.7815 (7.2518)  teacher_entropy_ratio: 0.6964 (0.7509)  teacher_batch_entropy_ratio: 0.8787 (0.8749)  dino_local_crops_loss: 5.0767 (5.4581)  dino_global_crops_loss: 0.6491 (0.6940)  koleo_loss: -0.0220 (-0.0102)  ibot_loss: 1.0713 (1.1099)  time: 0.401836  data: 0.048687  max mem: 19495
I20260802 13:54:59 3235501 dinov2 helpers.py:102] Training  [7390/7500]  eta: 0:00:56  lr: 0.0000 (0.0005)  wd: 0.3998 (0.2173)  mom: 1.0000 (0.9959)  last_layer_lr: 0.0000 (0.0005)  current_batch_size: 64.0000 (64.0000)  total_loss: 6.8095 (7.2512)  teacher_entropy_ratio: 0.7013 (0.7508)  teacher_batch_entropy_ratio: 0.8811 (0.8749)  dino_local_crops_loss: 5.1338 (5.4577)  dino_global_crops_loss: 0.6611 (0.6940)  koleo_loss: -0.0223 (-0.0102)  ibot_loss: 1.0578 (1.1098)  time: 0.392332  data: 0.046018  max mem: 19495
I20260802 13:55:03 3235501 dinov2 helpers.py:102] Training  [7400/7500]  eta: 0:00:51  lr: 0.0000 (0.0005)  wd: 0.3998 (0.2176)  mom: 1.0000 (0.9959)  last_layer_lr: 0.0000 (0.0005)  current_batch_size: 64.0000 (64.0000)  total_loss: 6.8095 (7.2507)  teacher_entropy_ratio: 0.6940 (0.7508)  teacher_batch_entropy_ratio: 0.8794 (0.8749)  dino_local_crops_loss: 5.1015 (5.4573)  dino_global_crops_loss: 0.6599 (0.6939)  koleo_loss: -0.0221 (-0.0103)  ibot_loss: 1.0578 (1.1098)  time: 0.379021  data: 0.036460  max mem: 19495
I20260802 13:55:07 3235501 dinov2 helpers.py:102] Training  [7410/7500]  eta: 0:00:45  lr: 0.0000 (0.0005)  wd: 0.3998 (0.2178)  mom: 1.0000 (0.9960)  last_layer_lr: 0.0000 (0.0005)  current_batch_size: 64.0000 (64.0000)  total_loss: 6.8331 (7.2502)  teacher_entropy_ratio: 0.6971 (0.7507)  teacher_batch_entropy_ratio: 0.8794 (0.8749)  dino_local_crops_loss: 5.1596 (5.4569)  dino_global_crops_loss: 0.6696 (0.6939)  koleo_loss: -0.0219 (-0.0103)  ibot_loss: 1.0578 (1.1097)  time: 0.414767  data: 0.060617  max mem: 19495
I20260802 13:55:12 3235501 dinov2 helpers.py:102] Training  [7420/7500]  eta: 0:00:40  lr: 0.0000 (0.0005)  wd: 0.3999 (0.2181)  mom: 1.0000 (0.9960)  last_layer_lr: 0.0000 (0.0005)  current_batch_size: 64.0000 (64.0000)  total_loss: 6.8778 (7.2498)  teacher_entropy_ratio: 0.7012 (0.7506)  teacher_batch_entropy_ratio: 0.8861 (0.8749)  dino_local_crops_loss: 5.1758 (5.4566)  dino_global_crops_loss: 0.6696 (0.6939)  koleo_loss: -0.0221 (-0.0103)  ibot_loss: 1.0605 (1.1096)  time: 0.457450  data: 0.102591  max mem: 19495
I20260802 13:55:16 3235501 dinov2 helpers.py:102] Training  [7430/7500]  eta: 0:00:35  lr: 0.0000 (0.0005)  wd: 0.3999 (0.2183)  mom: 1.0000 (0.9960)  last_layer_lr: 0.0000 (0.0005)  current_batch_size: 64.0000 (64.0000)  total_loss: 6.9033 (7.2493)  teacher_entropy_ratio: 0.7010 (0.7506)  teacher_batch_entropy_ratio: 0.8861 (0.8749)  dino_local_crops_loss: 5.1695 (5.4562)  dino_global_crops_loss: 0.6681 (0.6938)  koleo_loss: -0.0222 (-0.0103)  ibot_loss: 1.0650 (1.1096)  time: 0.412343  data: 0.068401  max mem: 19495
I20260802 13:55:20 3235501 dinov2 helpers.py:102] Training  [7440/7500]  eta: 0:00:30  lr: 0.0000 (0.0005)  wd: 0.3999 (0.2185)  mom: 1.0000 (0.9960)  last_layer_lr: 0.0000 (0.0005)  current_batch_size: 64.0000 (64.0000)  total_loss: 6.8589 (7.2489)  teacher_entropy_ratio: 0.6916 (0.7505)  teacher_batch_entropy_ratio: 0.8827 (0.8750)  dino_local_crops_loss: 5.1498 (5.4559)  dino_global_crops_loss: 0.6564 (0.6938)  koleo_loss: -0.0219 (-0.0103)  ibot_loss: 1.0679 (1.1096)  time: 0.408660  data: 0.065941  max mem: 19495
I20260802 13:55:24 3235501 dinov2 helpers.py:102] Training  [7450/7500]  eta: 0:00:25  lr: 0.0000 (0.0005)  wd: 0.3999 (0.2188)  mom: 1.0000 (0.9960)  last_layer_lr: 0.0000 (0.0005)  current_batch_size: 64.0000 (64.0000)  total_loss: 6.8399 (7.2484)  teacher_entropy_ratio: 0.6971 (0.7505)  teacher_batch_entropy_ratio: 0.8834 (0.8750)  dino_local_crops_loss: 5.1290 (5.4555)  dino_global_crops_loss: 0.6564 (0.6937)  koleo_loss: -0.0219 (-0.0103)  ibot_loss: 1.0679 (1.1095)  time: 0.416883  data: 0.075919  max mem: 19495
I20260802 13:55:29 3235501 dinov2 helpers.py:102] Training  [7460/7500]  eta: 0:00:20  lr: 0.0000 (0.0005)  wd: 0.4000 (0.2190)  mom: 1.0000 (0.9960)  last_layer_lr: 0.0000 (0.0005)  current_batch_size: 64.0000 (64.0000)  total_loss: 6.8798 (7.2479)  teacher_entropy_ratio: 0.7035 (0.7504)  teacher_batch_entropy_ratio: 0.8876 (0.8750)  dino_local_crops_loss: 5.1746 (5.4552)  dino_global_crops_loss: 0.6704 (0.6937)  koleo_loss: -0.0222 (-0.0104)  ibot_loss: 1.0568 (1.1094)  time: 0.411858  data: 0.069430  max mem: 19495
I20260802 13:55:33 3235501 dinov2 helpers.py:102] Training  [7470/7500]  eta: 0:00:15  lr: 0.0000 (0.0005)  wd: 0.4000 (0.2193)  mom: 1.0000 (0.9960)  last_layer_lr: 0.0000 (0.0005)  current_batch_size: 64.0000 (64.0000)  total_loss: 6.8798 (7.2475)  teacher_entropy_ratio: 0.7058 (0.7503)  teacher_batch_entropy_ratio: 0.8876 (0.8750)  dino_local_crops_loss: 5.2231 (5.4548)  dino_global_crops_loss: 0.6701 (0.6937)  koleo_loss: -0.0223 (-0.0104)  ibot_loss: 1.0522 (1.1093)  time: 0.450322  data: 0.111049  max mem: 19495
I20260802 13:55:37 3235501 dinov2 helpers.py:102] Training  [7480/7500]  eta: 0:00:10  lr: 0.0000 (0.0005)  wd: 0.4000 (0.2195)  mom: 1.0000 (0.9960)  last_layer_lr: 0.0000 (0.0005)  current_batch_size: 64.0000 (64.0000)  total_loss: 6.8793 (7.2471)  teacher_entropy_ratio: 0.7020 (0.7503)  teacher_batch_entropy_ratio: 0.8873 (0.8750)  dino_local_crops_loss: 5.1666 (5.4545)  dino_global_crops_loss: 0.6647 (0.6937)  koleo_loss: -0.0224 (-0.0104)  ibot_loss: 1.0620 (1.1093)  time: 0.427581  data: 0.093779  max mem: 19495
I20260802 13:55:41 3235501 dinov2 helpers.py:102] Training  [7490/7500]  eta: 0:00:05  lr: 0.0000 (0.0005)  wd: 0.4000 (0.2198)  mom: 1.0000 (0.9960)  last_layer_lr: 0.0000 (0.0005)  current_batch_size: 64.0000 (64.0000)  total_loss: 6.8665 (7.2465)  teacher_entropy_ratio: 0.6998 (0.7502)  teacher_batch_entropy_ratio: 0.8824 (0.8750)  dino_local_crops_loss: 5.1564 (5.4541)  dino_global_crops_loss: 0.6611 (0.6936)  koleo_loss: -0.0224 (-0.0104)  ibot_loss: 1.0721 (1.1092)  time: 0.388224  data: 0.041208  max mem: 19495
I20260802 13:55:45 3235501 fvcore.common.checkpoint __init__.py:109] Saving checkpoint to /sci/labs/arieljaffe/dan.abergel1/runs/brain/koleo_on/model_final.rank_0.pth
I20260802 13:55:46 3235501 dinov2 helpers.py:102] Training  [7499/7500]  eta: 0:00:00  lr: 0.0000 (0.0005)  wd: 0.4000 (0.2200)  mom: 1.0000 (0.9960)  last_layer_lr: 0.0000 (0.0005)  current_batch_size: 64.0000 (64.0000)  total_loss: 6.8518 (7.2462)  teacher_entropy_ratio: 0.6955 (0.7502)  teacher_batch_entropy_ratio: 0.8814 (0.8750)  dino_local_crops_loss: 5.1433 (5.4538)  dino_global_crops_loss: 0.6601 (0.6936)  koleo_loss: -0.0222 (-0.0104)  ibot_loss: 1.0721 (1.1092)  time: 0.467552  data: 0.063126  max mem: 19495
I20260802 13:55:48 3235501 dinov2 helpers.py:130] Training Total time: 1:03:48 (0.510442 s / it)
  [probe] best config: n_blocks=1 avgpool=True
I20260802 13:57:16 3235501 dinov2 train.py:276] PROBE @ iter 7499: 75.28% +/- 2.63%
I20260802 13:57:16 3235501 dinov2 train.py:358] === PROBE EVOLUTION (linear sex probe, subject-level CV) ===
I20260802 13:57:16 3235501 dinov2 train.py:360]   iter      0: 78.50% +/- 1.40%
I20260802 13:57:16 3235501 dinov2 train.py:360]   iter   1000: 75.28% +/- 1.96%
I20260802 13:57:16 3235501 dinov2 train.py:360]   iter   2000: 75.83% +/- 1.31%
I20260802 13:57:16 3235501 dinov2 train.py:360]   iter   3000: 73.98% +/- 1.80%
I20260802 13:57:16 3235501 dinov2 train.py:360]   iter   4000: 75.64% +/- 2.39%
I20260802 13:57:16 3235501 dinov2 train.py:360]   iter   5000: 75.37% +/- 2.71%
I20260802 13:57:16 3235501 dinov2 train.py:360]   iter   6000: 75.18% +/- 2.57%
I20260802 13:57:16 3235501 dinov2 train.py:360]   iter   7000: 75.28% +/- 2.63%
I20260802 13:57:16 3235501 dinov2 train.py:360]   iter   7499: 75.28% +/- 2.63%
I20260802 13:57:16 3235501 dinov2 train.py:361] ===========================================================
W20260802 13:57:16 3235501 py.warnings warnings.py:109] /sci/labs/arieljaffe/dan.abergel1/torch_env/lib/python3.11/site-packages/torch/distributed/c10d_logger.py:83: UserWarning: barrier(): using the device under current context. You can specify `device_id` in `init_process_group` to mute this warning.
  return func(*args, **kwargs)

=== PROBE koleo_on  Sun Aug  2 13:57:29 IDT 2026 ===
I20260802 13:59:38 3290832 dinov2 config.py:59] git:
  sha: ec2086b46b6332fa5c76aa6e12df5295ad79d44b, status: clean, branch: imagenette-test

I20260802 13:59:38 3290832 dinov2 config.py:60] avgpool: True
config_file: /sci/labs/arieljaffe/dan.abergel1/repos/FAIR_official/dinov2/configs/train/imagenette_vits.yaml
cv: 5
eval: 
eval_only: False
features_root: /sci/labs/arieljaffe/dan.abergel1//brain2d
id_col: Subject
label_col: Gender
labels_csv: /sci/labs/arieljaffe/dan.abergel1/tmp/HCP_YA_subjects.csv
no_resume: False
opts: ['dino.head_n_prototypes=2048', 'ibot.head_n_prototypes=2048', 'train.output_dir=/sci/labs/arieljaffe/dan.abergel1/runs/brain/koleo_on']
output_dir: /sci/labs/arieljaffe/dan.abergel1/runs/brain/koleo_on
test_frac: 0.2
I20260802 13:59:38 3290832 dinov2 config.py:26] sqrt scaling learning rate; base: 0.004, new: 0.001
I20260802 13:59:38 3290832 dinov2 config.py:33] MODEL:
  WEIGHTS: ''
compute_precision:
  grad_scaler: true
  teacher:
    backbone:
      sharding_strategy: SHARD_GRAD_OP
      mixed_precision:
        param_dtype: fp16
        reduce_dtype: fp16
        buffer_dtype: fp32
    dino_head:
      sharding_strategy: SHARD_GRAD_OP
      mixed_precision:
        param_dtype: fp16
        reduce_dtype: fp16
        buffer_dtype: fp32
    ibot_head:
      sharding_strategy: SHARD_GRAD_OP
      mixed_precision:
        param_dtype: fp16
        reduce_dtype: fp16
        buffer_dtype: fp32
  student:
    backbone:
      sharding_strategy: SHARD_GRAD_OP
      mixed_precision:
        param_dtype: fp16
        reduce_dtype: fp16
        buffer_dtype: fp32
    dino_head:
      sharding_strategy: SHARD_GRAD_OP
      mixed_precision:
        param_dtype: fp16
        reduce_dtype: fp32
        buffer_dtype: fp32
    ibot_head:
      sharding_strategy: SHARD_GRAD_OP
      mixed_precision:
        param_dtype: fp16
        reduce_dtype: fp32
        buffer_dtype: fp32
dino:
  loss_weight: 1.0
  head_n_prototypes: 2048
  head_bottleneck_dim: 256
  head_nlayers: 3
  head_hidden_dim: 2048
  koleo_loss_weight: 0.1
ibot:
  loss_weight: 1.0
  mask_sample_probability: 0.5
  mask_ratio_min_max:
  - 0.1
  - 0.5
  separate_head: false
  head_n_prototypes: 2048
  head_bottleneck_dim: 256
  head_nlayers: 3
  head_hidden_dim: 2048
train:
  batch_size_per_gpu: 64
  dataset_path: ImageFolder:root=/tmp/imagenette/train
  output_dir: /sci/labs/arieljaffe/dan.abergel1/runs/brain/koleo_on
  saveckp_freq: 20
  seed: 0
  num_workers: 8
  OFFICIAL_EPOCH_LENGTH: 150
  cache_dataset: true
  centering: centering
  cell_augmentation: false
student:
  arch: vit_small
  patch_size: 16
  drop_path_rate: 0.1
  layerscale: 1.0e-05
  drop_path_uniform: true
  pretrained_weights: ''
  ffn_layer: mlp
  block_chunks: 4
  qkv_bias: true
  proj_bias: true
  ffn_bias: true
  num_register_tokens: 0
  interpolate_antialias: false
  interpolate_offset: 0.1
  in_chans: 3
  channel_adaptive: false
teacher:
  momentum_teacher: 0.992
  final_momentum_teacher: 1
  warmup_teacher_temp: 0.04
  teacher_temp: 0.07
  warmup_teacher_temp_epochs: 5
  in_chans: 3
  channel_adaptive: false
optim:
  epochs: 50
  weight_decay: 0.04
  weight_decay_end: 0.4
  base_lr: 0.004
  lr: 0.001
  warmup_epochs: 5
  min_lr: 1.0e-06
  clip_grad: 3.0
  freeze_last_layer_epochs: 1
  scaling_rule: sqrt_wrt_1024
  patch_embed_lr_mult: 0.2
  layerwise_decay: 0.9
  adamw_beta1: 0.9
  adamw_beta2: 0.999
crops:
  global_crops_scale:
  - 0.32
  - 1.0
  local_crops_number: 8
  local_crops_scale:
  - 0.05
  - 0.32
  global_crops_size: 224
  local_crops_size: 96
evaluation:
  eval_period_iterations: 0

I20260802 13:59:38 3290832 dinov2 vision_transformer.py:125] using MLP layer as FFN
I20260802 13:59:40 3290832 dinov2 vision_transformer.py:125] using MLP layer as FFN
I20260802 13:59:40 3290832 dinov2 ssl_meta_arch.py:44] OPTIONS -- architecture : embed_dim: 384
I20260802 13:59:40 3290832 dinov2 ssl_meta_arch.py:59] OPTIONS -- DINO
I20260802 13:59:40 3290832 dinov2 ssl_meta_arch.py:61] OPTIONS -- DINO -- loss_weight: 1.0
I20260802 13:59:40 3290832 dinov2 ssl_meta_arch.py:62] OPTIONS -- DINO -- head_n_prototypes: 2048
I20260802 13:59:40 3290832 dinov2 ssl_meta_arch.py:63] OPTIONS -- DINO -- head_bottleneck_dim: 256
I20260802 13:59:40 3290832 dinov2 ssl_meta_arch.py:64] OPTIONS -- DINO -- head_hidden_dim: 2048
I20260802 13:59:40 3290832 dinov2 ssl_meta_arch.py:76] OPTIONS -- DINO -- applying KOLEO regularization
W20260802 13:59:40 3290832 py.warnings warnings.py:109] /sci/labs/arieljaffe/dan.abergel1/torch_env/lib/python3.11/site-packages/torch/nn/utils/weight_norm.py:144: FutureWarning: `torch.nn.utils.weight_norm` is deprecated in favor of `torch.nn.utils.parametrizations.weight_norm`.
  WeightNorm.apply(module, name, dim)

I20260802 13:59:41 3290832 dinov2 ssl_meta_arch.py:86] OPTIONS -- IBOT
I20260802 13:59:41 3290832 dinov2 ssl_meta_arch.py:87] OPTIONS -- IBOT -- loss_weight: 1.0
I20260802 13:59:41 3290832 dinov2 ssl_meta_arch.py:88] OPTIONS -- IBOT masking -- ibot_mask_ratio_tuple: [0.1, 0.5]
I20260802 13:59:41 3290832 dinov2 ssl_meta_arch.py:89] OPTIONS -- IBOT masking -- ibot_mask_sample_probability: 0.5
I20260802 13:59:41 3290832 dinov2 ssl_meta_arch.py:112] OPTIONS -- IBOT -- head shared with DINO
I20260802 13:59:41 3290832 dinov2 ssl_meta_arch.py:122] Student and Teacher are built: they are both vit_small network.
I20260802 13:59:41 3290832 dinov2 ssl_meta_arch.py:416] DISTRIBUTED FSDP -- preparing model for distributed training
W20260802 13:59:41 3290832 py.warnings warnings.py:109] /sci/labs/arieljaffe/dan.abergel1/torch_env/lib/python3.11/site-packages/torch/distributed/fsdp/wrap.py:91: UserWarning: FSDP will not all-gather parameters for containers that do not implement forward: BlockChunk(
  (0-2): 3 x NestedTensorBlock(
    (norm1): LayerNorm((384,), eps=1e-06, elementwise_affine=True)
    (attn): MemEffAttention(
      (qkv): Linear(in_features=384, out_features=1152, bias=True)
      (proj): Linear(in_features=384, out_features=384, bias=True)
      (proj_drop): Dropout(p=0.0, inplace=False)
    )
    (ls1): LayerScale()
    (drop_path1): DropPath()
    (norm2): LayerNorm((384,), eps=1e-06, elementwise_affine=True)
    (mlp): Mlp(
      (fc1): Linear(in_features=384, out_features=1536, bias=True)
      (act): GELU(approximate='none')
      (fc2): Linear(in_features=1536, out_features=384, bias=True)
      (drop): Dropout(p=0.0, inplace=False)
    )
    (ls2): LayerScale()
    (drop_path2): DropPath()
  )
)
  return fsdp_fn(module, **kwargs)

W20260802 13:59:41 3290832 py.warnings warnings.py:109] /sci/labs/arieljaffe/dan.abergel1/torch_env/lib/python3.11/site-packages/torch/distributed/fsdp/fully_sharded_data_parallel.py:479: UserWarning: FSDP is switching to use `NO_SHARD` instead of ShardingStrategy.SHARD_GRAD_OP since the world size is 1.
  _init_core_state(

W20260802 13:59:41 3290832 py.warnings warnings.py:109] /sci/labs/arieljaffe/dan.abergel1/torch_env/lib/python3.11/site-packages/torch/distributed/fsdp/wrap.py:91: UserWarning: FSDP will not all-gather parameters for containers that do not implement forward: BlockChunk(
  (0-2): 3 x Identity()
  (3-5): 3 x NestedTensorBlock(
    (norm1): LayerNorm((384,), eps=1e-06, elementwise_affine=True)
    (attn): MemEffAttention(
      (qkv): Linear(in_features=384, out_features=1152, bias=True)
      (proj): Linear(in_features=384, out_features=384, bias=True)
      (proj_drop): Dropout(p=0.0, inplace=False)
    )
    (ls1): LayerScale()
    (drop_path1): DropPath()
    (norm2): LayerNorm((384,), eps=1e-06, elementwise_affine=True)
    (mlp): Mlp(
      (fc1): Linear(in_features=384, out_features=1536, bias=True)
      (act): GELU(approximate='none')
      (fc2): Linear(in_features=1536, out_features=384, bias=True)
      (drop): Dropout(p=0.0, inplace=False)
    )
    (ls2): LayerScale()
    (drop_path2): DropPath()
  )
)
  return fsdp_fn(module, **kwargs)

W20260802 13:59:41 3290832 py.warnings warnings.py:109] /sci/labs/arieljaffe/dan.abergel1/torch_env/lib/python3.11/site-packages/torch/distributed/fsdp/wrap.py:91: UserWarning: FSDP will not all-gather parameters for containers that do not implement forward: BlockChunk(
  (0-5): 6 x Identity()
  (6-8): 3 x NestedTensorBlock(
    (norm1): LayerNorm((384,), eps=1e-06, elementwise_affine=True)
    (attn): MemEffAttention(
      (qkv): Linear(in_features=384, out_features=1152, bias=True)
      (proj): Linear(in_features=384, out_features=384, bias=True)
      (proj_drop): Dropout(p=0.0, inplace=False)
    )
    (ls1): LayerScale()
    (drop_path1): DropPath()
    (norm2): LayerNorm((384,), eps=1e-06, elementwise_affine=True)
    (mlp): Mlp(
      (fc1): Linear(in_features=384, out_features=1536, bias=True)
      (act): GELU(approximate='none')
      (fc2): Linear(in_features=1536, out_features=384, bias=True)
      (drop): Dropout(p=0.0, inplace=False)
    )
    (ls2): LayerScale()
    (drop_path2): DropPath()
  )
)
  return fsdp_fn(module, **kwargs)

W20260802 13:59:41 3290832 py.warnings warnings.py:109] /sci/labs/arieljaffe/dan.abergel1/torch_env/lib/python3.11/site-packages/torch/distributed/fsdp/wrap.py:91: UserWarning: FSDP will not all-gather parameters for containers that do not implement forward: BlockChunk(
  (0-8): 9 x Identity()
  (9-11): 3 x NestedTensorBlock(
    (norm1): LayerNorm((384,), eps=1e-06, elementwise_affine=True)
    (attn): MemEffAttention(
      (qkv): Linear(in_features=384, out_features=1152, bias=True)
      (proj): Linear(in_features=384, out_features=384, bias=True)
      (proj_drop): Dropout(p=0.0, inplace=False)
    )
    (ls1): LayerScale()
    (drop_path1): DropPath()
    (norm2): LayerNorm((384,), eps=1e-06, elementwise_affine=True)
    (mlp): Mlp(
      (fc1): Linear(in_features=384, out_features=1536, bias=True)
      (act): GELU(approximate='none')
      (fc2): Linear(in_features=1536, out_features=384, bias=True)
      (drop): Dropout(p=0.0, inplace=False)
    )
    (ls2): LayerScale()
    (drop_path2): DropPath()
  )
)
  return fsdp_fn(module, **kwargs)

W20260802 13:59:41 3290832 py.warnings warnings.py:109] /sci/labs/arieljaffe/dan.abergel1/torch_env/lib/python3.11/site-packages/torch/distributed/fsdp/wrap.py:91: UserWarning: FSDP will not all-gather parameters for containers that do not implement forward: BlockChunk(
  (0-2): 3 x NestedTensorBlock(
    (norm1): LayerNorm((384,), eps=1e-06, elementwise_affine=True)
    (attn): MemEffAttention(
      (qkv): Linear(in_features=384, out_features=1152, bias=True)
      (proj): Linear(in_features=384, out_features=384, bias=True)
      (proj_drop): Dropout(p=0.0, inplace=False)
    )
    (ls1): LayerScale()
    (drop_path1): Identity()
    (norm2): LayerNorm((384,), eps=1e-06, elementwise_affine=True)
    (mlp): Mlp(
      (fc1): Linear(in_features=384, out_features=1536, bias=True)
      (act): GELU(approximate='none')
      (fc2): Linear(in_features=1536, out_features=384, bias=True)
      (drop): Dropout(p=0.0, inplace=False)
    )
    (ls2): LayerScale()
    (drop_path2): Identity()
  )
)
  return fsdp_fn(module, **kwargs)

W20260802 13:59:41 3290832 py.warnings warnings.py:109] /sci/labs/arieljaffe/dan.abergel1/torch_env/lib/python3.11/site-packages/torch/distributed/fsdp/wrap.py:91: UserWarning: FSDP will not all-gather parameters for containers that do not implement forward: BlockChunk(
  (0-2): 3 x Identity()
  (3-5): 3 x NestedTensorBlock(
    (norm1): LayerNorm((384,), eps=1e-06, elementwise_affine=True)
    (attn): MemEffAttention(
      (qkv): Linear(in_features=384, out_features=1152, bias=True)
      (proj): Linear(in_features=384, out_features=384, bias=True)
      (proj_drop): Dropout(p=0.0, inplace=False)
    )
    (ls1): LayerScale()
    (drop_path1): Identity()
    (norm2): LayerNorm((384,), eps=1e-06, elementwise_affine=True)
    (mlp): Mlp(
      (fc1): Linear(in_features=384, out_features=1536, bias=True)
      (act): GELU(approximate='none')
      (fc2): Linear(in_features=1536, out_features=384, bias=True)
      (drop): Dropout(p=0.0, inplace=False)
    )
    (ls2): LayerScale()
    (drop_path2): Identity()
  )
)
  return fsdp_fn(module, **kwargs)

W20260802 13:59:41 3290832 py.warnings warnings.py:109] /sci/labs/arieljaffe/dan.abergel1/torch_env/lib/python3.11/site-packages/torch/distributed/fsdp/wrap.py:91: UserWarning: FSDP will not all-gather parameters for containers that do not implement forward: BlockChunk(
  (0-5): 6 x Identity()
  (6-8): 3 x NestedTensorBlock(
    (norm1): LayerNorm((384,), eps=1e-06, elementwise_affine=True)
    (attn): MemEffAttention(
      (qkv): Linear(in_features=384, out_features=1152, bias=True)
      (proj): Linear(in_features=384, out_features=384, bias=True)
      (proj_drop): Dropout(p=0.0, inplace=False)
    )
    (ls1): LayerScale()
    (drop_path1): Identity()
    (norm2): LayerNorm((384,), eps=1e-06, elementwise_affine=True)
    (mlp): Mlp(
      (fc1): Linear(in_features=384, out_features=1536, bias=True)
      (act): GELU(approximate='none')
      (fc2): Linear(in_features=1536, out_features=384, bias=True)
      (drop): Dropout(p=0.0, inplace=False)
    )
    (ls2): LayerScale()
    (drop_path2): Identity()
  )
)
  return fsdp_fn(module, **kwargs)

W20260802 13:59:41 3290832 py.warnings warnings.py:109] /sci/labs/arieljaffe/dan.abergel1/torch_env/lib/python3.11/site-packages/torch/distributed/fsdp/wrap.py:91: UserWarning: FSDP will not all-gather parameters for containers that do not implement forward: BlockChunk(
  (0-8): 9 x Identity()
  (9-11): 3 x NestedTensorBlock(
    (norm1): LayerNorm((384,), eps=1e-06, elementwise_affine=True)
    (attn): MemEffAttention(
      (qkv): Linear(in_features=384, out_features=1152, bias=True)
      (proj): Linear(in_features=384, out_features=384, bias=True)
      (proj_drop): Dropout(p=0.0, inplace=False)
    )
    (ls1): LayerScale()
    (drop_path1): Identity()
    (norm2): LayerNorm((384,), eps=1e-06, elementwise_affine=True)
    (mlp): Mlp(
      (fc1): Linear(in_features=384, out_features=1536, bias=True)
      (act): GELU(approximate='none')
      (fc2): Linear(in_features=1536, out_features=384, bias=True)
      (drop): Dropout(p=0.0, inplace=False)
    )
    (ls2): LayerScale()
    (drop_path2): Identity()
  )
)
  return fsdp_fn(module, **kwargs)

W20260802 13:59:41 3290832 py.warnings warnings.py:109] /sci/labs/arieljaffe/dan.abergel1/torch_env/lib/python3.11/site-packages/torch/distributed/fsdp/fully_sharded_data_parallel.py:822: FutureWarning: FSDP.state_dict_type() and FSDP.set_state_dict_type() are being deprecated. Please use APIs, get_state_dict() and set_state_dict(), which can support different parallelisms, FSDP1, FSDP2, DDP. API doc: https://pytorch.org/docs/stable/distributed.checkpoint.html#torch.distributed.checkpoint.state_dict.get_state_dict .Tutorial: https://pytorch.org/tutorials/recipes/distributed_checkpoint_recipe.html .
  prev_state_dict_settings = FullyShardedDataParallel.set_state_dict_type(

I20260802 13:59:41 3290832 fvcore.common.checkpoint checkpoint.py:150] [Checkpointer] Loading from /sci/labs/arieljaffe/dan.abergel1/runs/brain/koleo_on/model_final.rank_0.pth ...
W20260802 13:59:42 3290832 py.warnings warnings.py:109] /sci/labs/arieljaffe/dan.abergel1/torch_env/lib/python3.11/site-packages/torch/utils/_contextlib.py:124: UserWarning: When using ``NO_SHARD`` for ``ShardingStrategy``, full_state_dict will be returned.
  return func(*args, **kwargs)

W20260802 13:59:42 3290832 py.warnings warnings.py:109] /sci/labs/arieljaffe/dan.abergel1/torch_env/lib/python3.11/site-packages/torch/utils/_contextlib.py:124: UserWarning: When using ``NO_SHARD`` for ``ShardingStrategy``, full_state_dict willbe returned.
  return func(*args, **kwargs)

W20260802 13:59:42 3290832 py.warnings warnings.py:109] /sci/labs/arieljaffe/dan.abergel1/torch_env/lib/python3.11/site-packages/torch/distributed/fsdp/fully_sharded_data_parallel.py:829: FutureWarning: FSDP.state_dict_type() and FSDP.set_state_dict_type() are being deprecated. Please use APIs, get_state_dict() and set_state_dict(), which can support different parallelisms, FSDP1, FSDP2, DDP. API doc: https://pytorch.org/docs/stable/distributed.checkpoint.html#torch.distributed.checkpoint.state_dict.get_state_dict .Tutorial: https://pytorch.org/tutorials/recipes/distributed_checkpoint_recipe.html .
  FullyShardedDataParallel.set_state_dict_type(

I20260802 13:59:42 3290832 dinov2 vision_transformer.py:125] using MLP layer as FFN
probing /sci/labs/arieljaffe/dan.abergel1/runs/brain/koleo_on on /sci/labs/arieljaffe/dan.abergel1//brain2d (official repr, Gender)...
  [probe] best config: n_blocks=1 avgpool=True

============ BRAIN PROBE: Gender (official DINOv2 repr) ============
  CV accuracy: 75.28% +/- 2.63%   (5-fold, subject-level)
=================================================================
=== koleo_on DONE  Sun Aug  2 14:00:57 IDT 2026 ===
