=== OVERFIT overfit1 : data=brain2d N=1 batch=32 protos=128 temp=0.02 lr=0.01 iters=10000  Mon Jul 20 21:14:16 IDT 2026 ===
I20260720 21:16:37 540231 dinov2 config.py:59] git:
  sha: d261e0e3baddf862e5bda0569678a4e40206b5b6, status: has uncommitted changes, branch: imagenette-test

I20260720 21:16:37 540231 dinov2 config.py:60] config_file: /sci/labs/arieljaffe/dan.abergel1/repos/FAIR_official/dinov2/configs/train/imagenette_vits.yaml
eval: 
eval_only: False
no_resume: False
opts: ['train.dataset_path=ImageFolder:root=/sci/labs/arieljaffe/dan.abergel1/brain2d', 'train.batch_size_per_gpu=32', 'dino.koleo_loss_weight=0', 'dino.head_n_prototypes=128', 'ibot.head_n_prototypes=128', 'teacher.teacher_temp=0.02', 'teacher.warmup_teacher_temp=0.02', 'teacher.warmup_teacher_temp_epochs=1', 'optim.base_lr=0.01', 'optim.warmup_epochs=1', 'optim.freeze_last_layer_epochs=0', 'optim.epochs=100', 'train.OFFICIAL_EPOCH_LENGTH=100', 'train.output_dir=/sci/labs/arieljaffe/dan.abergel1/runs/brain/overfit1']
output_dir: /sci/labs/arieljaffe/dan.abergel1/runs/brain/overfit1
I20260720 21:16:37 540231 dinov2 config.py:26] sqrt scaling learning rate; base: 0.01, new: 0.001767766952966369
I20260720 21:16:37 540231 dinov2 config.py:33] MODEL:
  WEIGHTS: ''
compute_precision:
  grad_scaler: true
  teacher:
    backbone:
      sharding_strategy: SHARD_GRAD_OP
      mixed_precision:
        param_dtype: fp16
        reduce_dtype: fp16
        buffer_dtype: fp32
    dino_head:
      sharding_strategy: SHARD_GRAD_OP
      mixed_precision:
        param_dtype: fp16
        reduce_dtype: fp16
        buffer_dtype: fp32
    ibot_head:
      sharding_strategy: SHARD_GRAD_OP
      mixed_precision:
        param_dtype: fp16
        reduce_dtype: fp16
        buffer_dtype: fp32
  student:
    backbone:
      sharding_strategy: SHARD_GRAD_OP
      mixed_precision:
        param_dtype: fp16
        reduce_dtype: fp16
        buffer_dtype: fp32
    dino_head:
      sharding_strategy: SHARD_GRAD_OP
      mixed_precision:
        param_dtype: fp16
        reduce_dtype: fp32
        buffer_dtype: fp32
    ibot_head:
      sharding_strategy: SHARD_GRAD_OP
      mixed_precision:
        param_dtype: fp16
        reduce_dtype: fp32
        buffer_dtype: fp32
dino:
  loss_weight: 1.0
  head_n_prototypes: 128
  head_bottleneck_dim: 256
  head_nlayers: 3
  head_hidden_dim: 2048
  koleo_loss_weight: 0
ibot:
  loss_weight: 1.0
  mask_sample_probability: 0.5
  mask_ratio_min_max:
  - 0.1
  - 0.5
  separate_head: false
  head_n_prototypes: 128
  head_bottleneck_dim: 256
  head_nlayers: 3
  head_hidden_dim: 2048
train:
  batch_size_per_gpu: 32
  dataset_path: ImageFolder:root=/sci/labs/arieljaffe/dan.abergel1/brain2d
  output_dir: /sci/labs/arieljaffe/dan.abergel1/runs/brain/overfit1
  saveckp_freq: 20
  seed: 0
  num_workers: 8
  OFFICIAL_EPOCH_LENGTH: 100
  cache_dataset: true
  centering: centering
  cell_augmentation: false
student:
  arch: vit_small
  patch_size: 16
  drop_path_rate: 0.1
  layerscale: 1.0e-05
  drop_path_uniform: true
  pretrained_weights: ''
  ffn_layer: mlp
  block_chunks: 4
  qkv_bias: true
  proj_bias: true
  ffn_bias: true
  num_register_tokens: 0
  interpolate_antialias: false
  interpolate_offset: 0.1
  in_chans: 3
  channel_adaptive: false
teacher:
  momentum_teacher: 0.992
  final_momentum_teacher: 1
  warmup_teacher_temp: 0.02
  teacher_temp: 0.02
  warmup_teacher_temp_epochs: 1
  in_chans: 3
  channel_adaptive: false
optim:
  epochs: 100
  weight_decay: 0.04
  weight_decay_end: 0.4
  base_lr: 0.01
  lr: 0.001767766952966369
  warmup_epochs: 1
  min_lr: 1.0e-06
  clip_grad: 3.0
  freeze_last_layer_epochs: 0
  scaling_rule: sqrt_wrt_1024
  patch_embed_lr_mult: 0.2
  layerwise_decay: 0.9
  adamw_beta1: 0.9
  adamw_beta2: 0.999
crops:
  global_crops_scale:
  - 0.32
  - 1.0
  local_crops_number: 8
  local_crops_scale:
  - 0.05
  - 0.32
  global_crops_size: 224
  local_crops_size: 96
evaluation:
  eval_period_iterations: 0

I20260720 21:16:37 540231 dinov2 vision_transformer.py:125] using MLP layer as FFN
I20260720 21:16:39 540231 dinov2 vision_transformer.py:125] using MLP layer as FFN
I20260720 21:16:39 540231 dinov2 ssl_meta_arch.py:43] OPTIONS -- architecture : embed_dim: 384
I20260720 21:16:39 540231 dinov2 ssl_meta_arch.py:58] OPTIONS -- DINO
I20260720 21:16:39 540231 dinov2 ssl_meta_arch.py:60] OPTIONS -- DINO -- loss_weight: 1.0
I20260720 21:16:39 540231 dinov2 ssl_meta_arch.py:61] OPTIONS -- DINO -- head_n_prototypes: 128
I20260720 21:16:39 540231 dinov2 ssl_meta_arch.py:62] OPTIONS -- DINO -- head_bottleneck_dim: 256
I20260720 21:16:39 540231 dinov2 ssl_meta_arch.py:63] OPTIONS -- DINO -- head_hidden_dim: 2048
W20260720 21:16:39 540231 py.warnings warnings.py:109] /sci/labs/arieljaffe/dan.abergel1/torch_env/lib/python3.11/site-packages/torch/nn/utils/weight_norm.py:144: FutureWarning: `torch.nn.utils.weight_norm` is deprecated in favor of `torch.nn.utils.parametrizations.weight_norm`.
  WeightNorm.apply(module, name, dim)

I20260720 21:16:39 540231 dinov2 ssl_meta_arch.py:85] OPTIONS -- IBOT
I20260720 21:16:39 540231 dinov2 ssl_meta_arch.py:86] OPTIONS -- IBOT -- loss_weight: 1.0
I20260720 21:16:39 540231 dinov2 ssl_meta_arch.py:87] OPTIONS -- IBOT masking -- ibot_mask_ratio_tuple: [0.1, 0.5]
I20260720 21:16:39 540231 dinov2 ssl_meta_arch.py:88] OPTIONS -- IBOT masking -- ibot_mask_sample_probability: 0.5
I20260720 21:16:39 540231 dinov2 ssl_meta_arch.py:111] OPTIONS -- IBOT -- head shared with DINO
I20260720 21:16:39 540231 dinov2 ssl_meta_arch.py:121] Student and Teacher are built: they are both vit_small network.
I20260720 21:16:39 540231 dinov2 ssl_meta_arch.py:397] DISTRIBUTED FSDP -- preparing model for distributed training
W20260720 21:16:39 540231 py.warnings warnings.py:109] /sci/labs/arieljaffe/dan.abergel1/torch_env/lib/python3.11/site-packages/torch/distributed/fsdp/wrap.py:91: UserWarning: FSDP will not all-gather parameters for containers that do not implement forward: BlockChunk(
  (0-2): 3 x NestedTensorBlock(
    (norm1): LayerNorm((384,), eps=1e-06, elementwise_affine=True)
    (attn): MemEffAttention(
      (qkv): Linear(in_features=384, out_features=1152, bias=True)
      (proj): Linear(in_features=384, out_features=384, bias=True)
      (proj_drop): Dropout(p=0.0, inplace=False)
    )
    (ls1): LayerScale()
    (drop_path1): DropPath()
    (norm2): LayerNorm((384,), eps=1e-06, elementwise_affine=True)
    (mlp): Mlp(
      (fc1): Linear(in_features=384, out_features=1536, bias=True)
      (act): GELU(approximate='none')
      (fc2): Linear(in_features=1536, out_features=384, bias=True)
      (drop): Dropout(p=0.0, inplace=False)
    )
    (ls2): LayerScale()
    (drop_path2): DropPath()
  )
)
  return fsdp_fn(module, **kwargs)

W20260720 21:16:39 540231 py.warnings warnings.py:109] /sci/labs/arieljaffe/dan.abergel1/torch_env/lib/python3.11/site-packages/torch/distributed/fsdp/fully_sharded_data_parallel.py:479: UserWarning: FSDP is switching to use `NO_SHARD` instead of ShardingStrategy.SHARD_GRAD_OP since the world size is 1.
  _init_core_state(

W20260720 21:16:40 540231 py.warnings warnings.py:109] /sci/labs/arieljaffe/dan.abergel1/torch_env/lib/python3.11/site-packages/torch/distributed/fsdp/wrap.py:91: UserWarning: FSDP will not all-gather parameters for containers that do not implement forward: BlockChunk(
  (0-2): 3 x Identity()
  (3-5): 3 x NestedTensorBlock(
    (norm1): LayerNorm((384,), eps=1e-06, elementwise_affine=True)
    (attn): MemEffAttention(
      (qkv): Linear(in_features=384, out_features=1152, bias=True)
      (proj): Linear(in_features=384, out_features=384, bias=True)
      (proj_drop): Dropout(p=0.0, inplace=False)
    )
    (ls1): LayerScale()
    (drop_path1): DropPath()
    (norm2): LayerNorm((384,), eps=1e-06, elementwise_affine=True)
    (mlp): Mlp(
      (fc1): Linear(in_features=384, out_features=1536, bias=True)
      (act): GELU(approximate='none')
      (fc2): Linear(in_features=1536, out_features=384, bias=True)
      (drop): Dropout(p=0.0, inplace=False)
    )
    (ls2): LayerScale()
    (drop_path2): DropPath()
  )
)
  return fsdp_fn(module, **kwargs)

W20260720 21:16:40 540231 py.warnings warnings.py:109] /sci/labs/arieljaffe/dan.abergel1/torch_env/lib/python3.11/site-packages/torch/distributed/fsdp/wrap.py:91: UserWarning: FSDP will not all-gather parameters for containers that do not implement forward: BlockChunk(
  (0-5): 6 x Identity()
  (6-8): 3 x NestedTensorBlock(
    (norm1): LayerNorm((384,), eps=1e-06, elementwise_affine=True)
    (attn): MemEffAttention(
      (qkv): Linear(in_features=384, out_features=1152, bias=True)
      (proj): Linear(in_features=384, out_features=384, bias=True)
      (proj_drop): Dropout(p=0.0, inplace=False)
    )
    (ls1): LayerScale()
    (drop_path1): DropPath()
    (norm2): LayerNorm((384,), eps=1e-06, elementwise_affine=True)
    (mlp): Mlp(
      (fc1): Linear(in_features=384, out_features=1536, bias=True)
      (act): GELU(approximate='none')
      (fc2): Linear(in_features=1536, out_features=384, bias=True)
      (drop): Dropout(p=0.0, inplace=False)
    )
    (ls2): LayerScale()
    (drop_path2): DropPath()
  )
)
  return fsdp_fn(module, **kwargs)

W20260720 21:16:40 540231 py.warnings warnings.py:109] /sci/labs/arieljaffe/dan.abergel1/torch_env/lib/python3.11/site-packages/torch/distributed/fsdp/wrap.py:91: UserWarning: FSDP will not all-gather parameters for containers that do not implement forward: BlockChunk(
  (0-8): 9 x Identity()
  (9-11): 3 x NestedTensorBlock(
    (norm1): LayerNorm((384,), eps=1e-06, elementwise_affine=True)
    (attn): MemEffAttention(
      (qkv): Linear(in_features=384, out_features=1152, bias=True)
      (proj): Linear(in_features=384, out_features=384, bias=True)
      (proj_drop): Dropout(p=0.0, inplace=False)
    )
    (ls1): LayerScale()
    (drop_path1): DropPath()
    (norm2): LayerNorm((384,), eps=1e-06, elementwise_affine=True)
    (mlp): Mlp(
      (fc1): Linear(in_features=384, out_features=1536, bias=True)
      (act): GELU(approximate='none')
      (fc2): Linear(in_features=1536, out_features=384, bias=True)
      (drop): Dropout(p=0.0, inplace=False)
    )
    (ls2): LayerScale()
    (drop_path2): DropPath()
  )
)
  return fsdp_fn(module, **kwargs)

W20260720 21:16:40 540231 py.warnings warnings.py:109] /sci/labs/arieljaffe/dan.abergel1/torch_env/lib/python3.11/site-packages/torch/distributed/fsdp/wrap.py:91: UserWarning: FSDP will not all-gather parameters for containers that do not implement forward: BlockChunk(
  (0-2): 3 x NestedTensorBlock(
    (norm1): LayerNorm((384,), eps=1e-06, elementwise_affine=True)
    (attn): MemEffAttention(
      (qkv): Linear(in_features=384, out_features=1152, bias=True)
      (proj): Linear(in_features=384, out_features=384, bias=True)
      (proj_drop): Dropout(p=0.0, inplace=False)
    )
    (ls1): LayerScale()
    (drop_path1): Identity()
    (norm2): LayerNorm((384,), eps=1e-06, elementwise_affine=True)
    (mlp): Mlp(
      (fc1): Linear(in_features=384, out_features=1536, bias=True)
      (act): GELU(approximate='none')
      (fc2): Linear(in_features=1536, out_features=384, bias=True)
      (drop): Dropout(p=0.0, inplace=False)
    )
    (ls2): LayerScale()
    (drop_path2): Identity()
  )
)
  return fsdp_fn(module, **kwargs)

W20260720 21:16:40 540231 py.warnings warnings.py:109] /sci/labs/arieljaffe/dan.abergel1/torch_env/lib/python3.11/site-packages/torch/distributed/fsdp/wrap.py:91: UserWarning: FSDP will not all-gather parameters for containers that do not implement forward: BlockChunk(
  (0-2): 3 x Identity()
  (3-5): 3 x NestedTensorBlock(
    (norm1): LayerNorm((384,), eps=1e-06, elementwise_affine=True)
    (attn): MemEffAttention(
      (qkv): Linear(in_features=384, out_features=1152, bias=True)
      (proj): Linear(in_features=384, out_features=384, bias=True)
      (proj_drop): Dropout(p=0.0, inplace=False)
    )
    (ls1): LayerScale()
    (drop_path1): Identity()
    (norm2): LayerNorm((384,), eps=1e-06, elementwise_affine=True)
    (mlp): Mlp(
      (fc1): Linear(in_features=384, out_features=1536, bias=True)
      (act): GELU(approximate='none')
      (fc2): Linear(in_features=1536, out_features=384, bias=True)
      (drop): Dropout(p=0.0, inplace=False)
    )
    (ls2): LayerScale()
    (drop_path2): Identity()
  )
)
  return fsdp_fn(module, **kwargs)

W20260720 21:16:40 540231 py.warnings warnings.py:109] /sci/labs/arieljaffe/dan.abergel1/torch_env/lib/python3.11/site-packages/torch/distributed/fsdp/wrap.py:91: UserWarning: FSDP will not all-gather parameters for containers that do not implement forward: BlockChunk(
  (0-5): 6 x Identity()
  (6-8): 3 x NestedTensorBlock(
    (norm1): LayerNorm((384,), eps=1e-06, elementwise_affine=True)
    (attn): MemEffAttention(
      (qkv): Linear(in_features=384, out_features=1152, bias=True)
      (proj): Linear(in_features=384, out_features=384, bias=True)
      (proj_drop): Dropout(p=0.0, inplace=False)
    )
    (ls1): LayerScale()
    (drop_path1): Identity()
    (norm2): LayerNorm((384,), eps=1e-06, elementwise_affine=True)
    (mlp): Mlp(
      (fc1): Linear(in_features=384, out_features=1536, bias=True)
      (act): GELU(approximate='none')
      (fc2): Linear(in_features=1536, out_features=384, bias=True)
      (drop): Dropout(p=0.0, inplace=False)
    )
    (ls2): LayerScale()
    (drop_path2): Identity()
  )
)
  return fsdp_fn(module, **kwargs)

W20260720 21:16:40 540231 py.warnings warnings.py:109] /sci/labs/arieljaffe/dan.abergel1/torch_env/lib/python3.11/site-packages/torch/distributed/fsdp/wrap.py:91: UserWarning: FSDP will not all-gather parameters for containers that do not implement forward: BlockChunk(
  (0-8): 9 x Identity()
  (9-11): 3 x NestedTensorBlock(
    (norm1): LayerNorm((384,), eps=1e-06, elementwise_affine=True)
    (attn): MemEffAttention(
      (qkv): Linear(in_features=384, out_features=1152, bias=True)
      (proj): Linear(in_features=384, out_features=384, bias=True)
      (proj_drop): Dropout(p=0.0, inplace=False)
    )
    (ls1): LayerScale()
    (drop_path1): Identity()
    (norm2): LayerNorm((384,), eps=1e-06, elementwise_affine=True)
    (mlp): Mlp(
      (fc1): Linear(in_features=384, out_features=1536, bias=True)
      (act): GELU(approximate='none')
      (fc2): Linear(in_features=1536, out_features=384, bias=True)
      (drop): Dropout(p=0.0, inplace=False)
    )
    (ls2): LayerScale()
    (drop_path2): Identity()
  )
)
  return fsdp_fn(module, **kwargs)

I20260720 21:16:40 540231 dinov2 train.py:324] Model:
SSLMetaArch(
  (dino_loss): DINOLoss()
  (ibot_patch_loss): iBOTPatchLoss()
  (student): ModuleDict(
    (backbone): FullyShardedDataParallel(
      (_fsdp_wrapped_module): DinoVisionTransformer(
        (patch_embed): PatchEmbed(
          (proj): Conv2d(3, 384, kernel_size=(16, 16), stride=(16, 16))
          (norm): Identity()
        )
        (blocks): ModuleList(
          (0): FullyShardedDataParallel(
            (_fsdp_wrapped_module): BlockChunk(
              (0-2): 3 x NestedTensorBlock(
                (norm1): LayerNorm((384,), eps=1e-06, elementwise_affine=True)
                (attn): MemEffAttention(
                  (qkv): Linear(in_features=384, out_features=1152, bias=True)
                  (proj): Linear(in_features=384, out_features=384, bias=True)
                  (proj_drop): Dropout(p=0.0, inplace=False)
                )
                (ls1): LayerScale()
                (drop_path1): DropPath()
                (norm2): LayerNorm((384,), eps=1e-06, elementwise_affine=True)
                (mlp): Mlp(
                  (fc1): Linear(in_features=384, out_features=1536, bias=True)
                  (act): GELU(approximate='none')
                  (fc2): Linear(in_features=1536, out_features=384, bias=True)
                  (drop): Dropout(p=0.0, inplace=False)
                )
                (ls2): LayerScale()
                (drop_path2): DropPath()
              )
            )
          )
          (1): FullyShardedDataParallel(
            (_fsdp_wrapped_module): BlockChunk(
              (0-2): 3 x Identity()
              (3-5): 3 x NestedTensorBlock(
                (norm1): LayerNorm((384,), eps=1e-06, elementwise_affine=True)
                (attn): MemEffAttention(
                  (qkv): Linear(in_features=384, out_features=1152, bias=True)
                  (proj): Linear(in_features=384, out_features=384, bias=True)
                  (proj_drop): Dropout(p=0.0, inplace=False)
                )
                (ls1): LayerScale()
                (drop_path1): DropPath()
                (norm2): LayerNorm((384,), eps=1e-06, elementwise_affine=True)
                (mlp): Mlp(
                  (fc1): Linear(in_features=384, out_features=1536, bias=True)
                  (act): GELU(approximate='none')
                  (fc2): Linear(in_features=1536, out_features=384, bias=True)
                  (drop): Dropout(p=0.0, inplace=False)
                )
                (ls2): LayerScale()
                (drop_path2): DropPath()
              )
            )
          )
          (2): FullyShardedDataParallel(
            (_fsdp_wrapped_module): BlockChunk(
              (0-5): 6 x Identity()
              (6-8): 3 x NestedTensorBlock(
                (norm1): LayerNorm((384,), eps=1e-06, elementwise_affine=True)
                (attn): MemEffAttention(
                  (qkv): Linear(in_features=384, out_features=1152, bias=True)
                  (proj): Linear(in_features=384, out_features=384, bias=True)
                  (proj_drop): Dropout(p=0.0, inplace=False)
                )
                (ls1): LayerScale()
                (drop_path1): DropPath()
                (norm2): LayerNorm((384,), eps=1e-06, elementwise_affine=True)
                (mlp): Mlp(
                  (fc1): Linear(in_features=384, out_features=1536, bias=True)
                  (act): GELU(approximate='none')
                  (fc2): Linear(in_features=1536, out_features=384, bias=True)
                  (drop): Dropout(p=0.0, inplace=False)
                )
                (ls2): LayerScale()
                (drop_path2): DropPath()
              )
            )
          )
          (3): FullyShardedDataParallel(
            (_fsdp_wrapped_module): BlockChunk(
              (0-8): 9 x Identity()
              (9-11): 3 x NestedTensorBlock(
                (norm1): LayerNorm((384,), eps=1e-06, elementwise_affine=True)
                (attn): MemEffAttention(
                  (qkv): Linear(in_features=384, out_features=1152, bias=True)
                  (proj): Linear(in_features=384, out_features=384, bias=True)
                  (proj_drop): Dropout(p=0.0, inplace=False)
                )
                (ls1): LayerScale()
                (drop_path1): DropPath()
                (norm2): LayerNorm((384,), eps=1e-06, elementwise_affine=True)
                (mlp): Mlp(
                  (fc1): Linear(in_features=384, out_features=1536, bias=True)
                  (act): GELU(approximate='none')
                  (fc2): Linear(in_features=1536, out_features=384, bias=True)
                  (drop): Dropout(p=0.0, inplace=False)
                )
                (ls2): LayerScale()
                (drop_path2): DropPath()
              )
            )
          )
        )
        (norm): LayerNorm((384,), eps=1e-06, elementwise_affine=True)
        (head): Identity()
      )
    )
    (dino_head): FullyShardedDataParallel(
      (_fsdp_wrapped_module): DINOHead(
        (mlp): Sequential(
          (0): Linear(in_features=384, out_features=2048, bias=True)
          (1): GELU(approximate='none')
          (2): Linear(in_features=2048, out_features=2048, bias=True)
          (3): GELU(approximate='none')
          (4): Linear(in_features=2048, out_features=256, bias=True)
        )
        (last_layer): Linear(in_features=256, out_features=128, bias=False)
      )
    )
  )
  (teacher): ModuleDict(
    (backbone): FullyShardedDataParallel(
      (_fsdp_wrapped_module): DinoVisionTransformer(
        (patch_embed): PatchEmbed(
          (proj): Conv2d(3, 384, kernel_size=(16, 16), stride=(16, 16))
          (norm): Identity()
        )
        (blocks): ModuleList(
          (0): FullyShardedDataParallel(
            (_fsdp_wrapped_module): BlockChunk(
              (0-2): 3 x NestedTensorBlock(
                (norm1): LayerNorm((384,), eps=1e-06, elementwise_affine=True)
                (attn): MemEffAttention(
                  (qkv): Linear(in_features=384, out_features=1152, bias=True)
                  (proj): Linear(in_features=384, out_features=384, bias=True)
                  (proj_drop): Dropout(p=0.0, inplace=False)
                )
                (ls1): LayerScale()
                (drop_path1): Identity()
                (norm2): LayerNorm((384,), eps=1e-06, elementwise_affine=True)
                (mlp): Mlp(
                  (fc1): Linear(in_features=384, out_features=1536, bias=True)
                  (act): GELU(approximate='none')
                  (fc2): Linear(in_features=1536, out_features=384, bias=True)
                  (drop): Dropout(p=0.0, inplace=False)
                )
                (ls2): LayerScale()
                (drop_path2): Identity()
              )
            )
          )
          (1): FullyShardedDataParallel(
            (_fsdp_wrapped_module): BlockChunk(
              (0-2): 3 x Identity()
              (3-5): 3 x NestedTensorBlock(
                (norm1): LayerNorm((384,), eps=1e-06, elementwise_affine=True)
                (attn): MemEffAttention(
                  (qkv): Linear(in_features=384, out_features=1152, bias=True)
                  (proj): Linear(in_features=384, out_features=384, bias=True)
                  (proj_drop): Dropout(p=0.0, inplace=False)
                )
                (ls1): LayerScale()
                (drop_path1): Identity()
                (norm2): LayerNorm((384,), eps=1e-06, elementwise_affine=True)
                (mlp): Mlp(
                  (fc1): Linear(in_features=384, out_features=1536, bias=True)
                  (act): GELU(approximate='none')
                  (fc2): Linear(in_features=1536, out_features=384, bias=True)
                  (drop): Dropout(p=0.0, inplace=False)
                )
                (ls2): LayerScale()
                (drop_path2): Identity()
              )
            )
          )
          (2): FullyShardedDataParallel(
            (_fsdp_wrapped_module): BlockChunk(
              (0-5): 6 x Identity()
              (6-8): 3 x NestedTensorBlock(
                (norm1): LayerNorm((384,), eps=1e-06, elementwise_affine=True)
                (attn): MemEffAttention(
                  (qkv): Linear(in_features=384, out_features=1152, bias=True)
                  (proj): Linear(in_features=384, out_features=384, bias=True)
                  (proj_drop): Dropout(p=0.0, inplace=False)
                )
                (ls1): LayerScale()
                (drop_path1): Identity()
                (norm2): LayerNorm((384,), eps=1e-06, elementwise_affine=True)
                (mlp): Mlp(
                  (fc1): Linear(in_features=384, out_features=1536, bias=True)
                  (act): GELU(approximate='none')
                  (fc2): Linear(in_features=1536, out_features=384, bias=True)
                  (drop): Dropout(p=0.0, inplace=False)
                )
                (ls2): LayerScale()
                (drop_path2): Identity()
              )
            )
          )
          (3): FullyShardedDataParallel(
            (_fsdp_wrapped_module): BlockChunk(
              (0-8): 9 x Identity()
              (9-11): 3 x NestedTensorBlock(
                (norm1): LayerNorm((384,), eps=1e-06, elementwise_affine=True)
                (attn): MemEffAttention(
                  (qkv): Linear(in_features=384, out_features=1152, bias=True)
                  (proj): Linear(in_features=384, out_features=384, bias=True)
                  (proj_drop): Dropout(p=0.0, inplace=False)
                )
                (ls1): LayerScale()
                (drop_path1): Identity()
                (norm2): LayerNorm((384,), eps=1e-06, elementwise_affine=True)
                (mlp): Mlp(
                  (fc1): Linear(in_features=384, out_features=1536, bias=True)
                  (act): GELU(approximate='none')
                  (fc2): Linear(in_features=1536, out_features=384, bias=True)
                  (drop): Dropout(p=0.0, inplace=False)
                )
                (ls2): LayerScale()
                (drop_path2): Identity()
              )
            )
          )
        )
        (norm): LayerNorm((384,), eps=1e-06, elementwise_affine=True)
        (head): Identity()
      )
    )
    (dino_head): FullyShardedDataParallel(
      (_fsdp_wrapped_module): DINOHead(
        (mlp): Sequential(
          (0): Linear(in_features=384, out_features=2048, bias=True)
          (1): GELU(approximate='none')
          (2): Linear(in_features=2048, out_features=2048, bias=True)
          (3): GELU(approximate='none')
          (4): Linear(in_features=2048, out_features=256, bias=True)
        )
        (last_layer): Linear(in_features=256, out_features=128, bias=False)
      )
    )
  )
)
I20260720 21:16:40 540231 dinov2 param_groups.py:54] chunked fsdp
I20260720 21:16:40 540231 dinov2 param_groups.py:87] cls_token: lr_multiplier: 0.2541865828329001, wd_multiplier: 1.0
I20260720 21:16:40 540231 dinov2 param_groups.py:87] pos_embed: lr_multiplier: 0.2541865828329001, wd_multiplier: 1.0
I20260720 21:16:40 540231 dinov2 param_groups.py:87] mask_token: lr_multiplier: 0.2541865828329001, wd_multiplier: 1.0
I20260720 21:16:40 540231 dinov2 param_groups.py:87] patch_embed.proj.weight: lr_multiplier: 0.05083731656658002, wd_multiplier: 1.0
I20260720 21:16:40 540231 dinov2 param_groups.py:87] patch_embed.proj.bias: lr_multiplier: 0.05083731656658002, wd_multiplier: 0.0
I20260720 21:16:40 540231 dinov2 param_groups.py:87] blocks.0.0.norm1.weight: lr_multiplier: 0.2824295364810001, wd_multiplier: 0.0
I20260720 21:16:40 540231 dinov2 param_groups.py:87] blocks.0.0.norm1.bias: lr_multiplier: 0.2824295364810001, wd_multiplier: 0.0
I20260720 21:16:40 540231 dinov2 param_groups.py:87] blocks.0.0.attn.qkv.weight: lr_multiplier: 0.2824295364810001, wd_multiplier: 1.0
I20260720 21:16:40 540231 dinov2 param_groups.py:87] blocks.0.0.attn.qkv.bias: lr_multiplier: 0.2824295364810001, wd_multiplier: 0.0
I20260720 21:16:40 540231 dinov2 param_groups.py:87] blocks.0.0.attn.proj.weight: lr_multiplier: 0.2824295364810001, wd_multiplier: 1.0
I20260720 21:16:40 540231 dinov2 param_groups.py:87] blocks.0.0.attn.proj.bias: lr_multiplier: 0.2824295364810001, wd_multiplier: 0.0
I20260720 21:16:40 540231 dinov2 param_groups.py:87] blocks.0.0.ls1.gamma: lr_multiplier: 0.2824295364810001, wd_multiplier: 0.0
I20260720 21:16:40 540231 dinov2 param_groups.py:87] blocks.0.0.norm2.weight: lr_multiplier: 0.2824295364810001, wd_multiplier: 0.0
I20260720 21:16:40 540231 dinov2 param_groups.py:87] blocks.0.0.norm2.bias: lr_multiplier: 0.2824295364810001, wd_multiplier: 0.0
I20260720 21:16:40 540231 dinov2 param_groups.py:87] blocks.0.0.mlp.fc1.weight: lr_multiplier: 0.2824295364810001, wd_multiplier: 1.0
I20260720 21:16:40 540231 dinov2 param_groups.py:87] blocks.0.0.mlp.fc1.bias: lr_multiplier: 0.2824295364810001, wd_multiplier: 0.0
I20260720 21:16:40 540231 dinov2 param_groups.py:87] blocks.0.0.mlp.fc2.weight: lr_multiplier: 0.2824295364810001, wd_multiplier: 1.0
I20260720 21:16:40 540231 dinov2 param_groups.py:87] blocks.0.0.mlp.fc2.bias: lr_multiplier: 0.2824295364810001, wd_multiplier: 0.0
I20260720 21:16:40 540231 dinov2 param_groups.py:87] blocks.0.0.ls2.gamma: lr_multiplier: 0.2824295364810001, wd_multiplier: 0.0
I20260720 21:16:40 540231 dinov2 param_groups.py:87] blocks.0.1.norm1.weight: lr_multiplier: 0.31381059609000006, wd_multiplier: 0.0
I20260720 21:16:40 540231 dinov2 param_groups.py:87] blocks.0.1.norm1.bias: lr_multiplier: 0.31381059609000006, wd_multiplier: 0.0
I20260720 21:16:40 540231 dinov2 param_groups.py:87] blocks.0.1.attn.qkv.weight: lr_multiplier: 0.31381059609000006, wd_multiplier: 1.0
I20260720 21:16:40 540231 dinov2 param_groups.py:87] blocks.0.1.attn.qkv.bias: lr_multiplier: 0.31381059609000006, wd_multiplier: 0.0
I20260720 21:16:40 540231 dinov2 param_groups.py:87] blocks.0.1.attn.proj.weight: lr_multiplier: 0.31381059609000006, wd_multiplier: 1.0
I20260720 21:16:40 540231 dinov2 param_groups.py:87] blocks.0.1.attn.proj.bias: lr_multiplier: 0.31381059609000006, wd_multiplier: 0.0
I20260720 21:16:40 540231 dinov2 param_groups.py:87] blocks.0.1.ls1.gamma: lr_multiplier: 0.31381059609000006, wd_multiplier: 0.0
I20260720 21:16:40 540231 dinov2 param_groups.py:87] blocks.0.1.norm2.weight: lr_multiplier: 0.31381059609000006, wd_multiplier: 0.0
I20260720 21:16:40 540231 dinov2 param_groups.py:87] blocks.0.1.norm2.bias: lr_multiplier: 0.31381059609000006, wd_multiplier: 0.0
I20260720 21:16:40 540231 dinov2 param_groups.py:87] blocks.0.1.mlp.fc1.weight: lr_multiplier: 0.31381059609000006, wd_multiplier: 1.0
I20260720 21:16:40 540231 dinov2 param_groups.py:87] blocks.0.1.mlp.fc1.bias: lr_multiplier: 0.31381059609000006, wd_multiplier: 0.0
I20260720 21:16:40 540231 dinov2 param_groups.py:87] blocks.0.1.mlp.fc2.weight: lr_multiplier: 0.31381059609000006, wd_multiplier: 1.0
I20260720 21:16:40 540231 dinov2 param_groups.py:87] blocks.0.1.mlp.fc2.bias: lr_multiplier: 0.31381059609000006, wd_multiplier: 0.0
I20260720 21:16:40 540231 dinov2 param_groups.py:87] blocks.0.1.ls2.gamma: lr_multiplier: 0.31381059609000006, wd_multiplier: 0.0
I20260720 21:16:40 540231 dinov2 param_groups.py:87] blocks.0.2.norm1.weight: lr_multiplier: 0.3486784401000001, wd_multiplier: 0.0
I20260720 21:16:40 540231 dinov2 param_groups.py:87] blocks.0.2.norm1.bias: lr_multiplier: 0.3486784401000001, wd_multiplier: 0.0
I20260720 21:16:40 540231 dinov2 param_groups.py:87] blocks.0.2.attn.qkv.weight: lr_multiplier: 0.3486784401000001, wd_multiplier: 1.0
I20260720 21:16:40 540231 dinov2 param_groups.py:87] blocks.0.2.attn.qkv.bias: lr_multiplier: 0.3486784401000001, wd_multiplier: 0.0
I20260720 21:16:40 540231 dinov2 param_groups.py:87] blocks.0.2.attn.proj.weight: lr_multiplier: 0.3486784401000001, wd_multiplier: 1.0
I20260720 21:16:40 540231 dinov2 param_groups.py:87] blocks.0.2.attn.proj.bias: lr_multiplier: 0.3486784401000001, wd_multiplier: 0.0
I20260720 21:16:40 540231 dinov2 param_groups.py:87] blocks.0.2.ls1.gamma: lr_multiplier: 0.3486784401000001, wd_multiplier: 0.0
I20260720 21:16:40 540231 dinov2 param_groups.py:87] blocks.0.2.norm2.weight: lr_multiplier: 0.3486784401000001, wd_multiplier: 0.0
I20260720 21:16:40 540231 dinov2 param_groups.py:87] blocks.0.2.norm2.bias: lr_multiplier: 0.3486784401000001, wd_multiplier: 0.0
I20260720 21:16:40 540231 dinov2 param_groups.py:87] blocks.0.2.mlp.fc1.weight: lr_multiplier: 0.3486784401000001, wd_multiplier: 1.0
I20260720 21:16:40 540231 dinov2 param_groups.py:87] blocks.0.2.mlp.fc1.bias: lr_multiplier: 0.3486784401000001, wd_multiplier: 0.0
I20260720 21:16:40 540231 dinov2 param_groups.py:87] blocks.0.2.mlp.fc2.weight: lr_multiplier: 0.3486784401000001, wd_multiplier: 1.0
I20260720 21:16:40 540231 dinov2 param_groups.py:87] blocks.0.2.mlp.fc2.bias: lr_multiplier: 0.3486784401000001, wd_multiplier: 0.0
I20260720 21:16:40 540231 dinov2 param_groups.py:87] blocks.0.2.ls2.gamma: lr_multiplier: 0.3486784401000001, wd_multiplier: 0.0
I20260720 21:16:40 540231 dinov2 param_groups.py:87] blocks.1.3.norm1.weight: lr_multiplier: 0.3874204890000001, wd_multiplier: 0.0
I20260720 21:16:40 540231 dinov2 param_groups.py:87] blocks.1.3.norm1.bias: lr_multiplier: 0.3874204890000001, wd_multiplier: 0.0
I20260720 21:16:40 540231 dinov2 param_groups.py:87] blocks.1.3.attn.qkv.weight: lr_multiplier: 0.3874204890000001, wd_multiplier: 1.0
I20260720 21:16:40 540231 dinov2 param_groups.py:87] blocks.1.3.attn.qkv.bias: lr_multiplier: 0.3874204890000001, wd_multiplier: 0.0
I20260720 21:16:40 540231 dinov2 param_groups.py:87] blocks.1.3.attn.proj.weight: lr_multiplier: 0.3874204890000001, wd_multiplier: 1.0
I20260720 21:16:40 540231 dinov2 param_groups.py:87] blocks.1.3.attn.proj.bias: lr_multiplier: 0.3874204890000001, wd_multiplier: 0.0
I20260720 21:16:40 540231 dinov2 param_groups.py:87] blocks.1.3.ls1.gamma: lr_multiplier: 0.3874204890000001, wd_multiplier: 0.0
I20260720 21:16:40 540231 dinov2 param_groups.py:87] blocks.1.3.norm2.weight: lr_multiplier: 0.3874204890000001, wd_multiplier: 0.0
I20260720 21:16:40 540231 dinov2 param_groups.py:87] blocks.1.3.norm2.bias: lr_multiplier: 0.3874204890000001, wd_multiplier: 0.0
I20260720 21:16:40 540231 dinov2 param_groups.py:87] blocks.1.3.mlp.fc1.weight: lr_multiplier: 0.3874204890000001, wd_multiplier: 1.0
I20260720 21:16:40 540231 dinov2 param_groups.py:87] blocks.1.3.mlp.fc1.bias: lr_multiplier: 0.3874204890000001, wd_multiplier: 0.0
I20260720 21:16:40 540231 dinov2 param_groups.py:87] blocks.1.3.mlp.fc2.weight: lr_multiplier: 0.3874204890000001, wd_multiplier: 1.0
I20260720 21:16:40 540231 dinov2 param_groups.py:87] blocks.1.3.mlp.fc2.bias: lr_multiplier: 0.3874204890000001, wd_multiplier: 0.0
I20260720 21:16:40 540231 dinov2 param_groups.py:87] blocks.1.3.ls2.gamma: lr_multiplier: 0.3874204890000001, wd_multiplier: 0.0
I20260720 21:16:40 540231 dinov2 param_groups.py:87] blocks.1.4.norm1.weight: lr_multiplier: 0.4304672100000001, wd_multiplier: 0.0
I20260720 21:16:40 540231 dinov2 param_groups.py:87] blocks.1.4.norm1.bias: lr_multiplier: 0.4304672100000001, wd_multiplier: 0.0
I20260720 21:16:40 540231 dinov2 param_groups.py:87] blocks.1.4.attn.qkv.weight: lr_multiplier: 0.4304672100000001, wd_multiplier: 1.0
I20260720 21:16:40 540231 dinov2 param_groups.py:87] blocks.1.4.attn.qkv.bias: lr_multiplier: 0.4304672100000001, wd_multiplier: 0.0
I20260720 21:16:40 540231 dinov2 param_groups.py:87] blocks.1.4.attn.proj.weight: lr_multiplier: 0.4304672100000001, wd_multiplier: 1.0
I20260720 21:16:40 540231 dinov2 param_groups.py:87] blocks.1.4.attn.proj.bias: lr_multiplier: 0.4304672100000001, wd_multiplier: 0.0
I20260720 21:16:40 540231 dinov2 param_groups.py:87] blocks.1.4.ls1.gamma: lr_multiplier: 0.4304672100000001, wd_multiplier: 0.0
I20260720 21:16:40 540231 dinov2 param_groups.py:87] blocks.1.4.norm2.weight: lr_multiplier: 0.4304672100000001, wd_multiplier: 0.0
I20260720 21:16:40 540231 dinov2 param_groups.py:87] blocks.1.4.norm2.bias: lr_multiplier: 0.4304672100000001, wd_multiplier: 0.0
I20260720 21:16:40 540231 dinov2 param_groups.py:87] blocks.1.4.mlp.fc1.weight: lr_multiplier: 0.4304672100000001, wd_multiplier: 1.0
I20260720 21:16:40 540231 dinov2 param_groups.py:87] blocks.1.4.mlp.fc1.bias: lr_multiplier: 0.4304672100000001, wd_multiplier: 0.0
I20260720 21:16:40 540231 dinov2 param_groups.py:87] blocks.1.4.mlp.fc2.weight: lr_multiplier: 0.4304672100000001, wd_multiplier: 1.0
I20260720 21:16:40 540231 dinov2 param_groups.py:87] blocks.1.4.mlp.fc2.bias: lr_multiplier: 0.4304672100000001, wd_multiplier: 0.0
I20260720 21:16:40 540231 dinov2 param_groups.py:87] blocks.1.4.ls2.gamma: lr_multiplier: 0.4304672100000001, wd_multiplier: 0.0
I20260720 21:16:40 540231 dinov2 param_groups.py:87] blocks.1.5.norm1.weight: lr_multiplier: 0.4782969000000001, wd_multiplier: 0.0
I20260720 21:16:40 540231 dinov2 param_groups.py:87] blocks.1.5.norm1.bias: lr_multiplier: 0.4782969000000001, wd_multiplier: 0.0
I20260720 21:16:40 540231 dinov2 param_groups.py:87] blocks.1.5.attn.qkv.weight: lr_multiplier: 0.4782969000000001, wd_multiplier: 1.0
I20260720 21:16:40 540231 dinov2 param_groups.py:87] blocks.1.5.attn.qkv.bias: lr_multiplier: 0.4782969000000001, wd_multiplier: 0.0
I20260720 21:16:40 540231 dinov2 param_groups.py:87] blocks.1.5.attn.proj.weight: lr_multiplier: 0.4782969000000001, wd_multiplier: 1.0
I20260720 21:16:40 540231 dinov2 param_groups.py:87] blocks.1.5.attn.proj.bias: lr_multiplier: 0.4782969000000001, wd_multiplier: 0.0
I20260720 21:16:40 540231 dinov2 param_groups.py:87] blocks.1.5.ls1.gamma: lr_multiplier: 0.4782969000000001, wd_multiplier: 0.0
I20260720 21:16:40 540231 dinov2 param_groups.py:87] blocks.1.5.norm2.weight: lr_multiplier: 0.4782969000000001, wd_multiplier: 0.0
I20260720 21:16:40 540231 dinov2 param_groups.py:87] blocks.1.5.norm2.bias: lr_multiplier: 0.4782969000000001, wd_multiplier: 0.0
I20260720 21:16:40 540231 dinov2 param_groups.py:87] blocks.1.5.mlp.fc1.weight: lr_multiplier: 0.4782969000000001, wd_multiplier: 1.0
I20260720 21:16:40 540231 dinov2 param_groups.py:87] blocks.1.5.mlp.fc1.bias: lr_multiplier: 0.4782969000000001, wd_multiplier: 0.0
I20260720 21:16:40 540231 dinov2 param_groups.py:87] blocks.1.5.mlp.fc2.weight: lr_multiplier: 0.4782969000000001, wd_multiplier: 1.0
I20260720 21:16:40 540231 dinov2 param_groups.py:87] blocks.1.5.mlp.fc2.bias: lr_multiplier: 0.4782969000000001, wd_multiplier: 0.0
I20260720 21:16:40 540231 dinov2 param_groups.py:87] blocks.1.5.ls2.gamma: lr_multiplier: 0.4782969000000001, wd_multiplier: 0.0
I20260720 21:16:40 540231 dinov2 param_groups.py:87] blocks.2.6.norm1.weight: lr_multiplier: 0.531441, wd_multiplier: 0.0
I20260720 21:16:40 540231 dinov2 param_groups.py:87] blocks.2.6.norm1.bias: lr_multiplier: 0.531441, wd_multiplier: 0.0
I20260720 21:16:40 540231 dinov2 param_groups.py:87] blocks.2.6.attn.qkv.weight: lr_multiplier: 0.531441, wd_multiplier: 1.0
I20260720 21:16:40 540231 dinov2 param_groups.py:87] blocks.2.6.attn.qkv.bias: lr_multiplier: 0.531441, wd_multiplier: 0.0
I20260720 21:16:40 540231 dinov2 param_groups.py:87] blocks.2.6.attn.proj.weight: lr_multiplier: 0.531441, wd_multiplier: 1.0
I20260720 21:16:40 540231 dinov2 param_groups.py:87] blocks.2.6.attn.proj.bias: lr_multiplier: 0.531441, wd_multiplier: 0.0
I20260720 21:16:40 540231 dinov2 param_groups.py:87] blocks.2.6.ls1.gamma: lr_multiplier: 0.531441, wd_multiplier: 0.0
I20260720 21:16:40 540231 dinov2 param_groups.py:87] blocks.2.6.norm2.weight: lr_multiplier: 0.531441, wd_multiplier: 0.0
I20260720 21:16:40 540231 dinov2 param_groups.py:87] blocks.2.6.norm2.bias: lr_multiplier: 0.531441, wd_multiplier: 0.0
I20260720 21:16:40 540231 dinov2 param_groups.py:87] blocks.2.6.mlp.fc1.weight: lr_multiplier: 0.531441, wd_multiplier: 1.0
I20260720 21:16:40 540231 dinov2 param_groups.py:87] blocks.2.6.mlp.fc1.bias: lr_multiplier: 0.531441, wd_multiplier: 0.0
I20260720 21:16:40 540231 dinov2 param_groups.py:87] blocks.2.6.mlp.fc2.weight: lr_multiplier: 0.531441, wd_multiplier: 1.0
I20260720 21:16:40 540231 dinov2 param_groups.py:87] blocks.2.6.mlp.fc2.bias: lr_multiplier: 0.531441, wd_multiplier: 0.0
I20260720 21:16:40 540231 dinov2 param_groups.py:87] blocks.2.6.ls2.gamma: lr_multiplier: 0.531441, wd_multiplier: 0.0
I20260720 21:16:40 540231 dinov2 param_groups.py:87] blocks.2.7.norm1.weight: lr_multiplier: 0.5904900000000001, wd_multiplier: 0.0
I20260720 21:16:40 540231 dinov2 param_groups.py:87] blocks.2.7.norm1.bias: lr_multiplier: 0.5904900000000001, wd_multiplier: 0.0
I20260720 21:16:40 540231 dinov2 param_groups.py:87] blocks.2.7.attn.qkv.weight: lr_multiplier: 0.5904900000000001, wd_multiplier: 1.0
I20260720 21:16:40 540231 dinov2 param_groups.py:87] blocks.2.7.attn.qkv.bias: lr_multiplier: 0.5904900000000001, wd_multiplier: 0.0
I20260720 21:16:40 540231 dinov2 param_groups.py:87] blocks.2.7.attn.proj.weight: lr_multiplier: 0.5904900000000001, wd_multiplier: 1.0
I20260720 21:16:40 540231 dinov2 param_groups.py:87] blocks.2.7.attn.proj.bias: lr_multiplier: 0.5904900000000001, wd_multiplier: 0.0
I20260720 21:16:40 540231 dinov2 param_groups.py:87] blocks.2.7.ls1.gamma: lr_multiplier: 0.5904900000000001, wd_multiplier: 0.0
I20260720 21:16:40 540231 dinov2 param_groups.py:87] blocks.2.7.norm2.weight: lr_multiplier: 0.5904900000000001, wd_multiplier: 0.0
I20260720 21:16:40 540231 dinov2 param_groups.py:87] blocks.2.7.norm2.bias: lr_multiplier: 0.5904900000000001, wd_multiplier: 0.0
I20260720 21:16:40 540231 dinov2 param_groups.py:87] blocks.2.7.mlp.fc1.weight: lr_multiplier: 0.5904900000000001, wd_multiplier: 1.0
I20260720 21:16:40 540231 dinov2 param_groups.py:87] blocks.2.7.mlp.fc1.bias: lr_multiplier: 0.5904900000000001, wd_multiplier: 0.0
I20260720 21:16:40 540231 dinov2 param_groups.py:87] blocks.2.7.mlp.fc2.weight: lr_multiplier: 0.5904900000000001, wd_multiplier: 1.0
I20260720 21:16:40 540231 dinov2 param_groups.py:87] blocks.2.7.mlp.fc2.bias: lr_multiplier: 0.5904900000000001, wd_multiplier: 0.0
I20260720 21:16:40 540231 dinov2 param_groups.py:87] blocks.2.7.ls2.gamma: lr_multiplier: 0.5904900000000001, wd_multiplier: 0.0
I20260720 21:16:40 540231 dinov2 param_groups.py:87] blocks.2.8.norm1.weight: lr_multiplier: 0.6561, wd_multiplier: 0.0
I20260720 21:16:40 540231 dinov2 param_groups.py:87] blocks.2.8.norm1.bias: lr_multiplier: 0.6561, wd_multiplier: 0.0
I20260720 21:16:40 540231 dinov2 param_groups.py:87] blocks.2.8.attn.qkv.weight: lr_multiplier: 0.6561, wd_multiplier: 1.0
I20260720 21:16:40 540231 dinov2 param_groups.py:87] blocks.2.8.attn.qkv.bias: lr_multiplier: 0.6561, wd_multiplier: 0.0
I20260720 21:16:40 540231 dinov2 param_groups.py:87] blocks.2.8.attn.proj.weight: lr_multiplier: 0.6561, wd_multiplier: 1.0
I20260720 21:16:40 540231 dinov2 param_groups.py:87] blocks.2.8.attn.proj.bias: lr_multiplier: 0.6561, wd_multiplier: 0.0
I20260720 21:16:40 540231 dinov2 param_groups.py:87] blocks.2.8.ls1.gamma: lr_multiplier: 0.6561, wd_multiplier: 0.0
I20260720 21:16:40 540231 dinov2 param_groups.py:87] blocks.2.8.norm2.weight: lr_multiplier: 0.6561, wd_multiplier: 0.0
I20260720 21:16:40 540231 dinov2 param_groups.py:87] blocks.2.8.norm2.bias: lr_multiplier: 0.6561, wd_multiplier: 0.0
I20260720 21:16:40 540231 dinov2 param_groups.py:87] blocks.2.8.mlp.fc1.weight: lr_multiplier: 0.6561, wd_multiplier: 1.0
I20260720 21:16:40 540231 dinov2 param_groups.py:87] blocks.2.8.mlp.fc1.bias: lr_multiplier: 0.6561, wd_multiplier: 0.0
I20260720 21:16:40 540231 dinov2 param_groups.py:87] blocks.2.8.mlp.fc2.weight: lr_multiplier: 0.6561, wd_multiplier: 1.0
I20260720 21:16:40 540231 dinov2 param_groups.py:87] blocks.2.8.mlp.fc2.bias: lr_multiplier: 0.6561, wd_multiplier: 0.0
I20260720 21:16:40 540231 dinov2 param_groups.py:87] blocks.2.8.ls2.gamma: lr_multiplier: 0.6561, wd_multiplier: 0.0
I20260720 21:16:40 540231 dinov2 param_groups.py:87] blocks.3.9.norm1.weight: lr_multiplier: 0.7290000000000001, wd_multiplier: 0.0
I20260720 21:16:40 540231 dinov2 param_groups.py:87] blocks.3.9.norm1.bias: lr_multiplier: 0.7290000000000001, wd_multiplier: 0.0
I20260720 21:16:40 540231 dinov2 param_groups.py:87] blocks.3.9.attn.qkv.weight: lr_multiplier: 0.7290000000000001, wd_multiplier: 1.0
I20260720 21:16:40 540231 dinov2 param_groups.py:87] blocks.3.9.attn.qkv.bias: lr_multiplier: 0.7290000000000001, wd_multiplier: 0.0
I20260720 21:16:40 540231 dinov2 param_groups.py:87] blocks.3.9.attn.proj.weight: lr_multiplier: 0.7290000000000001, wd_multiplier: 1.0
I20260720 21:16:40 540231 dinov2 param_groups.py:87] blocks.3.9.attn.proj.bias: lr_multiplier: 0.7290000000000001, wd_multiplier: 0.0
I20260720 21:16:40 540231 dinov2 param_groups.py:87] blocks.3.9.ls1.gamma: lr_multiplier: 0.7290000000000001, wd_multiplier: 0.0
I20260720 21:16:40 540231 dinov2 param_groups.py:87] blocks.3.9.norm2.weight: lr_multiplier: 0.7290000000000001, wd_multiplier: 0.0
I20260720 21:16:40 540231 dinov2 param_groups.py:87] blocks.3.9.norm2.bias: lr_multiplier: 0.7290000000000001, wd_multiplier: 0.0
I20260720 21:16:40 540231 dinov2 param_groups.py:87] blocks.3.9.mlp.fc1.weight: lr_multiplier: 0.7290000000000001, wd_multiplier: 1.0
I20260720 21:16:40 540231 dinov2 param_groups.py:87] blocks.3.9.mlp.fc1.bias: lr_multiplier: 0.7290000000000001, wd_multiplier: 0.0
I20260720 21:16:40 540231 dinov2 param_groups.py:87] blocks.3.9.mlp.fc2.weight: lr_multiplier: 0.7290000000000001, wd_multiplier: 1.0
I20260720 21:16:40 540231 dinov2 param_groups.py:87] blocks.3.9.mlp.fc2.bias: lr_multiplier: 0.7290000000000001, wd_multiplier: 0.0
I20260720 21:16:40 540231 dinov2 param_groups.py:87] blocks.3.9.ls2.gamma: lr_multiplier: 0.7290000000000001, wd_multiplier: 0.0
I20260720 21:16:40 540231 dinov2 param_groups.py:87] blocks.3.10.norm1.weight: lr_multiplier: 0.81, wd_multiplier: 0.0
I20260720 21:16:40 540231 dinov2 param_groups.py:87] blocks.3.10.norm1.bias: lr_multiplier: 0.81, wd_multiplier: 0.0
I20260720 21:16:40 540231 dinov2 param_groups.py:87] blocks.3.10.attn.qkv.weight: lr_multiplier: 0.81, wd_multiplier: 1.0
I20260720 21:16:40 540231 dinov2 param_groups.py:87] blocks.3.10.attn.qkv.bias: lr_multiplier: 0.81, wd_multiplier: 0.0
I20260720 21:16:40 540231 dinov2 param_groups.py:87] blocks.3.10.attn.proj.weight: lr_multiplier: 0.81, wd_multiplier: 1.0
I20260720 21:16:40 540231 dinov2 param_groups.py:87] blocks.3.10.attn.proj.bias: lr_multiplier: 0.81, wd_multiplier: 0.0
I20260720 21:16:40 540231 dinov2 param_groups.py:87] blocks.3.10.ls1.gamma: lr_multiplier: 0.81, wd_multiplier: 0.0
I20260720 21:16:40 540231 dinov2 param_groups.py:87] blocks.3.10.norm2.weight: lr_multiplier: 0.81, wd_multiplier: 0.0
I20260720 21:16:40 540231 dinov2 param_groups.py:87] blocks.3.10.norm2.bias: lr_multiplier: 0.81, wd_multiplier: 0.0
I20260720 21:16:40 540231 dinov2 param_groups.py:87] blocks.3.10.mlp.fc1.weight: lr_multiplier: 0.81, wd_multiplier: 1.0
I20260720 21:16:40 540231 dinov2 param_groups.py:87] blocks.3.10.mlp.fc1.bias: lr_multiplier: 0.81, wd_multiplier: 0.0
I20260720 21:16:40 540231 dinov2 param_groups.py:87] blocks.3.10.mlp.fc2.weight: lr_multiplier: 0.81, wd_multiplier: 1.0
I20260720 21:16:40 540231 dinov2 param_groups.py:87] blocks.3.10.mlp.fc2.bias: lr_multiplier: 0.81, wd_multiplier: 0.0
I20260720 21:16:40 540231 dinov2 param_groups.py:87] blocks.3.10.ls2.gamma: lr_multiplier: 0.81, wd_multiplier: 0.0
I20260720 21:16:40 540231 dinov2 param_groups.py:87] blocks.3.11.norm1.weight: lr_multiplier: 0.9, wd_multiplier: 0.0
I20260720 21:16:40 540231 dinov2 param_groups.py:87] blocks.3.11.norm1.bias: lr_multiplier: 0.9, wd_multiplier: 0.0
I20260720 21:16:40 540231 dinov2 param_groups.py:87] blocks.3.11.attn.qkv.weight: lr_multiplier: 0.9, wd_multiplier: 1.0
I20260720 21:16:40 540231 dinov2 param_groups.py:87] blocks.3.11.attn.qkv.bias: lr_multiplier: 0.9, wd_multiplier: 0.0
I20260720 21:16:40 540231 dinov2 param_groups.py:87] blocks.3.11.attn.proj.weight: lr_multiplier: 0.9, wd_multiplier: 1.0
I20260720 21:16:40 540231 dinov2 param_groups.py:87] blocks.3.11.attn.proj.bias: lr_multiplier: 0.9, wd_multiplier: 0.0
I20260720 21:16:40 540231 dinov2 param_groups.py:87] blocks.3.11.ls1.gamma: lr_multiplier: 0.9, wd_multiplier: 0.0
I20260720 21:16:40 540231 dinov2 param_groups.py:87] blocks.3.11.norm2.weight: lr_multiplier: 0.9, wd_multiplier: 0.0
I20260720 21:16:40 540231 dinov2 param_groups.py:87] blocks.3.11.norm2.bias: lr_multiplier: 0.9, wd_multiplier: 0.0
I20260720 21:16:40 540231 dinov2 param_groups.py:87] blocks.3.11.mlp.fc1.weight: lr_multiplier: 0.9, wd_multiplier: 1.0
I20260720 21:16:40 540231 dinov2 param_groups.py:87] blocks.3.11.mlp.fc1.bias: lr_multiplier: 0.9, wd_multiplier: 0.0
I20260720 21:16:40 540231 dinov2 param_groups.py:87] blocks.3.11.mlp.fc2.weight: lr_multiplier: 0.9, wd_multiplier: 1.0
I20260720 21:16:40 540231 dinov2 param_groups.py:87] blocks.3.11.mlp.fc2.bias: lr_multiplier: 0.9, wd_multiplier: 0.0
I20260720 21:16:40 540231 dinov2 param_groups.py:87] blocks.3.11.ls2.gamma: lr_multiplier: 0.9, wd_multiplier: 0.0
I20260720 21:16:40 540231 dinov2 param_groups.py:87] norm.weight: lr_multiplier: 1.0, wd_multiplier: 0.0
I20260720 21:16:40 540231 dinov2 param_groups.py:87] norm.bias: lr_multiplier: 1.0, wd_multiplier: 0.0
I20260720 21:16:40 540231 dinov2 ssl_meta_arch.py:384] fusing param groups
I20260720 21:16:40 540231 dinov2 param_groups.py:64] else code branch
I20260720 21:16:40 540231 dinov2 param_groups.py:87] mlp.0.weight: lr_multiplier: 1.0, wd_multiplier: 1.0
I20260720 21:16:40 540231 dinov2 param_groups.py:87] mlp.0.bias: lr_multiplier: 1.0, wd_multiplier: 0.0
I20260720 21:16:40 540231 dinov2 param_groups.py:87] mlp.2.weight: lr_multiplier: 1.0, wd_multiplier: 1.0
I20260720 21:16:40 540231 dinov2 param_groups.py:87] mlp.2.bias: lr_multiplier: 1.0, wd_multiplier: 0.0
I20260720 21:16:40 540231 dinov2 param_groups.py:87] mlp.4.weight: lr_multiplier: 1.0, wd_multiplier: 1.0
I20260720 21:16:40 540231 dinov2 param_groups.py:87] mlp.4.bias: lr_multiplier: 1.0, wd_multiplier: 0.0
I20260720 21:16:40 540231 dinov2 param_groups.py:87] last_layer.weight_g: lr_multiplier: 1.0, wd_multiplier: 1.0
I20260720 21:16:40 540231 dinov2 param_groups.py:87] last_layer.weight_v: lr_multiplier: 1.0, wd_multiplier: 1.0
I20260720 21:16:40 540231 dinov2 ssl_meta_arch.py:384] fusing param groups
I20260720 21:16:40 540231 dinov2 train.py:114] Schedulers ready.
W20260720 21:16:40 540231 py.warnings warnings.py:109] /sci/labs/arieljaffe/dan.abergel1/torch_env/lib/python3.11/site-packages/torch/distributed/fsdp/fully_sharded_data_parallel.py:822: FutureWarning: FSDP.state_dict_type() and FSDP.set_state_dict_type() are being deprecated. Please use APIs, get_state_dict() and set_state_dict(), which can support different parallelisms, FSDP1, FSDP2, DDP. API doc: https://pytorch.org/docs/stable/distributed.checkpoint.html#torch.distributed.checkpoint.state_dict.get_state_dict .Tutorial: https://pytorch.org/tutorials/recipes/distributed_checkpoint_recipe.html .
  prev_state_dict_settings = FullyShardedDataParallel.set_state_dict_type(

I20260720 21:16:40 540231 fvcore.common.checkpoint checkpoint.py:148] No checkpoint found. Initializing model from scratch
W20260720 21:16:40 540231 py.warnings warnings.py:109] /sci/labs/arieljaffe/dan.abergel1/torch_env/lib/python3.11/site-packages/torch/distributed/fsdp/fully_sharded_data_parallel.py:829: FutureWarning: FSDP.state_dict_type() and FSDP.set_state_dict_type() are being deprecated. Please use APIs, get_state_dict() and set_state_dict(), which can support different parallelisms, FSDP1, FSDP2, DDP. API doc: https://pytorch.org/docs/stable/distributed.checkpoint.html#torch.distributed.checkpoint.state_dict.get_state_dict .Tutorial: https://pytorch.org/tutorials/recipes/distributed_checkpoint_recipe.html .
  FullyShardedDataParallel.set_state_dict_type(

I20260720 21:16:40 540231 dinov2 augmentations.py:35] ###################################
I20260720 21:16:40 540231 dinov2 augmentations.py:36] Using data augmentation parameters:
I20260720 21:16:40 540231 dinov2 augmentations.py:37] global_crops_scale: [0.32, 1.0]
I20260720 21:16:40 540231 dinov2 augmentations.py:38] local_crops_scale: [0.05, 0.32]
I20260720 21:16:40 540231 dinov2 augmentations.py:39] local_crops_number: 8
I20260720 21:16:40 540231 dinov2 augmentations.py:40] global_crops_size: 224
I20260720 21:16:40 540231 dinov2 augmentations.py:41] local_crops_size: 96
I20260720 21:16:40 540231 dinov2 augmentations.py:42] ###################################
I20260720 21:16:40 540231 dinov2 loaders.py:96] using dataset: "ImageFolder:root=/sci/labs/arieljaffe/dan.abergel1/brain2d"
I20260720 21:16:42 540231 dinov2 image_folder.py:47] IMAGENETTE_OVERFIT_N=1: OVERFIT MODE -- keeping 1 images:
I20260720 21:16:42 540231 dinov2 image_folder.py:49]     class 0  /sci/labs/arieljaffe/dan.abergel1/brain2d/HCP/subject_100206_rfMRI_REST1_LR_downsampled.png
I20260720 21:16:42 540231 dinov2 image_folder.py:51] ImageFolder: 1 images at /sci/labs/arieljaffe/dan.abergel1/brain2d
I20260720 21:16:42 540231 dinov2 loaders.py:101] # of dataset samples: 1
I20260720 21:16:42 540231 dinov2 loaders.py:134] sampler: sharded infinite
I20260720 21:16:42 540231 dinov2 loaders.py:218] using PyTorch data loader
I20260720 21:16:42 540231 dinov2 loaders.py:233] infinite data loader
I20260720 21:16:42 540231 dinov2 train.py:238] Starting training from iteration 0
I20260720 21:17:19 540231 dinov2 helpers.py:102] Training  [    0/10000]  eta: 4 days, 3:23:51  lr: 0.0000 (0.0000)  wd: 0.0400 (0.0400)  mom: 0.9920 (0.9920)  last_layer_lr: 0.0000 (0.0000)  current_batch_size: 32.0000 (32.0000)  total_loss: 5.0719 (5.0719)  dino_local_crops_loss: 3.4114 (3.4114)  dino_global_crops_loss: 0.4264 (0.4264)  ibot_loss: 1.2341 (1.2341)  time: 35.783108  data: 3.799293  max mem: 3601
I20260720 21:17:21 540231 dinov2 helpers.py:102] Training  [   10/10000]  eta: 9:33:59  lr: 0.0001 (0.0001)  wd: 0.0400 (0.0400)  mom: 0.9920 (0.9920)  last_layer_lr: 0.0001 (0.0001)  current_batch_size: 32.0000 (32.0000)  total_loss: 4.8252 (4.8535)  dino_local_crops_loss: 3.3246 (3.3145)  dino_global_crops_loss: 0.4156 (0.4143)  ibot_loss: 1.1539 (1.1246)  time: 3.447359  data: 0.345659  max mem: 3809
I20260720 21:17:22 540231 dinov2 helpers.py:102] Training  [   20/10000]  eta: 5:06:56  lr: 0.0002 (0.0002)  wd: 0.0400 (0.0400)  mom: 0.9920 (0.9920)  last_layer_lr: 0.0002 (0.0002)  current_batch_size: 32.0000 (32.0000)  total_loss: 4.7739 (4.8039)  dino_local_crops_loss: 3.4576 (3.4095)  dino_global_crops_loss: 0.4322 (0.4261)  ibot_loss: 0.9676 (0.9682)  time: 0.148411  data: 0.000437  max mem: 3809
I20260720 21:17:22 540231 dinov2 helpers.py:102] Training  [   30/10000]  eta: 3:32:26  lr: 0.0004 (0.0003)  wd: 0.0400 (0.0400)  mom: 0.9920 (0.9920)  last_layer_lr: 0.0004 (0.0003)  current_batch_size: 32.0000 (32.0000)  total_loss: 4.7279 (4.7768)  dino_local_crops_loss: 3.5502 (3.4988)  dino_global_crops_loss: 0.4433 (0.4373)  ibot_loss: 0.6381 (0.8407)  time: 0.085587  data: 0.000539  max mem: 3809
I20260720 21:17:23 540231 dinov2 helpers.py:102] Training  [   40/10000]  eta: 2:43:59  lr: 0.0005 (0.0004)  wd: 0.0400 (0.0400)  mom: 0.9920 (0.9920)  last_layer_lr: 0.0005 (0.0004)  current_batch_size: 32.0000 (32.0000)  total_loss: 4.8545 (4.8275)  dino_local_crops_loss: 3.8522 (3.6336)  dino_global_crops_loss: 0.4817 (0.4542)  ibot_loss: 0.5135 (0.7397)  time: 0.087566  data: 0.000430  max mem: 3809
I20260720 21:17:24 540231 dinov2 helpers.py:102] Training  [   50/10000]  eta: 2:14:35  lr: 0.0007 (0.0004)  wd: 0.0400 (0.0400)  mom: 0.9920 (0.9920)  last_layer_lr: 0.0007 (0.0004)  current_batch_size: 32.0000 (32.0000)  total_loss: 4.9898 (4.8585)  dino_local_crops_loss: 4.1310 (3.7347)  dino_global_crops_loss: 0.5164 (0.4668)  ibot_loss: 0.3625 (0.6570)  time: 0.088016  data: 0.000359  max mem: 3809
I20260720 21:17:25 540231 dinov2 helpers.py:102] Training  [   60/10000]  eta: 1:54:52  lr: 0.0009 (0.0005)  wd: 0.0400 (0.0400)  mom: 0.9920 (0.9920)  last_layer_lr: 0.0009 (0.0005)  current_batch_size: 32.0000 (32.0000)  total_loss: 4.9102 (4.8607)  dino_local_crops_loss: 4.0970 (3.7894)  dino_global_crops_loss: 0.5121 (0.4737)  ibot_loss: 0.3143 (0.5976)  time: 0.089702  data: 0.000397  max mem: 3809
I20260720 21:17:26 540231 dinov2 helpers.py:102] Training  [   70/10000]  eta: 1:40:38  lr: 0.0011 (0.0006)  wd: 0.0400 (0.0400)  mom: 0.9920 (0.9920)  last_layer_lr: 0.0011 (0.0006)  current_batch_size: 32.0000 (32.0000)  total_loss: 4.8866 (4.8649)  dino_local_crops_loss: 4.0649 (3.8288)  dino_global_crops_loss: 0.5081 (0.4786)  ibot_loss: 0.3062 (0.5576)  time: 0.088992  data: 0.000413  max mem: 3809
I20260720 21:17:27 540231 dinov2 helpers.py:102] Training  [   80/10000]  eta: 1:29:52  lr: 0.0012 (0.0007)  wd: 0.0400 (0.0400)  mom: 0.9920 (0.9920)  last_layer_lr: 0.0012 (0.0007)  current_batch_size: 32.0000 (32.0000)  total_loss: 4.9108 (4.8772)  dino_local_crops_loss: 4.0891 (3.8648)  dino_global_crops_loss: 0.5112 (0.4831)  ibot_loss: 0.3155 (0.5293)  time: 0.086862  data: 0.000345  max mem: 3809
I20260720 21:17:28 540231 dinov2 helpers.py:102] Training  [   90/10000]  eta: 1:21:27  lr: 0.0014 (0.0008)  wd: 0.0401 (0.0400)  mom: 0.9920 (0.9920)  last_layer_lr: 0.0014 (0.0008)  current_batch_size: 32.0000 (32.0000)  total_loss: 4.9934 (4.8935)  dino_local_crops_loss: 4.1446 (3.8981)  dino_global_crops_loss: 0.5181 (0.4873)  ibot_loss: 0.3257 (0.5081)  time: 0.085571  data: 0.000348  max mem: 3809
I20260720 21:17:29 540231 dinov2 helpers.py:102] Training  [  100/10000]  eta: 1:14:41  lr: 0.0016 (0.0009)  wd: 0.0401 (0.0400)  mom: 0.9920 (0.9920)  last_layer_lr: 0.0016 (0.0009)  current_batch_size: 32.0000 (32.0000)  total_loss: 5.0574 (4.9139)  dino_local_crops_loss: 4.1843 (3.9280)  dino_global_crops_loss: 0.5230 (0.4910)  ibot_loss: 0.3431 (0.4949)  time: 0.084156  data: 0.000390  max mem: 3809
I20260720 21:17:29 540231 dinov2 helpers.py:102] Training  [  110/10000]  eta: 1:09:12  lr: 0.0018 (0.0010)  wd: 0.0401 (0.0400)  mom: 0.9920 (0.9920)  last_layer_lr: 0.0018 (0.0010)  current_batch_size: 32.0000 (32.0000)  total_loss: 5.1420 (4.9378)  dino_local_crops_loss: 4.2128 (3.9548)  dino_global_crops_loss: 0.5266 (0.4944)  ibot_loss: 0.4008 (0.4885)  time: 0.085810  data: 0.000787  max mem: 3809
I20260720 21:17:30 540231 dinov2 helpers.py:102] Training  [  120/10000]  eta: 1:04:38  lr: 0.0018 (0.0010)  wd: 0.0401 (0.0400)  mom: 0.9920 (0.9920)  last_layer_lr: 0.0018 (0.0010)  current_batch_size: 32.0000 (32.0000)  total_loss: 5.2096 (4.9631)  dino_local_crops_loss: 4.2359 (3.9788)  dino_global_crops_loss: 0.5295 (0.4974)  ibot_loss: 0.4467 (0.4870)  time: 0.089290  data: 0.000840  max mem: 3809
I20260720 21:17:31 540231 dinov2 helpers.py:102] Training  [  130/10000]  eta: 1:00:41  lr: 0.0018 (0.0011)  wd: 0.0401 (0.0401)  mom: 0.9920 (0.9920)  last_layer_lr: 0.0018 (0.0011)  current_batch_size: 32.0000 (32.0000)  total_loss: 5.2738 (4.9905)  dino_local_crops_loss: 4.2526 (4.0003)  dino_global_crops_loss: 0.5316 (0.5001)  ibot_loss: 0.4885 (0.4902)  time: 0.086792  data: 0.000414  max mem: 3809
I20260720 21:17:32 540231 dinov2 helpers.py:102] Training  [  140/10000]  eta: 0:57:19  lr: 0.0018 (0.0011)  wd: 0.0402 (0.0401)  mom: 0.9920 (0.9920)  last_layer_lr: 0.0018 (0.0011)  current_batch_size: 32.0000 (32.0000)  total_loss: 5.3396 (5.0166)  dino_local_crops_loss: 4.2665 (4.0195)  dino_global_crops_loss: 0.5333 (0.5025)  ibot_loss: 0.5354 (0.4946)  time: 0.084243  data: 0.000357  max mem: 3809
I20260720 21:17:33 540231 dinov2 helpers.py:102] Training  [  150/10000]  eta: 0:54:21  lr: 0.0018 (0.0012)  wd: 0.0402 (0.0401)  mom: 0.9920 (0.9920)  last_layer_lr: 0.0018 (0.0012)  current_batch_size: 32.0000 (32.0000)  total_loss: 5.3893 (5.0438)  dino_local_crops_loss: 4.2774 (4.0369)  dino_global_crops_loss: 0.5347 (0.5046)  ibot_loss: 0.5759 (0.5023)  time: 0.083322  data: 0.000389  max mem: 3809
I20260720 21:17:34 540231 dinov2 helpers.py:102] Training  [  160/10000]  eta: 0:51:48  lr: 0.0018 (0.0012)  wd: 0.0402 (0.0401)  mom: 0.9920 (0.9920)  last_layer_lr: 0.0018 (0.0012)  current_batch_size: 32.0000 (32.0000)  total_loss: 5.4430 (5.0706)  dino_local_crops_loss: 4.2832 (4.0525)  dino_global_crops_loss: 0.5354 (0.5066)  ibot_loss: 0.6292 (0.5116)  time: 0.083549  data: 0.000380  max mem: 3809
I20260720 21:17:35 540231 dinov2 helpers.py:102] Training  [  170/10000]  eta: 0:49:31  lr: 0.0018 (0.0013)  wd: 0.0402 (0.0401)  mom: 0.9920 (0.9920)  last_layer_lr: 0.0018 (0.0013)  current_batch_size: 32.0000 (32.0000)  total_loss: 5.4972 (5.0962)  dino_local_crops_loss: 4.2910 (4.0666)  dino_global_crops_loss: 0.5364 (0.5083)  ibot_loss: 0.6684 (0.5213)  time: 0.084359  data: 0.000339  max mem: 3809
I20260720 21:17:35 540231 dinov2 helpers.py:102] Training  [  180/10000]  eta: 0:47:30  lr: 0.0018 (0.0013)  wd: 0.0403 (0.0401)  mom: 0.9920 (0.9920)  last_layer_lr: 0.0018 (0.0013)  current_batch_size: 32.0000 (32.0000)  total_loss: 5.5280 (5.1219)  dino_local_crops_loss: 4.2963 (4.0794)  dino_global_crops_loss: 0.5371 (0.5099)  ibot_loss: 0.6960 (0.5325)  time: 0.083598  data: 0.000323  max mem: 3809
I20260720 21:17:36 540231 dinov2 helpers.py:102] Training  [  190/10000]  eta: 0:45:40  lr: 0.0018 (0.0013)  wd: 0.0403 (0.0401)  mom: 0.9920 (0.9920)  last_layer_lr: 0.0018 (0.0013)  current_batch_size: 32.0000 (32.0000)  total_loss: 5.5720 (5.1452)  dino_local_crops_loss: 4.2993 (4.0910)  dino_global_crops_loss: 0.5374 (0.5114)  ibot_loss: 0.7333 (0.5427)  time: 0.083618  data: 0.000628  max mem: 3809
I20260720 21:17:37 540231 dinov2 helpers.py:102] Training  [  200/10000]  eta: 0:44:05  lr: 0.0018 (0.0013)  wd: 0.0403 (0.0401)  mom: 0.9920 (0.9920)  last_layer_lr: 0.0018 (0.0013)  current_batch_size: 32.0000 (32.0000)  total_loss: 5.5720 (5.1662)  dino_local_crops_loss: 4.3030 (4.1017)  dino_global_crops_loss: 0.5379 (0.5127)  ibot_loss: 0.7333 (0.5519)  time: 0.086001  data: 0.000629  max mem: 3809
I20260720 21:17:38 540231 dinov2 helpers.py:102] Training  [  210/10000]  eta: 0:42:37  lr: 0.0018 (0.0013)  wd: 0.0404 (0.0401)  mom: 0.9920 (0.9920)  last_layer_lr: 0.0018 (0.0013)  current_batch_size: 32.0000 (32.0000)  total_loss: 5.5941 (5.1880)  dino_local_crops_loss: 4.3066 (4.1114)  dino_global_crops_loss: 0.5383 (0.5139)  ibot_loss: 0.7488 (0.5626)  time: 0.087939  data: 0.000317  max mem: 3809
I20260720 21:17:39 540231 dinov2 helpers.py:102] Training  [  220/10000]  eta: 0:41:17  lr: 0.0018 (0.0014)  wd: 0.0404 (0.0401)  mom: 0.9920 (0.9920)  last_layer_lr: 0.0018 (0.0014)  current_batch_size: 32.0000 (32.0000)  total_loss: 5.6172 (5.2077)  dino_local_crops_loss: 4.3083 (4.1204)  dino_global_crops_loss: 0.5386 (0.5151)  ibot_loss: 0.7711 (0.5723)  time: 0.086198  data: 0.000361  max mem: 3809
I20260720 21:17:40 540231 dinov2 helpers.py:102] Training  [  230/10000]  eta: 0:40:04  lr: 0.0018 (0.0014)  wd: 0.0404 (0.0402)  mom: 0.9920 (0.9920)  last_layer_lr: 0.0018 (0.0014)  current_batch_size: 32.0000 (32.0000)  total_loss: 5.6235 (5.2262)  dino_local_crops_loss: 4.3100 (4.1286)  dino_global_crops_loss: 0.5388 (0.5161)  ibot_loss: 0.7745 (0.5815)  time: 0.085961  data: 0.000647  max mem: 3809
I20260720 21:17:41 540231 dinov2 helpers.py:102] Training  [  240/10000]  eta: 0:38:56  lr: 0.0018 (0.0014)  wd: 0.0405 (0.0402)  mom: 0.9920 (0.9920)  last_layer_lr: 0.0018 (0.0014)  current_batch_size: 32.0000 (32.0000)  total_loss: 5.6238 (5.2428)  dino_local_crops_loss: 4.3106 (4.1362)  dino_global_crops_loss: 0.5388 (0.5170)  ibot_loss: 0.7745 (0.5896)  time: 0.085828  data: 0.000622  max mem: 3809
I20260720 21:17:41 540231 dinov2 helpers.py:102] Training  [  250/10000]  eta: 0:37:54  lr: 0.0018 (0.0014)  wd: 0.0405 (0.0402)  mom: 0.9920 (0.9920)  last_layer_lr: 0.0018 (0.0014)  current_batch_size: 32.0000 (32.0000)  total_loss: 5.6238 (5.2581)  dino_local_crops_loss: 4.3115 (4.1432)  dino_global_crops_loss: 0.5389 (0.5179)  ibot_loss: 0.7743 (0.5970)  time: 0.085782  data: 0.000363  max mem: 3809
I20260720 21:17:42 540231 dinov2 helpers.py:102] Training  [  260/10000]  eta: 0:36:57  lr: 0.0018 (0.0014)  wd: 0.0406 (0.0402)  mom: 0.9920 (0.9920)  last_layer_lr: 0.0018 (0.0014)  current_batch_size: 32.0000 (32.0000)  total_loss: 5.6338 (5.2739)  dino_local_crops_loss: 4.3121 (4.1497)  dino_global_crops_loss: 0.5390 (0.5187)  ibot_loss: 0.7834 (0.6055)  time: 0.086402  data: 0.000381  max mem: 3809
I20260720 21:17:43 540231 dinov2 helpers.py:102] Training  [  270/10000]  eta: 0:36:04  lr: 0.0018 (0.0014)  wd: 0.0406 (0.0402)  mom: 0.9920 (0.9920)  last_layer_lr: 0.0018 (0.0014)  current_batch_size: 32.0000 (32.0000)  total_loss: 5.6604 (5.2885)  dino_local_crops_loss: 4.3125 (4.1557)  dino_global_crops_loss: 0.5391 (0.5195)  ibot_loss: 0.8092 (0.6134)  time: 0.086033  data: 0.000410  max mem: 3809
I20260720 21:17:44 540231 dinov2 helpers.py:102] Training  [  280/10000]  eta: 0:35:14  lr: 0.0018 (0.0015)  wd: 0.0406 (0.0402)  mom: 0.9920 (0.9920)  last_layer_lr: 0.0018 (0.0015)  current_batch_size: 32.0000 (32.0000)  total_loss: 5.6604 (5.3021)  dino_local_crops_loss: 4.3125 (4.1612)  dino_global_crops_loss: 0.5391 (0.5202)  ibot_loss: 0.8092 (0.6207)  time: 0.086021  data: 0.000396  max mem: 3809
I20260720 21:17:45 540231 dinov2 helpers.py:102] Training  [  290/10000]  eta: 0:34:29  lr: 0.0018 (0.0015)  wd: 0.0407 (0.0402)  mom: 0.9920 (0.9920)  last_layer_lr: 0.0018 (0.0015)  current_batch_size: 32.0000 (32.0000)  total_loss: 5.6566 (5.3143)  dino_local_crops_loss: 4.3126 (4.1665)  dino_global_crops_loss: 0.5391 (0.5208)  ibot_loss: 0.8049 (0.6271)  time: 0.087092  data: 0.000412  max mem: 3809
W20260720 21:17:46 540231 py.warnings warnings.py:109] /sci/labs/arieljaffe/dan.abergel1/torch_env/lib/python3.11/site-packages/torch/distributed/fsdp/fully_sharded_data_parallel.py:822: FutureWarning: FSDP.state_dict_type() and FSDP.set_state_dict_type() are being deprecated. Please use APIs, get_state_dict() and set_state_dict(), which can support different parallelisms, FSDP1, FSDP2, DDP. API doc: https://pytorch.org/docs/stable/distributed.checkpoint.html#torch.distributed.checkpoint.state_dict.get_state_dict .Tutorial: https://pytorch.org/tutorials/recipes/distributed_checkpoint_recipe.html .
  prev_state_dict_settings = FullyShardedDataParallel.set_state_dict_type(

W20260720 21:17:46 540231 py.warnings warnings.py:109] /sci/labs/arieljaffe/dan.abergel1/torch_env/lib/python3.11/site-packages/torch/utils/_contextlib.py:124: UserWarning: When using ``NO_SHARD`` for ``ShardingStrategy``, full_state_dict will be returned.
  return func(*args, **kwargs)

W20260720 21:17:46 540231 py.warnings warnings.py:109] /sci/labs/arieljaffe/dan.abergel1/torch_env/lib/python3.11/site-packages/torch/distributed/fsdp/fully_sharded_data_parallel.py:829: FutureWarning: FSDP.state_dict_type() and FSDP.set_state_dict_type() are being deprecated. Please use APIs, get_state_dict() and set_state_dict(), which can support different parallelisms, FSDP1, FSDP2, DDP. API doc: https://pytorch.org/docs/stable/distributed.checkpoint.html#torch.distributed.checkpoint.state_dict.get_state_dict .Tutorial: https://pytorch.org/tutorials/recipes/distributed_checkpoint_recipe.html .
  FullyShardedDataParallel.set_state_dict_type(

I20260720 21:17:46 540231 fvcore.common.checkpoint __init__.py:109] Saving checkpoint to /sci/labs/arieljaffe/dan.abergel1/runs/brain/overfit1/model_0000299.rank_0.pth
W20260720 21:17:48 540231 py.warnings warnings.py:109] /sci/labs/arieljaffe/dan.abergel1/torch_env/lib/python3.11/site-packages/torch/distributed/c10d_logger.py:83: UserWarning: barrier(): using the device under current context. You can specify `device_id` in `init_process_group` to mute this warning.
  return func(*args, **kwargs)

I20260720 21:17:48 540231 dinov2 helpers.py:102] Training  [  300/10000]  eta: 0:34:53  lr: 0.0018 (0.0015)  wd: 0.0407 (0.0403)  mom: 0.9920 (0.9920)  last_layer_lr: 0.0018 (0.0015)  current_batch_size: 32.0000 (32.0000)  total_loss: 5.6582 (5.3257)  dino_local_crops_loss: 4.3127 (4.1713)  dino_global_crops_loss: 0.5391 (0.5214)  ibot_loss: 0.8064 (0.6330)  time: 0.190906  data: 0.000401  max mem: 3809
I20260720 21:17:49 540231 dinov2 helpers.py:102] Training  [  310/10000]  eta: 0:34:08  lr: 0.0018 (0.0015)  wd: 0.0408 (0.0403)  mom: 0.9920 (0.9920)  last_layer_lr: 0.0018 (0.0015)  current_batch_size: 32.0000 (32.0000)  total_loss: 5.6891 (5.3374)  dino_local_crops_loss: 4.3127 (4.1759)  dino_global_crops_loss: 0.5391 (0.5220)  ibot_loss: 0.8373 (0.6395)  time: 0.185765  data: 0.000330  max mem: 3809
I20260720 21:17:50 540231 dinov2 helpers.py:102] Training  [  320/10000]  eta: 0:33:31  lr: 0.0018 (0.0015)  wd: 0.0409 (0.0403)  mom: 0.9920 (0.9920)  last_layer_lr: 0.0018 (0.0015)  current_batch_size: 32.0000 (32.0000)  total_loss: 5.6838 (5.3473)  dino_local_crops_loss: 4.3127 (4.1801)  dino_global_crops_loss: 0.5391 (0.5225)  ibot_loss: 0.8320 (0.6446)  time: 0.087446  data: 0.000320  max mem: 3809
I20260720 21:17:51 540231 dinov2 helpers.py:102] Training  [  330/10000]  eta: 0:32:58  lr: 0.0018 (0.0015)  wd: 0.0409 (0.0403)  mom: 0.9920 (0.9920)  last_layer_lr: 0.0018 (0.0015)  current_batch_size: 32.0000 (32.0000)  total_loss: 5.6810 (5.3585)  dino_local_crops_loss: 4.3128 (4.1841)  dino_global_crops_loss: 0.5391 (0.5230)  ibot_loss: 0.8291 (0.6513)  time: 0.099712  data: 0.000359  max mem: 3809
I20260720 21:17:52 540231 dinov2 helpers.py:102] Training  [  340/10000]  eta: 0:32:26  lr: 0.0018 (0.0015)  wd: 0.0410 (0.0403)  mom: 0.9920 (0.9920)  last_layer_lr: 0.0018 (0.0015)  current_batch_size: 32.0000 (32.0000)  total_loss: 5.6813 (5.3677)  dino_local_crops_loss: 4.3129 (4.1879)  dino_global_crops_loss: 0.5391 (0.5235)  ibot_loss: 0.8292 (0.6562)  time: 0.100851  data: 0.000348  max mem: 3809
I20260720 21:17:53 540231 dinov2 helpers.py:102] Training  [  350/10000]  eta: 0:31:54  lr: 0.0018 (0.0015)  wd: 0.0410 (0.0404)  mom: 0.9920 (0.9920)  last_layer_lr: 0.0018 (0.0015)  current_batch_size: 32.0000 (32.0000)  total_loss: 5.6813 (5.3766)  dino_local_crops_loss: 4.3129 (4.1915)  dino_global_crops_loss: 0.5391 (0.5239)  ibot_loss: 0.8292 (0.6612)  time: 0.095072  data: 0.000311  max mem: 3809
I20260720 21:17:53 540231 dinov2 helpers.py:102] Training  [  360/10000]  eta: 0:31:23  lr: 0.0018 (0.0015)  wd: 0.0411 (0.0404)  mom: 0.9920 (0.9920)  last_layer_lr: 0.0018 (0.0015)  current_batch_size: 32.0000 (32.0000)  total_loss: 5.6983 (5.3854)  dino_local_crops_loss: 4.3129 (4.1948)  dino_global_crops_loss: 0.5391 (0.5244)  ibot_loss: 0.8463 (0.6662)  time: 0.090578  data: 0.000323  max mem: 3809
I20260720 21:17:54 540231 dinov2 helpers.py:102] Training  [  370/10000]  eta: 0:30:52  lr: 0.0018 (0.0015)  wd: 0.0411 (0.0404)  mom: 0.9920 (0.9920)  last_layer_lr: 0.0018 (0.0015)  current_batch_size: 32.0000 (32.0000)  total_loss: 5.6983 (5.3935)  dino_local_crops_loss: 4.3129 (4.1980)  dino_global_crops_loss: 0.5391 (0.5248)  ibot_loss: 0.8463 (0.6707)  time: 0.086959  data: 0.000330  max mem: 3809
I20260720 21:17:55 540231 dinov2 helpers.py:102] Training  [  380/10000]  eta: 0:30:23  lr: 0.0018 (0.0015)  wd: 0.0412 (0.0404)  mom: 0.9920 (0.9920)  last_layer_lr: 0.0018 (0.0015)  current_batch_size: 32.0000 (32.0000)  total_loss: 5.6585 (5.4007)  dino_local_crops_loss: 4.3130 (4.2010)  dino_global_crops_loss: 0.5391 (0.5251)  ibot_loss: 0.8064 (0.6745)  time: 0.084425  data: 0.000324  max mem: 3809
I20260720 21:17:56 540231 dinov2 helpers.py:102] Training  [  390/10000]  eta: 0:29:57  lr: 0.0018 (0.0015)  wd: 0.0413 (0.0405)  mom: 0.9920 (0.9920)  last_layer_lr: 0.0018 (0.0015)  current_batch_size: 32.0000 (32.0000)  total_loss: 5.6585 (5.4073)  dino_local_crops_loss: 4.3130 (4.2039)  dino_global_crops_loss: 0.5391 (0.5255)  ibot_loss: 0.8064 (0.6779)  time: 0.088151  data: 0.000324  max mem: 3809
I20260720 21:17:57 540231 dinov2 helpers.py:102] Training  [  400/10000]  eta: 0:29:35  lr: 0.0018 (0.0015)  wd: 0.0413 (0.0405)  mom: 0.9920 (0.9920)  last_layer_lr: 0.0018 (0.0015)  current_batch_size: 32.0000 (32.0000)  total_loss: 5.6769 (5.4143)  dino_local_crops_loss: 4.3130 (4.2066)  dino_global_crops_loss: 0.5391 (0.5258)  ibot_loss: 0.8248 (0.6818)  time: 0.096956  data: 0.000336  max mem: 3809
I20260720 21:17:58 540231 dinov2 helpers.py:102] Training  [  410/10000]  eta: 0:29:10  lr: 0.0018 (0.0016)  wd: 0.0414 (0.0405)  mom: 0.9920 (0.9920)  last_layer_lr: 0.0018 (0.0016)  current_batch_size: 32.0000 (32.0000)  total_loss: 5.6956 (5.4211)  dino_local_crops_loss: 4.3130 (4.2092)  dino_global_crops_loss: 0.5391 (0.5262)  ibot_loss: 0.8434 (0.6858)  time: 0.095462  data: 0.000343  max mem: 3809
I20260720 21:17:59 540231 dinov2 helpers.py:102] Training  [  420/10000]  eta: 0:28:47  lr: 0.0018 (0.0016)  wd: 0.0415 (0.0405)  mom: 0.9920 (0.9920)  last_layer_lr: 0.0018 (0.0016)  current_batch_size: 32.0000 (32.0000)  total_loss: 5.6864 (5.4270)  dino_local_crops_loss: 4.3130 (4.2117)  dino_global_crops_loss: 0.5391 (0.5265)  ibot_loss: 0.8343 (0.6888)  time: 0.088066  data: 0.000348  max mem: 3809
I20260720 21:18:00 540231 dinov2 helpers.py:102] Training  [  430/10000]  eta: 0:28:26  lr: 0.0018 (0.0016)  wd: 0.0416 (0.0405)  mom: 0.9920 (0.9920)  last_layer_lr: 0.0018 (0.0016)  current_batch_size: 32.0000 (32.0000)  total_loss: 5.6892 (5.4325)  dino_local_crops_loss: 4.3130 (4.2140)  dino_global_crops_loss: 0.5391 (0.5268)  ibot_loss: 0.8370 (0.6917)  time: 0.091058  data: 0.000363  max mem: 3809
I20260720 21:18:01 540231 dinov2 helpers.py:102] Training  [  440/10000]  eta: 0:28:06  lr: 0.0018 (0.0016)  wd: 0.0416 (0.0406)  mom: 0.9920 (0.9920)  last_layer_lr: 0.0018 (0.0016)  current_batch_size: 32.0000 (32.0000)  total_loss: 5.6775 (5.4382)  dino_local_crops_loss: 4.3130 (4.2163)  dino_global_crops_loss: 0.5391 (0.5270)  ibot_loss: 0.8253 (0.6949)  time: 0.093327  data: 0.000510  max mem: 3809
I20260720 21:18:02 540231 dinov2 helpers.py:102] Training  [  450/10000]  eta: 0:27:45  lr: 0.0018 (0.0016)  wd: 0.0417 (0.0406)  mom: 0.9920 (0.9920)  last_layer_lr: 0.0018 (0.0016)  current_batch_size: 32.0000 (32.0000)  total_loss: 5.6503 (5.4428)  dino_local_crops_loss: 4.3130 (4.2184)  dino_global_crops_loss: 0.5391 (0.5273)  ibot_loss: 0.7982 (0.6971)  time: 0.088778  data: 0.000496  max mem: 3809
I20260720 21:18:03 540231 dinov2 helpers.py:102] Training  [  460/10000]  eta: 0:27:25  lr: 0.0018 (0.0016)  wd: 0.0418 (0.0406)  mom: 0.9920 (0.9920)  last_layer_lr: 0.0018 (0.0016)  current_batch_size: 32.0000 (32.0000)  total_loss: 5.6589 (5.4481)  dino_local_crops_loss: 4.3130 (4.2205)  dino_global_crops_loss: 0.5391 (0.5276)  ibot_loss: 0.8068 (0.7001)  time: 0.086102  data: 0.000351  max mem: 3809
I20260720 21:18:03 540231 dinov2 helpers.py:102] Training  [  470/10000]  eta: 0:27:06  lr: 0.0018 (0.0016)  wd: 0.0419 (0.0407)  mom: 0.9920 (0.9920)  last_layer_lr: 0.0018 (0.0016)  current_batch_size: 32.0000 (32.0000)  total_loss: 5.6510 (5.4523)  dino_local_crops_loss: 4.3130 (4.2224)  dino_global_crops_loss: 0.5391 (0.5278)  ibot_loss: 0.7988 (0.7020)  time: 0.087892  data: 0.000337  max mem: 3809
I20260720 21:18:04 540231 dinov2 helpers.py:102] Training  [  480/10000]  eta: 0:26:48  lr: 0.0018 (0.0016)  wd: 0.0420 (0.0407)  mom: 0.9920 (0.9920)  last_layer_lr: 0.0018 (0.0016)  current_batch_size: 32.0000 (32.0000)  total_loss: 5.6510 (5.4569)  dino_local_crops_loss: 4.3130 (4.2243)  dino_global_crops_loss: 0.5391 (0.5281)  ibot_loss: 0.7988 (0.7045)  time: 0.088852  data: 0.000331  max mem: 3809
I20260720 21:18:05 540231 dinov2 helpers.py:102] Training  [  490/10000]  eta: 0:26:30  lr: 0.0018 (0.0016)  wd: 0.0420 (0.0407)  mom: 0.9920 (0.9920)  last_layer_lr: 0.0018 (0.0016)  current_batch_size: 32.0000 (32.0000)  total_loss: 5.6653 (5.4610)  dino_local_crops_loss: 4.3130 (4.2261)  dino_global_crops_loss: 0.5391 (0.5283)  ibot_loss: 0.8132 (0.7066)  time: 0.085856  data: 0.000366  max mem: 3809
I20260720 21:18:06 540231 dinov2 helpers.py:102] Training  [  500/10000]  eta: 0:26:15  lr: 0.0018 (0.0016)  wd: 0.0421 (0.0407)  mom: 0.9920 (0.9920)  last_layer_lr: 0.0018 (0.0016)  current_batch_size: 32.0000 (32.0000)  total_loss: 5.6642 (5.4652)  dino_local_crops_loss: 4.3130 (4.2279)  dino_global_crops_loss: 0.5391 (0.5285)  ibot_loss: 0.8121 (0.7088)  time: 0.089481  data: 0.000544  max mem: 3809
I20260720 21:18:07 540231 dinov2 helpers.py:102] Training  [  510/10000]  eta: 0:25:59  lr: 0.0018 (0.0016)  wd: 0.0422 (0.0408)  mom: 0.9920 (0.9920)  last_layer_lr: 0.0018 (0.0016)  current_batch_size: 32.0000 (32.0000)  total_loss: 5.6641 (5.4690)  dino_local_crops_loss: 4.3130 (4.2295)  dino_global_crops_loss: 0.5391 (0.5287)  ibot_loss: 0.8120 (0.7108)  time: 0.092212  data: 0.000555  max mem: 3809
I20260720 21:18:08 540231 dinov2 helpers.py:102] Training  [  520/10000]  eta: 0:25:43  lr: 0.0018 (0.0016)  wd: 0.0423 (0.0408)  mom: 0.9921 (0.9920)  last_layer_lr: 0.0018 (0.0016)  current_batch_size: 32.0000 (32.0000)  total_loss: 5.6888 (5.4740)  dino_local_crops_loss: 4.3130 (4.2311)  dino_global_crops_loss: 0.5391 (0.5289)  ibot_loss: 0.8367 (0.7140)  time: 0.087410  data: 0.000435  max mem: 3809
I20260720 21:18:09 540231 dinov2 helpers.py:102] Training  [  530/10000]  eta: 0:25:28  lr: 0.0018 (0.0016)  wd: 0.0424 (0.0408)  mom: 0.9921 (0.9920)  last_layer_lr: 0.0018 (0.0016)  current_batch_size: 32.0000 (32.0000)  total_loss: 5.6992 (5.4781)  dino_local_crops_loss: 4.3130 (4.2327)  dino_global_crops_loss: 0.5391 (0.5291)  ibot_loss: 0.8471 (0.7164)  time: 0.086653  data: 0.000425  max mem: 3809
I20260720 21:18:10 540231 dinov2 helpers.py:102] Training  [  540/10000]  eta: 0:25:13  lr: 0.0018 (0.0016)  wd: 0.0425 (0.0409)  mom: 0.9921 (0.9920)  last_layer_lr: 0.0018 (0.0016)  current_batch_size: 32.0000 (32.0000)  total_loss: 5.6811 (5.4823)  dino_local_crops_loss: 4.3131 (4.2342)  dino_global_crops_loss: 0.5391 (0.5293)  ibot_loss: 0.8289 (0.7188)  time: 0.087537  data: 0.000375  max mem: 3809
I20260720 21:18:11 540231 dinov2 helpers.py:102] Training  [  550/10000]  eta: 0:24:59  lr: 0.0018 (0.0016)  wd: 0.0426 (0.0409)  mom: 0.9921 (0.9920)  last_layer_lr: 0.0018 (0.0016)  current_batch_size: 32.0000 (32.0000)  total_loss: 5.6824 (5.4859)  dino_local_crops_loss: 4.3131 (4.2356)  dino_global_crops_loss: 0.5391 (0.5295)  ibot_loss: 0.8301 (0.7208)  time: 0.087376  data: 0.000427  max mem: 3809
I20260720 21:18:11 540231 dinov2 helpers.py:102] Training  [  560/10000]  eta: 0:24:45  lr: 0.0018 (0.0016)  wd: 0.0427 (0.0409)  mom: 0.9921 (0.9920)  last_layer_lr: 0.0018 (0.0016)  current_batch_size: 32.0000 (32.0000)  total_loss: 5.6824 (5.4891)  dino_local_crops_loss: 4.3131 (4.2370)  dino_global_crops_loss: 0.5391 (0.5296)  ibot_loss: 0.8301 (0.7225)  time: 0.085119  data: 0.000391  max mem: 3809
I20260720 21:18:12 540231 dinov2 helpers.py:102] Training  [  570/10000]  eta: 0:24:31  lr: 0.0018 (0.0016)  wd: 0.0428 (0.0410)  mom: 0.9921 (0.9920)  last_layer_lr: 0.0018 (0.0016)  current_batch_size: 32.0000 (32.0000)  total_loss: 5.6740 (5.4927)  dino_local_crops_loss: 4.3131 (4.2383)  dino_global_crops_loss: 0.5391 (0.5298)  ibot_loss: 0.8219 (0.7246)  time: 0.083435  data: 0.000357  max mem: 3809
I20260720 21:18:13 540231 dinov2 helpers.py:102] Training  [  580/10000]  eta: 0:24:18  lr: 0.0018 (0.0016)  wd: 0.0429 (0.0410)  mom: 0.9921 (0.9920)  last_layer_lr: 0.0018 (0.0016)  current_batch_size: 32.0000 (32.0000)  total_loss: 5.6740 (5.4959)  dino_local_crops_loss: 4.3130 (4.2396)  dino_global_crops_loss: 0.5391 (0.5300)  ibot_loss: 0.8219 (0.7263)  time: 0.085057  data: 0.000377  max mem: 3809
I20260720 21:18:14 540231 dinov2 helpers.py:102] Training  [  590/10000]  eta: 0:24:06  lr: 0.0018 (0.0016)  wd: 0.0430 (0.0410)  mom: 0.9921 (0.9920)  last_layer_lr: 0.0018 (0.0016)  current_batch_size: 32.0000 (32.0000)  total_loss: 5.6672 (5.4989)  dino_local_crops_loss: 4.3130 (4.2408)  dino_global_crops_loss: 0.5391 (0.5301)  ibot_loss: 0.8151 (0.7280)  time: 0.086423  data: 0.000479  max mem: 3809
I20260720 21:18:15 540231 fvcore.common.checkpoint __init__.py:109] Saving checkpoint to /sci/labs/arieljaffe/dan.abergel1/runs/brain/overfit1/model_0000599.rank_0.pth
I20260720 21:18:17 540231 dinov2 helpers.py:102] Training  [  600/10000]  eta: 0:24:26  lr: 0.0018 (0.0016)  wd: 0.0431 (0.0411)  mom: 0.9921 (0.9920)  last_layer_lr: 0.0018 (0.0016)  current_batch_size: 32.0000 (32.0000)  total_loss: 5.6475 (5.5015)  dino_local_crops_loss: 4.3133 (4.2421)  dino_global_crops_loss: 0.5392 (0.5303)  ibot_loss: 0.7933 (0.7291)  time: 0.189129  data: 0.000520  max mem: 3809
I20260720 21:18:18 540231 dinov2 helpers.py:102] Training  [  610/10000]  eta: 0:24:13  lr: 0.0018 (0.0016)  wd: 0.0432 (0.0411)  mom: 0.9921 (0.9920)  last_layer_lr: 0.0018 (0.0016)  current_batch_size: 32.0000 (32.0000)  total_loss: 5.6389 (5.5038)  dino_local_crops_loss: 4.3137 (4.2432)  dino_global_crops_loss: 0.5392 (0.5304)  ibot_loss: 0.7863 (0.7302)  time: 0.185888  data: 0.000398  max mem: 3809
I20260720 21:18:19 540231 dinov2 helpers.py:102] Training  [  620/10000]  eta: 0:24:00  lr: 0.0018 (0.0016)  wd: 0.0433 (0.0411)  mom: 0.9921 (0.9920)  last_layer_lr: 0.0018 (0.0016)  current_batch_size: 32.0000 (32.0000)  total_loss: 5.6458 (5.5065)  dino_local_crops_loss: 4.3132 (4.2444)  dino_global_crops_loss: 0.5391 (0.5306)  ibot_loss: 0.7934 (0.7316)  time: 0.080703  data: 0.000432  max mem: 3809
I20260720 21:18:19 540231 dinov2 helpers.py:102] Training  [  630/10000]  eta: 0:23:48  lr: 0.0018 (0.0016)  wd: 0.0434 (0.0412)  mom: 0.9921 (0.9920)  last_layer_lr: 0.0018 (0.0016)  current_batch_size: 32.0000 (32.0000)  total_loss: 5.6271 (5.5084)  dino_local_crops_loss: 4.3130 (4.2454)  dino_global_crops_loss: 0.5391 (0.5307)  ibot_loss: 0.7749 (0.7323)  time: 0.083594  data: 0.000694  max mem: 3809
I20260720 21:18:20 540231 dinov2 helpers.py:102] Training  [  640/10000]  eta: 0:23:37  lr: 0.0018 (0.0016)  wd: 0.0435 (0.0412)  mom: 0.9921 (0.9920)  last_layer_lr: 0.0018 (0.0016)  current_batch_size: 32.0000 (32.0000)  total_loss: 5.6118 (5.5106)  dino_local_crops_loss: 4.3130 (4.2465)  dino_global_crops_loss: 0.5391 (0.5308)  ibot_loss: 0.7592 (0.7333)  time: 0.084876  data: 0.000645  max mem: 3809
I20260720 21:18:21 540231 dinov2 helpers.py:102] Training  [  650/10000]  eta: 0:23:26  lr: 0.0018 (0.0016)  wd: 0.0436 (0.0412)  mom: 0.9921 (0.9920)  last_layer_lr: 0.0018 (0.0016)  current_batch_size: 32.0000 (32.0000)  total_loss: 5.6514 (5.5128)  dino_local_crops_loss: 4.3130 (4.2475)  dino_global_crops_loss: 0.5391 (0.5309)  ibot_loss: 0.7992 (0.7343)  time: 0.084708  data: 0.000357  max mem: 3809
I20260720 21:18:22 540231 dinov2 helpers.py:102] Training  [  660/10000]  eta: 0:23:17  lr: 0.0018 (0.0016)  wd: 0.0437 (0.0413)  mom: 0.9921 (0.9920)  last_layer_lr: 0.0018 (0.0016)  current_batch_size: 32.0000 (32.0000)  total_loss: 5.6381 (5.5146)  dino_local_crops_loss: 4.3130 (4.2485)  dino_global_crops_loss: 0.5391 (0.5311)  ibot_loss: 0.7860 (0.7350)  time: 0.090353  data: 0.000329  max mem: 3809
I20260720 21:18:23 540231 dinov2 helpers.py:102] Training  [  670/10000]  eta: 0:23:05  lr: 0.0018 (0.0016)  wd: 0.0439 (0.0413)  mom: 0.9921 (0.9920)  last_layer_lr: 0.0018 (0.0016)  current_batch_size: 32.0000 (32.0000)  total_loss: 5.6256 (5.5162)  dino_local_crops_loss: 4.3130 (4.2495)  dino_global_crops_loss: 0.5391 (0.5312)  ibot_loss: 0.7735 (0.7356)  time: 0.087876  data: 0.000340  max mem: 3809
I20260720 21:18:24 540231 dinov2 helpers.py:102] Training  [  680/10000]  eta: 0:22:56  lr: 0.0018 (0.0016)  wd: 0.0440 (0.0414)  mom: 0.9921 (0.9920)  last_layer_lr: 0.0018 (0.0016)  current_batch_size: 32.0000 (32.0000)  total_loss: 5.6144 (5.5178)  dino_local_crops_loss: 4.3130 (4.2504)  dino_global_crops_loss: 0.5391 (0.5313)  ibot_loss: 0.7623 (0.7361)  time: 0.083278  data: 0.000325  max mem: 3809
I20260720 21:18:25 540231 dinov2 helpers.py:102] Training  [  690/10000]  eta: 0:22:46  lr: 0.0018 (0.0016)  wd: 0.0441 (0.0414)  mom: 0.9921 (0.9920)  last_layer_lr: 0.0018 (0.0016)  current_batch_size: 32.0000 (32.0000)  total_loss: 5.6288 (5.5197)  dino_local_crops_loss: 4.3130 (4.2513)  dino_global_crops_loss: 0.5391 (0.5314)  ibot_loss: 0.7767 (0.7369)  time: 0.086277  data: 0.000326  max mem: 3809
I20260720 21:18:25 540231 dinov2 helpers.py:102] Training  [  700/10000]  eta: 0:22:36  lr: 0.0018 (0.0016)  wd: 0.0442 (0.0414)  mom: 0.9921 (0.9920)  last_layer_lr: 0.0018 (0.0016)  current_batch_size: 32.0000 (32.0000)  total_loss: 5.6064 (5.5207)  dino_local_crops_loss: 4.3130 (4.2522)  dino_global_crops_loss: 0.5391 (0.5315)  ibot_loss: 0.7543 (0.7370)  time: 0.084014  data: 0.000353  max mem: 3809
I20260720 21:18:26 540231 dinov2 helpers.py:102] Training  [  710/10000]  eta: 0:22:26  lr: 0.0018 (0.0016)  wd: 0.0443 (0.0415)  mom: 0.9921 (0.9920)  last_layer_lr: 0.0018 (0.0016)  current_batch_size: 32.0000 (32.0000)  total_loss: 5.5790 (5.5216)  dino_local_crops_loss: 4.3130 (4.2530)  dino_global_crops_loss: 0.5391 (0.5316)  ibot_loss: 0.7269 (0.7369)  time: 0.083848  data: 0.000416  max mem: 3809
I20260720 21:18:27 540231 dinov2 helpers.py:102] Training  [  720/10000]  eta: 0:22:18  lr: 0.0018 (0.0016)  wd: 0.0445 (0.0415)  mom: 0.9921 (0.9920)  last_layer_lr: 0.0018 (0.0016)  current_batch_size: 32.0000 (32.0000)  total_loss: 5.5938 (5.5225)  dino_local_crops_loss: 4.3130 (4.2539)  dino_global_crops_loss: 0.5391 (0.5317)  ibot_loss: 0.7418 (0.7368)  time: 0.087845  data: 0.000446  max mem: 3809
I20260720 21:18:28 540231 dinov2 helpers.py:102] Training  [  730/10000]  eta: 0:22:09  lr: 0.0018 (0.0016)  wd: 0.0446 (0.0416)  mom: 0.9921 (0.9920)  last_layer_lr: 0.0018 (0.0016)  current_batch_size: 32.0000 (32.0000)  total_loss: 5.5944 (5.5236)  dino_local_crops_loss: 4.3130 (4.2547)  dino_global_crops_loss: 0.5391 (0.5318)  ibot_loss: 0.7423 (0.7371)  time: 0.087323  data: 0.000371  max mem: 3809
I20260720 21:18:29 540231 dinov2 helpers.py:102] Training  [  740/10000]  eta: 0:22:00  lr: 0.0018 (0.0016)  wd: 0.0447 (0.0416)  mom: 0.9921 (0.9920)  last_layer_lr: 0.0018 (0.0016)  current_batch_size: 32.0000 (32.0000)  total_loss: 5.5858 (5.5243)  dino_local_crops_loss: 4.3130 (4.2555)  dino_global_crops_loss: 0.5391 (0.5319)  ibot_loss: 0.7337 (0.7368)  time: 0.084625  data: 0.000397  max mem: 3809
I20260720 21:18:30 540231 dinov2 helpers.py:102] Training  [  750/10000]  eta: 0:21:52  lr: 0.0017 (0.0016)  wd: 0.0448 (0.0417)  mom: 0.9921 (0.9920)  last_layer_lr: 0.0017 (0.0016)  current_batch_size: 32.0000 (32.0000)  total_loss: 5.5358 (5.5244)  dino_local_crops_loss: 4.3130 (4.2562)  dino_global_crops_loss: 0.5391 (0.5320)  ibot_loss: 0.6837 (0.7361)  time: 0.084839  data: 0.000405  max mem: 3809
I20260720 21:18:31 540231 dinov2 helpers.py:102] Training  [  760/10000]  eta: 0:21:45  lr: 0.0017 (0.0016)  wd: 0.0450 (0.0417)  mom: 0.9921 (0.9920)  last_layer_lr: 0.0017 (0.0016)  current_batch_size: 32.0000 (32.0000)  total_loss: 5.5431 (5.5249)  dino_local_crops_loss: 4.3130 (4.2570)  dino_global_crops_loss: 0.5391 (0.5321)  ibot_loss: 0.6910 (0.7358)  time: 0.091623  data: 0.000698  max mem: 3809
I20260720 21:18:32 540231 dinov2 helpers.py:102] Training  [  770/10000]  eta: 0:21:38  lr: 0.0017 (0.0016)  wd: 0.0451 (0.0418)  mom: 0.9921 (0.9920)  last_layer_lr: 0.0017 (0.0016)  current_batch_size: 32.0000 (32.0000)  total_loss: 5.5304 (5.5246)  dino_local_crops_loss: 4.3130 (4.2577)  dino_global_crops_loss: 0.5391 (0.5322)  ibot_loss: 0.6782 (0.7347)  time: 0.097004  data: 0.000734  max mem: 3809
I20260720 21:18:33 540231 dinov2 helpers.py:102] Training  [  780/10000]  eta: 0:21:31  lr: 0.0017 (0.0016)  wd: 0.0452 (0.0418)  mom: 0.9921 (0.9920)  last_layer_lr: 0.0017 (0.0016)  current_batch_size: 32.0000 (32.0000)  total_loss: 5.5017 (5.5244)  dino_local_crops_loss: 4.3130 (4.2584)  dino_global_crops_loss: 0.5391 (0.5323)  ibot_loss: 0.6495 (0.7337)  time: 0.093346  data: 0.000394  max mem: 3809
I20260720 21:18:33 540231 dinov2 helpers.py:102] Training  [  790/10000]  eta: 0:21:23  lr: 0.0017 (0.0016)  wd: 0.0454 (0.0418)  mom: 0.9921 (0.9920)  last_layer_lr: 0.0017 (0.0016)  current_batch_size: 32.0000 (32.0000)  total_loss: 5.4683 (5.5237)  dino_local_crops_loss: 4.3130 (4.2591)  dino_global_crops_loss: 0.5391 (0.5324)  ibot_loss: 0.6163 (0.7322)  time: 0.087878  data: 0.000368  max mem: 3809
I20260720 21:18:34 540231 dinov2 helpers.py:102] Training  [  800/10000]  eta: 0:21:16  lr: 0.0017 (0.0017)  wd: 0.0455 (0.0419)  mom: 0.9921 (0.9920)  last_layer_lr: 0.0017 (0.0017)  current_batch_size: 32.0000 (32.0000)  total_loss: 5.4368 (5.5228)  dino_local_crops_loss: 4.3130 (4.2598)  dino_global_crops_loss: 0.5391 (0.5325)  ibot_loss: 0.5846 (0.7305)  time: 0.085980  data: 0.000348  max mem: 3809
I20260720 21:18:35 540231 dinov2 helpers.py:102] Training  [  810/10000]  eta: 0:21:08  lr: 0.0017 (0.0017)  wd: 0.0457 (0.0419)  mom: 0.9921 (0.9920)  last_layer_lr: 0.0017 (0.0017)  current_batch_size: 32.0000 (32.0000)  total_loss: 5.4203 (5.5214)  dino_local_crops_loss: 4.3130 (4.2604)  dino_global_crops_loss: 0.5391 (0.5326)  ibot_loss: 0.5682 (0.7284)  time: 0.087332  data: 0.000366  max mem: 3809
I20260720 21:18:36 540231 dinov2 helpers.py:102] Training  [  820/10000]  eta: 0:21:01  lr: 0.0017 (0.0017)  wd: 0.0458 (0.0420)  mom: 0.9921 (0.9920)  last_layer_lr: 0.0017 (0.0017)  current_batch_size: 32.0000 (32.0000)  total_loss: 5.4203 (5.5202)  dino_local_crops_loss: 4.3130 (4.2611)  dino_global_crops_loss: 0.5391 (0.5326)  ibot_loss: 0.5682 (0.7265)  time: 0.085250  data: 0.000379  max mem: 3809
I20260720 21:18:37 540231 dinov2 helpers.py:102] Training  [  830/10000]  eta: 0:20:54  lr: 0.0017 (0.0017)  wd: 0.0459 (0.0420)  mom: 0.9921 (0.9920)  last_layer_lr: 0.0017 (0.0017)  current_batch_size: 32.0000 (32.0000)  total_loss: 5.4086 (5.5187)  dino_local_crops_loss: 4.3130 (4.2617)  dino_global_crops_loss: 0.5391 (0.5327)  ibot_loss: 0.5565 (0.7243)  time: 0.085094  data: 0.000350  max mem: 3809
I20260720 21:18:38 540231 dinov2 helpers.py:102] Training  [  840/10000]  eta: 0:20:46  lr: 0.0017 (0.0017)  wd: 0.0461 (0.0421)  mom: 0.9921 (0.9920)  last_layer_lr: 0.0017 (0.0017)  current_batch_size: 32.0000 (32.0000)  total_loss: 5.3914 (5.5171)  dino_local_crops_loss: 4.3130 (4.2623)  dino_global_crops_loss: 0.5391 (0.5328)  ibot_loss: 0.5393 (0.7220)  time: 0.082522  data: 0.000349  max mem: 3809
I20260720 21:18:39 540231 dinov2 helpers.py:102] Training  [  850/10000]  eta: 0:20:39  lr: 0.0017 (0.0017)  wd: 0.0462 (0.0421)  mom: 0.9921 (0.9920)  last_layer_lr: 0.0017 (0.0017)  current_batch_size: 32.0000 (32.0000)  total_loss: 5.3650 (5.5151)  dino_local_crops_loss: 4.3130 (4.2629)  dino_global_crops_loss: 0.5391 (0.5329)  ibot_loss: 0.5129 (0.7193)  time: 0.080839  data: 0.000329  max mem: 3809
I20260720 21:18:39 540231 dinov2 helpers.py:102] Training  [  860/10000]  eta: 0:20:32  lr: 0.0017 (0.0017)  wd: 0.0464 (0.0422)  mom: 0.9921 (0.9920)  last_layer_lr: 0.0017 (0.0017)  current_batch_size: 32.0000 (32.0000)  total_loss: 5.3494 (5.5132)  dino_local_crops_loss: 4.3130 (4.2635)  dino_global_crops_loss: 0.5391 (0.5329)  ibot_loss: 0.4972 (0.7168)  time: 0.084425  data: 0.003488  max mem: 3809
I20260720 21:18:40 540231 dinov2 helpers.py:102] Training  [  870/10000]  eta: 0:20:27  lr: 0.0017 (0.0017)  wd: 0.0465 (0.0422)  mom: 0.9921 (0.9920)  last_layer_lr: 0.0017 (0.0017)  current_batch_size: 32.0000 (32.0000)  total_loss: 5.3339 (5.5109)  dino_local_crops_loss: 4.3130 (4.2641)  dino_global_crops_loss: 0.5391 (0.5330)  ibot_loss: 0.4818 (0.7139)  time: 0.088786  data: 0.009163  max mem: 3809
I20260720 21:18:41 540231 dinov2 helpers.py:102] Training  [  880/10000]  eta: 0:20:22  lr: 0.0017 (0.0017)  wd: 0.0467 (0.0423)  mom: 0.9921 (0.9921)  last_layer_lr: 0.0017 (0.0017)  current_batch_size: 32.0000 (32.0000)  total_loss: 5.3142 (5.5085)  dino_local_crops_loss: 4.3131 (4.2646)  dino_global_crops_loss: 0.5391 (0.5331)  ibot_loss: 0.4620 (0.7108)  time: 0.096801  data: 0.015088  max mem: 3809
I20260720 21:18:42 540231 dinov2 helpers.py:102] Training  [  890/10000]  eta: 0:20:16  lr: 0.0017 (0.0017)  wd: 0.0468 (0.0423)  mom: 0.9922 (0.9921)  last_layer_lr: 0.0017 (0.0017)  current_batch_size: 32.0000 (32.0000)  total_loss: 5.2832 (5.5062)  dino_local_crops_loss: 4.3131 (4.2652)  dino_global_crops_loss: 0.5391 (0.5332)  ibot_loss: 0.4310 (0.7079)  time: 0.093735  data: 0.011251  max mem: 3809
I20260720 21:18:43 540231 fvcore.common.checkpoint __init__.py:109] Saving checkpoint to /sci/labs/arieljaffe/dan.abergel1/runs/brain/overfit1/model_0000899.rank_0.pth
I20260720 21:18:45 540231 dinov2 helpers.py:102] Training  [  900/10000]  eta: 0:20:29  lr: 0.0017 (0.0017)  wd: 0.0470 (0.0424)  mom: 0.9922 (0.9921)  last_layer_lr: 0.0017 (0.0017)  current_batch_size: 32.0000 (32.0000)  total_loss: 5.2771 (5.5035)  dino_local_crops_loss: 4.3130 (4.2657)  dino_global_crops_loss: 0.5391 (0.5332)  ibot_loss: 0.4249 (0.7046)  time: 0.184493  data: 0.011495  max mem: 3809
I20260720 21:18:46 540231 dinov2 helpers.py:102] Training  [  910/10000]  eta: 0:20:22  lr: 0.0017 (0.0017)  wd: 0.0471 (0.0424)  mom: 0.9922 (0.9921)  last_layer_lr: 0.0017 (0.0017)  current_batch_size: 32.0000 (32.0000)  total_loss: 5.2448 (5.5008)  dino_local_crops_loss: 4.3131 (4.2662)  dino_global_crops_loss: 0.5391 (0.5333)  ibot_loss: 0.3926 (0.7013)  time: 0.178365  data: 0.009654  max mem: 3809
I20260720 21:18:47 540231 dinov2 helpers.py:102] Training  [  920/10000]  eta: 0:20:15  lr: 0.0017 (0.0017)  wd: 0.0473 (0.0425)  mom: 0.9922 (0.9921)  last_layer_lr: 0.0017 (0.0017)  current_batch_size: 32.0000 (32.0000)  total_loss: 5.2412 (5.4978)  dino_local_crops_loss: 4.3131 (4.2667)  dino_global_crops_loss: 0.5391 (0.5333)  ibot_loss: 0.3888 (0.6978)  time: 0.078563  data: 0.000306  max mem: 3809
I20260720 21:18:48 540231 dinov2 helpers.py:102] Training  [  930/10000]  eta: 0:20:09  lr: 0.0017 (0.0017)  wd: 0.0475 (0.0426)  mom: 0.9922 (0.9921)  last_layer_lr: 0.0017 (0.0017)  current_batch_size: 32.0000 (32.0000)  total_loss: 5.2312 (5.4949)  dino_local_crops_loss: 4.3131 (4.2672)  dino_global_crops_loss: 0.5391 (0.5334)  ibot_loss: 0.3789 (0.6943)  time: 0.084821  data: 0.000332  max mem: 3809
I20260720 21:18:48 540231 dinov2 helpers.py:102] Training  [  940/10000]  eta: 0:20:04  lr: 0.0017 (0.0017)  wd: 0.0476 (0.0426)  mom: 0.9922 (0.9921)  last_layer_lr: 0.0017 (0.0017)  current_batch_size: 32.0000 (32.0000)  total_loss: 5.2173 (5.4919)  dino_local_crops_loss: 4.3131 (4.2677)  dino_global_crops_loss: 0.5391 (0.5335)  ibot_loss: 0.3650 (0.6907)  time: 0.086247  data: 0.000418  max mem: 3809
I20260720 21:18:49 540231 dinov2 helpers.py:102] Training  [  950/10000]  eta: 0:19:58  lr: 0.0017 (0.0017)  wd: 0.0478 (0.0427)  mom: 0.9922 (0.9921)  last_layer_lr: 0.0017 (0.0017)  current_batch_size: 32.0000 (32.0000)  total_loss: 5.2196 (5.4889)  dino_local_crops_loss: 4.3130 (4.2682)  dino_global_crops_loss: 0.5391 (0.5335)  ibot_loss: 0.3675 (0.6872)  time: 0.086842  data: 0.000430  max mem: 3809
I20260720 21:18:50 540231 dinov2 helpers.py:102] Training  [  960/10000]  eta: 0:19:52  lr: 0.0017 (0.0017)  wd: 0.0480 (0.0427)  mom: 0.9922 (0.9921)  last_layer_lr: 0.0017 (0.0017)  current_batch_size: 32.0000 (32.0000)  total_loss: 5.2029 (5.4858)  dino_local_crops_loss: 4.3130 (4.2686)  dino_global_crops_loss: 0.5391 (0.5336)  ibot_loss: 0.3506 (0.6836)  time: 0.085198  data: 0.000367  max mem: 3809
I20260720 21:18:51 540231 dinov2 helpers.py:102] Training  [  970/10000]  eta: 0:19:46  lr: 0.0017 (0.0017)  wd: 0.0481 (0.0428)  mom: 0.9922 (0.9921)  last_layer_lr: 0.0017 (0.0017)  current_batch_size: 32.0000 (32.0000)  total_loss: 5.1805 (5.4825)  dino_local_crops_loss: 4.3130 (4.2691)  dino_global_crops_loss: 0.5391 (0.5336)  ibot_loss: 0.3284 (0.6798)  time: 0.084726  data: 0.000362  max mem: 3809
I20260720 21:18:52 540231 dinov2 helpers.py:102] Training  [  980/10000]  eta: 0:19:41  lr: 0.0017 (0.0017)  wd: 0.0483 (0.0428)  mom: 0.9922 (0.9921)  last_layer_lr: 0.0017 (0.0017)  current_batch_size: 32.0000 (32.0000)  total_loss: 5.1603 (5.4793)  dino_local_crops_loss: 4.3130 (4.2696)  dino_global_crops_loss: 0.5391 (0.5337)  ibot_loss: 0.3081 (0.6760)  time: 0.084387  data: 0.000414  max mem: 3809
I20260720 21:18:53 540231 dinov2 helpers.py:102] Training  [  990/10000]  eta: 0:19:35  lr: 0.0017 (0.0017)  wd: 0.0485 (0.0429)  mom: 0.9922 (0.9921)  last_layer_lr: 0.0017 (0.0017)  current_batch_size: 32.0000 (32.0000)  total_loss: 5.1569 (5.4759)  dino_local_crops_loss: 4.3130 (4.2700)  dino_global_crops_loss: 0.5391 (0.5338)  ibot_loss: 0.3046 (0.6722)  time: 0.083752  data: 0.001556  max mem: 3809
I20260720 21:18:54 540231 dinov2 helpers.py:102] Training  [ 1000/10000]  eta: 0:19:31  lr: 0.0017 (0.0017)  wd: 0.0486 (0.0429)  mom: 0.9922 (0.9921)  last_layer_lr: 0.0017 (0.0017)  current_batch_size: 32.0000 (32.0000)  total_loss: 5.1426 (5.4726)  dino_local_crops_loss: 4.3130 (4.2704)  dino_global_crops_loss: 0.5391 (0.5338)  ibot_loss: 0.2905 (0.6684)  time: 0.089902  data: 0.008036  max mem: 3809
I20260720 21:18:55 540231 dinov2 helpers.py:102] Training  [ 1010/10000]  eta: 0:19:26  lr: 0.0017 (0.0017)  wd: 0.0488 (0.0430)  mom: 0.9922 (0.9921)  last_layer_lr: 0.0017 (0.0017)  current_batch_size: 32.0000 (32.0000)  total_loss: 5.1394 (5.4693)  dino_local_crops_loss: 4.3130 (4.2708)  dino_global_crops_loss: 0.5391 (0.5339)  ibot_loss: 0.2872 (0.6646)  time: 0.093815  data: 0.006889  max mem: 3809
I20260720 21:18:56 540231 dinov2 helpers.py:102] Training  [ 1020/10000]  eta: 0:19:22  lr: 0.0017 (0.0017)  wd: 0.0490 (0.0431)  mom: 0.9922 (0.9921)  last_layer_lr: 0.0017 (0.0017)  current_batch_size: 32.0000 (32.0000)  total_loss: 5.1350 (5.4661)  dino_local_crops_loss: 4.3131 (4.2713)  dino_global_crops_loss: 0.5391 (0.5339)  ibot_loss: 0.2828 (0.6609)  time: 0.097452  data: 0.000616  max mem: 3809
I20260720 21:18:57 540231 dinov2 helpers.py:102] Training  [ 1030/10000]  eta: 0:19:17  lr: 0.0017 (0.0017)  wd: 0.0492 (0.0431)  mom: 0.9922 (0.9921)  last_layer_lr: 0.0017 (0.0017)  current_batch_size: 32.0000 (32.0000)  total_loss: 5.1610 (5.4633)  dino_local_crops_loss: 4.3131 (4.2717)  dino_global_crops_loss: 0.5391 (0.5340)  ibot_loss: 0.3087 (0.6576)  time: 0.094828  data: 0.000651  max mem: 3809
I20260720 21:18:57 540231 dinov2 helpers.py:102] Training  [ 1040/10000]  eta: 0:19:12  lr: 0.0017 (0.0017)  wd: 0.0493 (0.0432)  mom: 0.9922 (0.9921)  last_layer_lr: 0.0017 (0.0017)  current_batch_size: 32.0000 (32.0000)  total_loss: 5.1739 (5.4605)  dino_local_crops_loss: 4.3131 (4.2721)  dino_global_crops_loss: 0.5391 (0.5340)  ibot_loss: 0.3214 (0.6544)  time: 0.085654  data: 0.000941  max mem: 3809
I20260720 21:18:58 540231 dinov2 helpers.py:102] Training  [ 1050/10000]  eta: 0:19:07  lr: 0.0017 (0.0017)  wd: 0.0495 (0.0432)  mom: 0.9922 (0.9921)  last_layer_lr: 0.0017 (0.0017)  current_batch_size: 32.0000 (32.0000)  total_loss: 5.1781 (5.4579)  dino_local_crops_loss: 4.3131 (4.2725)  dino_global_crops_loss: 0.5391 (0.5341)  ibot_loss: 0.3258 (0.6514)  time: 0.084989  data: 0.002767  max mem: 3809
I20260720 21:18:59 540231 dinov2 helpers.py:102] Training  [ 1060/10000]  eta: 0:19:03  lr: 0.0017 (0.0017)  wd: 0.0497 (0.0433)  mom: 0.9922 (0.9921)  last_layer_lr: 0.0017 (0.0017)  current_batch_size: 32.0000 (32.0000)  total_loss: 5.1781 (5.4553)  dino_local_crops_loss: 4.3131 (4.2728)  dino_global_crops_loss: 0.5391 (0.5341)  ibot_loss: 0.3258 (0.6483)  time: 0.092068  data: 0.005516  max mem: 3809
I20260720 21:19:00 540231 dinov2 helpers.py:102] Training  [ 1070/10000]  eta: 0:18:58  lr: 0.0017 (0.0017)  wd: 0.0499 (0.0434)  mom: 0.9922 (0.9921)  last_layer_lr: 0.0017 (0.0017)  current_batch_size: 32.0000 (32.0000)  total_loss: 5.1643 (5.4526)  dino_local_crops_loss: 4.3131 (4.2732)  dino_global_crops_loss: 0.5391 (0.5342)  ibot_loss: 0.3121 (0.6452)  time: 0.090956  data: 0.003669  max mem: 3809
I20260720 21:19:01 540231 dinov2 helpers.py:102] Training  [ 1080/10000]  eta: 0:18:54  lr: 0.0017 (0.0017)  wd: 0.0501 (0.0434)  mom: 0.9922 (0.9921)  last_layer_lr: 0.0017 (0.0017)  current_batch_size: 32.0000 (32.0000)  total_loss: 5.1679 (5.4501)  dino_local_crops_loss: 4.3131 (4.2736)  dino_global_crops_loss: 0.5391 (0.5342)  ibot_loss: 0.3158 (0.6423)  time: 0.085638  data: 0.002716  max mem: 3809
I20260720 21:19:02 540231 dinov2 helpers.py:102] Training  [ 1090/10000]  eta: 0:18:49  lr: 0.0017 (0.0017)  wd: 0.0503 (0.0435)  mom: 0.9922 (0.9921)  last_layer_lr: 0.0017 (0.0017)  current_batch_size: 32.0000 (32.0000)  total_loss: 5.1780 (5.4476)  dino_local_crops_loss: 4.3131 (4.2739)  dino_global_crops_loss: 0.5391 (0.5343)  ibot_loss: 0.3256 (0.6394)  time: 0.085858  data: 0.003304  max mem: 3809
I20260720 21:19:03 540231 dinov2 helpers.py:102] Training  [ 1100/10000]  eta: 0:18:44  lr: 0.0017 (0.0017)  wd: 0.0505 (0.0436)  mom: 0.9922 (0.9921)  last_layer_lr: 0.0017 (0.0017)  current_batch_size: 32.0000 (32.0000)  total_loss: 5.1746 (5.4452)  dino_local_crops_loss: 4.3132 (4.2743)  dino_global_crops_loss: 0.5391 (0.5343)  ibot_loss: 0.3223 (0.6366)  time: 0.084309  data: 0.001039  max mem: 3809
I20260720 21:19:03 540231 dinov2 helpers.py:102] Training  [ 1110/10000]  eta: 0:18:40  lr: 0.0017 (0.0017)  wd: 0.0506 (0.0436)  mom: 0.9922 (0.9921)  last_layer_lr: 0.0017 (0.0017)  current_batch_size: 32.0000 (32.0000)  total_loss: 5.1602 (5.4425)  dino_local_crops_loss: 4.3132 (4.2746)  dino_global_crops_loss: 0.5391 (0.5343)  ibot_loss: 0.3079 (0.6335)  time: 0.083594  data: 0.000434  max mem: 3809
I20260720 21:19:04 540231 dinov2 helpers.py:102] Training  [ 1120/10000]  eta: 0:18:36  lr: 0.0017 (0.0017)  wd: 0.0508 (0.0437)  mom: 0.9922 (0.9921)  last_layer_lr: 0.0017 (0.0017)  current_batch_size: 32.0000 (32.0000)  total_loss: 5.1496 (5.4399)  dino_local_crops_loss: 4.3131 (4.2750)  dino_global_crops_loss: 0.5391 (0.5344)  ibot_loss: 0.2973 (0.6305)  time: 0.087005  data: 0.004750  max mem: 3809
I20260720 21:19:05 540231 dinov2 helpers.py:102] Training  [ 1130/10000]  eta: 0:18:31  lr: 0.0017 (0.0017)  wd: 0.0510 (0.0438)  mom: 0.9922 (0.9921)  last_layer_lr: 0.0017 (0.0017)  current_batch_size: 32.0000 (32.0000)  total_loss: 5.1501 (5.4373)  dino_local_crops_loss: 4.3131 (4.2753)  dino_global_crops_loss: 0.5391 (0.5344)  ibot_loss: 0.2979 (0.6276)  time: 0.089002  data: 0.008782  max mem: 3809
I20260720 21:19:06 540231 dinov2 helpers.py:102] Training  [ 1140/10000]  eta: 0:18:27  lr: 0.0017 (0.0017)  wd: 0.0512 (0.0438)  mom: 0.9922 (0.9921)  last_layer_lr: 0.0017 (0.0017)  current_batch_size: 32.0000 (32.0000)  total_loss: 5.1411 (5.4347)  dino_local_crops_loss: 4.3131 (4.2757)  dino_global_crops_loss: 0.5391 (0.5345)  ibot_loss: 0.2889 (0.6246)  time: 0.084637  data: 0.004932  max mem: 3809
I20260720 21:19:07 540231 dinov2 helpers.py:102] Training  [ 1150/10000]  eta: 0:18:23  lr: 0.0017 (0.0017)  wd: 0.0514 (0.0439)  mom: 0.9923 (0.9921)  last_layer_lr: 0.0017 (0.0017)  current_batch_size: 32.0000 (32.0000)  total_loss: 5.1539 (5.4323)  dino_local_crops_loss: 4.3133 (4.2760)  dino_global_crops_loss: 0.5392 (0.5345)  ibot_loss: 0.3013 (0.6218)  time: 0.085449  data: 0.004604  max mem: 3809
I20260720 21:19:08 540231 dinov2 helpers.py:102] Training  [ 1160/10000]  eta: 0:18:18  lr: 0.0017 (0.0017)  wd: 0.0516 (0.0440)  mom: 0.9923 (0.9921)  last_layer_lr: 0.0017 (0.0017)  current_batch_size: 32.0000 (32.0000)  total_loss: 5.1554 (5.4300)  dino_local_crops_loss: 4.3133 (4.2763)  dino_global_crops_loss: 0.5392 (0.5345)  ibot_loss: 0.3027 (0.6191)  time: 0.087081  data: 0.004869  max mem: 3809
I20260720 21:19:09 540231 dinov2 helpers.py:102] Training  [ 1170/10000]  eta: 0:18:14  lr: 0.0017 (0.0017)  wd: 0.0518 (0.0440)  mom: 0.9923 (0.9921)  last_layer_lr: 0.0017 (0.0017)  current_batch_size: 32.0000 (32.0000)  total_loss: 5.1428 (5.4275)  dino_local_crops_loss: 4.3132 (4.2766)  dino_global_crops_loss: 0.5392 (0.5346)  ibot_loss: 0.2905 (0.6163)  time: 0.086048  data: 0.003045  max mem: 3809
I20260720 21:19:10 540231 dinov2 helpers.py:102] Training  [ 1180/10000]  eta: 0:18:11  lr: 0.0017 (0.0017)  wd: 0.0520 (0.0441)  mom: 0.9923 (0.9921)  last_layer_lr: 0.0017 (0.0017)  current_batch_size: 32.0000 (32.0000)  total_loss: 5.1471 (5.4253)  dino_local_crops_loss: 4.3131 (4.2769)  dino_global_crops_loss: 0.5391 (0.5346)  ibot_loss: 0.2948 (0.6137)  time: 0.089226  data: 0.002227  max mem: 3809
I20260720 21:19:11 540231 dinov2 helpers.py:102] Training  [ 1190/10000]  eta: 0:18:07  lr: 0.0017 (0.0017)  wd: 0.0522 (0.0442)  mom: 0.9923 (0.9921)  last_layer_lr: 0.0017 (0.0017)  current_batch_size: 32.0000 (32.0000)  total_loss: 5.1665 (5.4232)  dino_local_crops_loss: 4.3132 (4.2772)  dino_global_crops_loss: 0.5392 (0.5347)  ibot_loss: 0.3143 (0.6113)  time: 0.089555  data: 0.000339  max mem: 3809
I20260720 21:19:11 540231 fvcore.common.checkpoint __init__.py:109] Saving checkpoint to /sci/labs/arieljaffe/dan.abergel1/runs/brain/overfit1/model_0001199.rank_0.pth
I20260720 21:19:13 540231 dinov2 helpers.py:102] Training  [ 1200/10000]  eta: 0:18:15  lr: 0.0017 (0.0017)  wd: 0.0524 (0.0442)  mom: 0.9923 (0.9921)  last_layer_lr: 0.0017 (0.0017)  current_batch_size: 32.0000 (32.0000)  total_loss: 5.1649 (5.4209)  dino_local_crops_loss: 4.3132 (4.2775)  dino_global_crops_loss: 0.5392 (0.5347)  ibot_loss: 0.3125 (0.6087)  time: 0.170293  data: 0.000336  max mem: 3809
I20260720 21:19:14 540231 dinov2 helpers.py:102] Training  [ 1210/10000]  eta: 0:18:10  lr: 0.0017 (0.0017)  wd: 0.0526 (0.0443)  mom: 0.9923 (0.9921)  last_layer_lr: 0.0017 (0.0017)  current_batch_size: 32.0000 (32.0000)  total_loss: 5.1434 (5.4188)  dino_local_crops_loss: 4.3132 (4.2778)  dino_global_crops_loss: 0.5392 (0.5347)  ibot_loss: 0.2910 (0.6062)  time: 0.164901  data: 0.000328  max mem: 3809
I20260720 21:19:15 540231 dinov2 helpers.py:102] Training  [ 1220/10000]  eta: 0:18:06  lr: 0.0017 (0.0017)  wd: 0.0528 (0.0444)  mom: 0.9923 (0.9921)  last_layer_lr: 0.0017 (0.0017)  current_batch_size: 32.0000 (32.0000)  total_loss: 5.1597 (5.4168)  dino_local_crops_loss: 4.3134 (4.2781)  dino_global_crops_loss: 0.5392 (0.5348)  ibot_loss: 0.3068 (0.6039)  time: 0.079126  data: 0.000296  max mem: 3809
I20260720 21:19:16 540231 dinov2 helpers.py:102] Training  [ 1230/10000]  eta: 0:18:03  lr: 0.0017 (0.0017)  wd: 0.0531 (0.0444)  mom: 0.9923 (0.9921)  last_layer_lr: 0.0017 (0.0017)  current_batch_size: 32.0000 (32.0000)  total_loss: 5.1664 (5.4147)  dino_local_crops_loss: 4.3137 (4.2784)  dino_global_crops_loss: 0.5392 (0.5348)  ibot_loss: 0.3136 (0.6015)  time: 0.087916  data: 0.000335  max mem: 3809
I20260720 21:19:17 540231 dinov2 helpers.py:102] Training  [ 1240/10000]  eta: 0:17:59  lr: 0.0017 (0.0017)  wd: 0.0533 (0.0445)  mom: 0.9923 (0.9921)  last_layer_lr: 0.0017 (0.0017)  current_batch_size: 32.0000 (32.0000)  total_loss: 5.1535 (5.4125)  dino_local_crops_loss: 4.3136 (4.2787)  dino_global_crops_loss: 0.5392 (0.5348)  ibot_loss: 0.3010 (0.5989)  time: 0.093967  data: 0.000371  max mem: 3809
I20260720 21:19:17 540231 dinov2 helpers.py:102] Training  [ 1250/10000]  eta: 0:17:56  lr: 0.0017 (0.0017)  wd: 0.0535 (0.0446)  mom: 0.9923 (0.9921)  last_layer_lr: 0.0017 (0.0017)  current_batch_size: 32.0000 (32.0000)  total_loss: 5.1371 (5.4102)  dino_local_crops_loss: 4.3132 (4.2790)  dino_global_crops_loss: 0.5392 (0.5349)  ibot_loss: 0.2847 (0.5964)  time: 0.091064  data: 0.000361  max mem: 3809
I20260720 21:19:18 540231 dinov2 helpers.py:102] Training  [ 1260/10000]  eta: 0:17:52  lr: 0.0017 (0.0017)  wd: 0.0537 (0.0447)  mom: 0.9923 (0.9921)  last_layer_lr: 0.0017 (0.0017)  current_batch_size: 32.0000 (32.0000)  total_loss: 5.1468 (5.4082)  dino_local_crops_loss: 4.3132 (4.2792)  dino_global_crops_loss: 0.5391 (0.5349)  ibot_loss: 0.2945 (0.5940)  time: 0.087075  data: 0.000374  max mem: 3809
I20260720 21:19:19 540231 dinov2 helpers.py:102] Training  [ 1270/10000]  eta: 0:17:49  lr: 0.0017 (0.0017)  wd: 0.0539 (0.0447)  mom: 0.9923 (0.9921)  last_layer_lr: 0.0017 (0.0017)  current_batch_size: 32.0000 (32.0000)  total_loss: 5.1515 (5.4061)  dino_local_crops_loss: 4.3131 (4.2795)  dino_global_crops_loss: 0.5391 (0.5349)  ibot_loss: 0.2993 (0.5916)  time: 0.088871  data: 0.000375  max mem: 3809
I20260720 21:19:20 540231 dinov2 helpers.py:102] Training  [ 1280/10000]  eta: 0:17:45  lr: 0.0017 (0.0017)  wd: 0.0541 (0.0448)  mom: 0.9923 (0.9921)  last_layer_lr: 0.0017 (0.0017)  current_batch_size: 32.0000 (32.0000)  total_loss: 5.1515 (5.4042)  dino_local_crops_loss: 4.3132 (4.2798)  dino_global_crops_loss: 0.5392 (0.5350)  ibot_loss: 0.2993 (0.5894)  time: 0.088880  data: 0.000361  max mem: 3809
I20260720 21:19:21 540231 dinov2 helpers.py:102] Training  [ 1290/10000]  eta: 0:17:41  lr: 0.0017 (0.0017)  wd: 0.0544 (0.0449)  mom: 0.9923 (0.9921)  last_layer_lr: 0.0017 (0.0017)  current_batch_size: 32.0000 (32.0000)  total_loss: 5.1560 (5.4023)  dino_local_crops_loss: 4.3132 (4.2800)  dino_global_crops_loss: 0.5392 (0.5350)  ibot_loss: 0.3035 (0.5873)  time: 0.087020  data: 0.000334  max mem: 3809
I20260720 21:19:22 540231 dinov2 helpers.py:102] Training  [ 1300/10000]  eta: 0:17:38  lr: 0.0017 (0.0017)  wd: 0.0546 (0.0450)  mom: 0.9923 (0.9921)  last_layer_lr: 0.0017 (0.0017)  current_batch_size: 32.0000 (32.0000)  total_loss: 5.1549 (5.4004)  dino_local_crops_loss: 4.3133 (4.2803)  dino_global_crops_loss: 0.5392 (0.5350)  ibot_loss: 0.3024 (0.5851)  time: 0.085701  data: 0.000366  max mem: 3809
I20260720 21:19:23 540231 dinov2 helpers.py:102] Training  [ 1310/10000]  eta: 0:17:34  lr: 0.0017 (0.0017)  wd: 0.0548 (0.0450)  mom: 0.9923 (0.9921)  last_layer_lr: 0.0017 (0.0017)  current_batch_size: 32.0000 (32.0000)  total_loss: 5.1635 (5.3986)  dino_local_crops_loss: 4.3131 (4.2805)  dino_global_crops_loss: 0.5391 (0.5351)  ibot_loss: 0.3109 (0.5830)  time: 0.083636  data: 0.000376  max mem: 3809
I20260720 21:19:24 540231 dinov2 helpers.py:102] Training  [ 1320/10000]  eta: 0:17:30  lr: 0.0017 (0.0017)  wd: 0.0550 (0.0451)  mom: 0.9923 (0.9921)  last_layer_lr: 0.0017 (0.0017)  current_batch_size: 32.0000 (32.0000)  total_loss: 5.1657 (5.3967)  dino_local_crops_loss: 4.3131 (4.2808)  dino_global_crops_loss: 0.5391 (0.5351)  ibot_loss: 0.3134 (0.5808)  time: 0.084649  data: 0.000339  max mem: 3809
I20260720 21:19:24 540231 dinov2 helpers.py:102] Training  [ 1330/10000]  eta: 0:17:27  lr: 0.0017 (0.0017)  wd: 0.0553 (0.0452)  mom: 0.9923 (0.9921)  last_layer_lr: 0.0017 (0.0017)  current_batch_size: 32.0000 (32.0000)  total_loss: 5.1538 (5.3949)  dino_local_crops_loss: 4.3132 (4.2810)  dino_global_crops_loss: 0.5392 (0.5351)  ibot_loss: 0.3016 (0.5787)  time: 0.085234  data: 0.000333  max mem: 3809
I20260720 21:19:25 540231 dinov2 helpers.py:102] Training  [ 1340/10000]  eta: 0:17:23  lr: 0.0017 (0.0017)  wd: 0.0555 (0.0453)  mom: 0.9923 (0.9921)  last_layer_lr: 0.0017 (0.0017)  current_batch_size: 32.0000 (32.0000)  total_loss: 5.1479 (5.3930)  dino_local_crops_loss: 4.3133 (4.2813)  dino_global_crops_loss: 0.5392 (0.5352)  ibot_loss: 0.2955 (0.5766)  time: 0.084667  data: 0.000324  max mem: 3809
I20260720 21:19:26 540231 dinov2 helpers.py:102] Training  [ 1350/10000]  eta: 0:17:20  lr: 0.0017 (0.0017)  wd: 0.0557 (0.0453)  mom: 0.9923 (0.9921)  last_layer_lr: 0.0017 (0.0017)  current_batch_size: 32.0000 (32.0000)  total_loss: 5.1307 (5.3911)  dino_local_crops_loss: 4.3132 (4.2815)  dino_global_crops_loss: 0.5392 (0.5352)  ibot_loss: 0.2783 (0.5744)  time: 0.091263  data: 0.000343  max mem: 3809
I20260720 21:19:27 540231 dinov2 helpers.py:102] Training  [ 1360/10000]  eta: 0:17:17  lr: 0.0017 (0.0017)  wd: 0.0559 (0.0454)  mom: 0.9924 (0.9921)  last_layer_lr: 0.0017 (0.0017)  current_batch_size: 32.0000 (32.0000)  total_loss: 5.1307 (5.3893)  dino_local_crops_loss: 4.3133 (4.2817)  dino_global_crops_loss: 0.5392 (0.5352)  ibot_loss: 0.2783 (0.5723)  time: 0.090500  data: 0.000340  max mem: 3809
I20260720 21:19:28 540231 dinov2 helpers.py:102] Training  [ 1370/10000]  eta: 0:17:14  lr: 0.0017 (0.0017)  wd: 0.0562 (0.0455)  mom: 0.9924 (0.9921)  last_layer_lr: 0.0017 (0.0017)  current_batch_size: 32.0000 (32.0000)  total_loss: 5.1361 (5.3874)  dino_local_crops_loss: 4.3133 (4.2820)  dino_global_crops_loss: 0.5392 (0.5353)  ibot_loss: 0.2838 (0.5702)  time: 0.086172  data: 0.001909  max mem: 3809
I20260720 21:19:29 540231 dinov2 helpers.py:102] Training  [ 1380/10000]  eta: 0:17:10  lr: 0.0017 (0.0017)  wd: 0.0564 (0.0456)  mom: 0.9924 (0.9921)  last_layer_lr: 0.0017 (0.0017)  current_batch_size: 32.0000 (32.0000)  total_loss: 5.1286 (5.3855)  dino_local_crops_loss: 4.3133 (4.2822)  dino_global_crops_loss: 0.5392 (0.5353)  ibot_loss: 0.2761 (0.5680)  time: 0.087254  data: 0.002934  max mem: 3809
I20260720 21:19:30 540231 dinov2 helpers.py:102] Training  [ 1390/10000]  eta: 0:17:07  lr: 0.0017 (0.0017)  wd: 0.0567 (0.0457)  mom: 0.9924 (0.9921)  last_layer_lr: 0.0017 (0.0017)  current_batch_size: 32.0000 (32.0000)  total_loss: 5.1208 (5.3836)  dino_local_crops_loss: 4.3132 (4.2824)  dino_global_crops_loss: 0.5392 (0.5353)  ibot_loss: 0.2686 (0.5658)  time: 0.088507  data: 0.006603  max mem: 3809
I20260720 21:19:31 540231 dinov2 helpers.py:102] Training  [ 1400/10000]  eta: 0:17:04  lr: 0.0017 (0.0017)  wd: 0.0569 (0.0457)  mom: 0.9924 (0.9921)  last_layer_lr: 0.0017 (0.0017)  current_batch_size: 32.0000 (32.0000)  total_loss: 5.1208 (5.3816)  dino_local_crops_loss: 4.3131 (4.2826)  dino_global_crops_loss: 0.5391 (0.5353)  ibot_loss: 0.2686 (0.5636)  time: 0.088696  data: 0.007783  max mem: 3809
I20260720 21:19:32 540231 dinov2 helpers.py:102] Training  [ 1410/10000]  eta: 0:17:02  lr: 0.0017 (0.0017)  wd: 0.0571 (0.0458)  mom: 0.9924 (0.9921)  last_layer_lr: 0.0017 (0.0017)  current_batch_size: 32.0000 (32.0000)  total_loss: 5.1095 (5.3796)  dino_local_crops_loss: 4.3131 (4.2829)  dino_global_crops_loss: 0.5391 (0.5354)  ibot_loss: 0.2573 (0.5614)  time: 0.090665  data: 0.006010  max mem: 3809
I20260720 21:19:32 540231 dinov2 helpers.py:102] Training  [ 1420/10000]  eta: 0:16:58  lr: 0.0017 (0.0017)  wd: 0.0574 (0.0459)  mom: 0.9924 (0.9921)  last_layer_lr: 0.0017 (0.0017)  current_batch_size: 32.0000 (32.0000)  total_loss: 5.0951 (5.3777)  dino_local_crops_loss: 4.3131 (4.2831)  dino_global_crops_loss: 0.5391 (0.5354)  ibot_loss: 0.2429 (0.5592)  time: 0.089623  data: 0.003792  max mem: 3809
I20260720 21:19:33 540231 dinov2 helpers.py:102] Training  [ 1430/10000]  eta: 0:16:55  lr: 0.0017 (0.0017)  wd: 0.0576 (0.0460)  mom: 0.9924 (0.9921)  last_layer_lr: 0.0017 (0.0017)  current_batch_size: 32.0000 (32.0000)  total_loss: 5.0951 (5.3757)  dino_local_crops_loss: 4.3131 (4.2833)  dino_global_crops_loss: 0.5391 (0.5354)  ibot_loss: 0.2429 (0.5570)  time: 0.083446  data: 0.000309  max mem: 3809
I20260720 21:19:34 540231 dinov2 helpers.py:102] Training  [ 1440/10000]  eta: 0:16:52  lr: 0.0017 (0.0017)  wd: 0.0579 (0.0461)  mom: 0.9924 (0.9921)  last_layer_lr: 0.0017 (0.0017)  current_batch_size: 32.0000 (32.0000)  total_loss: 5.0859 (5.3738)  dino_local_crops_loss: 4.3131 (4.2835)  dino_global_crops_loss: 0.5391 (0.5355)  ibot_loss: 0.2337 (0.5549)  time: 0.085465  data: 0.000320  max mem: 3809
I20260720 21:19:35 540231 dinov2 helpers.py:102] Training  [ 1450/10000]  eta: 0:16:50  lr: 0.0017 (0.0017)  wd: 0.0581 (0.0462)  mom: 0.9924 (0.9921)  last_layer_lr: 0.0017 (0.0017)  current_batch_size: 32.0000 (32.0000)  total_loss: 5.0916 (5.3719)  dino_local_crops_loss: 4.3131 (4.2837)  dino_global_crops_loss: 0.5391 (0.5355)  ibot_loss: 0.2394 (0.5528)  time: 0.092586  data: 0.000323  max mem: 3809
I20260720 21:19:36 540231 dinov2 helpers.py:102] Training  [ 1460/10000]  eta: 0:16:46  lr: 0.0017 (0.0017)  wd: 0.0584 (0.0462)  mom: 0.9924 (0.9921)  last_layer_lr: 0.0017 (0.0017)  current_batch_size: 32.0000 (32.0000)  total_loss: 5.1086 (5.3701)  dino_local_crops_loss: 4.3131 (4.2839)  dino_global_crops_loss: 0.5391 (0.5355)  ibot_loss: 0.2563 (0.5507)  time: 0.090065  data: 0.000347  max mem: 3809
I20260720 21:19:37 540231 dinov2 helpers.py:102] Training  [ 1470/10000]  eta: 0:16:43  lr: 0.0017 (0.0017)  wd: 0.0586 (0.0463)  mom: 0.9924 (0.9921)  last_layer_lr: 0.0017 (0.0017)  current_batch_size: 32.0000 (32.0000)  total_loss: 5.0954 (5.3681)  dino_local_crops_loss: 4.3131 (4.2841)  dino_global_crops_loss: 0.5391 (0.5355)  ibot_loss: 0.2432 (0.5485)  time: 0.083362  data: 0.000341  max mem: 3809
I20260720 21:19:38 540231 dinov2 helpers.py:102] Training  [ 1480/10000]  eta: 0:16:40  lr: 0.0017 (0.0017)  wd: 0.0589 (0.0464)  mom: 0.9924 (0.9921)  last_layer_lr: 0.0017 (0.0017)  current_batch_size: 32.0000 (32.0000)  total_loss: 5.0801 (5.3662)  dino_local_crops_loss: 4.3131 (4.2843)  dino_global_crops_loss: 0.5391 (0.5356)  ibot_loss: 0.2278 (0.5463)  time: 0.084383  data: 0.000330  max mem: 3809
I20260720 21:19:39 540231 dinov2 helpers.py:102] Training  [ 1490/10000]  eta: 0:16:37  lr: 0.0017 (0.0017)  wd: 0.0591 (0.0465)  mom: 0.9924 (0.9921)  last_layer_lr: 0.0017 (0.0017)  current_batch_size: 32.0000 (32.0000)  total_loss: 5.0898 (5.3643)  dino_local_crops_loss: 4.3131 (4.2845)  dino_global_crops_loss: 0.5391 (0.5356)  ibot_loss: 0.2376 (0.5443)  time: 0.083368  data: 0.000331  max mem: 3809
I20260720 21:19:39 540231 fvcore.common.checkpoint __init__.py:109] Saving checkpoint to /sci/labs/arieljaffe/dan.abergel1/runs/brain/overfit1/model_0001499.rank_0.pth
I20260720 21:19:41 540231 dinov2 helpers.py:102] Training  [ 1500/10000]  eta: 0:16:44  lr: 0.0017 (0.0017)  wd: 0.0594 (0.0466)  mom: 0.9924 (0.9921)  last_layer_lr: 0.0017 (0.0017)  current_batch_size: 32.0000 (32.0000)  total_loss: 5.0899 (5.3624)  dino_local_crops_loss: 4.3131 (4.2847)  dino_global_crops_loss: 0.5391 (0.5356)  ibot_loss: 0.2376 (0.5422)  time: 0.173883  data: 0.000328  max mem: 3809
I20260720 21:19:42 540231 dinov2 helpers.py:102] Training  [ 1510/10000]  eta: 0:16:41  lr: 0.0017 (0.0017)  wd: 0.0596 (0.0467)  mom: 0.9924 (0.9921)  last_layer_lr: 0.0017 (0.0017)  current_batch_size: 32.0000 (32.0000)  total_loss: 5.0737 (5.3605)  dino_local_crops_loss: 4.3131 (4.2849)  dino_global_crops_loss: 0.5391 (0.5356)  ibot_loss: 0.2215 (0.5400)  time: 0.172017  data: 0.000315  max mem: 3809
I20260720 21:19:43 540231 dinov2 helpers.py:102] Training  [ 1520/10000]  eta: 0:16:38  lr: 0.0017 (0.0017)  wd: 0.0599 (0.0468)  mom: 0.9924 (0.9922)  last_layer_lr: 0.0017 (0.0017)  current_batch_size: 32.0000 (32.0000)  total_loss: 5.0869 (5.3588)  dino_local_crops_loss: 4.3130 (4.2850)  dino_global_crops_loss: 0.5391 (0.5356)  ibot_loss: 0.2347 (0.5381)  time: 0.082884  data: 0.000323  max mem: 3809
I20260720 21:19:44 540231 dinov2 helpers.py:102] Training  [ 1530/10000]  eta: 0:16:35  lr: 0.0017 (0.0017)  wd: 0.0601 (0.0469)  mom: 0.9924 (0.9922)  last_layer_lr: 0.0017 (0.0017)  current_batch_size: 32.0000 (32.0000)  total_loss: 5.0908 (5.3570)  dino_local_crops_loss: 4.3130 (4.2852)  dino_global_crops_loss: 0.5391 (0.5357)  ibot_loss: 0.2386 (0.5361)  time: 0.084677  data: 0.000470  max mem: 3809
I20260720 21:19:45 540231 dinov2 helpers.py:102] Training  [ 1540/10000]  eta: 0:16:32  lr: 0.0017 (0.0017)  wd: 0.0604 (0.0469)  mom: 0.9925 (0.9922)  last_layer_lr: 0.0017 (0.0017)  current_batch_size: 32.0000 (32.0000)  total_loss: 5.0908 (5.3553)  dino_local_crops_loss: 4.3130 (4.2854)  dino_global_crops_loss: 0.5391 (0.5357)  ibot_loss: 0.2386 (0.5342)  time: 0.084357  data: 0.000458  max mem: 3809
I20260720 21:19:45 540231 dinov2 helpers.py:102] Training  [ 1550/10000]  eta: 0:16:29  lr: 0.0017 (0.0017)  wd: 0.0607 (0.0470)  mom: 0.9925 (0.9922)  last_layer_lr: 0.0017 (0.0017)  current_batch_size: 32.0000 (32.0000)  total_loss: 5.0905 (5.3535)  dino_local_crops_loss: 4.3131 (4.2856)  dino_global_crops_loss: 0.5391 (0.5357)  ibot_loss: 0.2383 (0.5322)  time: 0.086289  data: 0.000405  max mem: 3809
I20260720 21:19:46 540231 dinov2 helpers.py:102] Training  [ 1560/10000]  eta: 0:16:27  lr: 0.0017 (0.0017)  wd: 0.0609 (0.0471)  mom: 0.9925 (0.9922)  last_layer_lr: 0.0017 (0.0017)  current_batch_size: 32.0000 (32.0000)  total_loss: 5.1011 (5.3520)  dino_local_crops_loss: 4.3131 (4.2858)  dino_global_crops_loss: 0.5391 (0.5357)  ibot_loss: 0.2489 (0.5305)  time: 0.090917  data: 0.000419  max mem: 3809
I20260720 21:19:47 540231 dinov2 helpers.py:102] Training  [ 1570/10000]  eta: 0:16:24  lr: 0.0017 (0.0017)  wd: 0.0612 (0.0472)  mom: 0.9925 (0.9922)  last_layer_lr: 0.0017 (0.0017)  current_batch_size: 32.0000 (32.0000)  total_loss: 5.1109 (5.3505)  dino_local_crops_loss: 4.3131 (4.2859)  dino_global_crops_loss: 0.5391 (0.5358)  ibot_loss: 0.2586 (0.5288)  time: 0.088746  data: 0.000494  max mem: 3809
I20260720 21:19:48 540231 dinov2 helpers.py:102] Training  [ 1580/10000]  eta: 0:16:21  lr: 0.0017 (0.0017)  wd: 0.0615 (0.0473)  mom: 0.9925 (0.9922)  last_layer_lr: 0.0017 (0.0017)  current_batch_size: 32.0000 (32.0000)  total_loss: 5.1206 (5.3490)  dino_local_crops_loss: 4.3131 (4.2861)  dino_global_crops_loss: 0.5391 (0.5358)  ibot_loss: 0.2684 (0.5271)  time: 0.083202  data: 0.000500  max mem: 3809
I20260720 21:19:49 540231 dinov2 helpers.py:102] Training  [ 1590/10000]  eta: 0:16:18  lr: 0.0017 (0.0017)  wd: 0.0617 (0.0474)  mom: 0.9925 (0.9922)  last_layer_lr: 0.0017 (0.0017)  current_batch_size: 32.0000 (32.0000)  total_loss: 5.1378 (5.3478)  dino_local_crops_loss: 4.3131 (4.2863)  dino_global_crops_loss: 0.5391 (0.5358)  ibot_loss: 0.2855 (0.5257)  time: 0.085725  data: 0.000399  max mem: 3809
I20260720 21:19:50 540231 dinov2 helpers.py:102] Training  [ 1600/10000]  eta: 0:16:15  lr: 0.0017 (0.0017)  wd: 0.0620 (0.0475)  mom: 0.9925 (0.9922)  last_layer_lr: 0.0017 (0.0017)  current_batch_size: 32.0000 (32.0000)  total_loss: 5.1474 (5.3465)  dino_local_crops_loss: 4.3132 (4.2864)  dino_global_crops_loss: 0.5392 (0.5358)  ibot_loss: 0.2951 (0.5243)  time: 0.086650  data: 0.000428  max mem: 3809
I20260720 21:19:51 540231 dinov2 helpers.py:102] Training  [ 1610/10000]  eta: 0:16:12  lr: 0.0017 (0.0017)  wd: 0.0623 (0.0476)  mom: 0.9925 (0.9922)  last_layer_lr: 0.0017 (0.0017)  current_batch_size: 32.0000 (32.0000)  total_loss: 5.1312 (5.3452)  dino_local_crops_loss: 4.3132 (4.2866)  dino_global_crops_loss: 0.5391 (0.5358)  ibot_loss: 0.2788 (0.5227)  time: 0.085685  data: 0.000405  max mem: 3809
I20260720 21:19:51 540231 dinov2 helpers.py:102] Training  [ 1620/10000]  eta: 0:16:09  lr: 0.0017 (0.0017)  wd: 0.0625 (0.0477)  mom: 0.9925 (0.9922)  last_layer_lr: 0.0017 (0.0017)  current_batch_size: 32.0000 (32.0000)  total_loss: 5.1210 (5.3439)  dino_local_crops_loss: 4.3131 (4.2868)  dino_global_crops_loss: 0.5391 (0.5359)  ibot_loss: 0.2686 (0.5212)  time: 0.082348  data: 0.000358  max mem: 3809
I20260720 21:19:52 540231 dinov2 helpers.py:102] Training  [ 1630/10000]  eta: 0:16:06  lr: 0.0017 (0.0017)  wd: 0.0628 (0.0478)  mom: 0.9925 (0.9922)  last_layer_lr: 0.0017 (0.0017)  current_batch_size: 32.0000 (32.0000)  total_loss: 5.1517 (5.3427)  dino_local_crops_loss: 4.3132 (4.2869)  dino_global_crops_loss: 0.5391 (0.5359)  ibot_loss: 0.2994 (0.5199)  time: 0.081073  data: 0.000336  max mem: 3809
I20260720 21:19:53 540231 dinov2 helpers.py:102] Training  [ 1640/10000]  eta: 0:16:04  lr: 0.0017 (0.0017)  wd: 0.0631 (0.0479)  mom: 0.9925 (0.9922)  last_layer_lr: 0.0017 (0.0017)  current_batch_size: 32.0000 (32.0000)  total_loss: 5.1517 (5.3416)  dino_local_crops_loss: 4.3132 (4.2871)  dino_global_crops_loss: 0.5392 (0.5359)  ibot_loss: 0.2994 (0.5186)  time: 0.087599  data: 0.000339  max mem: 3809
I20260720 21:19:54 540231 dinov2 helpers.py:102] Training  [ 1650/10000]  eta: 0:16:02  lr: 0.0017 (0.0017)  wd: 0.0634 (0.0480)  mom: 0.9925 (0.9922)  last_layer_lr: 0.0017 (0.0017)  current_batch_size: 32.0000 (32.0000)  total_loss: 5.1507 (5.3406)  dino_local_crops_loss: 4.3133 (4.2873)  dino_global_crops_loss: 0.5392 (0.5359)  ibot_loss: 0.2983 (0.5174)  time: 0.091872  data: 0.000354  max mem: 3809
I20260720 21:19:55 540231 dinov2 helpers.py:102] Training  [ 1660/10000]  eta: 0:15:59  lr: 0.0017 (0.0017)  wd: 0.0636 (0.0481)  mom: 0.9925 (0.9922)  last_layer_lr: 0.0017 (0.0017)  current_batch_size: 32.0000 (32.0000)  total_loss: 5.1597 (5.3395)  dino_local_crops_loss: 4.3132 (4.2874)  dino_global_crops_loss: 0.5392 (0.5359)  ibot_loss: 0.3071 (0.5161)  time: 0.088014  data: 0.000379  max mem: 3809
I20260720 21:19:56 540231 dinov2 helpers.py:102] Training  [ 1670/10000]  eta: 0:15:57  lr: 0.0017 (0.0017)  wd: 0.0639 (0.0481)  mom: 0.9925 (0.9922)  last_layer_lr: 0.0017 (0.0017)  current_batch_size: 32.0000 (32.0000)  total_loss: 5.1677 (5.3384)  dino_local_crops_loss: 4.3132 (4.2876)  dino_global_crops_loss: 0.5392 (0.5360)  ibot_loss: 0.3153 (0.5149)  time: 0.086420  data: 0.000368  max mem: 3809
I20260720 21:19:57 540231 dinov2 helpers.py:102] Training  [ 1680/10000]  eta: 0:15:54  lr: 0.0017 (0.0017)  wd: 0.0642 (0.0482)  mom: 0.9925 (0.9922)  last_layer_lr: 0.0017 (0.0017)  current_batch_size: 32.0000 (32.0000)  total_loss: 5.1789 (5.3375)  dino_local_crops_loss: 4.3131 (4.2877)  dino_global_crops_loss: 0.5391 (0.5360)  ibot_loss: 0.3266 (0.5138)  time: 0.088943  data: 0.000358  max mem: 3809
I20260720 21:19:58 540231 dinov2 helpers.py:102] Training  [ 1690/10000]  eta: 0:15:52  lr: 0.0017 (0.0017)  wd: 0.0645 (0.0483)  mom: 0.9925 (0.9922)  last_layer_lr: 0.0017 (0.0017)  current_batch_size: 32.0000 (32.0000)  total_loss: 5.1924 (5.3366)  dino_local_crops_loss: 4.3131 (4.2879)  dino_global_crops_loss: 0.5391 (0.5360)  ibot_loss: 0.3402 (0.5127)  time: 0.090934  data: 0.000501  max mem: 3809
I20260720 21:19:59 540231 dinov2 helpers.py:102] Training  [ 1700/10000]  eta: 0:15:51  lr: 0.0017 (0.0017)  wd: 0.0648 (0.0484)  mom: 0.9926 (0.9922)  last_layer_lr: 0.0017 (0.0017)  current_batch_size: 32.0000 (32.0000)  total_loss: 5.1759 (5.3356)  dino_local_crops_loss: 4.3131 (4.2880)  dino_global_crops_loss: 0.5391 (0.5360)  ibot_loss: 0.3237 (0.5116)  time: 0.103945  data: 0.000489  max mem: 3809
I20260720 21:20:00 540231 dinov2 helpers.py:102] Training  [ 1710/10000]  eta: 0:15:49  lr: 0.0017 (0.0017)  wd: 0.0651 (0.0485)  mom: 0.9926 (0.9922)  last_layer_lr: 0.0017 (0.0017)  current_batch_size: 32.0000 (32.0000)  total_loss: 5.1683 (5.3347)  dino_local_crops_loss: 4.3130 (4.2882)  dino_global_crops_loss: 0.5391 (0.5360)  ibot_loss: 0.3161 (0.5105)  time: 0.104987  data: 0.000412  max mem: 3809
I20260720 21:20:01 540231 dinov2 helpers.py:102] Training  [ 1720/10000]  eta: 0:15:46  lr: 0.0017 (0.0017)  wd: 0.0654 (0.0486)  mom: 0.9926 (0.9922)  last_layer_lr: 0.0017 (0.0017)  current_batch_size: 32.0000 (32.0000)  total_loss: 5.1848 (5.3339)  dino_local_crops_loss: 4.3131 (4.2883)  dino_global_crops_loss: 0.5391 (0.5361)  ibot_loss: 0.3326 (0.5095)  time: 0.090190  data: 0.000424  max mem: 3809
I20260720 21:20:02 540231 dinov2 helpers.py:102] Training  [ 1730/10000]  eta: 0:15:44  lr: 0.0017 (0.0017)  wd: 0.0656 (0.0487)  mom: 0.9926 (0.9922)  last_layer_lr: 0.0017 (0.0017)  current_batch_size: 32.0000 (32.0000)  total_loss: 5.1945 (5.3331)  dino_local_crops_loss: 4.3131 (4.2885)  dino_global_crops_loss: 0.5391 (0.5361)  ibot_loss: 0.3423 (0.5086)  time: 0.091503  data: 0.000351  max mem: 3809
I20260720 21:20:03 540231 dinov2 helpers.py:102] Training  [ 1740/10000]  eta: 0:15:42  lr: 0.0017 (0.0017)  wd: 0.0659 (0.0488)  mom: 0.9926 (0.9922)  last_layer_lr: 0.0017 (0.0017)  current_batch_size: 32.0000 (32.0000)  total_loss: 5.2097 (5.3324)  dino_local_crops_loss: 4.3131 (4.2886)  dino_global_crops_loss: 0.5391 (0.5361)  ibot_loss: 0.3574 (0.5077)  time: 0.098612  data: 0.000355  max mem: 3809
I20260720 21:20:04 540231 dinov2 helpers.py:102] Training  [ 1750/10000]  eta: 0:15:40  lr: 0.0017 (0.0017)  wd: 0.0662 (0.0489)  mom: 0.9926 (0.9922)  last_layer_lr: 0.0017 (0.0017)  current_batch_size: 32.0000 (32.0000)  total_loss: 5.1670 (5.3314)  dino_local_crops_loss: 4.3132 (4.2887)  dino_global_crops_loss: 0.5392 (0.5361)  ibot_loss: 0.3147 (0.5066)  time: 0.098369  data: 0.001225  max mem: 3809
I20260720 21:20:05 540231 dinov2 helpers.py:102] Training  [ 1760/10000]  eta: 0:15:38  lr: 0.0016 (0.0017)  wd: 0.0665 (0.0490)  mom: 0.9926 (0.9922)  last_layer_lr: 0.0016 (0.0017)  current_batch_size: 32.0000 (32.0000)  total_loss: 5.1648 (5.3305)  dino_local_crops_loss: 4.3132 (4.2889)  dino_global_crops_loss: 0.5391 (0.5361)  ibot_loss: 0.3124 (0.5055)  time: 0.091634  data: 0.001251  max mem: 3809
I20260720 21:20:05 540231 dinov2 helpers.py:102] Training  [ 1770/10000]  eta: 0:15:36  lr: 0.0016 (0.0017)  wd: 0.0668 (0.0491)  mom: 0.9926 (0.9922)  last_layer_lr: 0.0016 (0.0017)  current_batch_size: 32.0000 (32.0000)  total_loss: 5.1611 (5.3296)  dino_local_crops_loss: 4.3131 (4.2890)  dino_global_crops_loss: 0.5391 (0.5361)  ibot_loss: 0.3088 (0.5044)  time: 0.089019  data: 0.000391  max mem: 3809
I20260720 21:20:06 540231 dinov2 helpers.py:102] Training  [ 1780/10000]  eta: 0:15:34  lr: 0.0016 (0.0017)  wd: 0.0671 (0.0492)  mom: 0.9926 (0.9922)  last_layer_lr: 0.0016 (0.0017)  current_batch_size: 32.0000 (32.0000)  total_loss: 5.1627 (5.3287)  dino_local_crops_loss: 4.3131 (4.2891)  dino_global_crops_loss: 0.5391 (0.5362)  ibot_loss: 0.3104 (0.5034)  time: 0.092353  data: 0.000548  max mem: 3809
I20260720 21:20:07 540231 dinov2 helpers.py:102] Training  [ 1790/10000]  eta: 0:15:31  lr: 0.0016 (0.0017)  wd: 0.0674 (0.0493)  mom: 0.9926 (0.9922)  last_layer_lr: 0.0016 (0.0017)  current_batch_size: 32.0000 (32.0000)  total_loss: 5.1697 (5.3279)  dino_local_crops_loss: 4.3131 (4.2893)  dino_global_crops_loss: 0.5391 (0.5362)  ibot_loss: 0.3174 (0.5024)  time: 0.089526  data: 0.000556  max mem: 3809
I20260720 21:20:08 540231 fvcore.common.checkpoint __init__.py:109] Saving checkpoint to /sci/labs/arieljaffe/dan.abergel1/runs/brain/overfit1/model_0001799.rank_0.pth
I20260720 21:20:10 540231 dinov2 helpers.py:102] Training  [ 1800/10000]  eta: 0:15:37  lr: 0.0016 (0.0017)  wd: 0.0677 (0.0494)  mom: 0.9926 (0.9922)  last_layer_lr: 0.0016 (0.0017)  current_batch_size: 32.0000 (32.0000)  total_loss: 5.1677 (5.3270)  dino_local_crops_loss: 4.3130 (4.2894)  dino_global_crops_loss: 0.5391 (0.5362)  ibot_loss: 0.3155 (0.5014)  time: 0.169517  data: 0.000380  max mem: 3809
I20260720 21:20:11 540231 dinov2 helpers.py:102] Training  [ 1810/10000]  eta: 0:15:34  lr: 0.0016 (0.0017)  wd: 0.0680 (0.0495)  mom: 0.9926 (0.9922)  last_layer_lr: 0.0016 (0.0017)  current_batch_size: 32.0000 (32.0000)  total_loss: 5.1852 (5.3263)  dino_local_crops_loss: 4.3131 (4.2895)  dino_global_crops_loss: 0.5391 (0.5362)  ibot_loss: 0.3330 (0.5005)  time: 0.167102  data: 0.000520  max mem: 3809
I20260720 21:20:12 540231 dinov2 helpers.py:102] Training  [ 1820/10000]  eta: 0:15:32  lr: 0.0016 (0.0017)  wd: 0.0683 (0.0497)  mom: 0.9926 (0.9922)  last_layer_lr: 0.0016 (0.0017)  current_batch_size: 32.0000 (32.0000)  total_loss: 5.1794 (5.3254)  dino_local_crops_loss: 4.3131 (4.2897)  dino_global_crops_loss: 0.5391 (0.5362)  ibot_loss: 0.3271 (0.4995)  time: 0.085066  data: 0.000575  max mem: 3809
I20260720 21:20:12 540231 dinov2 helpers.py:102] Training  [ 1830/10000]  eta: 0:15:29  lr: 0.0016 (0.0017)  wd: 0.0686 (0.0498)  mom: 0.9926 (0.9922)  last_layer_lr: 0.0016 (0.0017)  current_batch_size: 32.0000 (32.0000)  total_loss: 5.1603 (5.3245)  dino_local_crops_loss: 4.3131 (4.2898)  dino_global_crops_loss: 0.5391 (0.5362)  ibot_loss: 0.3081 (0.4985)  time: 0.088562  data: 0.000405  max mem: 3809
I20260720 21:20:13 540231 dinov2 helpers.py:102] Training  [ 1840/10000]  eta: 0:15:27  lr: 0.0016 (0.0017)  wd: 0.0689 (0.0499)  mom: 0.9926 (0.9922)  last_layer_lr: 0.0016 (0.0017)  current_batch_size: 32.0000 (32.0000)  total_loss: 5.1579 (5.3237)  dino_local_crops_loss: 4.3131 (4.2899)  dino_global_crops_loss: 0.5391 (0.5363)  ibot_loss: 0.3057 (0.4975)  time: 0.090741  data: 0.000338  max mem: 3809
I20260720 21:20:14 540231 dinov2 helpers.py:102] Training  [ 1850/10000]  eta: 0:15:25  lr: 0.0016 (0.0017)  wd: 0.0692 (0.0500)  mom: 0.9926 (0.9922)  last_layer_lr: 0.0016 (0.0017)  current_batch_size: 32.0000 (32.0000)  total_loss: 5.1603 (5.3228)  dino_local_crops_loss: 4.3131 (4.2901)  dino_global_crops_loss: 0.5391 (0.5363)  ibot_loss: 0.3081 (0.4964)  time: 0.090672  data: 0.000362  max mem: 3809
I20260720 21:20:15 540231 dinov2 helpers.py:102] Training  [ 1860/10000]  eta: 0:15:23  lr: 0.0016 (0.0017)  wd: 0.0696 (0.0501)  mom: 0.9927 (0.9922)  last_layer_lr: 0.0016 (0.0017)  current_batch_size: 32.0000 (32.0000)  total_loss: 5.1496 (5.3219)  dino_local_crops_loss: 4.3131 (4.2902)  dino_global_crops_loss: 0.5391 (0.5363)  ibot_loss: 0.2974 (0.4954)  time: 0.091705  data: 0.000349  max mem: 3809
I20260720 21:20:16 540231 dinov2 helpers.py:102] Training  [ 1870/10000]  eta: 0:15:21  lr: 0.0016 (0.0017)  wd: 0.0699 (0.0502)  mom: 0.9927 (0.9922)  last_layer_lr: 0.0016 (0.0017)  current_batch_size: 32.0000 (32.0000)  total_loss: 5.1450 (5.3209)  dino_local_crops_loss: 4.3130 (4.2903)  dino_global_crops_loss: 0.5391 (0.5363)  ibot_loss: 0.2928 (0.4943)  time: 0.093723  data: 0.000363  max mem: 3809
I20260720 21:20:17 540231 dinov2 helpers.py:102] Training  [ 1880/10000]  eta: 0:15:19  lr: 0.0016 (0.0017)  wd: 0.0702 (0.0503)  mom: 0.9927 (0.9922)  last_layer_lr: 0.0016 (0.0017)  current_batch_size: 32.0000 (32.0000)  total_loss: 5.1309 (5.3198)  dino_local_crops_loss: 4.3130 (4.2904)  dino_global_crops_loss: 0.5391 (0.5363)  ibot_loss: 0.2788 (0.4931)  time: 0.090725  data: 0.000386  max mem: 3809
I20260720 21:20:18 540231 dinov2 helpers.py:102] Training  [ 1890/10000]  eta: 0:15:17  lr: 0.0016 (0.0017)  wd: 0.0705 (0.0504)  mom: 0.9927 (0.9922)  last_layer_lr: 0.0016 (0.0017)  current_batch_size: 32.0000 (32.0000)  total_loss: 5.1112 (5.3187)  dino_local_crops_loss: 4.3130 (4.2905)  dino_global_crops_loss: 0.5391 (0.5363)  ibot_loss: 0.2590 (0.4918)  time: 0.089912  data: 0.000400  max mem: 3809
I20260720 21:20:19 540231 dinov2 helpers.py:102] Training  [ 1900/10000]  eta: 0:15:15  lr: 0.0016 (0.0017)  wd: 0.0708 (0.0505)  mom: 0.9927 (0.9922)  last_layer_lr: 0.0016 (0.0017)  current_batch_size: 32.0000 (32.0000)  total_loss: 5.1050 (5.3176)  dino_local_crops_loss: 4.3130 (4.2907)  dino_global_crops_loss: 0.5391 (0.5364)  ibot_loss: 0.2529 (0.4906)  time: 0.092334  data: 0.000424  max mem: 3809
I20260720 21:20:20 540231 dinov2 helpers.py:102] Training  [ 1910/10000]  eta: 0:15:13  lr: 0.0016 (0.0017)  wd: 0.0711 (0.0506)  mom: 0.9927 (0.9922)  last_layer_lr: 0.0016 (0.0017)  current_batch_size: 32.0000 (32.0000)  total_loss: 5.1131 (5.3166)  dino_local_crops_loss: 4.3130 (4.2908)  dino_global_crops_loss: 0.5391 (0.5364)  ibot_loss: 0.2609 (0.4895)  time: 0.094540  data: 0.000425  max mem: 3809
I20260720 21:20:21 540231 dinov2 helpers.py:102] Training  [ 1920/10000]  eta: 0:15:11  lr: 0.0016 (0.0017)  wd: 0.0714 (0.0507)  mom: 0.9927 (0.9922)  last_layer_lr: 0.0016 (0.0017)  current_batch_size: 32.0000 (32.0000)  total_loss: 5.1118 (5.3155)  dino_local_crops_loss: 4.3130 (4.2909)  dino_global_crops_loss: 0.5391 (0.5364)  ibot_loss: 0.2596 (0.4882)  time: 0.092350  data: 0.000359  max mem: 3809
I20260720 21:20:22 540231 dinov2 helpers.py:102] Training  [ 1930/10000]  eta: 0:15:09  lr: 0.0016 (0.0017)  wd: 0.0718 (0.0508)  mom: 0.9927 (0.9922)  last_layer_lr: 0.0016 (0.0017)  current_batch_size: 32.0000 (32.0000)  total_loss: 5.0928 (5.3143)  dino_local_crops_loss: 4.3130 (4.2910)  dino_global_crops_loss: 0.5391 (0.5364)  ibot_loss: 0.2406 (0.4869)  time: 0.092094  data: 0.000305  max mem: 3809
I20260720 21:20:23 540231 dinov2 helpers.py:102] Training  [ 1940/10000]  eta: 0:15:07  lr: 0.0016 (0.0017)  wd: 0.0721 (0.0509)  mom: 0.9927 (0.9922)  last_layer_lr: 0.0016 (0.0017)  current_batch_size: 32.0000 (32.0000)  total_loss: 5.0987 (5.3133)  dino_local_crops_loss: 4.3130 (4.2911)  dino_global_crops_loss: 0.5391 (0.5364)  ibot_loss: 0.2465 (0.4857)  time: 0.087750  data: 0.000341  max mem: 3809
I20260720 21:20:23 540231 dinov2 helpers.py:102] Training  [ 1950/10000]  eta: 0:15:05  lr: 0.0016 (0.0017)  wd: 0.0724 (0.0511)  mom: 0.9927 (0.9922)  last_layer_lr: 0.0016 (0.0017)  current_batch_size: 32.0000 (32.0000)  total_loss: 5.0993 (5.3123)  dino_local_crops_loss: 4.3131 (4.2912)  dino_global_crops_loss: 0.5391 (0.5364)  ibot_loss: 0.2472 (0.4846)  time: 0.089308  data: 0.000501  max mem: 3809
I20260720 21:20:24 540231 dinov2 helpers.py:102] Training  [ 1960/10000]  eta: 0:15:03  lr: 0.0016 (0.0017)  wd: 0.0727 (0.0512)  mom: 0.9927 (0.9922)  last_layer_lr: 0.0016 (0.0017)  current_batch_size: 32.0000 (32.0000)  total_loss: 5.1209 (5.3113)  dino_local_crops_loss: 4.3132 (4.2913)  dino_global_crops_loss: 0.5392 (0.5364)  ibot_loss: 0.2686 (0.4835)  time: 0.092606  data: 0.000504  max mem: 3809
I20260720 21:20:25 540231 dinov2 helpers.py:102] Training  [ 1970/10000]  eta: 0:15:00  lr: 0.0016 (0.0017)  wd: 0.0731 (0.0513)  mom: 0.9927 (0.9923)  last_layer_lr: 0.0016 (0.0017)  current_batch_size: 32.0000 (32.0000)  total_loss: 5.1069 (5.3102)  dino_local_crops_loss: 4.3131 (4.2915)  dino_global_crops_loss: 0.5391 (0.5365)  ibot_loss: 0.2545 (0.4823)  time: 0.086768  data: 0.000372  max mem: 3809
I20260720 21:20:26 540231 dinov2 helpers.py:102] Training  [ 1980/10000]  eta: 0:14:58  lr: 0.0016 (0.0017)  wd: 0.0734 (0.0514)  mom: 0.9927 (0.9923)  last_layer_lr: 0.0016 (0.0017)  current_batch_size: 32.0000 (32.0000)  total_loss: 5.0938 (5.3092)  dino_local_crops_loss: 4.3131 (4.2916)  dino_global_crops_loss: 0.5391 (0.5365)  ibot_loss: 0.2415 (0.4811)  time: 0.086958  data: 0.000333  max mem: 3809
I20260720 21:20:27 540231 dinov2 helpers.py:102] Training  [ 1990/10000]  eta: 0:14:56  lr: 0.0016 (0.0017)  wd: 0.0737 (0.0515)  mom: 0.9927 (0.9923)  last_layer_lr: 0.0016 (0.0017)  current_batch_size: 32.0000 (32.0000)  total_loss: 5.1024 (5.3083)  dino_local_crops_loss: 4.3131 (4.2917)  dino_global_crops_loss: 0.5391 (0.5365)  ibot_loss: 0.2502 (0.4802)  time: 0.088788  data: 0.000342  max mem: 3809
I20260720 21:20:28 540231 dinov2 helpers.py:102] Training  [ 2000/10000]  eta: 0:14:54  lr: 0.0016 (0.0017)  wd: 0.0740 (0.0516)  mom: 0.9928 (0.9923)  last_layer_lr: 0.0016 (0.0017)  current_batch_size: 32.0000 (32.0000)  total_loss: 5.1165 (5.3074)  dino_local_crops_loss: 4.3132 (4.2918)  dino_global_crops_loss: 0.5391 (0.5365)  ibot_loss: 0.2642 (0.4791)  time: 0.088918  data: 0.000368  max mem: 3809
I20260720 21:20:29 540231 dinov2 helpers.py:102] Training  [ 2010/10000]  eta: 0:14:53  lr: 0.0016 (0.0017)  wd: 0.0744 (0.0517)  mom: 0.9928 (0.9923)  last_layer_lr: 0.0016 (0.0017)  current_batch_size: 32.0000 (32.0000)  total_loss: 5.1149 (5.3065)  dino_local_crops_loss: 4.3131 (4.2919)  dino_global_crops_loss: 0.5391 (0.5365)  ibot_loss: 0.2626 (0.4781)  time: 0.093921  data: 0.000343  max mem: 3809
I20260720 21:20:30 540231 dinov2 helpers.py:102] Training  [ 2020/10000]  eta: 0:14:50  lr: 0.0016 (0.0017)  wd: 0.0747 (0.0518)  mom: 0.9928 (0.9923)  last_layer_lr: 0.0016 (0.0017)  current_batch_size: 32.0000 (32.0000)  total_loss: 5.1106 (5.3054)  dino_local_crops_loss: 4.3130 (4.2920)  dino_global_crops_loss: 0.5391 (0.5365)  ibot_loss: 0.2585 (0.4769)  time: 0.092293  data: 0.000344  max mem: 3809
I20260720 21:20:31 540231 dinov2 helpers.py:102] Training  [ 2030/10000]  eta: 0:14:49  lr: 0.0016 (0.0017)  wd: 0.0750 (0.0520)  mom: 0.9928 (0.9923)  last_layer_lr: 0.0016 (0.0017)  current_batch_size: 32.0000 (32.0000)  total_loss: 5.1093 (5.3044)  dino_local_crops_loss: 4.3130 (4.2921)  dino_global_crops_loss: 0.5391 (0.5365)  ibot_loss: 0.2571 (0.4758)  time: 0.088134  data: 0.000352  max mem: 3809
I20260720 21:20:32 540231 dinov2 helpers.py:102] Training  [ 2040/10000]  eta: 0:14:47  lr: 0.0016 (0.0017)  wd: 0.0754 (0.0521)  mom: 0.9928 (0.9923)  last_layer_lr: 0.0016 (0.0017)  current_batch_size: 32.0000 (32.0000)  total_loss: 5.1077 (5.3035)  dino_local_crops_loss: 4.3131 (4.2922)  dino_global_crops_loss: 0.5391 (0.5365)  ibot_loss: 0.2555 (0.4748)  time: 0.091266  data: 0.000453  max mem: 3809
I20260720 21:20:32 540231 dinov2 helpers.py:102] Training  [ 2050/10000]  eta: 0:14:45  lr: 0.0016 (0.0017)  wd: 0.0757 (0.0522)  mom: 0.9928 (0.9923)  last_layer_lr: 0.0016 (0.0017)  current_batch_size: 32.0000 (32.0000)  total_loss: 5.1127 (5.3026)  dino_local_crops_loss: 4.3131 (4.2923)  dino_global_crops_loss: 0.5391 (0.5366)  ibot_loss: 0.2605 (0.4738)  time: 0.088557  data: 0.000458  max mem: 3809
I20260720 21:20:33 540231 dinov2 helpers.py:102] Training  [ 2060/10000]  eta: 0:14:42  lr: 0.0016 (0.0017)  wd: 0.0761 (0.0523)  mom: 0.9928 (0.9923)  last_layer_lr: 0.0016 (0.0017)  current_batch_size: 32.0000 (32.0000)  total_loss: 5.1301 (5.3019)  dino_local_crops_loss: 4.3132 (4.2924)  dino_global_crops_loss: 0.5392 (0.5366)  ibot_loss: 0.2779 (0.4729)  time: 0.083479  data: 0.000424  max mem: 3809
I20260720 21:20:34 540231 dinov2 helpers.py:102] Training  [ 2070/10000]  eta: 0:14:40  lr: 0.0016 (0.0017)  wd: 0.0764 (0.0524)  mom: 0.9928 (0.9923)  last_layer_lr: 0.0016 (0.0017)  current_batch_size: 32.0000 (32.0000)  total_loss: 5.1319 (5.3010)  dino_local_crops_loss: 4.3132 (4.2925)  dino_global_crops_loss: 0.5392 (0.5366)  ibot_loss: 0.2797 (0.4719)  time: 0.084131  data: 0.000410  max mem: 3809
I20260720 21:20:35 540231 dinov2 helpers.py:102] Training  [ 2080/10000]  eta: 0:14:38  lr: 0.0016 (0.0017)  wd: 0.0767 (0.0525)  mom: 0.9928 (0.9923)  last_layer_lr: 0.0016 (0.0017)  current_batch_size: 32.0000 (32.0000)  total_loss: 5.1064 (5.3001)  dino_local_crops_loss: 4.3131 (4.2926)  dino_global_crops_loss: 0.5391 (0.5366)  ibot_loss: 0.2541 (0.4709)  time: 0.087498  data: 0.000357  max mem: 3809
I20260720 21:20:36 540231 dinov2 helpers.py:102] Training  [ 2090/10000]  eta: 0:14:36  lr: 0.0016 (0.0017)  wd: 0.0771 (0.0527)  mom: 0.9928 (0.9923)  last_layer_lr: 0.0016 (0.0017)  current_batch_size: 32.0000 (32.0000)  total_loss: 5.1037 (5.2992)  dino_local_crops_loss: 4.3130 (4.2927)  dino_global_crops_loss: 0.5391 (0.5366)  ibot_loss: 0.2515 (0.4699)  time: 0.086119  data: 0.000375  max mem: 3809
I20260720 21:20:37 540231 fvcore.common.checkpoint __init__.py:109] Saving checkpoint to /sci/labs/arieljaffe/dan.abergel1/runs/brain/overfit1/model_0002099.rank_0.pth
I20260720 21:20:38 540231 dinov2 helpers.py:102] Training  [ 2100/10000]  eta: 0:14:40  lr: 0.0016 (0.0017)  wd: 0.0774 (0.0528)  mom: 0.9928 (0.9923)  last_layer_lr: 0.0016 (0.0017)  current_batch_size: 32.0000 (32.0000)  total_loss: 5.1043 (5.2983)  dino_local_crops_loss: 4.3131 (4.2928)  dino_global_crops_loss: 0.5391 (0.5366)  ibot_loss: 0.2522 (0.4689)  time: 0.164459  data: 0.000409  max mem: 3809
I20260720 21:20:39 540231 dinov2 helpers.py:102] Training  [ 2110/10000]  eta: 0:14:38  lr: 0.0016 (0.0017)  wd: 0.0778 (0.0529)  mom: 0.9928 (0.9923)  last_layer_lr: 0.0016 (0.0017)  current_batch_size: 32.0000 (32.0000)  total_loss: 5.1032 (5.2975)  dino_local_crops_loss: 4.3131 (4.2929)  dino_global_crops_loss: 0.5391 (0.5366)  ibot_loss: 0.2510 (0.4679)  time: 0.161096  data: 0.000375  max mem: 3809
I20260720 21:20:40 540231 dinov2 helpers.py:102] Training  [ 2120/10000]  eta: 0:14:36  lr: 0.0016 (0.0017)  wd: 0.0781 (0.0530)  mom: 0.9928 (0.9923)  last_layer_lr: 0.0016 (0.0017)  current_batch_size: 32.0000 (32.0000)  total_loss: 5.1067 (5.2966)  dino_local_crops_loss: 4.3131 (4.2930)  dino_global_crops_loss: 0.5391 (0.5366)  ibot_loss: 0.2546 (0.4670)  time: 0.082941  data: 0.000311  max mem: 3809
I20260720 21:20:41 540231 dinov2 helpers.py:102] Training  [ 2130/10000]  eta: 0:14:34  lr: 0.0016 (0.0017)  wd: 0.0785 (0.0531)  mom: 0.9929 (0.9923)  last_layer_lr: 0.0016 (0.0017)  current_batch_size: 32.0000 (32.0000)  total_loss: 5.1067 (5.2957)  dino_local_crops_loss: 4.3131 (4.2931)  dino_global_crops_loss: 0.5391 (0.5367)  ibot_loss: 0.2546 (0.4660)  time: 0.091761  data: 0.000469  max mem: 3809
I20260720 21:20:42 540231 dinov2 helpers.py:102] Training  [ 2140/10000]  eta: 0:14:32  lr: 0.0016 (0.0017)  wd: 0.0788 (0.0533)  mom: 0.9929 (0.9923)  last_layer_lr: 0.0016 (0.0017)  current_batch_size: 32.0000 (32.0000)  total_loss: 5.0900 (5.2947)  dino_local_crops_loss: 4.3131 (4.2932)  dino_global_crops_loss: 0.5391 (0.5367)  ibot_loss: 0.2379 (0.4649)  time: 0.088008  data: 0.000489  max mem: 3809
I20260720 21:20:43 540231 dinov2 helpers.py:102] Training  [ 2150/10000]  eta: 0:14:30  lr: 0.0016 (0.0017)  wd: 0.0792 (0.0534)  mom: 0.9929 (0.9923)  last_layer_lr: 0.0016 (0.0017)  current_batch_size: 32.0000 (32.0000)  total_loss: 5.0894 (5.2938)  dino_local_crops_loss: 4.3130 (4.2933)  dino_global_crops_loss: 0.5391 (0.5367)  ibot_loss: 0.2372 (0.4639)  time: 0.085378  data: 0.000363  max mem: 3809
I20260720 21:20:44 540231 dinov2 helpers.py:102] Training  [ 2160/10000]  eta: 0:14:28  lr: 0.0016 (0.0017)  wd: 0.0795 (0.0535)  mom: 0.9929 (0.9923)  last_layer_lr: 0.0016 (0.0017)  current_batch_size: 32.0000 (32.0000)  total_loss: 5.0855 (5.2929)  dino_local_crops_loss: 4.3130 (4.2934)  dino_global_crops_loss: 0.5391 (0.5367)  ibot_loss: 0.2333 (0.4629)  time: 0.087153  data: 0.000365  max mem: 3809
I20260720 21:20:44 540231 dinov2 helpers.py:102] Training  [ 2170/10000]  eta: 0:14:26  lr: 0.0016 (0.0017)  wd: 0.0799 (0.0536)  mom: 0.9929 (0.9923)  last_layer_lr: 0.0016 (0.0017)  current_batch_size: 32.0000 (32.0000)  total_loss: 5.0855 (5.2920)  dino_local_crops_loss: 4.3131 (4.2935)  dino_global_crops_loss: 0.5391 (0.5367)  ibot_loss: 0.2333 (0.4619)  time: 0.085714  data: 0.000538  max mem: 3809
I20260720 21:20:45 540231 dinov2 helpers.py:102] Training  [ 2180/10000]  eta: 0:14:24  lr: 0.0016 (0.0017)  wd: 0.0802 (0.0537)  mom: 0.9929 (0.9923)  last_layer_lr: 0.0016 (0.0017)  current_batch_size: 32.0000 (32.0000)  total_loss: 5.1099 (5.2912)  dino_local_crops_loss: 4.3131 (4.2935)  dino_global_crops_loss: 0.5391 (0.5367)  ibot_loss: 0.2577 (0.4609)  time: 0.091632  data: 0.000526  max mem: 3809
I20260720 21:20:46 540231 dinov2 helpers.py:102] Training  [ 2190/10000]  eta: 0:14:22  lr: 0.0016 (0.0017)  wd: 0.0806 (0.0539)  mom: 0.9929 (0.9923)  last_layer_lr: 0.0016 (0.0017)  current_batch_size: 32.0000 (32.0000)  total_loss: 5.1047 (5.2903)  dino_local_crops_loss: 4.3131 (4.2936)  dino_global_crops_loss: 0.5391 (0.5367)  ibot_loss: 0.2524 (0.4599)  time: 0.090453  data: 0.000344  max mem: 3809
I20260720 21:20:47 540231 dinov2 helpers.py:102] Training  [ 2200/10000]  eta: 0:14:20  lr: 0.0016 (0.0017)  wd: 0.0809 (0.0540)  mom: 0.9929 (0.9923)  last_layer_lr: 0.0016 (0.0017)  current_batch_size: 32.0000 (32.0000)  total_loss: 5.0953 (5.2894)  dino_local_crops_loss: 4.3131 (4.2937)  dino_global_crops_loss: 0.5391 (0.5367)  ibot_loss: 0.2428 (0.4590)  time: 0.087453  data: 0.000327  max mem: 3809
I20260720 21:20:48 540231 dinov2 helpers.py:102] Training  [ 2210/10000]  eta: 0:14:19  lr: 0.0016 (0.0017)  wd: 0.0813 (0.0541)  mom: 0.9929 (0.9923)  last_layer_lr: 0.0016 (0.0017)  current_batch_size: 32.0000 (32.0000)  total_loss: 5.1063 (5.2886)  dino_local_crops_loss: 4.3130 (4.2938)  dino_global_crops_loss: 0.5391 (0.5367)  ibot_loss: 0.2542 (0.4581)  time: 0.091348  data: 0.000323  max mem: 3809
I20260720 21:20:49 540231 dinov2 helpers.py:102] Training  [ 2220/10000]  eta: 0:14:17  lr: 0.0016 (0.0017)  wd: 0.0817 (0.0542)  mom: 0.9929 (0.9923)  last_layer_lr: 0.0016 (0.0017)  current_batch_size: 32.0000 (32.0000)  total_loss: 5.1113 (5.2879)  dino_local_crops_loss: 4.3130 (4.2939)  dino_global_crops_loss: 0.5391 (0.5368)  ibot_loss: 0.2591 (0.4572)  time: 0.090833  data: 0.000323  max mem: 3809
I20260720 21:20:50 540231 dinov2 helpers.py:102] Training  [ 2230/10000]  eta: 0:14:15  lr: 0.0016 (0.0017)  wd: 0.0820 (0.0544)  mom: 0.9929 (0.9923)  last_layer_lr: 0.0016 (0.0017)  current_batch_size: 32.0000 (32.0000)  total_loss: 5.1143 (5.2871)  dino_local_crops_loss: 4.3130 (4.2940)  dino_global_crops_loss: 0.5391 (0.5368)  ibot_loss: 0.2622 (0.4564)  time: 0.090887  data: 0.000343  max mem: 3809
I20260720 21:20:51 540231 dinov2 helpers.py:102] Training  [ 2240/10000]  eta: 0:14:13  lr: 0.0016 (0.0017)  wd: 0.0824 (0.0545)  mom: 0.9929 (0.9923)  last_layer_lr: 0.0016 (0.0017)  current_batch_size: 32.0000 (32.0000)  total_loss: 5.1143 (5.2864)  dino_local_crops_loss: 4.3130 (4.2941)  dino_global_crops_loss: 0.5391 (0.5368)  ibot_loss: 0.2622 (0.4555)  time: 0.091082  data: 0.000395  max mem: 3809
I20260720 21:20:52 540231 dinov2 helpers.py:102] Training  [ 2250/10000]  eta: 0:14:12  lr: 0.0016 (0.0017)  wd: 0.0828 (0.0546)  mom: 0.9930 (0.9923)  last_layer_lr: 0.0016 (0.0017)  current_batch_size: 32.0000 (32.0000)  total_loss: 5.1070 (5.2855)  dino_local_crops_loss: 4.3131 (4.2941)  dino_global_crops_loss: 0.5391 (0.5368)  ibot_loss: 0.2548 (0.4546)  time: 0.090512  data: 0.000408  max mem: 3809
I20260720 21:20:53 540231 dinov2 helpers.py:102] Training  [ 2260/10000]  eta: 0:14:10  lr: 0.0016 (0.0017)  wd: 0.0831 (0.0547)  mom: 0.9930 (0.9923)  last_layer_lr: 0.0016 (0.0017)  current_batch_size: 32.0000 (32.0000)  total_loss: 5.0916 (5.2847)  dino_local_crops_loss: 4.3130 (4.2942)  dino_global_crops_loss: 0.5391 (0.5368)  ibot_loss: 0.2394 (0.4537)  time: 0.092792  data: 0.000421  max mem: 3809
I20260720 21:20:54 540231 dinov2 helpers.py:102] Training  [ 2270/10000]  eta: 0:14:08  lr: 0.0016 (0.0017)  wd: 0.0835 (0.0549)  mom: 0.9930 (0.9923)  last_layer_lr: 0.0016 (0.0017)  current_batch_size: 32.0000 (32.0000)  total_loss: 5.0898 (5.2839)  dino_local_crops_loss: 4.3130 (4.2943)  dino_global_crops_loss: 0.5391 (0.5368)  ibot_loss: 0.2377 (0.4528)  time: 0.091428  data: 0.000547  max mem: 3809
I20260720 21:20:54 540231 dinov2 helpers.py:102] Training  [ 2280/10000]  eta: 0:14:06  lr: 0.0016 (0.0017)  wd: 0.0839 (0.0550)  mom: 0.9930 (0.9923)  last_layer_lr: 0.0016 (0.0017)  current_batch_size: 32.0000 (32.0000)  total_loss: 5.0790 (5.2830)  dino_local_crops_loss: 4.3130 (4.2944)  dino_global_crops_loss: 0.5391 (0.5368)  ibot_loss: 0.2268 (0.4518)  time: 0.087142  data: 0.000544  max mem: 3809
I20260720 21:20:55 540231 dinov2 helpers.py:102] Training  [ 2290/10000]  eta: 0:14:05  lr: 0.0016 (0.0017)  wd: 0.0842 (0.0551)  mom: 0.9930 (0.9923)  last_layer_lr: 0.0016 (0.0017)  current_batch_size: 32.0000 (32.0000)  total_loss: 5.0814 (5.2821)  dino_local_crops_loss: 4.3130 (4.2945)  dino_global_crops_loss: 0.5391 (0.5368)  ibot_loss: 0.2293 (0.4508)  time: 0.090583  data: 0.000529  max mem: 3809
I20260720 21:20:56 540231 dinov2 helpers.py:102] Training  [ 2300/10000]  eta: 0:14:03  lr: 0.0016 (0.0017)  wd: 0.0846 (0.0553)  mom: 0.9930 (0.9923)  last_layer_lr: 0.0016 (0.0017)  current_batch_size: 32.0000 (32.0000)  total_loss: 5.0850 (5.2813)  dino_local_crops_loss: 4.3130 (4.2946)  dino_global_crops_loss: 0.5391 (0.5368)  ibot_loss: 0.2329 (0.4499)  time: 0.090164  data: 0.000479  max mem: 3809
I20260720 21:20:57 540231 dinov2 helpers.py:102] Training  [ 2310/10000]  eta: 0:14:01  lr: 0.0016 (0.0017)  wd: 0.0850 (0.0554)  mom: 0.9930 (0.9923)  last_layer_lr: 0.0016 (0.0017)  current_batch_size: 32.0000 (32.0000)  total_loss: 5.0733 (5.2804)  dino_local_crops_loss: 4.3131 (4.2946)  dino_global_crops_loss: 0.5391 (0.5368)  ibot_loss: 0.2210 (0.4489)  time: 0.086887  data: 0.000361  max mem: 3809
I20260720 21:20:58 540231 dinov2 helpers.py:102] Training  [ 2320/10000]  eta: 0:13:59  lr: 0.0016 (0.0017)  wd: 0.0854 (0.0555)  mom: 0.9930 (0.9923)  last_layer_lr: 0.0016 (0.0017)  current_batch_size: 32.0000 (32.0000)  total_loss: 5.0776 (5.2796)  dino_local_crops_loss: 4.3131 (4.2947)  dino_global_crops_loss: 0.5391 (0.5369)  ibot_loss: 0.2254 (0.4480)  time: 0.088120  data: 0.000403  max mem: 3809
I20260720 21:20:59 540231 dinov2 helpers.py:102] Training  [ 2330/10000]  eta: 0:13:57  lr: 0.0016 (0.0017)  wd: 0.0857 (0.0557)  mom: 0.9930 (0.9923)  last_layer_lr: 0.0016 (0.0017)  current_batch_size: 32.0000 (32.0000)  total_loss: 5.1055 (5.2789)  dino_local_crops_loss: 4.3131 (4.2948)  dino_global_crops_loss: 0.5391 (0.5369)  ibot_loss: 0.2532 (0.4472)  time: 0.089406  data: 0.000368  max mem: 3809
I20260720 21:21:00 540231 dinov2 helpers.py:102] Training  [ 2340/10000]  eta: 0:13:56  lr: 0.0016 (0.0017)  wd: 0.0861 (0.0558)  mom: 0.9930 (0.9924)  last_layer_lr: 0.0016 (0.0017)  current_batch_size: 32.0000 (32.0000)  total_loss: 5.0912 (5.2780)  dino_local_crops_loss: 4.3131 (4.2949)  dino_global_crops_loss: 0.5391 (0.5369)  ibot_loss: 0.2390 (0.4462)  time: 0.088517  data: 0.000315  max mem: 3809
I20260720 21:21:01 540231 dinov2 helpers.py:102] Training  [ 2350/10000]  eta: 0:13:54  lr: 0.0016 (0.0017)  wd: 0.0865 (0.0559)  mom: 0.9930 (0.9924)  last_layer_lr: 0.0016 (0.0017)  current_batch_size: 32.0000 (32.0000)  total_loss: 5.0711 (5.2771)  dino_local_crops_loss: 4.3131 (4.2950)  dino_global_crops_loss: 0.5391 (0.5369)  ibot_loss: 0.2187 (0.4453)  time: 0.086539  data: 0.000316  max mem: 3809
I20260720 21:21:02 540231 dinov2 helpers.py:102] Training  [ 2360/10000]  eta: 0:13:52  lr: 0.0016 (0.0017)  wd: 0.0869 (0.0560)  mom: 0.9930 (0.9924)  last_layer_lr: 0.0016 (0.0017)  current_batch_size: 32.0000 (32.0000)  total_loss: 5.0818 (5.2764)  dino_local_crops_loss: 4.3130 (4.2950)  dino_global_crops_loss: 0.5391 (0.5369)  ibot_loss: 0.2296 (0.4444)  time: 0.087022  data: 0.000321  max mem: 3809
I20260720 21:21:02 540231 dinov2 helpers.py:102] Training  [ 2370/10000]  eta: 0:13:50  lr: 0.0015 (0.0017)  wd: 0.0872 (0.0562)  mom: 0.9930 (0.9924)  last_layer_lr: 0.0015 (0.0017)  current_batch_size: 32.0000 (32.0000)  total_loss: 5.0827 (5.2756)  dino_local_crops_loss: 4.3130 (4.2951)  dino_global_crops_loss: 0.5391 (0.5369)  ibot_loss: 0.2304 (0.4435)  time: 0.085830  data: 0.000327  max mem: 3809
I20260720 21:21:03 540231 dinov2 helpers.py:102] Training  [ 2380/10000]  eta: 0:13:48  lr: 0.0015 (0.0017)  wd: 0.0876 (0.0563)  mom: 0.9931 (0.9924)  last_layer_lr: 0.0015 (0.0017)  current_batch_size: 32.0000 (32.0000)  total_loss: 5.0720 (5.2747)  dino_local_crops_loss: 4.3130 (4.2952)  dino_global_crops_loss: 0.5391 (0.5369)  ibot_loss: 0.2198 (0.4426)  time: 0.084194  data: 0.000361  max mem: 3809
I20260720 21:21:04 540231 dinov2 helpers.py:102] Training  [ 2390/10000]  eta: 0:13:46  lr: 0.0015 (0.0017)  wd: 0.0880 (0.0564)  mom: 0.9931 (0.9924)  last_layer_lr: 0.0015 (0.0017)  current_batch_size: 32.0000 (32.0000)  total_loss: 5.0582 (5.2738)  dino_local_crops_loss: 4.3130 (4.2953)  dino_global_crops_loss: 0.5391 (0.5369)  ibot_loss: 0.2061 (0.4416)  time: 0.086302  data: 0.000412  max mem: 3809
I20260720 21:21:05 540231 fvcore.common.checkpoint __init__.py:109] Saving checkpoint to /sci/labs/arieljaffe/dan.abergel1/runs/brain/overfit1/model_0002399.rank_0.pth
I20260720 21:21:07 540231 dinov2 helpers.py:102] Training  [ 2400/10000]  eta: 0:13:50  lr: 0.0015 (0.0017)  wd: 0.0884 (0.0566)  mom: 0.9931 (0.9924)  last_layer_lr: 0.0015 (0.0017)  current_batch_size: 32.0000 (32.0000)  total_loss: 5.0652 (5.2729)  dino_local_crops_loss: 4.3130 (4.2953)  dino_global_crops_loss: 0.5391 (0.5369)  ibot_loss: 0.2130 (0.4407)  time: 0.179862  data: 0.000405  max mem: 3809
I20260720 21:21:08 540231 dinov2 helpers.py:102] Training  [ 2410/10000]  eta: 0:13:48  lr: 0.0015 (0.0017)  wd: 0.0888 (0.0567)  mom: 0.9931 (0.9924)  last_layer_lr: 0.0015 (0.0017)  current_batch_size: 32.0000 (32.0000)  total_loss: 5.0662 (5.2721)  dino_local_crops_loss: 4.3131 (4.2954)  dino_global_crops_loss: 0.5391 (0.5369)  ibot_loss: 0.2140 (0.4397)  time: 0.174755  data: 0.000357  max mem: 3809
I20260720 21:21:09 540231 dinov2 helpers.py:102] Training  [ 2420/10000]  eta: 0:13:47  lr: 0.0015 (0.0017)  wd: 0.0892 (0.0568)  mom: 0.9931 (0.9924)  last_layer_lr: 0.0015 (0.0017)  current_batch_size: 32.0000 (32.0000)  total_loss: 5.0690 (5.2713)  dino_local_crops_loss: 4.3131 (4.2955)  dino_global_crops_loss: 0.5391 (0.5370)  ibot_loss: 0.2168 (0.4388)  time: 0.082405  data: 0.000351  max mem: 3809
I20260720 21:21:10 540231 dinov2 helpers.py:102] Training  [ 2430/10000]  eta: 0:13:45  lr: 0.0015 (0.0017)  wd: 0.0896 (0.0570)  mom: 0.9931 (0.9924)  last_layer_lr: 0.0015 (0.0017)  current_batch_size: 32.0000 (32.0000)  total_loss: 5.0745 (5.2705)  dino_local_crops_loss: 4.3130 (4.2955)  dino_global_crops_loss: 0.5391 (0.5370)  ibot_loss: 0.2223 (0.4379)  time: 0.091195  data: 0.000360  max mem: 3809
I20260720 21:21:10 540231 dinov2 helpers.py:102] Training  [ 2440/10000]  eta: 0:13:43  lr: 0.0015 (0.0017)  wd: 0.0900 (0.0571)  mom: 0.9931 (0.9924)  last_layer_lr: 0.0015 (0.0017)  current_batch_size: 32.0000 (32.0000)  total_loss: 5.0730 (5.2696)  dino_local_crops_loss: 4.3130 (4.2956)  dino_global_crops_loss: 0.5391 (0.5370)  ibot_loss: 0.2208 (0.4370)  time: 0.091567  data: 0.000552  max mem: 3809
I20260720 21:21:11 540231 dinov2 helpers.py:102] Training  [ 2450/10000]  eta: 0:13:42  lr: 0.0015 (0.0017)  wd: 0.0903 (0.0573)  mom: 0.9931 (0.9924)  last_layer_lr: 0.0015 (0.0017)  current_batch_size: 32.0000 (32.0000)  total_loss: 5.0750 (5.2688)  dino_local_crops_loss: 4.3130 (4.2957)  dino_global_crops_loss: 0.5391 (0.5370)  ibot_loss: 0.2228 (0.4362)  time: 0.086832  data: 0.000565  max mem: 3809
I20260720 21:21:12 540231 dinov2 helpers.py:102] Training  [ 2460/10000]  eta: 0:13:40  lr: 0.0015 (0.0017)  wd: 0.0907 (0.0574)  mom: 0.9931 (0.9924)  last_layer_lr: 0.0015 (0.0017)  current_batch_size: 32.0000 (32.0000)  total_loss: 5.0898 (5.2682)  dino_local_crops_loss: 4.3131 (4.2958)  dino_global_crops_loss: 0.5391 (0.5370)  ibot_loss: 0.2376 (0.4354)  time: 0.088012  data: 0.000478  max mem: 3809
I20260720 21:21:13 540231 dinov2 helpers.py:102] Training  [ 2470/10000]  eta: 0:13:38  lr: 0.0015 (0.0017)  wd: 0.0911 (0.0575)  mom: 0.9931 (0.9924)  last_layer_lr: 0.0015 (0.0017)  current_batch_size: 32.0000 (32.0000)  total_loss: 5.0904 (5.2674)  dino_local_crops_loss: 4.3131 (4.2958)  dino_global_crops_loss: 0.5391 (0.5370)  ibot_loss: 0.2382 (0.4346)  time: 0.087544  data: 0.000455  max mem: 3809
I20260720 21:21:14 540231 dinov2 helpers.py:102] Training  [ 2480/10000]  eta: 0:13:36  lr: 0.0015 (0.0017)  wd: 0.0915 (0.0577)  mom: 0.9931 (0.9924)  last_layer_lr: 0.0015 (0.0017)  current_batch_size: 32.0000 (32.0000)  total_loss: 5.0790 (5.2667)  dino_local_crops_loss: 4.3131 (4.2959)  dino_global_crops_loss: 0.5391 (0.5370)  ibot_loss: 0.2268 (0.4338)  time: 0.088106  data: 0.000354  max mem: 3809
I20260720 21:21:15 540231 dinov2 helpers.py:102] Training  [ 2490/10000]  eta: 0:13:35  lr: 0.0015 (0.0017)  wd: 0.0919 (0.0578)  mom: 0.9932 (0.9924)  last_layer_lr: 0.0015 (0.0017)  current_batch_size: 32.0000 (32.0000)  total_loss: 5.0825 (5.2660)  dino_local_crops_loss: 4.3131 (4.2960)  dino_global_crops_loss: 0.5391 (0.5370)  ibot_loss: 0.2302 (0.4330)  time: 0.086799  data: 0.000384  max mem: 3809
I20260720 21:21:16 540231 dinov2 helpers.py:102] Training  [ 2500/10000]  eta: 0:13:33  lr: 0.0015 (0.0017)  wd: 0.0923 (0.0579)  mom: 0.9932 (0.9924)  last_layer_lr: 0.0015 (0.0017)  current_batch_size: 32.0000 (32.0000)  total_loss: 5.0877 (5.2653)  dino_local_crops_loss: 4.3132 (4.2960)  dino_global_crops_loss: 0.5392 (0.5370)  ibot_loss: 0.2353 (0.4322)  time: 0.082962  data: 0.000360  max mem: 3809
I20260720 21:21:17 540231 dinov2 helpers.py:102] Training  [ 2510/10000]  eta: 0:13:31  lr: 0.0015 (0.0017)  wd: 0.0927 (0.0581)  mom: 0.9932 (0.9924)  last_layer_lr: 0.0015 (0.0017)  current_batch_size: 32.0000 (32.0000)  total_loss: 5.0834 (5.2645)  dino_local_crops_loss: 4.3132 (4.2961)  dino_global_crops_loss: 0.5391 (0.5370)  ibot_loss: 0.2311 (0.4314)  time: 0.084502  data: 0.000326  max mem: 3809
I20260720 21:21:17 540231 dinov2 helpers.py:102] Training  [ 2520/10000]  eta: 0:13:29  lr: 0.0015 (0.0017)  wd: 0.0931 (0.0582)  mom: 0.9932 (0.9924)  last_layer_lr: 0.0015 (0.0017)  current_batch_size: 32.0000 (32.0000)  total_loss: 5.0740 (5.2637)  dino_local_crops_loss: 4.3131 (4.2962)  dino_global_crops_loss: 0.5391 (0.5370)  ibot_loss: 0.2219 (0.4305)  time: 0.090511  data: 0.000333  max mem: 3809
I20260720 21:21:18 540231 dinov2 helpers.py:102] Training  [ 2530/10000]  eta: 0:13:28  lr: 0.0015 (0.0017)  wd: 0.0935 (0.0584)  mom: 0.9932 (0.9924)  last_layer_lr: 0.0015 (0.0017)  current_batch_size: 32.0000 (32.0000)  total_loss: 5.0563 (5.2629)  dino_local_crops_loss: 4.3131 (4.2962)  dino_global_crops_loss: 0.5391 (0.5370)  ibot_loss: 0.2042 (0.4296)  time: 0.089241  data: 0.000336  max mem: 3809
I20260720 21:21:19 540231 dinov2 helpers.py:102] Training  [ 2540/10000]  eta: 0:13:26  lr: 0.0015 (0.0017)  wd: 0.0939 (0.0585)  mom: 0.9932 (0.9924)  last_layer_lr: 0.0015 (0.0017)  current_batch_size: 32.0000 (32.0000)  total_loss: 5.0563 (5.2621)  dino_local_crops_loss: 4.3130 (4.2963)  dino_global_crops_loss: 0.5391 (0.5371)  ibot_loss: 0.2042 (0.4288)  time: 0.085372  data: 0.000326  max mem: 3809
I20260720 21:21:20 540231 dinov2 helpers.py:102] Training  [ 2550/10000]  eta: 0:13:24  lr: 0.0015 (0.0017)  wd: 0.0943 (0.0586)  mom: 0.9932 (0.9924)  last_layer_lr: 0.0015 (0.0017)  current_batch_size: 32.0000 (32.0000)  total_loss: 5.0645 (5.2613)  dino_local_crops_loss: 4.3131 (4.2964)  dino_global_crops_loss: 0.5391 (0.5371)  ibot_loss: 0.2123 (0.4279)  time: 0.087261  data: 0.000342  max mem: 3809
I20260720 21:21:21 540231 dinov2 helpers.py:102] Training  [ 2560/10000]  eta: 0:13:23  lr: 0.0015 (0.0016)  wd: 0.0947 (0.0588)  mom: 0.9932 (0.9924)  last_layer_lr: 0.0015 (0.0016)  current_batch_size: 32.0000 (32.0000)  total_loss: 5.0508 (5.2605)  dino_local_crops_loss: 4.3131 (4.2964)  dino_global_crops_loss: 0.5391 (0.5371)  ibot_loss: 0.1986 (0.4270)  time: 0.086471  data: 0.000354  max mem: 3809
I20260720 21:21:22 540231 dinov2 helpers.py:102] Training  [ 2570/10000]  eta: 0:13:21  lr: 0.0015 (0.0016)  wd: 0.0951 (0.0589)  mom: 0.9932 (0.9924)  last_layer_lr: 0.0015 (0.0016)  current_batch_size: 32.0000 (32.0000)  total_loss: 5.0615 (5.2598)  dino_local_crops_loss: 4.3130 (4.2965)  dino_global_crops_loss: 0.5391 (0.5371)  ibot_loss: 0.2094 (0.4262)  time: 0.085217  data: 0.000341  max mem: 3809
I20260720 21:21:23 540231 dinov2 helpers.py:102] Training  [ 2580/10000]  eta: 0:13:19  lr: 0.0015 (0.0016)  wd: 0.0956 (0.0591)  mom: 0.9932 (0.9924)  last_layer_lr: 0.0015 (0.0016)  current_batch_size: 32.0000 (32.0000)  total_loss: 5.0639 (5.2590)  dino_local_crops_loss: 4.3130 (4.2966)  dino_global_crops_loss: 0.5391 (0.5371)  ibot_loss: 0.2117 (0.4254)  time: 0.089986  data: 0.000382  max mem: 3809
I20260720 21:21:24 540231 dinov2 helpers.py:102] Training  [ 2590/10000]  eta: 0:13:18  lr: 0.0015 (0.0016)  wd: 0.0960 (0.0592)  mom: 0.9932 (0.9924)  last_layer_lr: 0.0015 (0.0016)  current_batch_size: 32.0000 (32.0000)  total_loss: 5.0653 (5.2583)  dino_local_crops_loss: 4.3130 (4.2966)  dino_global_crops_loss: 0.5391 (0.5371)  ibot_loss: 0.2129 (0.4246)  time: 0.093776  data: 0.000902  max mem: 3809
I20260720 21:21:25 540231 dinov2 helpers.py:102] Training  [ 2600/10000]  eta: 0:13:16  lr: 0.0015 (0.0016)  wd: 0.0964 (0.0594)  mom: 0.9933 (0.9924)  last_layer_lr: 0.0015 (0.0016)  current_batch_size: 32.0000 (32.0000)  total_loss: 5.0636 (5.2576)  dino_local_crops_loss: 4.3130 (4.2967)  dino_global_crops_loss: 0.5391 (0.5371)  ibot_loss: 0.2115 (0.4238)  time: 0.089709  data: 0.000848  max mem: 3809
I20260720 21:21:25 540231 dinov2 helpers.py:102] Training  [ 2610/10000]  eta: 0:13:14  lr: 0.0015 (0.0016)  wd: 0.0968 (0.0595)  mom: 0.9933 (0.9924)  last_layer_lr: 0.0015 (0.0016)  current_batch_size: 32.0000 (32.0000)  total_loss: 5.0669 (5.2569)  dino_local_crops_loss: 4.3130 (4.2968)  dino_global_crops_loss: 0.5391 (0.5371)  ibot_loss: 0.2148 (0.4230)  time: 0.085206  data: 0.000347  max mem: 3809
I20260720 21:21:26 540231 dinov2 helpers.py:102] Training  [ 2620/10000]  eta: 0:13:13  lr: 0.0015 (0.0016)  wd: 0.0972 (0.0597)  mom: 0.9933 (0.9924)  last_layer_lr: 0.0015 (0.0016)  current_batch_size: 32.0000 (32.0000)  total_loss: 5.0758 (5.2562)  dino_local_crops_loss: 4.3130 (4.2968)  dino_global_crops_loss: 0.5391 (0.5371)  ibot_loss: 0.2237 (0.4222)  time: 0.085124  data: 0.000354  max mem: 3809
I20260720 21:21:27 540231 dinov2 helpers.py:102] Training  [ 2630/10000]  eta: 0:13:11  lr: 0.0015 (0.0016)  wd: 0.0976 (0.0598)  mom: 0.9933 (0.9924)  last_layer_lr: 0.0015 (0.0016)  current_batch_size: 32.0000 (32.0000)  total_loss: 5.0817 (5.2555)  dino_local_crops_loss: 4.3130 (4.2969)  dino_global_crops_loss: 0.5391 (0.5371)  ibot_loss: 0.2296 (0.4215)  time: 0.089579  data: 0.000357  max mem: 3809
I20260720 21:21:28 540231 dinov2 helpers.py:102] Training  [ 2640/10000]  eta: 0:13:10  lr: 0.0015 (0.0016)  wd: 0.0980 (0.0599)  mom: 0.9933 (0.9924)  last_layer_lr: 0.0015 (0.0016)  current_batch_size: 32.0000 (32.0000)  total_loss: 5.0767 (5.2548)  dino_local_crops_loss: 4.3130 (4.2969)  dino_global_crops_loss: 0.5391 (0.5371)  ibot_loss: 0.2246 (0.4207)  time: 0.090994  data: 0.000517  max mem: 3809
I20260720 21:21:29 540231 dinov2 helpers.py:102] Training  [ 2650/10000]  eta: 0:13:08  lr: 0.0015 (0.0016)  wd: 0.0984 (0.0601)  mom: 0.9933 (0.9924)  last_layer_lr: 0.0015 (0.0016)  current_batch_size: 32.0000 (32.0000)  total_loss: 5.0621 (5.2541)  dino_local_crops_loss: 4.3130 (4.2970)  dino_global_crops_loss: 0.5391 (0.5371)  ibot_loss: 0.2100 (0.4200)  time: 0.087630  data: 0.000505  max mem: 3809
I20260720 21:21:30 540231 dinov2 helpers.py:102] Training  [ 2660/10000]  eta: 0:13:06  lr: 0.0015 (0.0016)  wd: 0.0989 (0.0602)  mom: 0.9933 (0.9924)  last_layer_lr: 0.0015 (0.0016)  current_batch_size: 32.0000 (32.0000)  total_loss: 5.0559 (5.2534)  dino_local_crops_loss: 4.3130 (4.2971)  dino_global_crops_loss: 0.5391 (0.5372)  ibot_loss: 0.2038 (0.4192)  time: 0.085258  data: 0.000364  max mem: 3809
I20260720 21:21:31 540231 dinov2 helpers.py:102] Training  [ 2670/10000]  eta: 0:13:05  lr: 0.0015 (0.0016)  wd: 0.0993 (0.0604)  mom: 0.9933 (0.9925)  last_layer_lr: 0.0015 (0.0016)  current_batch_size: 32.0000 (32.0000)  total_loss: 5.0559 (5.2527)  dino_local_crops_loss: 4.3130 (4.2971)  dino_global_crops_loss: 0.5391 (0.5372)  ibot_loss: 0.2038 (0.4184)  time: 0.095977  data: 0.000511  max mem: 3809
I20260720 21:21:32 540231 dinov2 helpers.py:102] Training  [ 2680/10000]  eta: 0:13:04  lr: 0.0015 (0.0016)  wd: 0.0997 (0.0605)  mom: 0.9933 (0.9925)  last_layer_lr: 0.0015 (0.0016)  current_batch_size: 32.0000 (32.0000)  total_loss: 5.0543 (5.2520)  dino_local_crops_loss: 4.3130 (4.2972)  dino_global_crops_loss: 0.5391 (0.5372)  ibot_loss: 0.2021 (0.4176)  time: 0.101005  data: 0.000497  max mem: 3809
I20260720 21:21:33 540231 dinov2 helpers.py:102] Training  [ 2690/10000]  eta: 0:13:02  lr: 0.0015 (0.0016)  wd: 0.1001 (0.0607)  mom: 0.9933 (0.9925)  last_layer_lr: 0.0015 (0.0016)  current_batch_size: 32.0000 (32.0000)  total_loss: 5.0549 (5.2512)  dino_local_crops_loss: 4.3130 (4.2972)  dino_global_crops_loss: 0.5391 (0.5372)  ibot_loss: 0.2029 (0.4168)  time: 0.088143  data: 0.000334  max mem: 3809
I20260720 21:21:33 540231 fvcore.common.checkpoint __init__.py:109] Saving checkpoint to /sci/labs/arieljaffe/dan.abergel1/runs/brain/overfit1/model_0002699.rank_0.pth
I20260720 21:21:35 540231 dinov2 helpers.py:102] Training  [ 2700/10000]  eta: 0:13:05  lr: 0.0015 (0.0016)  wd: 0.1005 (0.0608)  mom: 0.9933 (0.9925)  last_layer_lr: 0.0015 (0.0016)  current_batch_size: 32.0000 (32.0000)  total_loss: 5.0600 (5.2505)  dino_local_crops_loss: 4.3130 (4.2973)  dino_global_crops_loss: 0.5391 (0.5372)  ibot_loss: 0.2079 (0.4160)  time: 0.163150  data: 0.000340  max mem: 3809
I20260720 21:21:36 540231 dinov2 helpers.py:102] Training  [ 2710/10000]  eta: 0:13:03  lr: 0.0015 (0.0016)  wd: 0.1010 (0.0610)  mom: 0.9934 (0.9925)  last_layer_lr: 0.0015 (0.0016)  current_batch_size: 32.0000 (32.0000)  total_loss: 5.0588 (5.2498)  dino_local_crops_loss: 4.3130 (4.2974)  dino_global_crops_loss: 0.5391 (0.5372)  ibot_loss: 0.2067 (0.4152)  time: 0.161250  data: 0.000317  max mem: 3809
I20260720 21:21:37 540231 dinov2 helpers.py:102] Training  [ 2720/10000]  eta: 0:13:01  lr: 0.0015 (0.0016)  wd: 0.1014 (0.0611)  mom: 0.9934 (0.9925)  last_layer_lr: 0.0015 (0.0016)  current_batch_size: 32.0000 (32.0000)  total_loss: 5.0597 (5.2491)  dino_local_crops_loss: 4.3130 (4.2974)  dino_global_crops_loss: 0.5391 (0.5372)  ibot_loss: 0.2076 (0.4145)  time: 0.082482  data: 0.000319  max mem: 3809
I20260720 21:21:38 540231 dinov2 helpers.py:102] Training  [ 2730/10000]  eta: 0:13:00  lr: 0.0015 (0.0016)  wd: 0.1018 (0.0613)  mom: 0.9934 (0.9925)  last_layer_lr: 0.0015 (0.0016)  current_batch_size: 32.0000 (32.0000)  total_loss: 5.0566 (5.2484)  dino_local_crops_loss: 4.3130 (4.2975)  dino_global_crops_loss: 0.5391 (0.5372)  ibot_loss: 0.2044 (0.4137)  time: 0.087772  data: 0.000333  max mem: 3809
I20260720 21:21:39 540231 dinov2 helpers.py:102] Training  [ 2740/10000]  eta: 0:12:58  lr: 0.0015 (0.0016)  wd: 0.1022 (0.0614)  mom: 0.9934 (0.9925)  last_layer_lr: 0.0015 (0.0016)  current_batch_size: 32.0000 (32.0000)  total_loss: 5.0566 (5.2477)  dino_local_crops_loss: 4.3130 (4.2975)  dino_global_crops_loss: 0.5391 (0.5372)  ibot_loss: 0.2044 (0.4129)  time: 0.086694  data: 0.000300  max mem: 3809
I20260720 21:21:39 540231 dinov2 helpers.py:102] Training  [ 2750/10000]  eta: 0:12:56  lr: 0.0015 (0.0016)  wd: 0.1027 (0.0616)  mom: 0.9934 (0.9925)  last_layer_lr: 0.0015 (0.0016)  current_batch_size: 32.0000 (32.0000)  total_loss: 5.0482 (5.2469)  dino_local_crops_loss: 4.3130 (4.2976)  dino_global_crops_loss: 0.5391 (0.5372)  ibot_loss: 0.1961 (0.4121)  time: 0.088135  data: 0.000322  max mem: 3809
I20260720 21:21:40 540231 dinov2 helpers.py:102] Training  [ 2760/10000]  eta: 0:12:55  lr: 0.0015 (0.0016)  wd: 0.1031 (0.0617)  mom: 0.9934 (0.9925)  last_layer_lr: 0.0015 (0.0016)  current_batch_size: 32.0000 (32.0000)  total_loss: 5.0402 (5.2462)  dino_local_crops_loss: 4.3130 (4.2976)  dino_global_crops_loss: 0.5391 (0.5372)  ibot_loss: 0.1880 (0.4113)  time: 0.089642  data: 0.000364  max mem: 3809
I20260720 21:21:41 540231 dinov2 helpers.py:102] Training  [ 2770/10000]  eta: 0:12:53  lr: 0.0015 (0.0016)  wd: 0.1035 (0.0619)  mom: 0.9934 (0.9925)  last_layer_lr: 0.0015 (0.0016)  current_batch_size: 32.0000 (32.0000)  total_loss: 5.0475 (5.2454)  dino_local_crops_loss: 4.3130 (4.2977)  dino_global_crops_loss: 0.5391 (0.5372)  ibot_loss: 0.1954 (0.4105)  time: 0.088305  data: 0.000359  max mem: 3809
I20260720 21:21:42 540231 dinov2 helpers.py:102] Training  [ 2780/10000]  eta: 0:12:52  lr: 0.0015 (0.0016)  wd: 0.1040 (0.0620)  mom: 0.9934 (0.9925)  last_layer_lr: 0.0015 (0.0016)  current_batch_size: 32.0000 (32.0000)  total_loss: 5.0537 (5.2448)  dino_local_crops_loss: 4.3130 (4.2977)  dino_global_crops_loss: 0.5391 (0.5372)  ibot_loss: 0.2016 (0.4098)  time: 0.085957  data: 0.000334  max mem: 3809
I20260720 21:21:43 540231 dinov2 helpers.py:102] Training  [ 2790/10000]  eta: 0:12:50  lr: 0.0015 (0.0016)  wd: 0.1044 (0.0622)  mom: 0.9934 (0.9925)  last_layer_lr: 0.0015 (0.0016)  current_batch_size: 32.0000 (32.0000)  total_loss: 5.0516 (5.2440)  dino_local_crops_loss: 4.3130 (4.2978)  dino_global_crops_loss: 0.5391 (0.5372)  ibot_loss: 0.1995 (0.4090)  time: 0.088741  data: 0.000338  max mem: 3809
I20260720 21:21:44 540231 dinov2 helpers.py:102] Training  [ 2800/10000]  eta: 0:12:49  lr: 0.0015 (0.0016)  wd: 0.1048 (0.0623)  mom: 0.9934 (0.9925)  last_layer_lr: 0.0015 (0.0016)  current_batch_size: 32.0000 (32.0000)  total_loss: 5.0413 (5.2433)  dino_local_crops_loss: 4.3130 (4.2979)  dino_global_crops_loss: 0.5391 (0.5373)  ibot_loss: 0.1893 (0.4082)  time: 0.091475  data: 0.000372  max mem: 3809
I20260720 21:21:45 540231 dinov2 helpers.py:102] Training  [ 2810/10000]  eta: 0:12:47  lr: 0.0015 (0.0016)  wd: 0.1053 (0.0625)  mom: 0.9935 (0.9925)  last_layer_lr: 0.0015 (0.0016)  current_batch_size: 32.0000 (32.0000)  total_loss: 5.0364 (5.2426)  dino_local_crops_loss: 4.3130 (4.2979)  dino_global_crops_loss: 0.5391 (0.5373)  ibot_loss: 0.1843 (0.4074)  time: 0.085687  data: 0.000399  max mem: 3809
I20260720 21:21:46 540231 dinov2 helpers.py:102] Training  [ 2820/10000]  eta: 0:12:45  lr: 0.0015 (0.0016)  wd: 0.1057 (0.0626)  mom: 0.9935 (0.9925)  last_layer_lr: 0.0015 (0.0016)  current_batch_size: 32.0000 (32.0000)  total_loss: 5.0364 (5.2419)  dino_local_crops_loss: 4.3130 (4.2980)  dino_global_crops_loss: 0.5391 (0.5373)  ibot_loss: 0.1843 (0.4067)  time: 0.084623  data: 0.000499  max mem: 3809
I20260720 21:21:46 540231 dinov2 helpers.py:102] Training  [ 2830/10000]  eta: 0:12:44  lr: 0.0015 (0.0016)  wd: 0.1061 (0.0628)  mom: 0.9935 (0.9925)  last_layer_lr: 0.0015 (0.0016)  current_batch_size: 32.0000 (32.0000)  total_loss: 5.0356 (5.2412)  dino_local_crops_loss: 4.3130 (4.2980)  dino_global_crops_loss: 0.5391 (0.5373)  ibot_loss: 0.1835 (0.4059)  time: 0.085522  data: 0.000586  max mem: 3809
I20260720 21:21:47 540231 dinov2 helpers.py:102] Training  [ 2840/10000]  eta: 0:12:42  lr: 0.0015 (0.0016)  wd: 0.1066 (0.0630)  mom: 0.9935 (0.9925)  last_layer_lr: 0.0015 (0.0016)  current_batch_size: 32.0000 (32.0000)  total_loss: 5.0442 (5.2405)  dino_local_crops_loss: 4.3130 (4.2981)  dino_global_crops_loss: 0.5391 (0.5373)  ibot_loss: 0.1920 (0.4052)  time: 0.086938  data: 0.000479  max mem: 3809
I20260720 21:21:48 540231 dinov2 helpers.py:102] Training  [ 2850/10000]  eta: 0:12:41  lr: 0.0015 (0.0016)  wd: 0.1070 (0.0631)  mom: 0.9935 (0.9925)  last_layer_lr: 0.0015 (0.0016)  current_batch_size: 32.0000 (32.0000)  total_loss: 5.0442 (5.2398)  dino_local_crops_loss: 4.3130 (4.2981)  dino_global_crops_loss: 0.5391 (0.5373)  ibot_loss: 0.1920 (0.4044)  time: 0.090952  data: 0.000450  max mem: 3809
I20260720 21:21:49 540231 dinov2 helpers.py:102] Training  [ 2860/10000]  eta: 0:12:39  lr: 0.0015 (0.0016)  wd: 0.1075 (0.0633)  mom: 0.9935 (0.9925)  last_layer_lr: 0.0015 (0.0016)  current_batch_size: 32.0000 (32.0000)  total_loss: 5.0423 (5.2391)  dino_local_crops_loss: 4.3130 (4.2982)  dino_global_crops_loss: 0.5391 (0.5373)  ibot_loss: 0.1902 (0.4037)  time: 0.091860  data: 0.000474  max mem: 3809
I20260720 21:21:50 540231 dinov2 helpers.py:102] Training  [ 2870/10000]  eta: 0:12:38  lr: 0.0014 (0.0016)  wd: 0.1079 (0.0634)  mom: 0.9935 (0.9925)  last_layer_lr: 0.0014 (0.0016)  current_batch_size: 32.0000 (32.0000)  total_loss: 5.0570 (5.2385)  dino_local_crops_loss: 4.3130 (4.2982)  dino_global_crops_loss: 0.5391 (0.5373)  ibot_loss: 0.2048 (0.4030)  time: 0.090366  data: 0.000434  max mem: 3809
I20260720 21:21:51 540231 dinov2 helpers.py:102] Training  [ 2880/10000]  eta: 0:12:36  lr: 0.0014 (0.0016)  wd: 0.1083 (0.0636)  mom: 0.9935 (0.9925)  last_layer_lr: 0.0014 (0.0016)  current_batch_size: 32.0000 (32.0000)  total_loss: 5.0714 (5.2380)  dino_local_crops_loss: 4.3131 (4.2983)  dino_global_crops_loss: 0.5391 (0.5373)  ibot_loss: 0.2191 (0.4024)  time: 0.088119  data: 0.000513  max mem: 3809
I20260720 21:21:52 540231 dinov2 helpers.py:102] Training  [ 2890/10000]  eta: 0:12:35  lr: 0.0014 (0.0016)  wd: 0.1088 (0.0637)  mom: 0.9935 (0.9925)  last_layer_lr: 0.0014 (0.0016)  current_batch_size: 32.0000 (32.0000)  total_loss: 5.0615 (5.2373)  dino_local_crops_loss: 4.3131 (4.2983)  dino_global_crops_loss: 0.5391 (0.5373)  ibot_loss: 0.2092 (0.4016)  time: 0.086109  data: 0.000444  max mem: 3809
I20260720 21:21:53 540231 dinov2 helpers.py:102] Training  [ 2900/10000]  eta: 0:12:33  lr: 0.0014 (0.0016)  wd: 0.1092 (0.0639)  mom: 0.9935 (0.9925)  last_layer_lr: 0.0014 (0.0016)  current_batch_size: 32.0000 (32.0000)  total_loss: 5.0514 (5.2366)  dino_local_crops_loss: 4.3131 (4.2984)  dino_global_crops_loss: 0.5391 (0.5373)  ibot_loss: 0.1993 (0.4010)  time: 0.086467  data: 0.000313  max mem: 3809
I20260720 21:21:54 540231 dinov2 helpers.py:102] Training  [ 2910/10000]  eta: 0:12:32  lr: 0.0014 (0.0016)  wd: 0.1097 (0.0640)  mom: 0.9935 (0.9925)  last_layer_lr: 0.0014 (0.0016)  current_batch_size: 32.0000 (32.0000)  total_loss: 5.0518 (5.2360)  dino_local_crops_loss: 4.3130 (4.2984)  dino_global_crops_loss: 0.5391 (0.5373)  ibot_loss: 0.1996 (0.4002)  time: 0.087021  data: 0.000348  max mem: 3809
I20260720 21:21:55 540231 dinov2 helpers.py:102] Training  [ 2920/10000]  eta: 0:12:30  lr: 0.0014 (0.0016)  wd: 0.1101 (0.0642)  mom: 0.9936 (0.9925)  last_layer_lr: 0.0014 (0.0016)  current_batch_size: 32.0000 (32.0000)  total_loss: 5.0436 (5.2353)  dino_local_crops_loss: 4.3130 (4.2985)  dino_global_crops_loss: 0.5391 (0.5373)  ibot_loss: 0.1915 (0.3995)  time: 0.087117  data: 0.000374  max mem: 3809
I20260720 21:21:55 540231 dinov2 helpers.py:102] Training  [ 2930/10000]  eta: 0:12:29  lr: 0.0014 (0.0016)  wd: 0.1106 (0.0644)  mom: 0.9936 (0.9925)  last_layer_lr: 0.0014 (0.0016)  current_batch_size: 32.0000 (32.0000)  total_loss: 5.0402 (5.2347)  dino_local_crops_loss: 4.3130 (4.2985)  dino_global_crops_loss: 0.5391 (0.5373)  ibot_loss: 0.1866 (0.3988)  time: 0.086445  data: 0.000359  max mem: 3809
I20260720 21:21:56 540231 dinov2 helpers.py:102] Training  [ 2940/10000]  eta: 0:12:27  lr: 0.0014 (0.0016)  wd: 0.1110 (0.0645)  mom: 0.9936 (0.9925)  last_layer_lr: 0.0014 (0.0016)  current_batch_size: 32.0000 (32.0000)  total_loss: 5.0402 (5.2340)  dino_local_crops_loss: 4.3130 (4.2986)  dino_global_crops_loss: 0.5391 (0.5373)  ibot_loss: 0.1866 (0.3981)  time: 0.086840  data: 0.000337  max mem: 3809
I20260720 21:21:57 540231 dinov2 helpers.py:102] Training  [ 2950/10000]  eta: 0:12:26  lr: 0.0014 (0.0016)  wd: 0.1115 (0.0647)  mom: 0.9936 (0.9925)  last_layer_lr: 0.0014 (0.0016)  current_batch_size: 32.0000 (32.0000)  total_loss: 5.0356 (5.2334)  dino_local_crops_loss: 4.3130 (4.2986)  dino_global_crops_loss: 0.5391 (0.5373)  ibot_loss: 0.1834 (0.3974)  time: 0.089801  data: 0.000329  max mem: 3809
I20260720 21:21:58 540231 dinov2 helpers.py:102] Training  [ 2960/10000]  eta: 0:12:24  lr: 0.0014 (0.0016)  wd: 0.1119 (0.0648)  mom: 0.9936 (0.9926)  last_layer_lr: 0.0014 (0.0016)  current_batch_size: 32.0000 (32.0000)  total_loss: 5.0466 (5.2328)  dino_local_crops_loss: 4.3130 (4.2987)  dino_global_crops_loss: 0.5391 (0.5374)  ibot_loss: 0.1945 (0.3967)  time: 0.086958  data: 0.000356  max mem: 3809
I20260720 21:21:59 540231 dinov2 helpers.py:102] Training  [ 2970/10000]  eta: 0:12:23  lr: 0.0014 (0.0016)  wd: 0.1124 (0.0650)  mom: 0.9936 (0.9926)  last_layer_lr: 0.0014 (0.0016)  current_batch_size: 32.0000 (32.0000)  total_loss: 5.0473 (5.2321)  dino_local_crops_loss: 4.3130 (4.2987)  dino_global_crops_loss: 0.5391 (0.5374)  ibot_loss: 0.1953 (0.3960)  time: 0.083884  data: 0.000416  max mem: 3809
I20260720 21:22:00 540231 dinov2 helpers.py:102] Training  [ 2980/10000]  eta: 0:12:21  lr: 0.0014 (0.0016)  wd: 0.1128 (0.0652)  mom: 0.9936 (0.9926)  last_layer_lr: 0.0014 (0.0016)  current_batch_size: 32.0000 (32.0000)  total_loss: 5.0449 (5.2315)  dino_local_crops_loss: 4.3130 (4.2988)  dino_global_crops_loss: 0.5391 (0.5374)  ibot_loss: 0.1928 (0.3954)  time: 0.084974  data: 0.000388  max mem: 3809
I20260720 21:22:01 540231 dinov2 helpers.py:102] Training  [ 2990/10000]  eta: 0:12:20  lr: 0.0014 (0.0016)  wd: 0.1133 (0.0653)  mom: 0.9936 (0.9926)  last_layer_lr: 0.0014 (0.0016)  current_batch_size: 32.0000 (32.0000)  total_loss: 5.0473 (5.2309)  dino_local_crops_loss: 4.3130 (4.2988)  dino_global_crops_loss: 0.5391 (0.5374)  ibot_loss: 0.1952 (0.3947)  time: 0.084526  data: 0.000347  max mem: 3809
I20260720 21:22:01 540231 fvcore.common.checkpoint __init__.py:109] Saving checkpoint to /sci/labs/arieljaffe/dan.abergel1/runs/brain/overfit1/model_0002999.rank_0.pth
I20260720 21:22:03 540231 dinov2 helpers.py:102] Training  [ 3000/10000]  eta: 0:12:22  lr: 0.0014 (0.0016)  wd: 0.1137 (0.0655)  mom: 0.9936 (0.9926)  last_layer_lr: 0.0014 (0.0016)  current_batch_size: 32.0000 (32.0000)  total_loss: 5.0480 (5.2303)  dino_local_crops_loss: 4.3130 (4.2989)  dino_global_crops_loss: 0.5391 (0.5374)  ibot_loss: 0.1959 (0.3940)  time: 0.176917  data: 0.000349  max mem: 3809
I20260720 21:22:04 540231 dinov2 helpers.py:102] Training  [ 3010/10000]  eta: 0:12:21  lr: 0.0014 (0.0016)  wd: 0.1142 (0.0657)  mom: 0.9936 (0.9926)  last_layer_lr: 0.0014 (0.0016)  current_batch_size: 32.0000 (32.0000)  total_loss: 5.0510 (5.2297)  dino_local_crops_loss: 4.3130 (4.2989)  dino_global_crops_loss: 0.5391 (0.5374)  ibot_loss: 0.1989 (0.3934)  time: 0.175843  data: 0.000604  max mem: 3809
I20260720 21:22:05 540231 dinov2 helpers.py:102] Training  [ 3020/10000]  eta: 0:12:19  lr: 0.0014 (0.0016)  wd: 0.1147 (0.0658)  mom: 0.9937 (0.9926)  last_layer_lr: 0.0014 (0.0016)  current_batch_size: 32.0000 (32.0000)  total_loss: 5.0485 (5.2291)  dino_local_crops_loss: 4.3130 (4.2990)  dino_global_crops_loss: 0.5391 (0.5374)  ibot_loss: 0.1964 (0.3928)  time: 0.087239  data: 0.000624  max mem: 3809
I20260720 21:22:06 540231 dinov2 helpers.py:102] Training  [ 3030/10000]  eta: 0:12:18  lr: 0.0014 (0.0016)  wd: 0.1151 (0.0660)  mom: 0.9937 (0.9926)  last_layer_lr: 0.0014 (0.0016)  current_batch_size: 32.0000 (32.0000)  total_loss: 5.0441 (5.2285)  dino_local_crops_loss: 4.3130 (4.2990)  dino_global_crops_loss: 0.5391 (0.5374)  ibot_loss: 0.1920 (0.3921)  time: 0.093126  data: 0.000378  max mem: 3809
I20260720 21:22:07 540231 dinov2 helpers.py:102] Training  [ 3040/10000]  eta: 0:12:17  lr: 0.0014 (0.0016)  wd: 0.1156 (0.0661)  mom: 0.9937 (0.9926)  last_layer_lr: 0.0014 (0.0016)  current_batch_size: 32.0000 (32.0000)  total_loss: 5.0403 (5.2279)  dino_local_crops_loss: 4.3130 (4.2991)  dino_global_crops_loss: 0.5391 (0.5374)  ibot_loss: 0.1881 (0.3915)  time: 0.090847  data: 0.000389  max mem: 3809
I20260720 21:22:08 540231 dinov2 helpers.py:102] Training  [ 3050/10000]  eta: 0:12:15  lr: 0.0014 (0.0016)  wd: 0.1160 (0.0663)  mom: 0.9937 (0.9926)  last_layer_lr: 0.0014 (0.0016)  current_batch_size: 32.0000 (32.0000)  total_loss: 5.0412 (5.2273)  dino_local_crops_loss: 4.3130 (4.2991)  dino_global_crops_loss: 0.5391 (0.5374)  ibot_loss: 0.1889 (0.3908)  time: 0.088843  data: 0.000352  max mem: 3809
I20260720 21:22:09 540231 dinov2 helpers.py:102] Training  [ 3060/10000]  eta: 0:12:14  lr: 0.0014 (0.0016)  wd: 0.1165 (0.0665)  mom: 0.9937 (0.9926)  last_layer_lr: 0.0014 (0.0016)  current_batch_size: 32.0000 (32.0000)  total_loss: 5.0411 (5.2267)  dino_local_crops_loss: 4.3131 (4.2991)  dino_global_crops_loss: 0.5391 (0.5374)  ibot_loss: 0.1889 (0.3902)  time: 0.089674  data: 0.000345  max mem: 3809
I20260720 21:22:10 540231 dinov2 helpers.py:102] Training  [ 3070/10000]  eta: 0:12:12  lr: 0.0014 (0.0016)  wd: 0.1170 (0.0666)  mom: 0.9937 (0.9926)  last_layer_lr: 0.0014 (0.0016)  current_batch_size: 32.0000 (32.0000)  total_loss: 5.0411 (5.2261)  dino_local_crops_loss: 4.3130 (4.2992)  dino_global_crops_loss: 0.5391 (0.5374)  ibot_loss: 0.1889 (0.3895)  time: 0.090964  data: 0.000349  max mem: 3809
I20260720 21:22:10 540231 dinov2 helpers.py:102] Training  [ 3080/10000]  eta: 0:12:11  lr: 0.0014 (0.0016)  wd: 0.1174 (0.0668)  mom: 0.9937 (0.9926)  last_layer_lr: 0.0014 (0.0016)  current_batch_size: 32.0000 (32.0000)  total_loss: 5.0484 (5.2256)  dino_local_crops_loss: 4.3130 (4.2992)  dino_global_crops_loss: 0.5391 (0.5374)  ibot_loss: 0.1962 (0.3889)  time: 0.088091  data: 0.000300  max mem: 3809
I20260720 21:22:11 540231 dinov2 helpers.py:102] Training  [ 3090/10000]  eta: 0:12:09  lr: 0.0014 (0.0016)  wd: 0.1179 (0.0670)  mom: 0.9937 (0.9926)  last_layer_lr: 0.0014 (0.0016)  current_batch_size: 32.0000 (32.0000)  total_loss: 5.0405 (5.2250)  dino_local_crops_loss: 4.3130 (4.2993)  dino_global_crops_loss: 0.5391 (0.5374)  ibot_loss: 0.1884 (0.3883)  time: 0.085574  data: 0.000342  max mem: 3809
I20260720 21:22:12 540231 dinov2 helpers.py:102] Training  [ 3100/10000]  eta: 0:12:08  lr: 0.0014 (0.0016)  wd: 0.1184 (0.0671)  mom: 0.9937 (0.9926)  last_layer_lr: 0.0014 (0.0016)  current_batch_size: 32.0000 (32.0000)  total_loss: 5.0416 (5.2245)  dino_local_crops_loss: 4.3130 (4.2993)  dino_global_crops_loss: 0.5391 (0.5374)  ibot_loss: 0.1895 (0.3877)  time: 0.086108  data: 0.000377  max mem: 3809
I20260720 21:22:13 540231 dinov2 helpers.py:102] Training  [ 3110/10000]  eta: 0:12:06  lr: 0.0014 (0.0016)  wd: 0.1188 (0.0673)  mom: 0.9938 (0.9926)  last_layer_lr: 0.0014 (0.0016)  current_batch_size: 32.0000 (32.0000)  total_loss: 5.0550 (5.2239)  dino_local_crops_loss: 4.3130 (4.2994)  dino_global_crops_loss: 0.5391 (0.5374)  ibot_loss: 0.2029 (0.3871)  time: 0.087252  data: 0.000362  max mem: 3809
I20260720 21:22:14 540231 dinov2 helpers.py:102] Training  [ 3120/10000]  eta: 0:12:05  lr: 0.0014 (0.0016)  wd: 0.1193 (0.0675)  mom: 0.9938 (0.9926)  last_layer_lr: 0.0014 (0.0016)  current_batch_size: 32.0000 (32.0000)  total_loss: 5.0508 (5.2234)  dino_local_crops_loss: 4.3130 (4.2994)  dino_global_crops_loss: 0.5391 (0.5374)  ibot_loss: 0.1986 (0.3865)  time: 0.086912  data: 0.000362  max mem: 3809
I20260720 21:22:15 540231 dinov2 helpers.py:102] Training  [ 3130/10000]  eta: 0:12:04  lr: 0.0014 (0.0016)  wd: 0.1198 (0.0676)  mom: 0.9938 (0.9926)  last_layer_lr: 0.0014 (0.0016)  current_batch_size: 32.0000 (32.0000)  total_loss: 5.0447 (5.2228)  dino_local_crops_loss: 4.3130 (4.2995)  dino_global_crops_loss: 0.5391 (0.5375)  ibot_loss: 0.1926 (0.3859)  time: 0.089543  data: 0.000402  max mem: 3809
I20260720 21:22:16 540231 dinov2 helpers.py:102] Training  [ 3140/10000]  eta: 0:12:02  lr: 0.0014 (0.0016)  wd: 0.1202 (0.0678)  mom: 0.9938 (0.9926)  last_layer_lr: 0.0014 (0.0016)  current_batch_size: 32.0000 (32.0000)  total_loss: 5.0413 (5.2222)  dino_local_crops_loss: 4.3130 (4.2995)  dino_global_crops_loss: 0.5391 (0.5375)  ibot_loss: 0.1892 (0.3853)  time: 0.092292  data: 0.000414  max mem: 3809
I20260720 21:22:17 540231 dinov2 helpers.py:102] Training  [ 3150/10000]  eta: 0:12:01  lr: 0.0014 (0.0016)  wd: 0.1207 (0.0680)  mom: 0.9938 (0.9926)  last_layer_lr: 0.0014 (0.0016)  current_batch_size: 32.0000 (32.0000)  total_loss: 5.0413 (5.2216)  dino_local_crops_loss: 4.3130 (4.2995)  dino_global_crops_loss: 0.5391 (0.5375)  ibot_loss: 0.1892 (0.3846)  time: 0.090664  data: 0.000356  max mem: 3809
I20260720 21:22:18 540231 dinov2 helpers.py:102] Training  [ 3160/10000]  eta: 0:11:59  lr: 0.0014 (0.0016)  wd: 0.1212 (0.0681)  mom: 0.9938 (0.9926)  last_layer_lr: 0.0014 (0.0016)  current_batch_size: 32.0000 (32.0000)  total_loss: 5.0415 (5.2210)  dino_local_crops_loss: 4.3130 (4.2996)  dino_global_crops_loss: 0.5391 (0.5375)  ibot_loss: 0.1892 (0.3840)  time: 0.091453  data: 0.000343  max mem: 3809
I20260720 21:22:18 540231 dinov2 helpers.py:102] Training  [ 3170/10000]  eta: 0:11:58  lr: 0.0014 (0.0016)  wd: 0.1216 (0.0683)  mom: 0.9938 (0.9926)  last_layer_lr: 0.0014 (0.0016)  current_batch_size: 32.0000 (32.0000)  total_loss: 5.0359 (5.2204)  dino_local_crops_loss: 4.3130 (4.2996)  dino_global_crops_loss: 0.5391 (0.5375)  ibot_loss: 0.1838 (0.3833)  time: 0.087022  data: 0.000332  max mem: 3809
I20260720 21:22:19 540231 dinov2 helpers.py:102] Training  [ 3180/10000]  eta: 0:11:56  lr: 0.0014 (0.0016)  wd: 0.1221 (0.0685)  mom: 0.9938 (0.9926)  last_layer_lr: 0.0014 (0.0016)  current_batch_size: 32.0000 (32.0000)  total_loss: 5.0359 (5.2199)  dino_local_crops_loss: 4.3130 (4.2997)  dino_global_crops_loss: 0.5391 (0.5375)  ibot_loss: 0.1838 (0.3827)  time: 0.082525  data: 0.000499  max mem: 3809
I20260720 21:22:20 540231 dinov2 helpers.py:102] Training  [ 3190/10000]  eta: 0:11:55  lr: 0.0014 (0.0016)  wd: 0.1226 (0.0687)  mom: 0.9938 (0.9926)  last_layer_lr: 0.0014 (0.0016)  current_batch_size: 32.0000 (32.0000)  total_loss: 5.0307 (5.2193)  dino_local_crops_loss: 4.3130 (4.2997)  dino_global_crops_loss: 0.5391 (0.5375)  ibot_loss: 0.1786 (0.3821)  time: 0.086733  data: 0.000522  max mem: 3809
I20260720 21:22:21 540231 dinov2 helpers.py:102] Training  [ 3200/10000]  eta: 0:11:54  lr: 0.0014 (0.0016)  wd: 0.1231 (0.0688)  mom: 0.9938 (0.9926)  last_layer_lr: 0.0014 (0.0016)  current_batch_size: 32.0000 (32.0000)  total_loss: 5.0256 (5.2187)  dino_local_crops_loss: 4.3130 (4.2998)  dino_global_crops_loss: 0.5391 (0.5375)  ibot_loss: 0.1735 (0.3815)  time: 0.090723  data: 0.000345  max mem: 3809
I20260720 21:22:22 540231 dinov2 helpers.py:102] Training  [ 3210/10000]  eta: 0:11:52  lr: 0.0014 (0.0016)  wd: 0.1236 (0.0690)  mom: 0.9939 (0.9926)  last_layer_lr: 0.0014 (0.0016)  current_batch_size: 32.0000 (32.0000)  total_loss: 5.0273 (5.2181)  dino_local_crops_loss: 4.3130 (4.2998)  dino_global_crops_loss: 0.5391 (0.5375)  ibot_loss: 0.1752 (0.3808)  time: 0.088719  data: 0.000513  max mem: 3809
I20260720 21:22:23 540231 dinov2 helpers.py:102] Training  [ 3220/10000]  eta: 0:11:51  lr: 0.0014 (0.0016)  wd: 0.1240 (0.0692)  mom: 0.9939 (0.9926)  last_layer_lr: 0.0014 (0.0016)  current_batch_size: 32.0000 (32.0000)  total_loss: 5.0484 (5.2176)  dino_local_crops_loss: 4.3130 (4.2998)  dino_global_crops_loss: 0.5391 (0.5375)  ibot_loss: 0.1964 (0.3803)  time: 0.088221  data: 0.000560  max mem: 3809
I20260720 21:22:24 540231 dinov2 helpers.py:102] Training  [ 3230/10000]  eta: 0:11:49  lr: 0.0014 (0.0016)  wd: 0.1245 (0.0693)  mom: 0.9939 (0.9927)  last_layer_lr: 0.0014 (0.0016)  current_batch_size: 32.0000 (32.0000)  total_loss: 5.0542 (5.2171)  dino_local_crops_loss: 4.3130 (4.2999)  dino_global_crops_loss: 0.5391 (0.5375)  ibot_loss: 0.2021 (0.3797)  time: 0.088195  data: 0.000408  max mem: 3809
I20260720 21:22:25 540231 dinov2 helpers.py:102] Training  [ 3240/10000]  eta: 0:11:48  lr: 0.0014 (0.0016)  wd: 0.1250 (0.0695)  mom: 0.9939 (0.9927)  last_layer_lr: 0.0014 (0.0016)  current_batch_size: 32.0000 (32.0000)  total_loss: 5.0533 (5.2166)  dino_local_crops_loss: 4.3131 (4.2999)  dino_global_crops_loss: 0.5391 (0.5375)  ibot_loss: 0.2010 (0.3792)  time: 0.087219  data: 0.000371  max mem: 3809
I20260720 21:22:26 540231 dinov2 helpers.py:102] Training  [ 3250/10000]  eta: 0:11:47  lr: 0.0014 (0.0016)  wd: 0.1255 (0.0697)  mom: 0.9939 (0.9927)  last_layer_lr: 0.0014 (0.0016)  current_batch_size: 32.0000 (32.0000)  total_loss: 5.0453 (5.2160)  dino_local_crops_loss: 4.3131 (4.3000)  dino_global_crops_loss: 0.5391 (0.5375)  ibot_loss: 0.1931 (0.3786)  time: 0.092341  data: 0.000541  max mem: 3809
I20260720 21:22:27 540231 dinov2 helpers.py:102] Training  [ 3260/10000]  eta: 0:11:46  lr: 0.0014 (0.0016)  wd: 0.1260 (0.0699)  mom: 0.9939 (0.9927)  last_layer_lr: 0.0014 (0.0016)  current_batch_size: 32.0000 (32.0000)  total_loss: 5.0410 (5.2155)  dino_local_crops_loss: 4.3131 (4.3000)  dino_global_crops_loss: 0.5391 (0.5375)  ibot_loss: 0.1888 (0.3780)  time: 0.095264  data: 0.000874  max mem: 3809
I20260720 21:22:28 540231 dinov2 helpers.py:102] Training  [ 3270/10000]  eta: 0:11:44  lr: 0.0014 (0.0016)  wd: 0.1264 (0.0700)  mom: 0.9939 (0.9927)  last_layer_lr: 0.0014 (0.0016)  current_batch_size: 32.0000 (32.0000)  total_loss: 5.0410 (5.2149)  dino_local_crops_loss: 4.3130 (4.3000)  dino_global_crops_loss: 0.5391 (0.5375)  ibot_loss: 0.1888 (0.3774)  time: 0.092564  data: 0.000840  max mem: 3809
I20260720 21:22:28 540231 dinov2 helpers.py:102] Training  [ 3280/10000]  eta: 0:11:43  lr: 0.0014 (0.0016)  wd: 0.1269 (0.0702)  mom: 0.9939 (0.9927)  last_layer_lr: 0.0014 (0.0016)  current_batch_size: 32.0000 (32.0000)  total_loss: 5.0371 (5.2144)  dino_local_crops_loss: 4.3130 (4.3001)  dino_global_crops_loss: 0.5391 (0.5375)  ibot_loss: 0.1849 (0.3768)  time: 0.090764  data: 0.000522  max mem: 3809
I20260720 21:22:29 540231 dinov2 helpers.py:102] Training  [ 3290/10000]  eta: 0:11:41  lr: 0.0014 (0.0016)  wd: 0.1274 (0.0704)  mom: 0.9939 (0.9927)  last_layer_lr: 0.0014 (0.0016)  current_batch_size: 32.0000 (32.0000)  total_loss: 5.0313 (5.2138)  dino_local_crops_loss: 4.3130 (4.3001)  dino_global_crops_loss: 0.5391 (0.5375)  ibot_loss: 0.1792 (0.3762)  time: 0.087218  data: 0.000384  max mem: 3809
I20260720 21:22:30 540231 fvcore.common.checkpoint __init__.py:109] Saving checkpoint to /sci/labs/arieljaffe/dan.abergel1/runs/brain/overfit1/model_0003299.rank_0.pth
I20260720 21:22:32 540231 dinov2 helpers.py:102] Training  [ 3300/10000]  eta: 0:11:43  lr: 0.0014 (0.0016)  wd: 0.1279 (0.0706)  mom: 0.9940 (0.9927)  last_layer_lr: 0.0014 (0.0016)  current_batch_size: 32.0000 (32.0000)  total_loss: 5.0314 (5.2133)  dino_local_crops_loss: 4.3130 (4.3002)  dino_global_crops_loss: 0.5391 (0.5375)  ibot_loss: 0.1793 (0.3756)  time: 0.162589  data: 0.000379  max mem: 3809
I20260720 21:22:32 540231 dinov2 helpers.py:102] Training  [ 3310/10000]  eta: 0:11:42  lr: 0.0013 (0.0016)  wd: 0.1284 (0.0707)  mom: 0.9940 (0.9927)  last_layer_lr: 0.0013 (0.0016)  current_batch_size: 32.0000 (32.0000)  total_loss: 5.0247 (5.2127)  dino_local_crops_loss: 4.3130 (4.3002)  dino_global_crops_loss: 0.5391 (0.5375)  ibot_loss: 0.1726 (0.3750)  time: 0.160124  data: 0.000332  max mem: 3809
I20260720 21:22:33 540231 dinov2 helpers.py:102] Training  [ 3320/10000]  eta: 0:11:40  lr: 0.0013 (0.0016)  wd: 0.1289 (0.0709)  mom: 0.9940 (0.9927)  last_layer_lr: 0.0013 (0.0016)  current_batch_size: 32.0000 (32.0000)  total_loss: 5.0186 (5.2122)  dino_local_crops_loss: 4.3130 (4.3002)  dino_global_crops_loss: 0.5391 (0.5375)  ibot_loss: 0.1664 (0.3744)  time: 0.088265  data: 0.000294  max mem: 3809
I20260720 21:22:34 540231 dinov2 helpers.py:102] Training  [ 3330/10000]  eta: 0:11:39  lr: 0.0013 (0.0016)  wd: 0.1293 (0.0711)  mom: 0.9940 (0.9927)  last_layer_lr: 0.0013 (0.0016)  current_batch_size: 32.0000 (32.0000)  total_loss: 5.0310 (5.2117)  dino_local_crops_loss: 4.3130 (4.3003)  dino_global_crops_loss: 0.5391 (0.5376)  ibot_loss: 0.1789 (0.3739)  time: 0.099609  data: 0.000354  max mem: 3809
I20260720 21:22:35 540231 dinov2 helpers.py:102] Training  [ 3340/10000]  eta: 0:11:38  lr: 0.0013 (0.0016)  wd: 0.1298 (0.0713)  mom: 0.9940 (0.9927)  last_layer_lr: 0.0013 (0.0016)  current_batch_size: 32.0000 (32.0000)  total_loss: 5.0418 (5.2112)  dino_local_crops_loss: 4.3130 (4.3003)  dino_global_crops_loss: 0.5391 (0.5376)  ibot_loss: 0.1897 (0.3733)  time: 0.101413  data: 0.000565  max mem: 3809
I20260720 21:22:36 540231 dinov2 helpers.py:102] Training  [ 3350/10000]  eta: 0:11:37  lr: 0.0013 (0.0016)  wd: 0.1303 (0.0714)  mom: 0.9940 (0.9927)  last_layer_lr: 0.0013 (0.0016)  current_batch_size: 32.0000 (32.0000)  total_loss: 5.0418 (5.2107)  dino_local_crops_loss: 4.3130 (4.3003)  dino_global_crops_loss: 0.5391 (0.5376)  ibot_loss: 0.1897 (0.3728)  time: 0.092248  data: 0.000531  max mem: 3809
I20260720 21:22:37 540231 dinov2 helpers.py:102] Training  [ 3360/10000]  eta: 0:11:35  lr: 0.0013 (0.0016)  wd: 0.1308 (0.0716)  mom: 0.9940 (0.9927)  last_layer_lr: 0.0013 (0.0016)  current_batch_size: 32.0000 (32.0000)  total_loss: 5.0464 (5.2102)  dino_local_crops_loss: 4.3129 (4.3004)  dino_global_crops_loss: 0.5391 (0.5376)  ibot_loss: 0.1943 (0.3723)  time: 0.085233  data: 0.000331  max mem: 3809
I20260720 21:22:38 540231 dinov2 helpers.py:102] Training  [ 3370/10000]  eta: 0:11:34  lr: 0.0013 (0.0016)  wd: 0.1313 (0.0718)  mom: 0.9940 (0.9927)  last_layer_lr: 0.0013 (0.0016)  current_batch_size: 32.0000 (32.0000)  total_loss: 5.0444 (5.2097)  dino_local_crops_loss: 4.3130 (4.3004)  dino_global_crops_loss: 0.5391 (0.5376)  ibot_loss: 0.1923 (0.3717)  time: 0.088169  data: 0.000349  max mem: 3809
I20260720 21:22:39 540231 dinov2 helpers.py:102] Training  [ 3380/10000]  eta: 0:11:32  lr: 0.0013 (0.0016)  wd: 0.1318 (0.0720)  mom: 0.9940 (0.9927)  last_layer_lr: 0.0013 (0.0016)  current_batch_size: 32.0000 (32.0000)  total_loss: 5.0355 (5.2092)  dino_local_crops_loss: 4.3130 (4.3005)  dino_global_crops_loss: 0.5391 (0.5376)  ibot_loss: 0.1834 (0.3711)  time: 0.086454  data: 0.000355  max mem: 3809
I20260720 21:22:40 540231 dinov2 helpers.py:102] Training  [ 3390/10000]  eta: 0:11:31  lr: 0.0013 (0.0016)  wd: 0.1323 (0.0722)  mom: 0.9941 (0.9927)  last_layer_lr: 0.0013 (0.0016)  current_batch_size: 32.0000 (32.0000)  total_loss: 5.0373 (5.2087)  dino_local_crops_loss: 4.3130 (4.3005)  dino_global_crops_loss: 0.5391 (0.5376)  ibot_loss: 0.1853 (0.3706)  time: 0.086557  data: 0.000348  max mem: 3809
I20260720 21:22:41 540231 dinov2 helpers.py:102] Training  [ 3400/10000]  eta: 0:11:30  lr: 0.0013 (0.0016)  wd: 0.1328 (0.0723)  mom: 0.9941 (0.9927)  last_layer_lr: 0.0013 (0.0016)  current_batch_size: 32.0000 (32.0000)  total_loss: 5.0404 (5.2082)  dino_local_crops_loss: 4.3130 (4.3005)  dino_global_crops_loss: 0.5391 (0.5376)  ibot_loss: 0.1884 (0.3701)  time: 0.087419  data: 0.000767  max mem: 3809
I20260720 21:22:42 540231 dinov2 helpers.py:102] Training  [ 3410/10000]  eta: 0:11:28  lr: 0.0013 (0.0016)  wd: 0.1333 (0.0725)  mom: 0.9941 (0.9927)  last_layer_lr: 0.0013 (0.0016)  current_batch_size: 32.0000 (32.0000)  total_loss: 5.0368 (5.2077)  dino_local_crops_loss: 4.3130 (4.3006)  dino_global_crops_loss: 0.5391 (0.5376)  ibot_loss: 0.1847 (0.3696)  time: 0.090588  data: 0.001055  max mem: 3809
I20260720 21:22:43 540231 dinov2 helpers.py:102] Training  [ 3420/10000]  eta: 0:11:27  lr: 0.0013 (0.0016)  wd: 0.1338 (0.0727)  mom: 0.9941 (0.9927)  last_layer_lr: 0.0013 (0.0016)  current_batch_size: 32.0000 (32.0000)  total_loss: 5.0373 (5.2072)  dino_local_crops_loss: 4.3130 (4.3006)  dino_global_crops_loss: 0.5391 (0.5376)  ibot_loss: 0.1852 (0.3690)  time: 0.092945  data: 0.000628  max mem: 3809
I20260720 21:22:43 540231 dinov2 helpers.py:102] Training  [ 3430/10000]  eta: 0:11:26  lr: 0.0013 (0.0016)  wd: 0.1343 (0.0729)  mom: 0.9941 (0.9927)  last_layer_lr: 0.0013 (0.0016)  current_batch_size: 32.0000 (32.0000)  total_loss: 5.0250 (5.2067)  dino_local_crops_loss: 4.3130 (4.3006)  dino_global_crops_loss: 0.5391 (0.5376)  ibot_loss: 0.1728 (0.3684)  time: 0.088510  data: 0.000355  max mem: 3809
I20260720 21:22:44 540231 dinov2 helpers.py:102] Training  [ 3440/10000]  eta: 0:11:24  lr: 0.0013 (0.0016)  wd: 0.1348 (0.0731)  mom: 0.9941 (0.9927)  last_layer_lr: 0.0013 (0.0016)  current_batch_size: 32.0000 (32.0000)  total_loss: 5.0250 (5.2062)  dino_local_crops_loss: 4.3130 (4.3007)  dino_global_crops_loss: 0.5391 (0.5376)  ibot_loss: 0.1728 (0.3679)  time: 0.086064  data: 0.000389  max mem: 3809
I20260720 21:22:45 540231 dinov2 helpers.py:102] Training  [ 3450/10000]  eta: 0:11:23  lr: 0.0013 (0.0016)  wd: 0.1353 (0.0732)  mom: 0.9941 (0.9927)  last_layer_lr: 0.0013 (0.0016)  current_batch_size: 32.0000 (32.0000)  total_loss: 5.0307 (5.2057)  dino_local_crops_loss: 4.3130 (4.3007)  dino_global_crops_loss: 0.5391 (0.5376)  ibot_loss: 0.1786 (0.3673)  time: 0.084424  data: 0.000353  max mem: 3809
I20260720 21:22:46 540231 dinov2 helpers.py:102] Training  [ 3460/10000]  eta: 0:11:21  lr: 0.0013 (0.0016)  wd: 0.1358 (0.0734)  mom: 0.9941 (0.9927)  last_layer_lr: 0.0013 (0.0016)  current_batch_size: 32.0000 (32.0000)  total_loss: 5.0338 (5.2052)  dino_local_crops_loss: 4.3130 (4.3007)  dino_global_crops_loss: 0.5391 (0.5376)  ibot_loss: 0.1817 (0.3668)  time: 0.084140  data: 0.000314  max mem: 3809
I20260720 21:22:47 540231 dinov2 helpers.py:102] Training  [ 3470/10000]  eta: 0:11:20  lr: 0.0013 (0.0016)  wd: 0.1363 (0.0736)  mom: 0.9941 (0.9927)  last_layer_lr: 0.0013 (0.0016)  current_batch_size: 32.0000 (32.0000)  total_loss: 5.0332 (5.2047)  dino_local_crops_loss: 4.3130 (4.3008)  dino_global_crops_loss: 0.5391 (0.5376)  ibot_loss: 0.1812 (0.3663)  time: 0.083889  data: 0.000346  max mem: 3809
I20260720 21:22:48 540231 dinov2 helpers.py:102] Training  [ 3480/10000]  eta: 0:11:19  lr: 0.0013 (0.0016)  wd: 0.1368 (0.0738)  mom: 0.9942 (0.9928)  last_layer_lr: 0.0013 (0.0016)  current_batch_size: 32.0000 (32.0000)  total_loss: 5.0346 (5.2042)  dino_local_crops_loss: 4.3130 (4.3008)  dino_global_crops_loss: 0.5391 (0.5376)  ibot_loss: 0.1825 (0.3658)  time: 0.086842  data: 0.000371  max mem: 3809
I20260720 21:22:49 540231 dinov2 helpers.py:102] Training  [ 3490/10000]  eta: 0:11:17  lr: 0.0013 (0.0016)  wd: 0.1373 (0.0740)  mom: 0.9942 (0.9928)  last_layer_lr: 0.0013 (0.0016)  current_batch_size: 32.0000 (32.0000)  total_loss: 5.0383 (5.2038)  dino_local_crops_loss: 4.3130 (4.3009)  dino_global_crops_loss: 0.5391 (0.5376)  ibot_loss: 0.1862 (0.3653)  time: 0.089213  data: 0.000656  max mem: 3809
I20260720 21:22:49 540231 dinov2 helpers.py:102] Training  [ 3500/10000]  eta: 0:11:16  lr: 0.0013 (0.0016)  wd: 0.1378 (0.0741)  mom: 0.9942 (0.9928)  last_layer_lr: 0.0013 (0.0016)  current_batch_size: 32.0000 (32.0000)  total_loss: 5.0355 (5.2033)  dino_local_crops_loss: 4.3130 (4.3009)  dino_global_crops_loss: 0.5391 (0.5376)  ibot_loss: 0.1834 (0.3648)  time: 0.086036  data: 0.000669  max mem: 3809
I20260720 21:22:50 540231 dinov2 helpers.py:102] Training  [ 3510/10000]  eta: 0:11:15  lr: 0.0013 (0.0016)  wd: 0.1383 (0.0743)  mom: 0.9942 (0.9928)  last_layer_lr: 0.0013 (0.0016)  current_batch_size: 32.0000 (32.0000)  total_loss: 5.0287 (5.2028)  dino_local_crops_loss: 4.3130 (4.3009)  dino_global_crops_loss: 0.5391 (0.5376)  ibot_loss: 0.1765 (0.3642)  time: 0.083091  data: 0.000393  max mem: 3809
I20260720 21:22:51 540231 dinov2 helpers.py:102] Training  [ 3520/10000]  eta: 0:11:13  lr: 0.0013 (0.0016)  wd: 0.1388 (0.0745)  mom: 0.9942 (0.9928)  last_layer_lr: 0.0013 (0.0016)  current_batch_size: 32.0000 (32.0000)  total_loss: 5.0313 (5.2024)  dino_local_crops_loss: 4.3130 (4.3010)  dino_global_crops_loss: 0.5391 (0.5376)  ibot_loss: 0.1792 (0.3638)  time: 0.086247  data: 0.000365  max mem: 3809
I20260720 21:22:52 540231 dinov2 helpers.py:102] Training  [ 3530/10000]  eta: 0:11:12  lr: 0.0013 (0.0016)  wd: 0.1393 (0.0747)  mom: 0.9942 (0.9928)  last_layer_lr: 0.0013 (0.0016)  current_batch_size: 32.0000 (32.0000)  total_loss: 5.0351 (5.2019)  dino_local_crops_loss: 4.3130 (4.3010)  dino_global_crops_loss: 0.5391 (0.5376)  ibot_loss: 0.1830 (0.3632)  time: 0.091851  data: 0.000468  max mem: 3809
I20260720 21:22:53 540231 dinov2 helpers.py:102] Training  [ 3540/10000]  eta: 0:11:11  lr: 0.0013 (0.0016)  wd: 0.1398 (0.0749)  mom: 0.9942 (0.9928)  last_layer_lr: 0.0013 (0.0016)  current_batch_size: 32.0000 (32.0000)  total_loss: 5.0342 (5.2014)  dino_local_crops_loss: 4.3130 (4.3010)  dino_global_crops_loss: 0.5391 (0.5376)  ibot_loss: 0.1821 (0.3627)  time: 0.087692  data: 0.000462  max mem: 3809
I20260720 21:22:54 540231 dinov2 helpers.py:102] Training  [ 3550/10000]  eta: 0:11:09  lr: 0.0013 (0.0016)  wd: 0.1403 (0.0751)  mom: 0.9942 (0.9928)  last_layer_lr: 0.0013 (0.0016)  current_batch_size: 32.0000 (32.0000)  total_loss: 5.0415 (5.2010)  dino_local_crops_loss: 4.3130 (4.3011)  dino_global_crops_loss: 0.5391 (0.5376)  ibot_loss: 0.1893 (0.3623)  time: 0.083210  data: 0.000362  max mem: 3809
I20260720 21:22:55 540231 dinov2 helpers.py:102] Training  [ 3560/10000]  eta: 0:11:08  lr: 0.0013 (0.0016)  wd: 0.1408 (0.0753)  mom: 0.9942 (0.9928)  last_layer_lr: 0.0013 (0.0016)  current_batch_size: 32.0000 (32.0000)  total_loss: 5.0409 (5.2005)  dino_local_crops_loss: 4.3130 (4.3011)  dino_global_crops_loss: 0.5391 (0.5377)  ibot_loss: 0.1887 (0.3618)  time: 0.085349  data: 0.000392  max mem: 3809
I20260720 21:22:56 540231 dinov2 helpers.py:102] Training  [ 3570/10000]  eta: 0:11:07  lr: 0.0013 (0.0016)  wd: 0.1413 (0.0754)  mom: 0.9943 (0.9928)  last_layer_lr: 0.0013 (0.0016)  current_batch_size: 32.0000 (32.0000)  total_loss: 5.0316 (5.2000)  dino_local_crops_loss: 4.3130 (4.3011)  dino_global_crops_loss: 0.5391 (0.5377)  ibot_loss: 0.1794 (0.3613)  time: 0.088954  data: 0.000886  max mem: 3809
I20260720 21:22:57 540231 dinov2 helpers.py:102] Training  [ 3580/10000]  eta: 0:11:05  lr: 0.0013 (0.0016)  wd: 0.1418 (0.0756)  mom: 0.9943 (0.9928)  last_layer_lr: 0.0013 (0.0016)  current_batch_size: 32.0000 (32.0000)  total_loss: 5.0288 (5.1996)  dino_local_crops_loss: 4.3130 (4.3012)  dino_global_crops_loss: 0.5391 (0.5377)  ibot_loss: 0.1768 (0.3607)  time: 0.094415  data: 0.000886  max mem: 3809
I20260720 21:22:58 540231 dinov2 helpers.py:102] Training  [ 3590/10000]  eta: 0:11:04  lr: 0.0013 (0.0016)  wd: 0.1423 (0.0758)  mom: 0.9943 (0.9928)  last_layer_lr: 0.0013 (0.0016)  current_batch_size: 32.0000 (32.0000)  total_loss: 5.0218 (5.1991)  dino_local_crops_loss: 4.3130 (4.3012)  dino_global_crops_loss: 0.5391 (0.5377)  ibot_loss: 0.1698 (0.3602)  time: 0.091890  data: 0.000383  max mem: 3809
I20260720 21:22:58 540231 fvcore.common.checkpoint __init__.py:109] Saving checkpoint to /sci/labs/arieljaffe/dan.abergel1/runs/brain/overfit1/model_0003599.rank_0.pth
I20260720 21:23:01 540231 dinov2 helpers.py:102] Training  [ 3600/10000]  eta: 0:11:07  lr: 0.0013 (0.0016)  wd: 0.1428 (0.0760)  mom: 0.9943 (0.9928)  last_layer_lr: 0.0013 (0.0016)  current_batch_size: 32.0000 (32.0000)  total_loss: 5.0204 (5.1986)  dino_local_crops_loss: 4.3130 (4.3012)  dino_global_crops_loss: 0.5391 (0.5377)  ibot_loss: 0.1683 (0.3597)  time: 0.202256  data: 0.000390  max mem: 3809
I20260720 21:23:02 540231 dinov2 helpers.py:102] Training  [ 3610/10000]  eta: 0:11:05  lr: 0.0013 (0.0016)  wd: 0.1434 (0.0762)  mom: 0.9943 (0.9928)  last_layer_lr: 0.0013 (0.0016)  current_batch_size: 32.0000 (32.0000)  total_loss: 5.0345 (5.1981)  dino_local_crops_loss: 4.3130 (4.3013)  dino_global_crops_loss: 0.5391 (0.5377)  ibot_loss: 0.1824 (0.3592)  time: 0.197971  data: 0.000355  max mem: 3809
I20260720 21:23:02 540231 dinov2 helpers.py:102] Training  [ 3620/10000]  eta: 0:11:04  lr: 0.0013 (0.0016)  wd: 0.1439 (0.0764)  mom: 0.9943 (0.9928)  last_layer_lr: 0.0013 (0.0016)  current_batch_size: 32.0000 (32.0000)  total_loss: 5.0202 (5.1977)  dino_local_crops_loss: 4.3130 (4.3013)  dino_global_crops_loss: 0.5391 (0.5377)  ibot_loss: 0.1681 (0.3587)  time: 0.083831  data: 0.000352  max mem: 3809
I20260720 21:23:03 540231 dinov2 helpers.py:102] Training  [ 3630/10000]  eta: 0:11:03  lr: 0.0013 (0.0016)  wd: 0.1444 (0.0766)  mom: 0.9943 (0.9928)  last_layer_lr: 0.0013 (0.0016)  current_batch_size: 32.0000 (32.0000)  total_loss: 5.0157 (5.1972)  dino_local_crops_loss: 4.3130 (4.3013)  dino_global_crops_loss: 0.5391 (0.5377)  ibot_loss: 0.1636 (0.3582)  time: 0.088750  data: 0.000386  max mem: 3809
I20260720 21:23:04 540231 dinov2 helpers.py:102] Training  [ 3640/10000]  eta: 0:11:01  lr: 0.0013 (0.0016)  wd: 0.1449 (0.0767)  mom: 0.9943 (0.9928)  last_layer_lr: 0.0013 (0.0016)  current_batch_size: 32.0000 (32.0000)  total_loss: 5.0222 (5.1967)  dino_local_crops_loss: 4.3130 (4.3014)  dino_global_crops_loss: 0.5391 (0.5377)  ibot_loss: 0.1701 (0.3577)  time: 0.084970  data: 0.000354  max mem: 3809
I20260720 21:23:05 540231 dinov2 helpers.py:102] Training  [ 3650/10000]  eta: 0:11:00  lr: 0.0013 (0.0016)  wd: 0.1454 (0.0769)  mom: 0.9943 (0.9928)  last_layer_lr: 0.0013 (0.0016)  current_batch_size: 32.0000 (32.0000)  total_loss: 5.0278 (5.1962)  dino_local_crops_loss: 4.3130 (4.3014)  dino_global_crops_loss: 0.5391 (0.5377)  ibot_loss: 0.1757 (0.3571)  time: 0.081177  data: 0.000314  max mem: 3809
I20260720 21:23:06 540231 dinov2 helpers.py:102] Training  [ 3660/10000]  eta: 0:10:59  lr: 0.0013 (0.0016)  wd: 0.1459 (0.0771)  mom: 0.9944 (0.9928)  last_layer_lr: 0.0013 (0.0016)  current_batch_size: 32.0000 (32.0000)  total_loss: 5.0228 (5.1958)  dino_local_crops_loss: 4.3130 (4.3014)  dino_global_crops_loss: 0.5391 (0.5377)  ibot_loss: 0.1707 (0.3566)  time: 0.092118  data: 0.012272  max mem: 3809
I20260720 21:23:07 540231 dinov2 helpers.py:102] Training  [ 3670/10000]  eta: 0:10:58  lr: 0.0013 (0.0016)  wd: 0.1464 (0.0773)  mom: 0.9944 (0.9928)  last_layer_lr: 0.0013 (0.0016)  current_batch_size: 32.0000 (32.0000)  total_loss: 5.0263 (5.1953)  dino_local_crops_loss: 4.3130 (4.3014)  dino_global_crops_loss: 0.5391 (0.5377)  ibot_loss: 0.1742 (0.3562)  time: 0.097351  data: 0.015226  max mem: 3809
I20260720 21:23:08 540231 dinov2 helpers.py:102] Training  [ 3680/10000]  eta: 0:10:56  lr: 0.0013 (0.0016)  wd: 0.1470 (0.0775)  mom: 0.9944 (0.9928)  last_layer_lr: 0.0013 (0.0016)  current_batch_size: 32.0000 (32.0000)  total_loss: 5.0341 (5.1948)  dino_local_crops_loss: 4.3130 (4.3015)  dino_global_crops_loss: 0.5391 (0.5377)  ibot_loss: 0.1820 (0.3557)  time: 0.096171  data: 0.003384  max mem: 3809
I20260720 21:23:09 540231 dinov2 helpers.py:102] Training  [ 3690/10000]  eta: 0:10:55  lr: 0.0013 (0.0016)  wd: 0.1475 (0.0777)  mom: 0.9944 (0.9928)  last_layer_lr: 0.0013 (0.0016)  current_batch_size: 32.0000 (32.0000)  total_loss: 5.0284 (5.1944)  dino_local_crops_loss: 4.3130 (4.3015)  dino_global_crops_loss: 0.5391 (0.5377)  ibot_loss: 0.1762 (0.3552)  time: 0.093132  data: 0.000463  max mem: 3809
I20260720 21:23:10 540231 dinov2 helpers.py:102] Training  [ 3700/10000]  eta: 0:10:54  lr: 0.0013 (0.0016)  wd: 0.1480 (0.0779)  mom: 0.9944 (0.9928)  last_layer_lr: 0.0013 (0.0016)  current_batch_size: 32.0000 (32.0000)  total_loss: 5.0369 (5.1940)  dino_local_crops_loss: 4.3130 (4.3015)  dino_global_crops_loss: 0.5391 (0.5377)  ibot_loss: 0.1847 (0.3548)  time: 0.088052  data: 0.000380  max mem: 3809
I20260720 21:23:11 540231 dinov2 helpers.py:102] Training  [ 3710/10000]  eta: 0:10:53  lr: 0.0013 (0.0016)  wd: 0.1485 (0.0781)  mom: 0.9944 (0.9928)  last_layer_lr: 0.0013 (0.0016)  current_batch_size: 32.0000 (32.0000)  total_loss: 5.0369 (5.1936)  dino_local_crops_loss: 4.3130 (4.3016)  dino_global_crops_loss: 0.5391 (0.5377)  ibot_loss: 0.1847 (0.3543)  time: 0.092703  data: 0.000369  max mem: 3809
I20260720 21:23:12 540231 dinov2 helpers.py:102] Training  [ 3720/10000]  eta: 0:10:51  lr: 0.0012 (0.0016)  wd: 0.1490 (0.0783)  mom: 0.9944 (0.9929)  last_layer_lr: 0.0012 (0.0016)  current_batch_size: 32.0000 (32.0000)  total_loss: 5.0389 (5.1932)  dino_local_crops_loss: 4.3130 (4.3016)  dino_global_crops_loss: 0.5391 (0.5377)  ibot_loss: 0.1868 (0.3539)  time: 0.088493  data: 0.000356  max mem: 3809
I20260720 21:23:12 540231 dinov2 helpers.py:102] Training  [ 3730/10000]  eta: 0:10:50  lr: 0.0012 (0.0016)  wd: 0.1496 (0.0785)  mom: 0.9944 (0.9929)  last_layer_lr: 0.0012 (0.0016)  current_batch_size: 32.0000 (32.0000)  total_loss: 5.0369 (5.1927)  dino_local_crops_loss: 4.3130 (4.3016)  dino_global_crops_loss: 0.5391 (0.5377)  ibot_loss: 0.1848 (0.3534)  time: 0.082644  data: 0.000509  max mem: 3809
I20260720 21:23:13 540231 dinov2 helpers.py:102] Training  [ 3740/10000]  eta: 0:10:49  lr: 0.0012 (0.0016)  wd: 0.1501 (0.0787)  mom: 0.9944 (0.9929)  last_layer_lr: 0.0012 (0.0016)  current_batch_size: 32.0000 (32.0000)  total_loss: 5.0361 (5.1923)  dino_local_crops_loss: 4.3130 (4.3017)  dino_global_crops_loss: 0.5391 (0.5377)  ibot_loss: 0.1839 (0.3529)  time: 0.092657  data: 0.000502  max mem: 3809
I20260720 21:23:14 540231 dinov2 helpers.py:102] Training  [ 3750/10000]  eta: 0:10:47  lr: 0.0012 (0.0016)  wd: 0.1506 (0.0788)  mom: 0.9945 (0.9929)  last_layer_lr: 0.0012 (0.0016)  current_batch_size: 32.0000 (32.0000)  total_loss: 5.0362 (5.1919)  dino_local_crops_loss: 4.3130 (4.3017)  dino_global_crops_loss: 0.5391 (0.5377)  ibot_loss: 0.1840 (0.3525)  time: 0.094026  data: 0.000365  max mem: 3809
I20260720 21:23:15 540231 dinov2 helpers.py:102] Training  [ 3760/10000]  eta: 0:10:46  lr: 0.0012 (0.0016)  wd: 0.1511 (0.0790)  mom: 0.9945 (0.9929)  last_layer_lr: 0.0012 (0.0016)  current_batch_size: 32.0000 (32.0000)  total_loss: 5.0377 (5.1915)  dino_local_crops_loss: 4.3130 (4.3017)  dino_global_crops_loss: 0.5391 (0.5377)  ibot_loss: 0.1855 (0.3521)  time: 0.085233  data: 0.000387  max mem: 3809
I20260720 21:23:16 540231 dinov2 helpers.py:102] Training  [ 3770/10000]  eta: 0:10:45  lr: 0.0012 (0.0016)  wd: 0.1516 (0.0792)  mom: 0.9945 (0.9929)  last_layer_lr: 0.0012 (0.0016)  current_batch_size: 32.0000 (32.0000)  total_loss: 5.0373 (5.1911)  dino_local_crops_loss: 4.3130 (4.3018)  dino_global_crops_loss: 0.5391 (0.5377)  ibot_loss: 0.1851 (0.3516)  time: 0.084302  data: 0.000355  max mem: 3809
I20260720 21:23:17 540231 dinov2 helpers.py:102] Training  [ 3780/10000]  eta: 0:10:43  lr: 0.0012 (0.0016)  wd: 0.1522 (0.0794)  mom: 0.9945 (0.9929)  last_layer_lr: 0.0012 (0.0016)  current_batch_size: 32.0000 (32.0000)  total_loss: 5.0346 (5.1907)  dino_local_crops_loss: 4.3130 (4.3018)  dino_global_crops_loss: 0.5391 (0.5377)  ibot_loss: 0.1825 (0.3512)  time: 0.084361  data: 0.000343  max mem: 3809
I20260720 21:23:18 540231 dinov2 helpers.py:102] Training  [ 3790/10000]  eta: 0:10:42  lr: 0.0012 (0.0016)  wd: 0.1527 (0.0796)  mom: 0.9945 (0.9929)  last_layer_lr: 0.0012 (0.0016)  current_batch_size: 32.0000 (32.0000)  total_loss: 5.0269 (5.1902)  dino_local_crops_loss: 4.3130 (4.3018)  dino_global_crops_loss: 0.5391 (0.5377)  ibot_loss: 0.1748 (0.3507)  time: 0.087461  data: 0.000384  max mem: 3809
I20260720 21:23:19 540231 dinov2 helpers.py:102] Training  [ 3800/10000]  eta: 0:10:41  lr: 0.0012 (0.0016)  wd: 0.1532 (0.0798)  mom: 0.9945 (0.9929)  last_layer_lr: 0.0012 (0.0016)  current_batch_size: 32.0000 (32.0000)  total_loss: 5.0308 (5.1898)  dino_local_crops_loss: 4.3130 (4.3018)  dino_global_crops_loss: 0.5391 (0.5377)  ibot_loss: 0.1788 (0.3502)  time: 0.087003  data: 0.000517  max mem: 3809
I20260720 21:23:19 540231 dinov2 helpers.py:102] Training  [ 3810/10000]  eta: 0:10:39  lr: 0.0012 (0.0016)  wd: 0.1537 (0.0800)  mom: 0.9945 (0.9929)  last_layer_lr: 0.0012 (0.0016)  current_batch_size: 32.0000 (32.0000)  total_loss: 5.0268 (5.1894)  dino_local_crops_loss: 4.3130 (4.3019)  dino_global_crops_loss: 0.5391 (0.5377)  ibot_loss: 0.1747 (0.3498)  time: 0.086009  data: 0.000666  max mem: 3809
I20260720 21:23:20 540231 dinov2 helpers.py:102] Training  [ 3820/10000]  eta: 0:10:38  lr: 0.0012 (0.0016)  wd: 0.1543 (0.0802)  mom: 0.9945 (0.9929)  last_layer_lr: 0.0012 (0.0016)  current_batch_size: 32.0000 (32.0000)  total_loss: 5.0261 (5.1890)  dino_local_crops_loss: 4.3130 (4.3019)  dino_global_crops_loss: 0.5391 (0.5378)  ibot_loss: 0.1739 (0.3493)  time: 0.085776  data: 0.000556  max mem: 3809
I20260720 21:23:21 540231 dinov2 helpers.py:102] Training  [ 3830/10000]  eta: 0:10:37  lr: 0.0012 (0.0016)  wd: 0.1548 (0.0804)  mom: 0.9946 (0.9929)  last_layer_lr: 0.0012 (0.0016)  current_batch_size: 32.0000 (32.0000)  total_loss: 5.0304 (5.1886)  dino_local_crops_loss: 4.3130 (4.3019)  dino_global_crops_loss: 0.5391 (0.5378)  ibot_loss: 0.1782 (0.3489)  time: 0.084992  data: 0.000415  max mem: 3809
I20260720 21:23:22 540231 dinov2 helpers.py:102] Training  [ 3840/10000]  eta: 0:10:36  lr: 0.0012 (0.0016)  wd: 0.1553 (0.0806)  mom: 0.9946 (0.9929)  last_layer_lr: 0.0012 (0.0016)  current_batch_size: 32.0000 (32.0000)  total_loss: 5.0304 (5.1882)  dino_local_crops_loss: 4.3130 (4.3020)  dino_global_crops_loss: 0.5391 (0.5378)  ibot_loss: 0.1782 (0.3485)  time: 0.086693  data: 0.001903  max mem: 3809
I20260720 21:23:23 540231 dinov2 helpers.py:102] Training  [ 3850/10000]  eta: 0:10:34  lr: 0.0012 (0.0016)  wd: 0.1558 (0.0808)  mom: 0.9946 (0.9929)  last_layer_lr: 0.0012 (0.0016)  current_batch_size: 32.0000 (32.0000)  total_loss: 5.0331 (5.1878)  dino_local_crops_loss: 4.3131 (4.3020)  dino_global_crops_loss: 0.5391 (0.5378)  ibot_loss: 0.1810 (0.3480)  time: 0.088963  data: 0.006988  max mem: 3809
I20260720 21:23:24 540231 dinov2 helpers.py:102] Training  [ 3860/10000]  eta: 0:10:33  lr: 0.0012 (0.0016)  wd: 0.1564 (0.0810)  mom: 0.9946 (0.9929)  last_layer_lr: 0.0012 (0.0016)  current_batch_size: 32.0000 (32.0000)  total_loss: 5.0350 (5.1874)  dino_local_crops_loss: 4.3131 (4.3020)  dino_global_crops_loss: 0.5391 (0.5378)  ibot_loss: 0.1829 (0.3476)  time: 0.093358  data: 0.007740  max mem: 3809
I20260720 21:23:25 540231 dinov2 helpers.py:102] Training  [ 3870/10000]  eta: 0:10:32  lr: 0.0012 (0.0016)  wd: 0.1569 (0.0812)  mom: 0.9946 (0.9929)  last_layer_lr: 0.0012 (0.0016)  current_batch_size: 32.0000 (32.0000)  total_loss: 5.0350 (5.1870)  dino_local_crops_loss: 4.3131 (4.3020)  dino_global_crops_loss: 0.5391 (0.5378)  ibot_loss: 0.1829 (0.3472)  time: 0.092733  data: 0.004066  max mem: 3809
I20260720 21:23:26 540231 dinov2 helpers.py:102] Training  [ 3880/10000]  eta: 0:10:31  lr: 0.0012 (0.0016)  wd: 0.1574 (0.0814)  mom: 0.9946 (0.9929)  last_layer_lr: 0.0012 (0.0016)  current_batch_size: 32.0000 (32.0000)  total_loss: 5.0384 (5.1866)  dino_local_crops_loss: 4.3130 (4.3021)  dino_global_crops_loss: 0.5391 (0.5378)  ibot_loss: 0.1863 (0.3467)  time: 0.088550  data: 0.003842  max mem: 3809
I20260720 21:23:27 540231 dinov2 helpers.py:102] Training  [ 3890/10000]  eta: 0:10:29  lr: 0.0012 (0.0016)  wd: 0.1580 (0.0816)  mom: 0.9946 (0.9929)  last_layer_lr: 0.0012 (0.0016)  current_batch_size: 32.0000 (32.0000)  total_loss: 5.0383 (5.1862)  dino_local_crops_loss: 4.3130 (4.3021)  dino_global_crops_loss: 0.5391 (0.5378)  ibot_loss: 0.1862 (0.3463)  time: 0.090263  data: 0.007012  max mem: 3809
I20260720 21:23:28 540231 fvcore.common.checkpoint __init__.py:109] Saving checkpoint to /sci/labs/arieljaffe/dan.abergel1/runs/brain/overfit1/model_0003899.rank_0.pth
I20260720 21:23:30 540231 dinov2 helpers.py:102] Training  [ 3900/10000]  eta: 0:10:32  lr: 0.0012 (0.0016)  wd: 0.1585 (0.0818)  mom: 0.9946 (0.9929)  last_layer_lr: 0.0012 (0.0016)  current_batch_size: 32.0000 (32.0000)  total_loss: 5.0272 (5.1858)  dino_local_crops_loss: 4.3130 (4.3021)  dino_global_crops_loss: 0.5391 (0.5378)  ibot_loss: 0.1750 (0.3459)  time: 0.201232  data: 0.007586  max mem: 3809
I20260720 21:23:31 540231 dinov2 helpers.py:102] Training  [ 3910/10000]  eta: 0:10:30  lr: 0.0012 (0.0016)  wd: 0.1590 (0.0820)  mom: 0.9946 (0.9929)  last_layer_lr: 0.0012 (0.0016)  current_batch_size: 32.0000 (32.0000)  total_loss: 5.0226 (5.1854)  dino_local_crops_loss: 4.3130 (4.3022)  dino_global_crops_loss: 0.5391 (0.5378)  ibot_loss: 0.1705 (0.3455)  time: 0.192336  data: 0.002945  max mem: 3809
I20260720 21:23:31 540231 dinov2 helpers.py:102] Training  [ 3920/10000]  eta: 0:10:29  lr: 0.0012 (0.0015)  wd: 0.1596 (0.0822)  mom: 0.9947 (0.9929)  last_layer_lr: 0.0012 (0.0015)  current_batch_size: 32.0000 (32.0000)  total_loss: 5.0337 (5.1850)  dino_local_crops_loss: 4.3130 (4.3022)  dino_global_crops_loss: 0.5391 (0.5378)  ibot_loss: 0.1815 (0.3450)  time: 0.076815  data: 0.000286  max mem: 3809
I20260720 21:23:32 540231 dinov2 helpers.py:102] Training  [ 3930/10000]  eta: 0:10:28  lr: 0.0012 (0.0015)  wd: 0.1601 (0.0824)  mom: 0.9947 (0.9929)  last_layer_lr: 0.0012 (0.0015)  current_batch_size: 32.0000 (32.0000)  total_loss: 5.0184 (5.1846)  dino_local_crops_loss: 4.3130 (4.3022)  dino_global_crops_loss: 0.5391 (0.5378)  ibot_loss: 0.1663 (0.3446)  time: 0.084812  data: 0.000288  max mem: 3809
I20260720 21:23:33 540231 dinov2 helpers.py:102] Training  [ 3940/10000]  eta: 0:10:26  lr: 0.0012 (0.0015)  wd: 0.1606 (0.0826)  mom: 0.9947 (0.9929)  last_layer_lr: 0.0012 (0.0015)  current_batch_size: 32.0000 (32.0000)  total_loss: 5.0195 (5.1842)  dino_local_crops_loss: 4.3130 (4.3022)  dino_global_crops_loss: 0.5391 (0.5378)  ibot_loss: 0.1674 (0.3442)  time: 0.090778  data: 0.000338  max mem: 3809
I20260720 21:23:34 540231 dinov2 helpers.py:102] Training  [ 3950/10000]  eta: 0:10:25  lr: 0.0012 (0.0015)  wd: 0.1612 (0.0828)  mom: 0.9947 (0.9930)  last_layer_lr: 0.0012 (0.0015)  current_batch_size: 32.0000 (32.0000)  total_loss: 5.0397 (5.1839)  dino_local_crops_loss: 4.3130 (4.3023)  dino_global_crops_loss: 0.5391 (0.5378)  ibot_loss: 0.1875 (0.3438)  time: 0.087658  data: 0.000423  max mem: 3809
I20260720 21:23:35 540231 dinov2 helpers.py:102] Training  [ 3960/10000]  eta: 0:10:24  lr: 0.0012 (0.0015)  wd: 0.1617 (0.0830)  mom: 0.9947 (0.9930)  last_layer_lr: 0.0012 (0.0015)  current_batch_size: 32.0000 (32.0000)  total_loss: 5.0397 (5.1835)  dino_local_crops_loss: 4.3130 (4.3023)  dino_global_crops_loss: 0.5391 (0.5378)  ibot_loss: 0.1875 (0.3434)  time: 0.085976  data: 0.000417  max mem: 3809
I20260720 21:23:36 540231 dinov2 helpers.py:102] Training  [ 3970/10000]  eta: 0:10:22  lr: 0.0012 (0.0015)  wd: 0.1622 (0.0832)  mom: 0.9947 (0.9930)  last_layer_lr: 0.0012 (0.0015)  current_batch_size: 32.0000 (32.0000)  total_loss: 5.0303 (5.1831)  dino_local_crops_loss: 4.3130 (4.3023)  dino_global_crops_loss: 0.5391 (0.5378)  ibot_loss: 0.1780 (0.3430)  time: 0.087446  data: 0.000402  max mem: 3809
I20260720 21:23:37 540231 dinov2 helpers.py:102] Training  [ 3980/10000]  eta: 0:10:21  lr: 0.0012 (0.0015)  wd: 0.1628 (0.0834)  mom: 0.9947 (0.9930)  last_layer_lr: 0.0012 (0.0015)  current_batch_size: 32.0000 (32.0000)  total_loss: 5.0232 (5.1827)  dino_local_crops_loss: 4.3130 (4.3023)  dino_global_crops_loss: 0.5391 (0.5378)  ibot_loss: 0.1711 (0.3425)  time: 0.085616  data: 0.000402  max mem: 3809
I20260720 21:23:38 540231 dinov2 helpers.py:102] Training  [ 3990/10000]  eta: 0:10:20  lr: 0.0012 (0.0015)  wd: 0.1633 (0.0836)  mom: 0.9947 (0.9930)  last_layer_lr: 0.0012 (0.0015)  current_batch_size: 32.0000 (32.0000)  total_loss: 5.0268 (5.1823)  dino_local_crops_loss: 4.3130 (4.3024)  dino_global_crops_loss: 0.5391 (0.5378)  ibot_loss: 0.1746 (0.3421)  time: 0.090724  data: 0.000335  max mem: 3809
I20260720 21:23:38 540231 dinov2 helpers.py:102] Training  [ 4000/10000]  eta: 0:10:19  lr: 0.0012 (0.0015)  wd: 0.1638 (0.0838)  mom: 0.9948 (0.9930)  last_layer_lr: 0.0012 (0.0015)  current_batch_size: 32.0000 (32.0000)  total_loss: 5.0268 (5.1819)  dino_local_crops_loss: 4.3130 (4.3024)  dino_global_crops_loss: 0.5391 (0.5378)  ibot_loss: 0.1746 (0.3417)  time: 0.090315  data: 0.000295  max mem: 3809
I20260720 21:23:39 540231 dinov2 helpers.py:102] Training  [ 4010/10000]  eta: 0:10:17  lr: 0.0012 (0.0015)  wd: 0.1644 (0.0840)  mom: 0.9948 (0.9930)  last_layer_lr: 0.0012 (0.0015)  current_batch_size: 32.0000 (32.0000)  total_loss: 5.0177 (5.1815)  dino_local_crops_loss: 4.3130 (4.3024)  dino_global_crops_loss: 0.5391 (0.5378)  ibot_loss: 0.1656 (0.3413)  time: 0.087202  data: 0.000302  max mem: 3809
I20260720 21:23:40 540231 dinov2 helpers.py:102] Training  [ 4020/10000]  eta: 0:10:16  lr: 0.0012 (0.0015)  wd: 0.1649 (0.0842)  mom: 0.9948 (0.9930)  last_layer_lr: 0.0012 (0.0015)  current_batch_size: 32.0000 (32.0000)  total_loss: 5.0263 (5.1811)  dino_local_crops_loss: 4.3130 (4.3025)  dino_global_crops_loss: 0.5391 (0.5378)  ibot_loss: 0.1742 (0.3409)  time: 0.088156  data: 0.000345  max mem: 3809
I20260720 21:23:41 540231 dinov2 helpers.py:102] Training  [ 4030/10000]  eta: 0:10:15  lr: 0.0012 (0.0015)  wd: 0.1655 (0.0844)  mom: 0.9948 (0.9930)  last_layer_lr: 0.0012 (0.0015)  current_batch_size: 32.0000 (32.0000)  total_loss: 5.0131 (5.1807)  dino_local_crops_loss: 4.3130 (4.3025)  dino_global_crops_loss: 0.5391 (0.5378)  ibot_loss: 0.1611 (0.3404)  time: 0.086299  data: 0.004287  max mem: 3809
I20260720 21:23:42 540231 dinov2 helpers.py:102] Training  [ 4040/10000]  eta: 0:10:14  lr: 0.0012 (0.0015)  wd: 0.1660 (0.0846)  mom: 0.9948 (0.9930)  last_layer_lr: 0.0012 (0.0015)  current_batch_size: 32.0000 (32.0000)  total_loss: 5.0112 (5.1803)  dino_local_crops_loss: 4.3130 (4.3025)  dino_global_crops_loss: 0.5391 (0.5378)  ibot_loss: 0.1591 (0.3400)  time: 0.094261  data: 0.014288  max mem: 3809
I20260720 21:23:43 540231 dinov2 helpers.py:102] Training  [ 4050/10000]  eta: 0:10:13  lr: 0.0012 (0.0015)  wd: 0.1665 (0.0848)  mom: 0.9948 (0.9930)  last_layer_lr: 0.0012 (0.0015)  current_batch_size: 32.0000 (32.0000)  total_loss: 5.0154 (5.1799)  dino_local_crops_loss: 4.3130 (4.3025)  dino_global_crops_loss: 0.5391 (0.5378)  ibot_loss: 0.1633 (0.3396)  time: 0.094143  data: 0.010341  max mem: 3809
I20260720 21:23:44 540231 dinov2 helpers.py:102] Training  [ 4060/10000]  eta: 0:10:11  lr: 0.0012 (0.0015)  wd: 0.1671 (0.0850)  mom: 0.9948 (0.9930)  last_layer_lr: 0.0012 (0.0015)  current_batch_size: 32.0000 (32.0000)  total_loss: 5.0108 (5.1795)  dino_local_crops_loss: 4.3130 (4.3026)  dino_global_crops_loss: 0.5391 (0.5378)  ibot_loss: 0.1588 (0.3391)  time: 0.086474  data: 0.001391  max mem: 3809
I20260720 21:23:45 540231 dinov2 helpers.py:102] Training  [ 4070/10000]  eta: 0:10:10  lr: 0.0012 (0.0015)  wd: 0.1676 (0.0852)  mom: 0.9948 (0.9930)  last_layer_lr: 0.0012 (0.0015)  current_batch_size: 32.0000 (32.0000)  total_loss: 5.0191 (5.1791)  dino_local_crops_loss: 4.3130 (4.3026)  dino_global_crops_loss: 0.5391 (0.5378)  ibot_loss: 0.1670 (0.3387)  time: 0.097422  data: 0.017477  max mem: 3809
I20260720 21:23:46 540231 dinov2 helpers.py:102] Training  [ 4080/10000]  eta: 0:10:10  lr: 0.0012 (0.0015)  wd: 0.1682 (0.0854)  mom: 0.9948 (0.9930)  last_layer_lr: 0.0012 (0.0015)  current_batch_size: 32.0000 (32.0000)  total_loss: 5.0184 (5.1788)  dino_local_crops_loss: 4.3130 (4.3026)  dino_global_crops_loss: 0.5391 (0.5378)  ibot_loss: 0.1663 (0.3383)  time: 0.122417  data: 0.043868  max mem: 3809
I20260720 21:23:47 540231 dinov2 helpers.py:102] Training  [ 4090/10000]  eta: 0:10:08  lr: 0.0012 (0.0015)  wd: 0.1687 (0.0856)  mom: 0.9949 (0.9930)  last_layer_lr: 0.0012 (0.0015)  current_batch_size: 32.0000 (32.0000)  total_loss: 5.0167 (5.1784)  dino_local_crops_loss: 4.3130 (4.3026)  dino_global_crops_loss: 0.5391 (0.5378)  ibot_loss: 0.1646 (0.3379)  time: 0.111161  data: 0.031642  max mem: 3809
I20260720 21:23:48 540231 dinov2 helpers.py:102] Training  [ 4100/10000]  eta: 0:10:07  lr: 0.0011 (0.0015)  wd: 0.1692 (0.0858)  mom: 0.9949 (0.9930)  last_layer_lr: 0.0011 (0.0015)  current_batch_size: 32.0000 (32.0000)  total_loss: 5.0196 (5.1780)  dino_local_crops_loss: 4.3130 (4.3027)  dino_global_crops_loss: 0.5391 (0.5378)  ibot_loss: 0.1673 (0.3375)  time: 0.087446  data: 0.007225  max mem: 3809
I20260720 21:23:49 540231 dinov2 helpers.py:102] Training  [ 4110/10000]  eta: 0:10:06  lr: 0.0011 (0.0015)  wd: 0.1698 (0.0860)  mom: 0.9949 (0.9930)  last_layer_lr: 0.0011 (0.0015)  current_batch_size: 32.0000 (32.0000)  total_loss: 5.0148 (5.1776)  dino_local_crops_loss: 4.3130 (4.3027)  dino_global_crops_loss: 0.5391 (0.5379)  ibot_loss: 0.1627 (0.3371)  time: 0.088031  data: 0.008180  max mem: 3809
I20260720 21:23:50 540231 dinov2 helpers.py:102] Training  [ 4120/10000]  eta: 0:10:05  lr: 0.0011 (0.0015)  wd: 0.1703 (0.0862)  mom: 0.9949 (0.9930)  last_layer_lr: 0.0011 (0.0015)  current_batch_size: 32.0000 (32.0000)  total_loss: 5.0114 (5.1772)  dino_local_crops_loss: 4.3129 (4.3027)  dino_global_crops_loss: 0.5391 (0.5379)  ibot_loss: 0.1593 (0.3367)  time: 0.089028  data: 0.007465  max mem: 3809
I20260720 21:23:51 540231 dinov2 helpers.py:102] Training  [ 4130/10000]  eta: 0:10:04  lr: 0.0011 (0.0015)  wd: 0.1709 (0.0864)  mom: 0.9949 (0.9930)  last_layer_lr: 0.0011 (0.0015)  current_batch_size: 32.0000 (32.0000)  total_loss: 5.0219 (5.1769)  dino_local_crops_loss: 4.3130 (4.3027)  dino_global_crops_loss: 0.5391 (0.5379)  ibot_loss: 0.1698 (0.3363)  time: 0.088878  data: 0.003643  max mem: 3809
I20260720 21:23:52 540231 dinov2 helpers.py:102] Training  [ 4140/10000]  eta: 0:10:03  lr: 0.0011 (0.0015)  wd: 0.1714 (0.0866)  mom: 0.9949 (0.9930)  last_layer_lr: 0.0011 (0.0015)  current_batch_size: 32.0000 (32.0000)  total_loss: 5.0268 (5.1765)  dino_local_crops_loss: 4.3130 (4.3028)  dino_global_crops_loss: 0.5391 (0.5379)  ibot_loss: 0.1747 (0.3359)  time: 0.096448  data: 0.001331  max mem: 3809
I20260720 21:23:53 540231 dinov2 helpers.py:102] Training  [ 4150/10000]  eta: 0:10:01  lr: 0.0011 (0.0015)  wd: 0.1720 (0.0868)  mom: 0.9949 (0.9930)  last_layer_lr: 0.0011 (0.0015)  current_batch_size: 32.0000 (32.0000)  total_loss: 5.0222 (5.1761)  dino_local_crops_loss: 4.3130 (4.3028)  dino_global_crops_loss: 0.5391 (0.5379)  ibot_loss: 0.1701 (0.3354)  time: 0.099185  data: 0.000458  max mem: 3809
I20260720 21:23:54 540231 dinov2 helpers.py:102] Training  [ 4160/10000]  eta: 0:10:00  lr: 0.0011 (0.0015)  wd: 0.1725 (0.0870)  mom: 0.9949 (0.9930)  last_layer_lr: 0.0011 (0.0015)  current_batch_size: 32.0000 (32.0000)  total_loss: 5.0106 (5.1757)  dino_local_crops_loss: 4.3130 (4.3028)  dino_global_crops_loss: 0.5391 (0.5379)  ibot_loss: 0.1585 (0.3350)  time: 0.091947  data: 0.000447  max mem: 3809
I20260720 21:23:55 540231 dinov2 helpers.py:102] Training  [ 4170/10000]  eta: 0:09:59  lr: 0.0011 (0.0015)  wd: 0.1730 (0.0872)  mom: 0.9950 (0.9930)  last_layer_lr: 0.0011 (0.0015)  current_batch_size: 32.0000 (32.0000)  total_loss: 5.0149 (5.1753)  dino_local_crops_loss: 4.3130 (4.3028)  dino_global_crops_loss: 0.5391 (0.5379)  ibot_loss: 0.1628 (0.3346)  time: 0.087632  data: 0.000349  max mem: 3809
I20260720 21:23:55 540231 dinov2 helpers.py:102] Training  [ 4180/10000]  eta: 0:09:58  lr: 0.0011 (0.0015)  wd: 0.1736 (0.0875)  mom: 0.9950 (0.9931)  last_layer_lr: 0.0011 (0.0015)  current_batch_size: 32.0000 (32.0000)  total_loss: 5.0135 (5.1749)  dino_local_crops_loss: 4.3130 (4.3029)  dino_global_crops_loss: 0.5391 (0.5379)  ibot_loss: 0.1614 (0.3342)  time: 0.083533  data: 0.000390  max mem: 3809
I20260720 21:23:56 540231 dinov2 helpers.py:102] Training  [ 4190/10000]  eta: 0:09:56  lr: 0.0011 (0.0015)  wd: 0.1741 (0.0877)  mom: 0.9950 (0.9931)  last_layer_lr: 0.0011 (0.0015)  current_batch_size: 32.0000 (32.0000)  total_loss: 5.0086 (5.1745)  dino_local_crops_loss: 4.3130 (4.3029)  dino_global_crops_loss: 0.5391 (0.5379)  ibot_loss: 0.1566 (0.3338)  time: 0.083266  data: 0.000371  max mem: 3809
I20260720 21:23:57 540231 fvcore.common.checkpoint __init__.py:109] Saving checkpoint to /sci/labs/arieljaffe/dan.abergel1/runs/brain/overfit1/model_0004199.rank_0.pth
I20260720 21:23:59 540231 dinov2 helpers.py:102] Training  [ 4200/10000]  eta: 0:09:58  lr: 0.0011 (0.0015)  wd: 0.1747 (0.0879)  mom: 0.9950 (0.9931)  last_layer_lr: 0.0011 (0.0015)  current_batch_size: 32.0000 (32.0000)  total_loss: 5.0086 (5.1741)  dino_local_crops_loss: 4.3130 (4.3029)  dino_global_crops_loss: 0.5391 (0.5379)  ibot_loss: 0.1566 (0.3334)  time: 0.179499  data: 0.000341  max mem: 3809
I20260720 21:24:00 540231 dinov2 helpers.py:102] Training  [ 4210/10000]  eta: 0:09:56  lr: 0.0011 (0.0015)  wd: 0.1752 (0.0881)  mom: 0.9950 (0.9931)  last_layer_lr: 0.0011 (0.0015)  current_batch_size: 32.0000 (32.0000)  total_loss: 5.0171 (5.1738)  dino_local_crops_loss: 4.3130 (4.3029)  dino_global_crops_loss: 0.5391 (0.5379)  ibot_loss: 0.1650 (0.3330)  time: 0.176071  data: 0.000337  max mem: 3809
I20260720 21:24:01 540231 dinov2 helpers.py:102] Training  [ 4220/10000]  eta: 0:09:55  lr: 0.0011 (0.0015)  wd: 0.1758 (0.0883)  mom: 0.9950 (0.9931)  last_layer_lr: 0.0011 (0.0015)  current_batch_size: 32.0000 (32.0000)  total_loss: 5.0209 (5.1734)  dino_local_crops_loss: 4.3130 (4.3030)  dino_global_crops_loss: 0.5391 (0.5379)  ibot_loss: 0.1687 (0.3326)  time: 0.082883  data: 0.000344  max mem: 3809
I20260720 21:24:02 540231 dinov2 helpers.py:102] Training  [ 4230/10000]  eta: 0:09:54  lr: 0.0011 (0.0015)  wd: 0.1763 (0.0885)  mom: 0.9950 (0.9931)  last_layer_lr: 0.0011 (0.0015)  current_batch_size: 32.0000 (32.0000)  total_loss: 5.0255 (5.1731)  dino_local_crops_loss: 4.3130 (4.3030)  dino_global_crops_loss: 0.5391 (0.5379)  ibot_loss: 0.1734 (0.3322)  time: 0.088109  data: 0.000408  max mem: 3809
I20260720 21:24:02 540231 dinov2 helpers.py:102] Training  [ 4240/10000]  eta: 0:09:53  lr: 0.0011 (0.0015)  wd: 0.1769 (0.0887)  mom: 0.9950 (0.9931)  last_layer_lr: 0.0011 (0.0015)  current_batch_size: 32.0000 (32.0000)  total_loss: 5.0204 (5.1727)  dino_local_crops_loss: 4.3130 (4.3030)  dino_global_crops_loss: 0.5391 (0.5379)  ibot_loss: 0.1682 (0.3318)  time: 0.088733  data: 0.000398  max mem: 3809
I20260720 21:24:03 540231 dinov2 helpers.py:102] Training  [ 4250/10000]  eta: 0:09:51  lr: 0.0011 (0.0015)  wd: 0.1774 (0.0889)  mom: 0.9951 (0.9931)  last_layer_lr: 0.0011 (0.0015)  current_batch_size: 32.0000 (32.0000)  total_loss: 5.0105 (5.1723)  dino_local_crops_loss: 4.3130 (4.3030)  dino_global_crops_loss: 0.5391 (0.5379)  ibot_loss: 0.1584 (0.3314)  time: 0.089004  data: 0.000338  max mem: 3809
I20260720 21:24:04 540231 dinov2 helpers.py:102] Training  [ 4260/10000]  eta: 0:09:50  lr: 0.0011 (0.0015)  wd: 0.1780 (0.0891)  mom: 0.9951 (0.9931)  last_layer_lr: 0.0011 (0.0015)  current_batch_size: 32.0000 (32.0000)  total_loss: 5.0200 (5.1720)  dino_local_crops_loss: 4.3130 (4.3030)  dino_global_crops_loss: 0.5391 (0.5379)  ibot_loss: 0.1679 (0.3311)  time: 0.088769  data: 0.000475  max mem: 3809
I20260720 21:24:05 540231 dinov2 helpers.py:102] Training  [ 4270/10000]  eta: 0:09:49  lr: 0.0011 (0.0015)  wd: 0.1785 (0.0893)  mom: 0.9951 (0.9931)  last_layer_lr: 0.0011 (0.0015)  current_batch_size: 32.0000 (32.0000)  total_loss: 5.0301 (5.1717)  dino_local_crops_loss: 4.3130 (4.3031)  dino_global_crops_loss: 0.5391 (0.5379)  ibot_loss: 0.1780 (0.3307)  time: 0.088082  data: 0.000475  max mem: 3809
I20260720 21:24:06 540231 dinov2 helpers.py:102] Training  [ 4280/10000]  eta: 0:09:48  lr: 0.0011 (0.0015)  wd: 0.1791 (0.0895)  mom: 0.9951 (0.9931)  last_layer_lr: 0.0011 (0.0015)  current_batch_size: 32.0000 (32.0000)  total_loss: 5.0231 (5.1713)  dino_local_crops_loss: 4.3130 (4.3031)  dino_global_crops_loss: 0.5391 (0.5379)  ibot_loss: 0.1710 (0.3303)  time: 0.085373  data: 0.000339  max mem: 3809
I20260720 21:24:07 540231 dinov2 helpers.py:102] Training  [ 4290/10000]  eta: 0:09:46  lr: 0.0011 (0.0015)  wd: 0.1796 (0.0898)  mom: 0.9951 (0.9931)  last_layer_lr: 0.0011 (0.0015)  current_batch_size: 32.0000 (32.0000)  total_loss: 5.0122 (5.1710)  dino_local_crops_loss: 4.3130 (4.3031)  dino_global_crops_loss: 0.5391 (0.5379)  ibot_loss: 0.1601 (0.3299)  time: 0.086135  data: 0.000351  max mem: 3809
I20260720 21:24:08 540231 dinov2 helpers.py:102] Training  [ 4300/10000]  eta: 0:09:45  lr: 0.0011 (0.0015)  wd: 0.1802 (0.0900)  mom: 0.9951 (0.9931)  last_layer_lr: 0.0011 (0.0015)  current_batch_size: 32.0000 (32.0000)  total_loss: 5.0122 (5.1706)  dino_local_crops_loss: 4.3130 (4.3031)  dino_global_crops_loss: 0.5391 (0.5379)  ibot_loss: 0.1601 (0.3296)  time: 0.085015  data: 0.000362  max mem: 3809
I20260720 21:24:09 540231 dinov2 helpers.py:102] Training  [ 4310/10000]  eta: 0:09:44  lr: 0.0011 (0.0015)  wd: 0.1807 (0.0902)  mom: 0.9951 (0.9931)  last_layer_lr: 0.0011 (0.0015)  current_batch_size: 32.0000 (32.0000)  total_loss: 5.0268 (5.1703)  dino_local_crops_loss: 4.3130 (4.3032)  dino_global_crops_loss: 0.5391 (0.5379)  ibot_loss: 0.1747 (0.3292)  time: 0.081897  data: 0.000376  max mem: 3809
I20260720 21:24:09 540231 dinov2 helpers.py:102] Training  [ 4320/10000]  eta: 0:09:42  lr: 0.0011 (0.0015)  wd: 0.1813 (0.0904)  mom: 0.9951 (0.9931)  last_layer_lr: 0.0011 (0.0015)  current_batch_size: 32.0000 (32.0000)  total_loss: 5.0229 (5.1699)  dino_local_crops_loss: 4.3130 (4.3032)  dino_global_crops_loss: 0.5391 (0.5379)  ibot_loss: 0.1706 (0.3289)  time: 0.081567  data: 0.000363  max mem: 3809
I20260720 21:24:10 540231 dinov2 helpers.py:102] Training  [ 4330/10000]  eta: 0:09:41  lr: 0.0011 (0.0015)  wd: 0.1818 (0.0906)  mom: 0.9952 (0.9931)  last_layer_lr: 0.0011 (0.0015)  current_batch_size: 32.0000 (32.0000)  total_loss: 5.0270 (5.1696)  dino_local_crops_loss: 4.3130 (4.3032)  dino_global_crops_loss: 0.5391 (0.5379)  ibot_loss: 0.1749 (0.3285)  time: 0.084532  data: 0.003228  max mem: 3809
I20260720 21:24:11 540231 dinov2 helpers.py:102] Training  [ 4340/10000]  eta: 0:09:40  lr: 0.0011 (0.0015)  wd: 0.1824 (0.0908)  mom: 0.9952 (0.9931)  last_layer_lr: 0.0011 (0.0015)  current_batch_size: 32.0000 (32.0000)  total_loss: 5.0236 (5.1693)  dino_local_crops_loss: 4.3130 (4.3032)  dino_global_crops_loss: 0.5391 (0.5379)  ibot_loss: 0.1715 (0.3281)  time: 0.094836  data: 0.011010  max mem: 3809
I20260720 21:24:12 540231 dinov2 helpers.py:102] Training  [ 4350/10000]  eta: 0:09:39  lr: 0.0011 (0.0015)  wd: 0.1829 (0.0910)  mom: 0.9952 (0.9931)  last_layer_lr: 0.0011 (0.0015)  current_batch_size: 32.0000 (32.0000)  total_loss: 5.0143 (5.1689)  dino_local_crops_loss: 4.3130 (4.3033)  dino_global_crops_loss: 0.5391 (0.5379)  ibot_loss: 0.1622 (0.3278)  time: 0.092119  data: 0.008136  max mem: 3809
I20260720 21:24:13 540231 dinov2 helpers.py:102] Training  [ 4360/10000]  eta: 0:09:38  lr: 0.0011 (0.0015)  wd: 0.1835 (0.0912)  mom: 0.9952 (0.9931)  last_layer_lr: 0.0011 (0.0015)  current_batch_size: 32.0000 (32.0000)  total_loss: 5.0303 (5.1686)  dino_local_crops_loss: 4.3130 (4.3033)  dino_global_crops_loss: 0.5391 (0.5379)  ibot_loss: 0.1782 (0.3274)  time: 0.083067  data: 0.000335  max mem: 3809
I20260720 21:24:14 540231 dinov2 helpers.py:102] Training  [ 4370/10000]  eta: 0:09:36  lr: 0.0011 (0.0015)  wd: 0.1841 (0.0915)  mom: 0.9952 (0.9931)  last_layer_lr: 0.0011 (0.0015)  current_batch_size: 32.0000 (32.0000)  total_loss: 5.0313 (5.1683)  dino_local_crops_loss: 4.3130 (4.3033)  dino_global_crops_loss: 0.5391 (0.5379)  ibot_loss: 0.1792 (0.3271)  time: 0.083320  data: 0.000320  max mem: 3809
I20260720 21:24:15 540231 dinov2 helpers.py:102] Training  [ 4380/10000]  eta: 0:09:35  lr: 0.0011 (0.0015)  wd: 0.1846 (0.0917)  mom: 0.9952 (0.9931)  last_layer_lr: 0.0011 (0.0015)  current_batch_size: 32.0000 (32.0000)  total_loss: 5.0284 (5.1680)  dino_local_crops_loss: 4.3130 (4.3033)  dino_global_crops_loss: 0.5391 (0.5379)  ibot_loss: 0.1763 (0.3267)  time: 0.087313  data: 0.003977  max mem: 3809
I20260720 21:24:16 540231 dinov2 helpers.py:102] Training  [ 4390/10000]  eta: 0:09:34  lr: 0.0011 (0.0015)  wd: 0.1852 (0.0919)  mom: 0.9952 (0.9932)  last_layer_lr: 0.0011 (0.0015)  current_batch_size: 32.0000 (32.0000)  total_loss: 5.0284 (5.1677)  dino_local_crops_loss: 4.3130 (4.3033)  dino_global_crops_loss: 0.5391 (0.5379)  ibot_loss: 0.1763 (0.3264)  time: 0.090823  data: 0.010547  max mem: 3809
I20260720 21:24:17 540231 dinov2 helpers.py:102] Training  [ 4400/10000]  eta: 0:09:33  lr: 0.0011 (0.0015)  wd: 0.1857 (0.0921)  mom: 0.9952 (0.9932)  last_layer_lr: 0.0011 (0.0015)  current_batch_size: 32.0000 (32.0000)  total_loss: 5.0279 (5.1673)  dino_local_crops_loss: 4.3130 (4.3034)  dino_global_crops_loss: 0.5391 (0.5379)  ibot_loss: 0.1757 (0.3260)  time: 0.091170  data: 0.012828  max mem: 3809
I20260720 21:24:18 540231 dinov2 helpers.py:102] Training  [ 4410/10000]  eta: 0:09:32  lr: 0.0011 (0.0015)  wd: 0.1863 (0.0923)  mom: 0.9953 (0.9932)  last_layer_lr: 0.0011 (0.0015)  current_batch_size: 32.0000 (32.0000)  total_loss: 5.0279 (5.1670)  dino_local_crops_loss: 4.3130 (4.3034)  dino_global_crops_loss: 0.5391 (0.5379)  ibot_loss: 0.1757 (0.3257)  time: 0.093457  data: 0.006286  max mem: 3809
I20260720 21:24:18 540231 dinov2 helpers.py:102] Training  [ 4420/10000]  eta: 0:09:31  lr: 0.0011 (0.0015)  wd: 0.1868 (0.0925)  mom: 0.9953 (0.9932)  last_layer_lr: 0.0011 (0.0015)  current_batch_size: 32.0000 (32.0000)  total_loss: 5.0194 (5.1667)  dino_local_crops_loss: 4.3130 (4.3034)  dino_global_crops_loss: 0.5391 (0.5379)  ibot_loss: 0.1673 (0.3253)  time: 0.092848  data: 0.000375  max mem: 3809
I20260720 21:24:19 540231 dinov2 helpers.py:102] Training  [ 4430/10000]  eta: 0:09:29  lr: 0.0011 (0.0015)  wd: 0.1874 (0.0927)  mom: 0.9953 (0.9932)  last_layer_lr: 0.0011 (0.0015)  current_batch_size: 32.0000 (32.0000)  total_loss: 5.0232 (5.1664)  dino_local_crops_loss: 4.3130 (4.3034)  dino_global_crops_loss: 0.5391 (0.5379)  ibot_loss: 0.1710 (0.3250)  time: 0.093865  data: 0.000557  max mem: 3809
I20260720 21:24:20 540231 dinov2 helpers.py:102] Training  [ 4440/10000]  eta: 0:09:28  lr: 0.0011 (0.0015)  wd: 0.1879 (0.0930)  mom: 0.9953 (0.9932)  last_layer_lr: 0.0011 (0.0015)  current_batch_size: 32.0000 (32.0000)  total_loss: 5.0275 (5.1661)  dino_local_crops_loss: 4.3130 (4.3034)  dino_global_crops_loss: 0.5391 (0.5379)  ibot_loss: 0.1754 (0.3247)  time: 0.100326  data: 0.000856  max mem: 3809
I20260720 21:24:21 540231 dinov2 helpers.py:102] Training  [ 4450/10000]  eta: 0:09:27  lr: 0.0011 (0.0015)  wd: 0.1885 (0.0932)  mom: 0.9953 (0.9932)  last_layer_lr: 0.0011 (0.0015)  current_batch_size: 32.0000 (32.0000)  total_loss: 5.0254 (5.1658)  dino_local_crops_loss: 4.3130 (4.3035)  dino_global_crops_loss: 0.5391 (0.5379)  ibot_loss: 0.1732 (0.3243)  time: 0.098524  data: 0.000671  max mem: 3809
I20260720 21:24:22 540231 dinov2 helpers.py:102] Training  [ 4460/10000]  eta: 0:09:26  lr: 0.0011 (0.0015)  wd: 0.1891 (0.0934)  mom: 0.9953 (0.9932)  last_layer_lr: 0.0011 (0.0015)  current_batch_size: 32.0000 (32.0000)  total_loss: 5.0188 (5.1655)  dino_local_crops_loss: 4.3130 (4.3035)  dino_global_crops_loss: 0.5391 (0.5380)  ibot_loss: 0.1666 (0.3240)  time: 0.093721  data: 0.000475  max mem: 3809
I20260720 21:24:23 540231 dinov2 helpers.py:102] Training  [ 4470/10000]  eta: 0:09:25  lr: 0.0010 (0.0015)  wd: 0.1896 (0.0936)  mom: 0.9953 (0.9932)  last_layer_lr: 0.0010 (0.0015)  current_batch_size: 32.0000 (32.0000)  total_loss: 5.0221 (5.1652)  dino_local_crops_loss: 4.3130 (4.3035)  dino_global_crops_loss: 0.5391 (0.5380)  ibot_loss: 0.1700 (0.3237)  time: 0.090579  data: 0.000440  max mem: 3809
I20260720 21:24:24 540231 dinov2 helpers.py:102] Training  [ 4480/10000]  eta: 0:09:24  lr: 0.0010 (0.0015)  wd: 0.1902 (0.0938)  mom: 0.9953 (0.9932)  last_layer_lr: 0.0010 (0.0015)  current_batch_size: 32.0000 (32.0000)  total_loss: 5.0397 (5.1649)  dino_local_crops_loss: 4.3130 (4.3035)  dino_global_crops_loss: 0.5391 (0.5380)  ibot_loss: 0.1875 (0.3234)  time: 0.089195  data: 0.000320  max mem: 3809
I20260720 21:24:25 540231 dinov2 helpers.py:102] Training  [ 4490/10000]  eta: 0:09:23  lr: 0.0010 (0.0015)  wd: 0.1907 (0.0940)  mom: 0.9953 (0.9932)  last_layer_lr: 0.0010 (0.0015)  current_batch_size: 32.0000 (32.0000)  total_loss: 5.0290 (5.1646)  dino_local_crops_loss: 4.3130 (4.3036)  dino_global_crops_loss: 0.5391 (0.5380)  ibot_loss: 0.1769 (0.3231)  time: 0.089654  data: 0.000328  max mem: 3809
I20260720 21:24:26 540231 fvcore.common.checkpoint __init__.py:109] Saving checkpoint to /sci/labs/arieljaffe/dan.abergel1/runs/brain/overfit1/model_0004499.rank_0.pth
I20260720 21:24:28 540231 dinov2 helpers.py:102] Training  [ 4500/10000]  eta: 0:09:24  lr: 0.0010 (0.0015)  wd: 0.1913 (0.0942)  mom: 0.9954 (0.9932)  last_layer_lr: 0.0010 (0.0015)  current_batch_size: 32.0000 (32.0000)  total_loss: 5.0241 (5.1643)  dino_local_crops_loss: 4.3130 (4.3036)  dino_global_crops_loss: 0.5391 (0.5380)  ibot_loss: 0.1720 (0.3227)  time: 0.207838  data: 0.000358  max mem: 3809
I20260720 21:24:29 540231 dinov2 helpers.py:102] Training  [ 4510/10000]  eta: 0:09:23  lr: 0.0010 (0.0015)  wd: 0.1918 (0.0945)  mom: 0.9954 (0.9932)  last_layer_lr: 0.0010 (0.0015)  current_batch_size: 32.0000 (32.0000)  total_loss: 5.0181 (5.1639)  dino_local_crops_loss: 4.3130 (4.3036)  dino_global_crops_loss: 0.5391 (0.5380)  ibot_loss: 0.1659 (0.3224)  time: 0.203451  data: 0.000333  max mem: 3809
I20260720 21:24:30 540231 dinov2 helpers.py:102] Training  [ 4520/10000]  eta: 0:09:22  lr: 0.0010 (0.0015)  wd: 0.1924 (0.0947)  mom: 0.9954 (0.9932)  last_layer_lr: 0.0010 (0.0015)  current_batch_size: 32.0000 (32.0000)  total_loss: 5.0193 (5.1636)  dino_local_crops_loss: 4.3130 (4.3036)  dino_global_crops_loss: 0.5391 (0.5380)  ibot_loss: 0.1672 (0.3221)  time: 0.086974  data: 0.000303  max mem: 3809
I20260720 21:24:31 540231 dinov2 helpers.py:102] Training  [ 4530/10000]  eta: 0:09:21  lr: 0.0010 (0.0015)  wd: 0.1930 (0.0949)  mom: 0.9954 (0.9932)  last_layer_lr: 0.0010 (0.0015)  current_batch_size: 32.0000 (32.0000)  total_loss: 5.0263 (5.1633)  dino_local_crops_loss: 4.3130 (4.3036)  dino_global_crops_loss: 0.5391 (0.5380)  ibot_loss: 0.1741 (0.3217)  time: 0.090754  data: 0.000349  max mem: 3809
I20260720 21:24:32 540231 dinov2 helpers.py:102] Training  [ 4540/10000]  eta: 0:09:19  lr: 0.0010 (0.0015)  wd: 0.1935 (0.0951)  mom: 0.9954 (0.9932)  last_layer_lr: 0.0010 (0.0015)  current_batch_size: 32.0000 (32.0000)  total_loss: 5.0263 (5.1631)  dino_local_crops_loss: 4.3130 (4.3037)  dino_global_crops_loss: 0.5391 (0.5380)  ibot_loss: 0.1741 (0.3214)  time: 0.084409  data: 0.000413  max mem: 3809
I20260720 21:24:33 540231 dinov2 helpers.py:102] Training  [ 4550/10000]  eta: 0:09:18  lr: 0.0010 (0.0015)  wd: 0.1941 (0.0953)  mom: 0.9954 (0.9932)  last_layer_lr: 0.0010 (0.0015)  current_batch_size: 32.0000 (32.0000)  total_loss: 5.0236 (5.1628)  dino_local_crops_loss: 4.3130 (4.3037)  dino_global_crops_loss: 0.5391 (0.5380)  ibot_loss: 0.1715 (0.3211)  time: 0.083236  data: 0.000405  max mem: 3809
I20260720 21:24:34 540231 dinov2 helpers.py:102] Training  [ 4560/10000]  eta: 0:09:17  lr: 0.0010 (0.0015)  wd: 0.1946 (0.0956)  mom: 0.9954 (0.9932)  last_layer_lr: 0.0010 (0.0015)  current_batch_size: 32.0000 (32.0000)  total_loss: 5.0236 (5.1625)  dino_local_crops_loss: 4.3130 (4.3037)  dino_global_crops_loss: 0.5391 (0.5380)  ibot_loss: 0.1715 (0.3208)  time: 0.088049  data: 0.004076  max mem: 3809
I20260720 21:24:34 540231 dinov2 helpers.py:102] Training  [ 4570/10000]  eta: 0:09:16  lr: 0.0010 (0.0015)  wd: 0.1952 (0.0958)  mom: 0.9954 (0.9932)  last_layer_lr: 0.0010 (0.0015)  current_batch_size: 32.0000 (32.0000)  total_loss: 5.0290 (5.1622)  dino_local_crops_loss: 4.3130 (4.3037)  dino_global_crops_loss: 0.5391 (0.5380)  ibot_loss: 0.1769 (0.3205)  time: 0.088655  data: 0.004074  max mem: 3809
I20260720 21:24:35 540231 dinov2 helpers.py:102] Training  [ 4580/10000]  eta: 0:09:15  lr: 0.0010 (0.0015)  wd: 0.1958 (0.0960)  mom: 0.9955 (0.9932)  last_layer_lr: 0.0010 (0.0015)  current_batch_size: 32.0000 (32.0000)  total_loss: 5.0290 (5.1619)  dino_local_crops_loss: 4.3130 (4.3037)  dino_global_crops_loss: 0.5391 (0.5380)  ibot_loss: 0.1769 (0.3202)  time: 0.090278  data: 0.005439  max mem: 3809
I20260720 21:24:36 540231 dinov2 helpers.py:102] Training  [ 4590/10000]  eta: 0:09:14  lr: 0.0010 (0.0015)  wd: 0.1963 (0.0962)  mom: 0.9955 (0.9932)  last_layer_lr: 0.0010 (0.0015)  current_batch_size: 32.0000 (32.0000)  total_loss: 5.0339 (5.1616)  dino_local_crops_loss: 4.3130 (4.3038)  dino_global_crops_loss: 0.5391 (0.5380)  ibot_loss: 0.1817 (0.3199)  time: 0.099684  data: 0.015451  max mem: 3809
I20260720 21:24:37 540231 dinov2 helpers.py:102] Training  [ 4600/10000]  eta: 0:09:12  lr: 0.0010 (0.0015)  wd: 0.1969 (0.0964)  mom: 0.9955 (0.9933)  last_layer_lr: 0.0010 (0.0015)  current_batch_size: 32.0000 (32.0000)  total_loss: 5.0318 (5.1613)  dino_local_crops_loss: 4.3130 (4.3038)  dino_global_crops_loss: 0.5391 (0.5380)  ibot_loss: 0.1796 (0.3196)  time: 0.094571  data: 0.010403  max mem: 3809
I20260720 21:24:38 540231 dinov2 helpers.py:102] Training  [ 4610/10000]  eta: 0:09:11  lr: 0.0010 (0.0015)  wd: 0.1974 (0.0967)  mom: 0.9955 (0.9933)  last_layer_lr: 0.0010 (0.0015)  current_batch_size: 32.0000 (32.0000)  total_loss: 5.0318 (5.1611)  dino_local_crops_loss: 4.3130 (4.3038)  dino_global_crops_loss: 0.5391 (0.5380)  ibot_loss: 0.1796 (0.3193)  time: 0.083643  data: 0.000394  max mem: 3809
I20260720 21:24:39 540231 dinov2 helpers.py:102] Training  [ 4620/10000]  eta: 0:09:10  lr: 0.0010 (0.0015)  wd: 0.1980 (0.0969)  mom: 0.9955 (0.9933)  last_layer_lr: 0.0010 (0.0015)  current_batch_size: 32.0000 (32.0000)  total_loss: 5.0312 (5.1608)  dino_local_crops_loss: 4.3130 (4.3038)  dino_global_crops_loss: 0.5391 (0.5380)  ibot_loss: 0.1791 (0.3190)  time: 0.086892  data: 0.004301  max mem: 3809
I20260720 21:24:40 540231 dinov2 helpers.py:102] Training  [ 4630/10000]  eta: 0:09:09  lr: 0.0010 (0.0015)  wd: 0.1986 (0.0971)  mom: 0.9955 (0.9933)  last_layer_lr: 0.0010 (0.0015)  current_batch_size: 32.0000 (32.0000)  total_loss: 5.0287 (5.1605)  dino_local_crops_loss: 4.3130 (4.3038)  dino_global_crops_loss: 0.5391 (0.5380)  ibot_loss: 0.1765 (0.3187)  time: 0.090668  data: 0.005435  max mem: 3809
I20260720 21:24:41 540231 dinov2 helpers.py:102] Training  [ 4640/10000]  eta: 0:09:08  lr: 0.0010 (0.0015)  wd: 0.1991 (0.0973)  mom: 0.9955 (0.9933)  last_layer_lr: 0.0010 (0.0015)  current_batch_size: 32.0000 (32.0000)  total_loss: 5.0305 (5.1602)  dino_local_crops_loss: 4.3130 (4.3039)  dino_global_crops_loss: 0.5391 (0.5380)  ibot_loss: 0.1784 (0.3184)  time: 0.098991  data: 0.001570  max mem: 3809
I20260720 21:24:42 540231 dinov2 helpers.py:102] Training  [ 4650/10000]  eta: 0:09:07  lr: 0.0010 (0.0015)  wd: 0.1997 (0.0975)  mom: 0.9955 (0.9933)  last_layer_lr: 0.0010 (0.0015)  current_batch_size: 32.0000 (32.0000)  total_loss: 5.0325 (5.1600)  dino_local_crops_loss: 4.3130 (4.3039)  dino_global_crops_loss: 0.5391 (0.5380)  ibot_loss: 0.1805 (0.3181)  time: 0.099892  data: 0.000514  max mem: 3809
I20260720 21:24:43 540231 dinov2 helpers.py:102] Training  [ 4660/10000]  eta: 0:09:06  lr: 0.0010 (0.0015)  wd: 0.2002 (0.0978)  mom: 0.9956 (0.9933)  last_layer_lr: 0.0010 (0.0015)  current_batch_size: 32.0000 (32.0000)  total_loss: 5.0338 (5.1597)  dino_local_crops_loss: 4.3130 (4.3039)  dino_global_crops_loss: 0.5391 (0.5380)  ibot_loss: 0.1817 (0.3178)  time: 0.086791  data: 0.000433  max mem: 3809
I20260720 21:24:44 540231 dinov2 helpers.py:102] Training  [ 4670/10000]  eta: 0:09:04  lr: 0.0010 (0.0015)  wd: 0.2008 (0.0980)  mom: 0.9956 (0.9933)  last_layer_lr: 0.0010 (0.0015)  current_batch_size: 32.0000 (32.0000)  total_loss: 5.0377 (5.1595)  dino_local_crops_loss: 4.3130 (4.3039)  dino_global_crops_loss: 0.5391 (0.5380)  ibot_loss: 0.1855 (0.3175)  time: 0.084803  data: 0.000352  max mem: 3809
I20260720 21:24:45 540231 dinov2 helpers.py:102] Training  [ 4680/10000]  eta: 0:09:03  lr: 0.0010 (0.0015)  wd: 0.2014 (0.0982)  mom: 0.9956 (0.9933)  last_layer_lr: 0.0010 (0.0015)  current_batch_size: 32.0000 (32.0000)  total_loss: 5.0457 (5.1592)  dino_local_crops_loss: 4.3130 (4.3039)  dino_global_crops_loss: 0.5391 (0.5380)  ibot_loss: 0.1935 (0.3173)  time: 0.085819  data: 0.000323  max mem: 3809
I20260720 21:24:45 540231 dinov2 helpers.py:102] Training  [ 4690/10000]  eta: 0:09:02  lr: 0.0010 (0.0015)  wd: 0.2019 (0.0984)  mom: 0.9956 (0.9933)  last_layer_lr: 0.0010 (0.0015)  current_batch_size: 32.0000 (32.0000)  total_loss: 5.0433 (5.1590)  dino_local_crops_loss: 4.3130 (4.3040)  dino_global_crops_loss: 0.5391 (0.5380)  ibot_loss: 0.1910 (0.3170)  time: 0.083748  data: 0.000319  max mem: 3809
I20260720 21:24:46 540231 dinov2 helpers.py:102] Training  [ 4700/10000]  eta: 0:09:01  lr: 0.0010 (0.0015)  wd: 0.2025 (0.0986)  mom: 0.9956 (0.9933)  last_layer_lr: 0.0010 (0.0015)  current_batch_size: 32.0000 (32.0000)  total_loss: 5.0433 (5.1587)  dino_local_crops_loss: 4.3130 (4.3040)  dino_global_crops_loss: 0.5391 (0.5380)  ibot_loss: 0.1910 (0.3167)  time: 0.086258  data: 0.000824  max mem: 3809
I20260720 21:24:47 540231 dinov2 helpers.py:102] Training  [ 4710/10000]  eta: 0:09:00  lr: 0.0010 (0.0015)  wd: 0.2031 (0.0989)  mom: 0.9956 (0.9933)  last_layer_lr: 0.0010 (0.0015)  current_batch_size: 32.0000 (32.0000)  total_loss: 5.0345 (5.1585)  dino_local_crops_loss: 4.3130 (4.3040)  dino_global_crops_loss: 0.5391 (0.5380)  ibot_loss: 0.1824 (0.3165)  time: 0.090194  data: 0.000883  max mem: 3809
I20260720 21:24:48 540231 dinov2 helpers.py:102] Training  [ 4720/10000]  eta: 0:08:58  lr: 0.0010 (0.0015)  wd: 0.2036 (0.0991)  mom: 0.9956 (0.9933)  last_layer_lr: 0.0010 (0.0015)  current_batch_size: 32.0000 (32.0000)  total_loss: 5.0345 (5.1582)  dino_local_crops_loss: 4.3130 (4.3040)  dino_global_crops_loss: 0.5391 (0.5380)  ibot_loss: 0.1824 (0.3162)  time: 0.089909  data: 0.000426  max mem: 3809
I20260720 21:24:49 540231 dinov2 helpers.py:102] Training  [ 4730/10000]  eta: 0:08:57  lr: 0.0010 (0.0015)  wd: 0.2042 (0.0993)  mom: 0.9956 (0.9933)  last_layer_lr: 0.0010 (0.0015)  current_batch_size: 32.0000 (32.0000)  total_loss: 5.0436 (5.1580)  dino_local_crops_loss: 4.3130 (4.3040)  dino_global_crops_loss: 0.5391 (0.5380)  ibot_loss: 0.1915 (0.3159)  time: 0.087453  data: 0.000373  max mem: 3809
I20260720 21:24:50 540231 dinov2 helpers.py:102] Training  [ 4740/10000]  eta: 0:08:56  lr: 0.0010 (0.0015)  wd: 0.2048 (0.0995)  mom: 0.9957 (0.9933)  last_layer_lr: 0.0010 (0.0015)  current_batch_size: 32.0000 (32.0000)  total_loss: 5.0430 (5.1577)  dino_local_crops_loss: 4.3130 (4.3041)  dino_global_crops_loss: 0.5391 (0.5380)  ibot_loss: 0.1909 (0.3156)  time: 0.087915  data: 0.000382  max mem: 3809
I20260720 21:24:51 540231 dinov2 helpers.py:102] Training  [ 4750/10000]  eta: 0:08:55  lr: 0.0010 (0.0015)  wd: 0.2053 (0.0998)  mom: 0.9957 (0.9933)  last_layer_lr: 0.0010 (0.0015)  current_batch_size: 32.0000 (32.0000)  total_loss: 5.0448 (5.1575)  dino_local_crops_loss: 4.3130 (4.3041)  dino_global_crops_loss: 0.5391 (0.5380)  ibot_loss: 0.1927 (0.3154)  time: 0.086848  data: 0.000380  max mem: 3809
I20260720 21:24:52 540231 dinov2 helpers.py:102] Training  [ 4760/10000]  eta: 0:08:54  lr: 0.0010 (0.0015)  wd: 0.2059 (0.1000)  mom: 0.9957 (0.9933)  last_layer_lr: 0.0010 (0.0015)  current_batch_size: 32.0000 (32.0000)  total_loss: 5.0451 (5.1572)  dino_local_crops_loss: 4.3130 (4.3041)  dino_global_crops_loss: 0.5391 (0.5380)  ibot_loss: 0.1929 (0.3151)  time: 0.087475  data: 0.000355  max mem: 3809
I20260720 21:24:53 540231 dinov2 helpers.py:102] Training  [ 4770/10000]  eta: 0:08:53  lr: 0.0010 (0.0015)  wd: 0.2064 (0.1002)  mom: 0.9957 (0.9933)  last_layer_lr: 0.0010 (0.0015)  current_batch_size: 32.0000 (32.0000)  total_loss: 5.0426 (5.1570)  dino_local_crops_loss: 4.3130 (4.3041)  dino_global_crops_loss: 0.5391 (0.5380)  ibot_loss: 0.1904 (0.3149)  time: 0.094027  data: 0.000634  max mem: 3809
I20260720 21:24:53 540231 dinov2 helpers.py:102] Training  [ 4780/10000]  eta: 0:08:51  lr: 0.0010 (0.0015)  wd: 0.2070 (0.1004)  mom: 0.9957 (0.9933)  last_layer_lr: 0.0010 (0.0015)  current_batch_size: 32.0000 (32.0000)  total_loss: 5.0439 (5.1568)  dino_local_crops_loss: 4.3130 (4.3041)  dino_global_crops_loss: 0.5391 (0.5380)  ibot_loss: 0.1917 (0.3146)  time: 0.091191  data: 0.000612  max mem: 3809
I20260720 21:24:54 540231 dinov2 helpers.py:102] Training  [ 4790/10000]  eta: 0:08:50  lr: 0.0010 (0.0015)  wd: 0.2076 (0.1006)  mom: 0.9957 (0.9933)  last_layer_lr: 0.0010 (0.0015)  current_batch_size: 32.0000 (32.0000)  total_loss: 5.0442 (5.1565)  dino_local_crops_loss: 4.3130 (4.3041)  dino_global_crops_loss: 0.5391 (0.5380)  ibot_loss: 0.1921 (0.3144)  time: 0.087022  data: 0.000323  max mem: 3809
I20260720 21:24:55 540231 fvcore.common.checkpoint __init__.py:109] Saving checkpoint to /sci/labs/arieljaffe/dan.abergel1/runs/brain/overfit1/model_0004799.rank_0.pth
I20260720 21:24:57 540231 dinov2 helpers.py:102] Training  [ 4800/10000]  eta: 0:08:51  lr: 0.0010 (0.0015)  wd: 0.2081 (0.1009)  mom: 0.9957 (0.9934)  last_layer_lr: 0.0010 (0.0015)  current_batch_size: 32.0000 (32.0000)  total_loss: 5.0395 (5.1563)  dino_local_crops_loss: 4.3130 (4.3042)  dino_global_crops_loss: 0.5391 (0.5380)  ibot_loss: 0.1875 (0.3141)  time: 0.191560  data: 0.000431  max mem: 3809
I20260720 21:24:58 540231 dinov2 helpers.py:102] Training  [ 4810/10000]  eta: 0:08:50  lr: 0.0010 (0.0015)  wd: 0.2087 (0.1011)  mom: 0.9957 (0.9934)  last_layer_lr: 0.0010 (0.0015)  current_batch_size: 32.0000 (32.0000)  total_loss: 5.0383 (5.1560)  dino_local_crops_loss: 4.3130 (4.3042)  dino_global_crops_loss: 0.5391 (0.5380)  ibot_loss: 0.1861 (0.3138)  time: 0.187415  data: 0.000419  max mem: 3809
I20260720 21:24:59 540231 dinov2 helpers.py:102] Training  [ 4820/10000]  eta: 0:08:49  lr: 0.0010 (0.0015)  wd: 0.2093 (0.1013)  mom: 0.9958 (0.9934)  last_layer_lr: 0.0010 (0.0015)  current_batch_size: 32.0000 (32.0000)  total_loss: 5.0383 (5.1558)  dino_local_crops_loss: 4.3130 (4.3042)  dino_global_crops_loss: 0.5391 (0.5380)  ibot_loss: 0.1861 (0.3136)  time: 0.082929  data: 0.000314  max mem: 3809
I20260720 21:25:00 540231 dinov2 helpers.py:102] Training  [ 4830/10000]  eta: 0:08:48  lr: 0.0009 (0.0015)  wd: 0.2098 (0.1015)  mom: 0.9958 (0.9934)  last_layer_lr: 0.0009 (0.0015)  current_batch_size: 32.0000 (32.0000)  total_loss: 5.0317 (5.1556)  dino_local_crops_loss: 4.3130 (4.3042)  dino_global_crops_loss: 0.5391 (0.5380)  ibot_loss: 0.1796 (0.3133)  time: 0.090199  data: 0.000691  max mem: 3809
I20260720 21:25:01 540231 dinov2 helpers.py:102] Training  [ 4840/10000]  eta: 0:08:47  lr: 0.0009 (0.0015)  wd: 0.2104 (0.1018)  mom: 0.9958 (0.9934)  last_layer_lr: 0.0009 (0.0015)  current_batch_size: 32.0000 (32.0000)  total_loss: 5.0391 (5.1553)  dino_local_crops_loss: 4.3130 (4.3042)  dino_global_crops_loss: 0.5391 (0.5380)  ibot_loss: 0.1869 (0.3130)  time: 0.092421  data: 0.000974  max mem: 3809
I20260720 21:25:02 540231 dinov2 helpers.py:102] Training  [ 4850/10000]  eta: 0:08:45  lr: 0.0009 (0.0015)  wd: 0.2110 (0.1020)  mom: 0.9958 (0.9934)  last_layer_lr: 0.0009 (0.0015)  current_batch_size: 32.0000 (32.0000)  total_loss: 5.0391 (5.1551)  dino_local_crops_loss: 4.3130 (4.3043)  dino_global_crops_loss: 0.5391 (0.5380)  ibot_loss: 0.1869 (0.3128)  time: 0.086470  data: 0.000610  max mem: 3809
I20260720 21:25:03 540231 dinov2 helpers.py:102] Training  [ 4860/10000]  eta: 0:08:44  lr: 0.0009 (0.0015)  wd: 0.2115 (0.1022)  mom: 0.9958 (0.9934)  last_layer_lr: 0.0009 (0.0015)  current_batch_size: 32.0000 (32.0000)  total_loss: 5.0371 (5.1549)  dino_local_crops_loss: 4.3130 (4.3043)  dino_global_crops_loss: 0.5391 (0.5380)  ibot_loss: 0.1850 (0.3125)  time: 0.088846  data: 0.000344  max mem: 3809
I20260720 21:25:03 540231 dinov2 helpers.py:102] Training  [ 4870/10000]  eta: 0:08:43  lr: 0.0009 (0.0015)  wd: 0.2121 (0.1025)  mom: 0.9958 (0.9934)  last_layer_lr: 0.0009 (0.0015)  current_batch_size: 32.0000 (32.0000)  total_loss: 5.0346 (5.1546)  dino_local_crops_loss: 4.3130 (4.3043)  dino_global_crops_loss: 0.5391 (0.5381)  ibot_loss: 0.1825 (0.3123)  time: 0.089409  data: 0.000515  max mem: 3809
I20260720 21:25:04 540231 dinov2 helpers.py:102] Training  [ 4880/10000]  eta: 0:08:42  lr: 0.0009 (0.0015)  wd: 0.2127 (0.1027)  mom: 0.9958 (0.9934)  last_layer_lr: 0.0009 (0.0015)  current_batch_size: 32.0000 (32.0000)  total_loss: 5.0379 (5.1544)  dino_local_crops_loss: 4.3130 (4.3043)  dino_global_crops_loss: 0.5391 (0.5381)  ibot_loss: 0.1858 (0.3120)  time: 0.084574  data: 0.000511  max mem: 3809
I20260720 21:25:05 540231 dinov2 helpers.py:102] Training  [ 4890/10000]  eta: 0:08:41  lr: 0.0009 (0.0015)  wd: 0.2132 (0.1029)  mom: 0.9958 (0.9934)  last_layer_lr: 0.0009 (0.0015)  current_batch_size: 32.0000 (32.0000)  total_loss: 5.0489 (5.1542)  dino_local_crops_loss: 4.3130 (4.3043)  dino_global_crops_loss: 0.5391 (0.5381)  ibot_loss: 0.1968 (0.3118)  time: 0.083947  data: 0.000369  max mem: 3809
I20260720 21:25:06 540231 dinov2 helpers.py:102] Training  [ 4900/10000]  eta: 0:08:40  lr: 0.0009 (0.0015)  wd: 0.2138 (0.1031)  mom: 0.9959 (0.9934)  last_layer_lr: 0.0009 (0.0015)  current_batch_size: 32.0000 (32.0000)  total_loss: 5.0411 (5.1539)  dino_local_crops_loss: 4.3130 (4.3043)  dino_global_crops_loss: 0.5391 (0.5381)  ibot_loss: 0.1890 (0.3115)  time: 0.087278  data: 0.000386  max mem: 3809
I20260720 21:25:07 540231 dinov2 helpers.py:102] Training  [ 4910/10000]  eta: 0:08:38  lr: 0.0009 (0.0015)  wd: 0.2143 (0.1034)  mom: 0.9959 (0.9934)  last_layer_lr: 0.0009 (0.0015)  current_batch_size: 32.0000 (32.0000)  total_loss: 5.0331 (5.1537)  dino_local_crops_loss: 4.3130 (4.3044)  dino_global_crops_loss: 0.5391 (0.5381)  ibot_loss: 0.1810 (0.3113)  time: 0.091525  data: 0.000699  max mem: 3809
I20260720 21:25:08 540231 dinov2 helpers.py:102] Training  [ 4920/10000]  eta: 0:08:37  lr: 0.0009 (0.0014)  wd: 0.2149 (0.1036)  mom: 0.9959 (0.9934)  last_layer_lr: 0.0009 (0.0014)  current_batch_size: 32.0000 (32.0000)  total_loss: 5.0276 (5.1535)  dino_local_crops_loss: 4.3130 (4.3044)  dino_global_crops_loss: 0.5391 (0.5381)  ibot_loss: 0.1754 (0.3110)  time: 0.089394  data: 0.000710  max mem: 3809
I20260720 21:25:09 540231 dinov2 helpers.py:102] Training  [ 4930/10000]  eta: 0:08:36  lr: 0.0009 (0.0014)  wd: 0.2155 (0.1038)  mom: 0.9959 (0.9934)  last_layer_lr: 0.0009 (0.0014)  current_batch_size: 32.0000 (32.0000)  total_loss: 5.0329 (5.1532)  dino_local_crops_loss: 4.3130 (4.3044)  dino_global_crops_loss: 0.5391 (0.5381)  ibot_loss: 0.1808 (0.3108)  time: 0.087687  data: 0.000364  max mem: 3809
I20260720 21:25:10 540231 dinov2 helpers.py:102] Training  [ 4940/10000]  eta: 0:08:35  lr: 0.0009 (0.0014)  wd: 0.2160 (0.1040)  mom: 0.9959 (0.9934)  last_layer_lr: 0.0009 (0.0014)  current_batch_size: 32.0000 (32.0000)  total_loss: 5.0329 (5.1530)  dino_local_crops_loss: 4.3130 (4.3044)  dino_global_crops_loss: 0.5391 (0.5381)  ibot_loss: 0.1808 (0.3105)  time: 0.087235  data: 0.000335  max mem: 3809
I20260720 21:25:10 540231 dinov2 helpers.py:102] Training  [ 4950/10000]  eta: 0:08:34  lr: 0.0009 (0.0014)  wd: 0.2166 (0.1043)  mom: 0.9959 (0.9934)  last_layer_lr: 0.0009 (0.0014)  current_batch_size: 32.0000 (32.0000)  total_loss: 5.0290 (5.1527)  dino_local_crops_loss: 4.3130 (4.3044)  dino_global_crops_loss: 0.5391 (0.5381)  ibot_loss: 0.1770 (0.3102)  time: 0.084697  data: 0.000343  max mem: 3809
I20260720 21:25:11 540231 dinov2 helpers.py:102] Training  [ 4960/10000]  eta: 0:08:33  lr: 0.0009 (0.0014)  wd: 0.2172 (0.1045)  mom: 0.9959 (0.9934)  last_layer_lr: 0.0009 (0.0014)  current_batch_size: 32.0000 (32.0000)  total_loss: 5.0241 (5.1525)  dino_local_crops_loss: 4.3130 (4.3045)  dino_global_crops_loss: 0.5391 (0.5381)  ibot_loss: 0.1719 (0.3099)  time: 0.084303  data: 0.000334  max mem: 3809
I20260720 21:25:12 540231 dinov2 helpers.py:102] Training  [ 4970/10000]  eta: 0:08:31  lr: 0.0009 (0.0014)  wd: 0.2177 (0.1047)  mom: 0.9959 (0.9934)  last_layer_lr: 0.0009 (0.0014)  current_batch_size: 32.0000 (32.0000)  total_loss: 5.0242 (5.1522)  dino_local_crops_loss: 4.3130 (4.3045)  dino_global_crops_loss: 0.5391 (0.5381)  ibot_loss: 0.1721 (0.3097)  time: 0.089387  data: 0.000326  max mem: 3809
I20260720 21:25:13 540231 dinov2 helpers.py:102] Training  [ 4980/10000]  eta: 0:08:30  lr: 0.0009 (0.0014)  wd: 0.2183 (0.1050)  mom: 0.9960 (0.9934)  last_layer_lr: 0.0009 (0.0014)  current_batch_size: 32.0000 (32.0000)  total_loss: 5.0342 (5.1520)  dino_local_crops_loss: 4.3130 (4.3045)  dino_global_crops_loss: 0.5391 (0.5381)  ibot_loss: 0.1821 (0.3094)  time: 0.091514  data: 0.000334  max mem: 3809
I20260720 21:25:14 540231 dinov2 helpers.py:102] Training  [ 4990/10000]  eta: 0:08:29  lr: 0.0009 (0.0014)  wd: 0.2189 (0.1052)  mom: 0.9960 (0.9934)  last_layer_lr: 0.0009 (0.0014)  current_batch_size: 32.0000 (32.0000)  total_loss: 5.0255 (5.1517)  dino_local_crops_loss: 4.3130 (4.3045)  dino_global_crops_loss: 0.5391 (0.5381)  ibot_loss: 0.1733 (0.3092)  time: 0.086683  data: 0.000354  max mem: 3809
I20260720 21:25:15 540231 dinov2 helpers.py:102] Training  [ 5000/10000]  eta: 0:08:28  lr: 0.0009 (0.0014)  wd: 0.2194 (0.1054)  mom: 0.9960 (0.9935)  last_layer_lr: 0.0009 (0.0014)  current_batch_size: 32.0000 (32.0000)  total_loss: 5.0240 (5.1515)  dino_local_crops_loss: 4.3130 (4.3045)  dino_global_crops_loss: 0.5391 (0.5381)  ibot_loss: 0.1720 (0.3089)  time: 0.085046  data: 0.000334  max mem: 3809
I20260720 21:25:16 540231 dinov2 helpers.py:102] Training  [ 5010/10000]  eta: 0:08:27  lr: 0.0009 (0.0014)  wd: 0.2200 (0.1056)  mom: 0.9960 (0.9935)  last_layer_lr: 0.0009 (0.0014)  current_batch_size: 32.0000 (32.0000)  total_loss: 5.0261 (5.1512)  dino_local_crops_loss: 4.3129 (4.3045)  dino_global_crops_loss: 0.5391 (0.5381)  ibot_loss: 0.1739 (0.3086)  time: 0.086149  data: 0.000417  max mem: 3809
I20260720 21:25:17 540231 dinov2 helpers.py:102] Training  [ 5020/10000]  eta: 0:08:26  lr: 0.0009 (0.0014)  wd: 0.2206 (0.1059)  mom: 0.9960 (0.9935)  last_layer_lr: 0.0009 (0.0014)  current_batch_size: 32.0000 (32.0000)  total_loss: 5.0214 (5.1510)  dino_local_crops_loss: 4.3129 (4.3046)  dino_global_crops_loss: 0.5391 (0.5381)  ibot_loss: 0.1693 (0.3083)  time: 0.089932  data: 0.000618  max mem: 3809
I20260720 21:25:18 540231 dinov2 helpers.py:102] Training  [ 5030/10000]  eta: 0:08:25  lr: 0.0009 (0.0014)  wd: 0.2211 (0.1061)  mom: 0.9960 (0.9935)  last_layer_lr: 0.0009 (0.0014)  current_batch_size: 32.0000 (32.0000)  total_loss: 5.0210 (5.1507)  dino_local_crops_loss: 4.3130 (4.3046)  dino_global_crops_loss: 0.5391 (0.5381)  ibot_loss: 0.1690 (0.3081)  time: 0.092379  data: 0.000691  max mem: 3809
I20260720 21:25:18 540231 dinov2 helpers.py:102] Training  [ 5040/10000]  eta: 0:08:23  lr: 0.0009 (0.0014)  wd: 0.2217 (0.1063)  mom: 0.9960 (0.9935)  last_layer_lr: 0.0009 (0.0014)  current_batch_size: 32.0000 (32.0000)  total_loss: 5.0187 (5.1505)  dino_local_crops_loss: 4.3130 (4.3046)  dino_global_crops_loss: 0.5391 (0.5381)  ibot_loss: 0.1667 (0.3078)  time: 0.089227  data: 0.000498  max mem: 3809
I20260720 21:25:19 540231 dinov2 helpers.py:102] Training  [ 5050/10000]  eta: 0:08:22  lr: 0.0009 (0.0014)  wd: 0.2223 (0.1066)  mom: 0.9961 (0.9935)  last_layer_lr: 0.0009 (0.0014)  current_batch_size: 32.0000 (32.0000)  total_loss: 5.0279 (5.1503)  dino_local_crops_loss: 4.3130 (4.3046)  dino_global_crops_loss: 0.5391 (0.5381)  ibot_loss: 0.1758 (0.3076)  time: 0.087776  data: 0.000425  max mem: 3809
I20260720 21:25:20 540231 dinov2 helpers.py:102] Training  [ 5060/10000]  eta: 0:08:21  lr: 0.0009 (0.0014)  wd: 0.2228 (0.1068)  mom: 0.9961 (0.9935)  last_layer_lr: 0.0009 (0.0014)  current_batch_size: 32.0000 (32.0000)  total_loss: 5.0279 (5.1500)  dino_local_crops_loss: 4.3130 (4.3046)  dino_global_crops_loss: 0.5391 (0.5381)  ibot_loss: 0.1758 (0.3073)  time: 0.087246  data: 0.000439  max mem: 3809
I20260720 21:25:21 540231 dinov2 helpers.py:102] Training  [ 5070/10000]  eta: 0:08:20  lr: 0.0009 (0.0014)  wd: 0.2234 (0.1070)  mom: 0.9961 (0.9935)  last_layer_lr: 0.0009 (0.0014)  current_batch_size: 32.0000 (32.0000)  total_loss: 5.0221 (5.1497)  dino_local_crops_loss: 4.3130 (4.3046)  dino_global_crops_loss: 0.5391 (0.5381)  ibot_loss: 0.1701 (0.3070)  time: 0.086049  data: 0.000391  max mem: 3809
I20260720 21:25:22 540231 dinov2 helpers.py:102] Training  [ 5080/10000]  eta: 0:08:19  lr: 0.0009 (0.0014)  wd: 0.2240 (0.1073)  mom: 0.9961 (0.9935)  last_layer_lr: 0.0009 (0.0014)  current_batch_size: 32.0000 (32.0000)  total_loss: 5.0221 (5.1495)  dino_local_crops_loss: 4.3129 (4.3047)  dino_global_crops_loss: 0.5391 (0.5381)  ibot_loss: 0.1701 (0.3067)  time: 0.084027  data: 0.000406  max mem: 3809
I20260720 21:25:23 540231 dinov2 helpers.py:102] Training  [ 5090/10000]  eta: 0:08:18  lr: 0.0009 (0.0014)  wd: 0.2245 (0.1075)  mom: 0.9961 (0.9935)  last_layer_lr: 0.0009 (0.0014)  current_batch_size: 32.0000 (32.0000)  total_loss: 5.0217 (5.1492)  dino_local_crops_loss: 4.3130 (4.3047)  dino_global_crops_loss: 0.5391 (0.5381)  ibot_loss: 0.1696 (0.3065)  time: 0.086207  data: 0.000360  max mem: 3809
I20260720 21:25:24 540231 fvcore.common.checkpoint __init__.py:109] Saving checkpoint to /sci/labs/arieljaffe/dan.abergel1/runs/brain/overfit1/model_0005099.rank_0.pth
I20260720 21:25:26 540231 dinov2 helpers.py:102] Training  [ 5100/10000]  eta: 0:08:18  lr: 0.0009 (0.0014)  wd: 0.2251 (0.1077)  mom: 0.9961 (0.9935)  last_layer_lr: 0.0009 (0.0014)  current_batch_size: 32.0000 (32.0000)  total_loss: 5.0126 (5.1490)  dino_local_crops_loss: 4.3130 (4.3047)  dino_global_crops_loss: 0.5391 (0.5381)  ibot_loss: 0.1605 (0.3062)  time: 0.183647  data: 0.000338  max mem: 3809
I20260720 21:25:26 540231 dinov2 helpers.py:102] Training  [ 5110/10000]  eta: 0:08:17  lr: 0.0009 (0.0014)  wd: 0.2257 (0.1079)  mom: 0.9961 (0.9935)  last_layer_lr: 0.0009 (0.0014)  current_batch_size: 32.0000 (32.0000)  total_loss: 5.0140 (5.1487)  dino_local_crops_loss: 4.3130 (4.3047)  dino_global_crops_loss: 0.5391 (0.5381)  ibot_loss: 0.1619 (0.3059)  time: 0.177583  data: 0.000527  max mem: 3809
I20260720 21:25:27 540231 dinov2 helpers.py:102] Training  [ 5120/10000]  eta: 0:08:16  lr: 0.0009 (0.0014)  wd: 0.2262 (0.1082)  mom: 0.9961 (0.9935)  last_layer_lr: 0.0009 (0.0014)  current_batch_size: 32.0000 (32.0000)  total_loss: 5.0120 (5.1484)  dino_local_crops_loss: 4.3130 (4.3047)  dino_global_crops_loss: 0.5391 (0.5381)  ibot_loss: 0.1599 (0.3056)  time: 0.084924  data: 0.000698  max mem: 3809
I20260720 21:25:28 540231 dinov2 helpers.py:102] Training  [ 5130/10000]  eta: 0:08:15  lr: 0.0009 (0.0014)  wd: 0.2268 (0.1084)  mom: 0.9962 (0.9935)  last_layer_lr: 0.0009 (0.0014)  current_batch_size: 32.0000 (32.0000)  total_loss: 5.0145 (5.1482)  dino_local_crops_loss: 4.3130 (4.3047)  dino_global_crops_loss: 0.5391 (0.5381)  ibot_loss: 0.1623 (0.3054)  time: 0.087232  data: 0.000512  max mem: 3809
I20260720 21:25:29 540231 dinov2 helpers.py:102] Training  [ 5140/10000]  eta: 0:08:14  lr: 0.0009 (0.0014)  wd: 0.2273 (0.1086)  mom: 0.9962 (0.9935)  last_layer_lr: 0.0009 (0.0014)  current_batch_size: 32.0000 (32.0000)  total_loss: 5.0258 (5.1480)  dino_local_crops_loss: 4.3130 (4.3047)  dino_global_crops_loss: 0.5391 (0.5381)  ibot_loss: 0.1738 (0.3051)  time: 0.089816  data: 0.000430  max mem: 3809
I20260720 21:25:30 540231 dinov2 helpers.py:102] Training  [ 5150/10000]  eta: 0:08:12  lr: 0.0009 (0.0014)  wd: 0.2279 (0.1089)  mom: 0.9962 (0.9935)  last_layer_lr: 0.0009 (0.0014)  current_batch_size: 32.0000 (32.0000)  total_loss: 5.0222 (5.1477)  dino_local_crops_loss: 4.3129 (4.3048)  dino_global_crops_loss: 0.5391 (0.5381)  ibot_loss: 0.1702 (0.3048)  time: 0.091716  data: 0.000443  max mem: 3809
I20260720 21:25:31 540231 dinov2 helpers.py:102] Training  [ 5160/10000]  eta: 0:08:11  lr: 0.0009 (0.0014)  wd: 0.2285 (0.1091)  mom: 0.9962 (0.9935)  last_layer_lr: 0.0009 (0.0014)  current_batch_size: 32.0000 (32.0000)  total_loss: 5.0189 (5.1475)  dino_local_crops_loss: 4.3130 (4.3048)  dino_global_crops_loss: 0.5391 (0.5381)  ibot_loss: 0.1668 (0.3046)  time: 0.087515  data: 0.000371  max mem: 3809
I20260720 21:25:32 540231 dinov2 helpers.py:102] Training  [ 5170/10000]  eta: 0:08:10  lr: 0.0009 (0.0014)  wd: 0.2290 (0.1093)  mom: 0.9962 (0.9935)  last_layer_lr: 0.0009 (0.0014)  current_batch_size: 32.0000 (32.0000)  total_loss: 5.0182 (5.1472)  dino_local_crops_loss: 4.3130 (4.3048)  dino_global_crops_loss: 0.5391 (0.5381)  ibot_loss: 0.1660 (0.3043)  time: 0.090683  data: 0.000534  max mem: 3809
I20260720 21:25:33 540231 dinov2 helpers.py:102] Training  [ 5180/10000]  eta: 0:08:09  lr: 0.0009 (0.0014)  wd: 0.2296 (0.1096)  mom: 0.9962 (0.9935)  last_layer_lr: 0.0009 (0.0014)  current_batch_size: 32.0000 (32.0000)  total_loss: 5.0166 (5.1470)  dino_local_crops_loss: 4.3130 (4.3048)  dino_global_crops_loss: 0.5391 (0.5381)  ibot_loss: 0.1645 (0.3041)  time: 0.091380  data: 0.000693  max mem: 3809
I20260720 21:25:34 540231 dinov2 helpers.py:102] Training  [ 5190/10000]  eta: 0:08:08  lr: 0.0008 (0.0014)  wd: 0.2302 (0.1098)  mom: 0.9962 (0.9936)  last_layer_lr: 0.0008 (0.0014)  current_batch_size: 32.0000 (32.0000)  total_loss: 5.0034 (5.1467)  dino_local_crops_loss: 4.3130 (4.3048)  dino_global_crops_loss: 0.5391 (0.5381)  ibot_loss: 0.1513 (0.3038)  time: 0.093705  data: 0.000517  max mem: 3809
I20260720 21:25:35 540231 dinov2 helpers.py:102] Training  [ 5200/10000]  eta: 0:08:07  lr: 0.0008 (0.0014)  wd: 0.2307 (0.1100)  mom: 0.9962 (0.9936)  last_layer_lr: 0.0008 (0.0014)  current_batch_size: 32.0000 (32.0000)  total_loss: 4.9990 (5.1465)  dino_local_crops_loss: 4.3130 (4.3048)  dino_global_crops_loss: 0.5391 (0.5381)  ibot_loss: 0.1469 (0.3035)  time: 0.092688  data: 0.000361  max mem: 3809
I20260720 21:25:36 540231 dinov2 helpers.py:102] Training  [ 5210/10000]  eta: 0:08:06  lr: 0.0008 (0.0014)  wd: 0.2313 (0.1103)  mom: 0.9963 (0.9936)  last_layer_lr: 0.0008 (0.0014)  current_batch_size: 32.0000 (32.0000)  total_loss: 5.0093 (5.1462)  dino_local_crops_loss: 4.3130 (4.3049)  dino_global_crops_loss: 0.5391 (0.5381)  ibot_loss: 0.1572 (0.3032)  time: 0.086257  data: 0.000364  max mem: 3809
I20260720 21:25:36 540231 dinov2 helpers.py:102] Training  [ 5220/10000]  eta: 0:08:05  lr: 0.0008 (0.0014)  wd: 0.2319 (0.1105)  mom: 0.9963 (0.9936)  last_layer_lr: 0.0008 (0.0014)  current_batch_size: 32.0000 (32.0000)  total_loss: 5.0111 (5.1459)  dino_local_crops_loss: 4.3129 (4.3049)  dino_global_crops_loss: 0.5391 (0.5381)  ibot_loss: 0.1590 (0.3029)  time: 0.090007  data: 0.000352  max mem: 3809
I20260720 21:25:37 540231 dinov2 helpers.py:102] Training  [ 5230/10000]  eta: 0:08:04  lr: 0.0008 (0.0014)  wd: 0.2324 (0.1107)  mom: 0.9963 (0.9936)  last_layer_lr: 0.0008 (0.0014)  current_batch_size: 32.0000 (32.0000)  total_loss: 5.0126 (5.1457)  dino_local_crops_loss: 4.3129 (4.3049)  dino_global_crops_loss: 0.5391 (0.5381)  ibot_loss: 0.1605 (0.3027)  time: 0.091474  data: 0.000354  max mem: 3809
I20260720 21:25:38 540231 dinov2 helpers.py:102] Training  [ 5240/10000]  eta: 0:08:02  lr: 0.0008 (0.0014)  wd: 0.2330 (0.1110)  mom: 0.9963 (0.9936)  last_layer_lr: 0.0008 (0.0014)  current_batch_size: 32.0000 (32.0000)  total_loss: 5.0114 (5.1455)  dino_local_crops_loss: 4.3130 (4.3049)  dino_global_crops_loss: 0.5391 (0.5381)  ibot_loss: 0.1592 (0.3024)  time: 0.088283  data: 0.000348  max mem: 3809
I20260720 21:25:39 540231 dinov2 helpers.py:102] Training  [ 5250/10000]  eta: 0:08:01  lr: 0.0008 (0.0014)  wd: 0.2336 (0.1112)  mom: 0.9963 (0.9936)  last_layer_lr: 0.0008 (0.0014)  current_batch_size: 32.0000 (32.0000)  total_loss: 5.0114 (5.1452)  dino_local_crops_loss: 4.3130 (4.3049)  dino_global_crops_loss: 0.5391 (0.5381)  ibot_loss: 0.1592 (0.3022)  time: 0.086422  data: 0.000355  max mem: 3809
I20260720 21:25:40 540231 dinov2 helpers.py:102] Training  [ 5260/10000]  eta: 0:08:00  lr: 0.0008 (0.0014)  wd: 0.2341 (0.1114)  mom: 0.9963 (0.9936)  last_layer_lr: 0.0008 (0.0014)  current_batch_size: 32.0000 (32.0000)  total_loss: 5.0142 (5.1450)  dino_local_crops_loss: 4.3130 (4.3049)  dino_global_crops_loss: 0.5391 (0.5381)  ibot_loss: 0.1621 (0.3019)  time: 0.086898  data: 0.000354  max mem: 3809
I20260720 21:25:41 540231 dinov2 helpers.py:102] Training  [ 5270/10000]  eta: 0:07:59  lr: 0.0008 (0.0014)  wd: 0.2347 (0.1117)  mom: 0.9963 (0.9936)  last_layer_lr: 0.0008 (0.0014)  current_batch_size: 32.0000 (32.0000)  total_loss: 5.0187 (5.1447)  dino_local_crops_loss: 4.3130 (4.3050)  dino_global_crops_loss: 0.5391 (0.5381)  ibot_loss: 0.1666 (0.3016)  time: 0.090778  data: 0.000335  max mem: 3809
I20260720 21:25:42 540231 dinov2 helpers.py:102] Training  [ 5280/10000]  eta: 0:07:58  lr: 0.0008 (0.0014)  wd: 0.2352 (0.1119)  mom: 0.9963 (0.9936)  last_layer_lr: 0.0008 (0.0014)  current_batch_size: 32.0000 (32.0000)  total_loss: 5.0068 (5.1445)  dino_local_crops_loss: 4.3129 (4.3050)  dino_global_crops_loss: 0.5391 (0.5381)  ibot_loss: 0.1547 (0.3014)  time: 0.090751  data: 0.000402  max mem: 3809
I20260720 21:25:43 540231 dinov2 helpers.py:102] Training  [ 5290/10000]  eta: 0:07:57  lr: 0.0008 (0.0014)  wd: 0.2358 (0.1121)  mom: 0.9964 (0.9936)  last_layer_lr: 0.0008 (0.0014)  current_batch_size: 32.0000 (32.0000)  total_loss: 5.0141 (5.1442)  dino_local_crops_loss: 4.3129 (4.3050)  dino_global_crops_loss: 0.5391 (0.5381)  ibot_loss: 0.1621 (0.3011)  time: 0.092681  data: 0.000407  max mem: 3809
I20260720 21:25:44 540231 dinov2 helpers.py:102] Training  [ 5300/10000]  eta: 0:07:56  lr: 0.0008 (0.0014)  wd: 0.2364 (0.1124)  mom: 0.9964 (0.9936)  last_layer_lr: 0.0008 (0.0014)  current_batch_size: 32.0000 (32.0000)  total_loss: 5.0182 (5.1440)  dino_local_crops_loss: 4.3130 (4.3050)  dino_global_crops_loss: 0.5391 (0.5381)  ibot_loss: 0.1661 (0.3008)  time: 0.095358  data: 0.000345  max mem: 3809
I20260720 21:25:45 540231 dinov2 helpers.py:102] Training  [ 5310/10000]  eta: 0:07:55  lr: 0.0008 (0.0014)  wd: 0.2369 (0.1126)  mom: 0.9964 (0.9936)  last_layer_lr: 0.0008 (0.0014)  current_batch_size: 32.0000 (32.0000)  total_loss: 5.0105 (5.1437)  dino_local_crops_loss: 4.3130 (4.3050)  dino_global_crops_loss: 0.5391 (0.5381)  ibot_loss: 0.1584 (0.3006)  time: 0.101756  data: 0.000347  max mem: 3809
I20260720 21:25:46 540231 dinov2 helpers.py:102] Training  [ 5320/10000]  eta: 0:07:54  lr: 0.0008 (0.0014)  wd: 0.2375 (0.1128)  mom: 0.9964 (0.9936)  last_layer_lr: 0.0008 (0.0014)  current_batch_size: 32.0000 (32.0000)  total_loss: 5.0039 (5.1435)  dino_local_crops_loss: 4.3129 (4.3050)  dino_global_crops_loss: 0.5391 (0.5381)  ibot_loss: 0.1518 (0.3003)  time: 0.098567  data: 0.000371  max mem: 3809
I20260720 21:25:47 540231 dinov2 helpers.py:102] Training  [ 5330/10000]  eta: 0:07:53  lr: 0.0008 (0.0014)  wd: 0.2381 (0.1131)  mom: 0.9964 (0.9936)  last_layer_lr: 0.0008 (0.0014)  current_batch_size: 32.0000 (32.0000)  total_loss: 5.0037 (5.1432)  dino_local_crops_loss: 4.3130 (4.3050)  dino_global_crops_loss: 0.5391 (0.5381)  ibot_loss: 0.1516 (0.3000)  time: 0.089024  data: 0.000364  max mem: 3809
I20260720 21:25:48 540231 dinov2 helpers.py:102] Training  [ 5340/10000]  eta: 0:07:51  lr: 0.0008 (0.0014)  wd: 0.2386 (0.1133)  mom: 0.9964 (0.9936)  last_layer_lr: 0.0008 (0.0014)  current_batch_size: 32.0000 (32.0000)  total_loss: 5.0085 (5.1430)  dino_local_crops_loss: 4.3130 (4.3051)  dino_global_crops_loss: 0.5391 (0.5381)  ibot_loss: 0.1564 (0.2998)  time: 0.092297  data: 0.000352  max mem: 3809
I20260720 21:25:48 540231 dinov2 helpers.py:102] Training  [ 5350/10000]  eta: 0:07:50  lr: 0.0008 (0.0014)  wd: 0.2392 (0.1136)  mom: 0.9964 (0.9936)  last_layer_lr: 0.0008 (0.0014)  current_batch_size: 32.0000 (32.0000)  total_loss: 5.0142 (5.1427)  dino_local_crops_loss: 4.3129 (4.3051)  dino_global_crops_loss: 0.5391 (0.5381)  ibot_loss: 0.1622 (0.2995)  time: 0.092780  data: 0.000366  max mem: 3809
I20260720 21:25:49 540231 dinov2 helpers.py:102] Training  [ 5360/10000]  eta: 0:07:49  lr: 0.0008 (0.0014)  wd: 0.2398 (0.1138)  mom: 0.9964 (0.9936)  last_layer_lr: 0.0008 (0.0014)  current_batch_size: 32.0000 (32.0000)  total_loss: 5.0142 (5.1425)  dino_local_crops_loss: 4.3129 (4.3051)  dino_global_crops_loss: 0.5391 (0.5382)  ibot_loss: 0.1622 (0.2992)  time: 0.092167  data: 0.000538  max mem: 3809
I20260720 21:25:50 540231 dinov2 helpers.py:102] Training  [ 5370/10000]  eta: 0:07:48  lr: 0.0008 (0.0014)  wd: 0.2403 (0.1140)  mom: 0.9965 (0.9936)  last_layer_lr: 0.0008 (0.0014)  current_batch_size: 32.0000 (32.0000)  total_loss: 5.0107 (5.1422)  dino_local_crops_loss: 4.3130 (4.3051)  dino_global_crops_loss: 0.5391 (0.5382)  ibot_loss: 0.1587 (0.2990)  time: 0.094149  data: 0.000516  max mem: 3809
I20260720 21:25:51 540231 dinov2 helpers.py:102] Training  [ 5380/10000]  eta: 0:07:47  lr: 0.0008 (0.0014)  wd: 0.2409 (0.1143)  mom: 0.9965 (0.9937)  last_layer_lr: 0.0008 (0.0014)  current_batch_size: 32.0000 (32.0000)  total_loss: 5.0166 (5.1420)  dino_local_crops_loss: 4.3130 (4.3051)  dino_global_crops_loss: 0.5391 (0.5382)  ibot_loss: 0.1645 (0.2987)  time: 0.093240  data: 0.000498  max mem: 3809
I20260720 21:25:52 540231 dinov2 helpers.py:102] Training  [ 5390/10000]  eta: 0:07:46  lr: 0.0008 (0.0014)  wd: 0.2414 (0.1145)  mom: 0.9965 (0.9937)  last_layer_lr: 0.0008 (0.0014)  current_batch_size: 32.0000 (32.0000)  total_loss: 5.0250 (5.1418)  dino_local_crops_loss: 4.3130 (4.3051)  dino_global_crops_loss: 0.5391 (0.5382)  ibot_loss: 0.1730 (0.2985)  time: 0.093608  data: 0.000505  max mem: 3809
I20260720 21:25:53 540231 fvcore.common.checkpoint __init__.py:109] Saving checkpoint to /sci/labs/arieljaffe/dan.abergel1/runs/brain/overfit1/model_0005399.rank_0.pth
I20260720 21:25:55 540231 dinov2 helpers.py:102] Training  [ 5400/10000]  eta: 0:07:47  lr: 0.0008 (0.0014)  wd: 0.2420 (0.1147)  mom: 0.9965 (0.9937)  last_layer_lr: 0.0008 (0.0014)  current_batch_size: 32.0000 (32.0000)  total_loss: 5.0256 (5.1416)  dino_local_crops_loss: 4.3130 (4.3051)  dino_global_crops_loss: 0.5391 (0.5382)  ibot_loss: 0.1735 (0.2983)  time: 0.184441  data: 0.000326  max mem: 3809
I20260720 21:25:56 540231 dinov2 helpers.py:102] Training  [ 5410/10000]  eta: 0:07:45  lr: 0.0008 (0.0014)  wd: 0.2426 (0.1150)  mom: 0.9965 (0.9937)  last_layer_lr: 0.0008 (0.0014)  current_batch_size: 32.0000 (32.0000)  total_loss: 5.0246 (5.1414)  dino_local_crops_loss: 4.3129 (4.3052)  dino_global_crops_loss: 0.5391 (0.5382)  ibot_loss: 0.1726 (0.2980)  time: 0.176939  data: 0.000298  max mem: 3809
I20260720 21:25:57 540231 dinov2 helpers.py:102] Training  [ 5420/10000]  eta: 0:07:44  lr: 0.0008 (0.0014)  wd: 0.2431 (0.1152)  mom: 0.9965 (0.9937)  last_layer_lr: 0.0008 (0.0014)  current_batch_size: 32.0000 (32.0000)  total_loss: 5.0167 (5.1411)  dino_local_crops_loss: 4.3129 (4.3052)  dino_global_crops_loss: 0.5391 (0.5382)  ibot_loss: 0.1647 (0.2978)  time: 0.087945  data: 0.000315  max mem: 3809
I20260720 21:25:58 540231 dinov2 helpers.py:102] Training  [ 5430/10000]  eta: 0:07:43  lr: 0.0008 (0.0014)  wd: 0.2437 (0.1154)  mom: 0.9965 (0.9937)  last_layer_lr: 0.0008 (0.0014)  current_batch_size: 32.0000 (32.0000)  total_loss: 5.0118 (5.1409)  dino_local_crops_loss: 4.3130 (4.3052)  dino_global_crops_loss: 0.5391 (0.5382)  ibot_loss: 0.1597 (0.2976)  time: 0.093466  data: 0.000525  max mem: 3809
I20260720 21:25:59 540231 dinov2 helpers.py:102] Training  [ 5440/10000]  eta: 0:07:42  lr: 0.0008 (0.0014)  wd: 0.2442 (0.1157)  mom: 0.9965 (0.9937)  last_layer_lr: 0.0008 (0.0014)  current_batch_size: 32.0000 (32.0000)  total_loss: 5.0118 (5.1407)  dino_local_crops_loss: 4.3130 (4.3052)  dino_global_crops_loss: 0.5391 (0.5382)  ibot_loss: 0.1597 (0.2973)  time: 0.091384  data: 0.000510  max mem: 3809
I20260720 21:26:00 540231 dinov2 helpers.py:102] Training  [ 5450/10000]  eta: 0:07:41  lr: 0.0008 (0.0014)  wd: 0.2448 (0.1159)  mom: 0.9966 (0.9937)  last_layer_lr: 0.0008 (0.0014)  current_batch_size: 32.0000 (32.0000)  total_loss: 5.0067 (5.1404)  dino_local_crops_loss: 4.3129 (4.3052)  dino_global_crops_loss: 0.5391 (0.5382)  ibot_loss: 0.1547 (0.2971)  time: 0.093780  data: 0.000327  max mem: 3809
I20260720 21:26:00 540231 dinov2 helpers.py:102] Training  [ 5460/10000]  eta: 0:07:40  lr: 0.0008 (0.0014)  wd: 0.2454 (0.1162)  mom: 0.9966 (0.9937)  last_layer_lr: 0.0008 (0.0014)  current_batch_size: 32.0000 (32.0000)  total_loss: 5.0204 (5.1402)  dino_local_crops_loss: 4.3129 (4.3052)  dino_global_crops_loss: 0.5391 (0.5382)  ibot_loss: 0.1684 (0.2968)  time: 0.089762  data: 0.000348  max mem: 3809
I20260720 21:26:01 540231 dinov2 helpers.py:102] Training  [ 5470/10000]  eta: 0:07:39  lr: 0.0008 (0.0014)  wd: 0.2459 (0.1164)  mom: 0.9966 (0.9937)  last_layer_lr: 0.0008 (0.0014)  current_batch_size: 32.0000 (32.0000)  total_loss: 5.0218 (5.1400)  dino_local_crops_loss: 4.3130 (4.3052)  dino_global_crops_loss: 0.5391 (0.5382)  ibot_loss: 0.1697 (0.2966)  time: 0.084364  data: 0.000392  max mem: 3809
I20260720 21:26:02 540231 dinov2 helpers.py:102] Training  [ 5480/10000]  eta: 0:07:38  lr: 0.0008 (0.0014)  wd: 0.2465 (0.1166)  mom: 0.9966 (0.9937)  last_layer_lr: 0.0008 (0.0014)  current_batch_size: 32.0000 (32.0000)  total_loss: 5.0241 (5.1398)  dino_local_crops_loss: 4.3130 (4.3053)  dino_global_crops_loss: 0.5391 (0.5382)  ibot_loss: 0.1720 (0.2964)  time: 0.085459  data: 0.000360  max mem: 3809
I20260720 21:26:03 540231 dinov2 helpers.py:102] Training  [ 5490/10000]  eta: 0:07:37  lr: 0.0008 (0.0014)  wd: 0.2470 (0.1169)  mom: 0.9966 (0.9937)  last_layer_lr: 0.0008 (0.0014)  current_batch_size: 32.0000 (32.0000)  total_loss: 5.0106 (5.1396)  dino_local_crops_loss: 4.3130 (4.3053)  dino_global_crops_loss: 0.5391 (0.5382)  ibot_loss: 0.1584 (0.2961)  time: 0.094276  data: 0.000345  max mem: 3809
I20260720 21:26:04 540231 dinov2 helpers.py:102] Training  [ 5500/10000]  eta: 0:07:36  lr: 0.0008 (0.0014)  wd: 0.2476 (0.1171)  mom: 0.9966 (0.9937)  last_layer_lr: 0.0008 (0.0014)  current_batch_size: 32.0000 (32.0000)  total_loss: 5.0085 (5.1393)  dino_local_crops_loss: 4.3130 (4.3053)  dino_global_crops_loss: 0.5391 (0.5382)  ibot_loss: 0.1565 (0.2959)  time: 0.100880  data: 0.000688  max mem: 3809
I20260720 21:26:05 540231 dinov2 helpers.py:102] Training  [ 5510/10000]  eta: 0:07:34  lr: 0.0008 (0.0014)  wd: 0.2482 (0.1174)  mom: 0.9966 (0.9937)  last_layer_lr: 0.0008 (0.0014)  current_batch_size: 32.0000 (32.0000)  total_loss: 5.0180 (5.1391)  dino_local_crops_loss: 4.3130 (4.3053)  dino_global_crops_loss: 0.5391 (0.5382)  ibot_loss: 0.1659 (0.2957)  time: 0.094532  data: 0.000687  max mem: 3809
I20260720 21:26:06 540231 dinov2 helpers.py:102] Training  [ 5520/10000]  eta: 0:07:33  lr: 0.0008 (0.0014)  wd: 0.2487 (0.1176)  mom: 0.9966 (0.9937)  last_layer_lr: 0.0008 (0.0014)  current_batch_size: 32.0000 (32.0000)  total_loss: 5.0134 (5.1389)  dino_local_crops_loss: 4.3129 (4.3053)  dino_global_crops_loss: 0.5391 (0.5382)  ibot_loss: 0.1613 (0.2954)  time: 0.088348  data: 0.000372  max mem: 3809
I20260720 21:26:07 540231 dinov2 helpers.py:102] Training  [ 5530/10000]  eta: 0:07:32  lr: 0.0008 (0.0014)  wd: 0.2493 (0.1178)  mom: 0.9967 (0.9937)  last_layer_lr: 0.0008 (0.0014)  current_batch_size: 32.0000 (32.0000)  total_loss: 5.0186 (5.1387)  dino_local_crops_loss: 4.3130 (4.3053)  dino_global_crops_loss: 0.5391 (0.5382)  ibot_loss: 0.1666 (0.2952)  time: 0.091179  data: 0.000328  max mem: 3809
I20260720 21:26:08 540231 dinov2 helpers.py:102] Training  [ 5540/10000]  eta: 0:07:31  lr: 0.0008 (0.0014)  wd: 0.2498 (0.1181)  mom: 0.9967 (0.9937)  last_layer_lr: 0.0008 (0.0014)  current_batch_size: 32.0000 (32.0000)  total_loss: 5.0154 (5.1384)  dino_local_crops_loss: 4.3130 (4.3053)  dino_global_crops_loss: 0.5391 (0.5382)  ibot_loss: 0.1633 (0.2949)  time: 0.093492  data: 0.000531  max mem: 3809
I20260720 21:26:09 540231 dinov2 helpers.py:102] Training  [ 5550/10000]  eta: 0:07:30  lr: 0.0007 (0.0014)  wd: 0.2504 (0.1183)  mom: 0.9967 (0.9937)  last_layer_lr: 0.0007 (0.0014)  current_batch_size: 32.0000 (32.0000)  total_loss: 5.0043 (5.1382)  dino_local_crops_loss: 4.3130 (4.3054)  dino_global_crops_loss: 0.5391 (0.5382)  ibot_loss: 0.1523 (0.2947)  time: 0.094448  data: 0.000730  max mem: 3809
I20260720 21:26:10 540231 dinov2 helpers.py:102] Training  [ 5560/10000]  eta: 0:07:29  lr: 0.0007 (0.0014)  wd: 0.2509 (0.1185)  mom: 0.9967 (0.9937)  last_layer_lr: 0.0007 (0.0014)  current_batch_size: 32.0000 (32.0000)  total_loss: 5.0105 (5.1380)  dino_local_crops_loss: 4.3130 (4.3054)  dino_global_crops_loss: 0.5391 (0.5382)  ibot_loss: 0.1583 (0.2944)  time: 0.095140  data: 0.000693  max mem: 3809
I20260720 21:26:11 540231 dinov2 helpers.py:102] Training  [ 5570/10000]  eta: 0:07:28  lr: 0.0007 (0.0014)  wd: 0.2515 (0.1188)  mom: 0.9967 (0.9938)  last_layer_lr: 0.0007 (0.0014)  current_batch_size: 32.0000 (32.0000)  total_loss: 4.9999 (5.1377)  dino_local_crops_loss: 4.3130 (4.3054)  dino_global_crops_loss: 0.5391 (0.5382)  ibot_loss: 0.1478 (0.2942)  time: 0.091624  data: 0.000563  max mem: 3809
I20260720 21:26:12 540231 dinov2 helpers.py:102] Training  [ 5580/10000]  eta: 0:07:27  lr: 0.0007 (0.0014)  wd: 0.2521 (0.1190)  mom: 0.9967 (0.9938)  last_layer_lr: 0.0007 (0.0014)  current_batch_size: 32.0000 (32.0000)  total_loss: 5.0040 (5.1375)  dino_local_crops_loss: 4.3130 (4.3054)  dino_global_crops_loss: 0.5391 (0.5382)  ibot_loss: 0.1519 (0.2939)  time: 0.091864  data: 0.000383  max mem: 3809
I20260720 21:26:13 540231 dinov2 helpers.py:102] Training  [ 5590/10000]  eta: 0:07:26  lr: 0.0007 (0.0014)  wd: 0.2526 (0.1193)  mom: 0.9967 (0.9938)  last_layer_lr: 0.0007 (0.0014)  current_batch_size: 32.0000 (32.0000)  total_loss: 5.0036 (5.1373)  dino_local_crops_loss: 4.3130 (4.3054)  dino_global_crops_loss: 0.5391 (0.5382)  ibot_loss: 0.1515 (0.2937)  time: 0.097429  data: 0.000347  max mem: 3809
I20260720 21:26:13 540231 dinov2 helpers.py:102] Training  [ 5600/10000]  eta: 0:07:25  lr: 0.0007 (0.0014)  wd: 0.2532 (0.1195)  mom: 0.9967 (0.9938)  last_layer_lr: 0.0007 (0.0014)  current_batch_size: 32.0000 (32.0000)  total_loss: 4.9992 (5.1370)  dino_local_crops_loss: 4.3129 (4.3054)  dino_global_crops_loss: 0.5391 (0.5382)  ibot_loss: 0.1471 (0.2934)  time: 0.093512  data: 0.000352  max mem: 3809
I20260720 21:26:14 540231 dinov2 helpers.py:102] Training  [ 5610/10000]  eta: 0:07:24  lr: 0.0007 (0.0014)  wd: 0.2537 (0.1197)  mom: 0.9967 (0.9938)  last_layer_lr: 0.0007 (0.0014)  current_batch_size: 32.0000 (32.0000)  total_loss: 5.0035 (5.1368)  dino_local_crops_loss: 4.3130 (4.3054)  dino_global_crops_loss: 0.5391 (0.5382)  ibot_loss: 0.1514 (0.2932)  time: 0.084687  data: 0.000405  max mem: 3809
I20260720 21:26:15 540231 dinov2 helpers.py:102] Training  [ 5620/10000]  eta: 0:07:22  lr: 0.0007 (0.0014)  wd: 0.2543 (0.1200)  mom: 0.9968 (0.9938)  last_layer_lr: 0.0007 (0.0014)  current_batch_size: 32.0000 (32.0000)  total_loss: 5.0075 (5.1365)  dino_local_crops_loss: 4.3130 (4.3055)  dino_global_crops_loss: 0.5391 (0.5382)  ibot_loss: 0.1554 (0.2929)  time: 0.086114  data: 0.000401  max mem: 3809
I20260720 21:26:16 540231 dinov2 helpers.py:102] Training  [ 5630/10000]  eta: 0:07:21  lr: 0.0007 (0.0014)  wd: 0.2548 (0.1202)  mom: 0.9968 (0.9938)  last_layer_lr: 0.0007 (0.0014)  current_batch_size: 32.0000 (32.0000)  total_loss: 5.0086 (5.1363)  dino_local_crops_loss: 4.3129 (4.3055)  dino_global_crops_loss: 0.5391 (0.5382)  ibot_loss: 0.1565 (0.2927)  time: 0.089579  data: 0.000381  max mem: 3809
I20260720 21:26:17 540231 dinov2 helpers.py:102] Training  [ 5640/10000]  eta: 0:07:20  lr: 0.0007 (0.0014)  wd: 0.2554 (0.1205)  mom: 0.9968 (0.9938)  last_layer_lr: 0.0007 (0.0014)  current_batch_size: 32.0000 (32.0000)  total_loss: 5.0078 (5.1361)  dino_local_crops_loss: 4.3129 (4.3055)  dino_global_crops_loss: 0.5391 (0.5382)  ibot_loss: 0.1557 (0.2924)  time: 0.089499  data: 0.000374  max mem: 3809
I20260720 21:26:18 540231 dinov2 helpers.py:102] Training  [ 5650/10000]  eta: 0:07:19  lr: 0.0007 (0.0014)  wd: 0.2559 (0.1207)  mom: 0.9968 (0.9938)  last_layer_lr: 0.0007 (0.0014)  current_batch_size: 32.0000 (32.0000)  total_loss: 5.0078 (5.1358)  dino_local_crops_loss: 4.3130 (4.3055)  dino_global_crops_loss: 0.5391 (0.5382)  ibot_loss: 0.1557 (0.2922)  time: 0.085647  data: 0.000318  max mem: 3809
I20260720 21:26:19 540231 dinov2 helpers.py:102] Training  [ 5660/10000]  eta: 0:07:18  lr: 0.0007 (0.0014)  wd: 0.2565 (0.1209)  mom: 0.9968 (0.9938)  last_layer_lr: 0.0007 (0.0014)  current_batch_size: 32.0000 (32.0000)  total_loss: 5.0122 (5.1356)  dino_local_crops_loss: 4.3130 (4.3055)  dino_global_crops_loss: 0.5391 (0.5382)  ibot_loss: 0.1601 (0.2919)  time: 0.087954  data: 0.000360  max mem: 3809
I20260720 21:26:20 540231 dinov2 helpers.py:102] Training  [ 5670/10000]  eta: 0:07:17  lr: 0.0007 (0.0014)  wd: 0.2571 (0.1212)  mom: 0.9968 (0.9938)  last_layer_lr: 0.0007 (0.0014)  current_batch_size: 32.0000 (32.0000)  total_loss: 4.9974 (5.1354)  dino_local_crops_loss: 4.3129 (4.3055)  dino_global_crops_loss: 0.5391 (0.5382)  ibot_loss: 0.1453 (0.2916)  time: 0.090348  data: 0.000404  max mem: 3809
I20260720 21:26:21 540231 dinov2 helpers.py:102] Training  [ 5680/10000]  eta: 0:07:16  lr: 0.0007 (0.0014)  wd: 0.2576 (0.1214)  mom: 0.9968 (0.9938)  last_layer_lr: 0.0007 (0.0014)  current_batch_size: 32.0000 (32.0000)  total_loss: 4.9985 (5.1351)  dino_local_crops_loss: 4.3129 (4.3055)  dino_global_crops_loss: 0.5391 (0.5382)  ibot_loss: 0.1464 (0.2914)  time: 0.087347  data: 0.000363  max mem: 3809
I20260720 21:26:21 540231 dinov2 helpers.py:102] Training  [ 5690/10000]  eta: 0:07:15  lr: 0.0007 (0.0014)  wd: 0.2582 (0.1217)  mom: 0.9968 (0.9938)  last_layer_lr: 0.0007 (0.0014)  current_batch_size: 32.0000 (32.0000)  total_loss: 5.0026 (5.1349)  dino_local_crops_loss: 4.3130 (4.3055)  dino_global_crops_loss: 0.5391 (0.5382)  ibot_loss: 0.1506 (0.2911)  time: 0.086070  data: 0.000321  max mem: 3809
I20260720 21:26:22 540231 fvcore.common.checkpoint __init__.py:109] Saving checkpoint to /sci/labs/arieljaffe/dan.abergel1/runs/brain/overfit1/model_0005699.rank_0.pth
I20260720 21:26:24 540231 dinov2 helpers.py:102] Training  [ 5700/10000]  eta: 0:07:15  lr: 0.0007 (0.0014)  wd: 0.2587 (0.1219)  mom: 0.9969 (0.9938)  last_layer_lr: 0.0007 (0.0014)  current_batch_size: 32.0000 (32.0000)  total_loss: 5.0015 (5.1347)  dino_local_crops_loss: 4.3130 (4.3056)  dino_global_crops_loss: 0.5391 (0.5382)  ibot_loss: 0.1494 (0.2909)  time: 0.175389  data: 0.000347  max mem: 3809
I20260720 21:26:25 540231 dinov2 helpers.py:102] Training  [ 5710/10000]  eta: 0:07:14  lr: 0.0007 (0.0014)  wd: 0.2593 (0.1221)  mom: 0.9969 (0.9938)  last_layer_lr: 0.0007 (0.0014)  current_batch_size: 32.0000 (32.0000)  total_loss: 5.0107 (5.1344)  dino_local_crops_loss: 4.3130 (4.3056)  dino_global_crops_loss: 0.5391 (0.5382)  ibot_loss: 0.1586 (0.2907)  time: 0.172506  data: 0.000342  max mem: 3809
I20260720 21:26:26 540231 dinov2 helpers.py:102] Training  [ 5720/10000]  eta: 0:07:13  lr: 0.0007 (0.0014)  wd: 0.2598 (0.1224)  mom: 0.9969 (0.9938)  last_layer_lr: 0.0007 (0.0014)  current_batch_size: 32.0000 (32.0000)  total_loss: 5.0103 (5.1342)  dino_local_crops_loss: 4.3129 (4.3056)  dino_global_crops_loss: 0.5391 (0.5382)  ibot_loss: 0.1582 (0.2904)  time: 0.082588  data: 0.000563  max mem: 3809
I20260720 21:26:27 540231 dinov2 helpers.py:102] Training  [ 5730/10000]  eta: 0:07:11  lr: 0.0007 (0.0014)  wd: 0.2604 (0.1226)  mom: 0.9969 (0.9938)  last_layer_lr: 0.0007 (0.0014)  current_batch_size: 32.0000 (32.0000)  total_loss: 5.0002 (5.1340)  dino_local_crops_loss: 4.3130 (4.3056)  dino_global_crops_loss: 0.5391 (0.5382)  ibot_loss: 0.1482 (0.2902)  time: 0.084664  data: 0.000581  max mem: 3809
I20260720 21:26:27 540231 dinov2 helpers.py:102] Training  [ 5740/10000]  eta: 0:07:10  lr: 0.0007 (0.0014)  wd: 0.2609 (0.1229)  mom: 0.9969 (0.9938)  last_layer_lr: 0.0007 (0.0014)  current_batch_size: 32.0000 (32.0000)  total_loss: 4.9970 (5.1337)  dino_local_crops_loss: 4.3130 (4.3056)  dino_global_crops_loss: 0.5391 (0.5382)  ibot_loss: 0.1449 (0.2899)  time: 0.087351  data: 0.000489  max mem: 3809
I20260720 21:26:28 540231 dinov2 helpers.py:102] Training  [ 5750/10000]  eta: 0:07:09  lr: 0.0007 (0.0014)  wd: 0.2615 (0.1231)  mom: 0.9969 (0.9938)  last_layer_lr: 0.0007 (0.0014)  current_batch_size: 32.0000 (32.0000)  total_loss: 4.9961 (5.1335)  dino_local_crops_loss: 4.3130 (4.3056)  dino_global_crops_loss: 0.5391 (0.5382)  ibot_loss: 0.1439 (0.2897)  time: 0.094969  data: 0.000719  max mem: 3809
I20260720 21:26:29 540231 dinov2 helpers.py:102] Training  [ 5760/10000]  eta: 0:07:08  lr: 0.0007 (0.0014)  wd: 0.2620 (0.1234)  mom: 0.9969 (0.9939)  last_layer_lr: 0.0007 (0.0014)  current_batch_size: 32.0000 (32.0000)  total_loss: 4.9952 (5.1333)  dino_local_crops_loss: 4.3130 (4.3056)  dino_global_crops_loss: 0.5391 (0.5382)  ibot_loss: 0.1431 (0.2894)  time: 0.090764  data: 0.000609  max mem: 3809
I20260720 21:26:30 540231 dinov2 helpers.py:102] Training  [ 5770/10000]  eta: 0:07:07  lr: 0.0007 (0.0014)  wd: 0.2626 (0.1236)  mom: 0.9969 (0.9939)  last_layer_lr: 0.0007 (0.0014)  current_batch_size: 32.0000 (32.0000)  total_loss: 4.9948 (5.1330)  dino_local_crops_loss: 4.3130 (4.3056)  dino_global_crops_loss: 0.5391 (0.5382)  ibot_loss: 0.1428 (0.2892)  time: 0.083595  data: 0.000349  max mem: 3809
I20260720 21:26:31 540231 dinov2 helpers.py:102] Training  [ 5780/10000]  eta: 0:07:06  lr: 0.0007 (0.0014)  wd: 0.2631 (0.1238)  mom: 0.9970 (0.9939)  last_layer_lr: 0.0007 (0.0014)  current_batch_size: 32.0000 (32.0000)  total_loss: 5.0103 (5.1328)  dino_local_crops_loss: 4.3130 (4.3057)  dino_global_crops_loss: 0.5391 (0.5382)  ibot_loss: 0.1582 (0.2889)  time: 0.091565  data: 0.000450  max mem: 3809
I20260720 21:26:32 540231 dinov2 helpers.py:102] Training  [ 5790/10000]  eta: 0:07:05  lr: 0.0007 (0.0014)  wd: 0.2637 (0.1241)  mom: 0.9970 (0.9939)  last_layer_lr: 0.0007 (0.0014)  current_batch_size: 32.0000 (32.0000)  total_loss: 5.0071 (5.1326)  dino_local_crops_loss: 4.3130 (4.3057)  dino_global_crops_loss: 0.5391 (0.5382)  ibot_loss: 0.1549 (0.2887)  time: 0.090493  data: 0.000484  max mem: 3809
I20260720 21:26:33 540231 dinov2 helpers.py:102] Training  [ 5800/10000]  eta: 0:07:04  lr: 0.0007 (0.0014)  wd: 0.2642 (0.1243)  mom: 0.9970 (0.9939)  last_layer_lr: 0.0007 (0.0014)  current_batch_size: 32.0000 (32.0000)  total_loss: 5.0048 (5.1324)  dino_local_crops_loss: 4.3130 (4.3057)  dino_global_crops_loss: 0.5391 (0.5382)  ibot_loss: 0.1527 (0.2885)  time: 0.084174  data: 0.000345  max mem: 3809
I20260720 21:26:34 540231 dinov2 helpers.py:102] Training  [ 5810/10000]  eta: 0:07:03  lr: 0.0007 (0.0013)  wd: 0.2648 (0.1246)  mom: 0.9970 (0.9939)  last_layer_lr: 0.0007 (0.0013)  current_batch_size: 32.0000 (32.0000)  total_loss: 5.0000 (5.1321)  dino_local_crops_loss: 4.3130 (4.3057)  dino_global_crops_loss: 0.5391 (0.5382)  ibot_loss: 0.1478 (0.2882)  time: 0.085221  data: 0.000330  max mem: 3809
I20260720 21:26:35 540231 dinov2 helpers.py:102] Training  [ 5820/10000]  eta: 0:07:02  lr: 0.0007 (0.0013)  wd: 0.2653 (0.1248)  mom: 0.9970 (0.9939)  last_layer_lr: 0.0007 (0.0013)  current_batch_size: 32.0000 (32.0000)  total_loss: 4.9974 (5.1319)  dino_local_crops_loss: 4.3130 (4.3057)  dino_global_crops_loss: 0.5391 (0.5382)  ibot_loss: 0.1452 (0.2880)  time: 0.085965  data: 0.000346  max mem: 3809
I20260720 21:26:36 540231 dinov2 helpers.py:102] Training  [ 5830/10000]  eta: 0:07:01  lr: 0.0007 (0.0013)  wd: 0.2659 (0.1250)  mom: 0.9970 (0.9939)  last_layer_lr: 0.0007 (0.0013)  current_batch_size: 32.0000 (32.0000)  total_loss: 4.9943 (5.1317)  dino_local_crops_loss: 4.3130 (4.3057)  dino_global_crops_loss: 0.5391 (0.5382)  ibot_loss: 0.1423 (0.2877)  time: 0.096123  data: 0.000414  max mem: 3809
I20260720 21:26:37 540231 dinov2 helpers.py:102] Training  [ 5840/10000]  eta: 0:06:59  lr: 0.0007 (0.0013)  wd: 0.2664 (0.1253)  mom: 0.9970 (0.9939)  last_layer_lr: 0.0007 (0.0013)  current_batch_size: 32.0000 (32.0000)  total_loss: 5.0014 (5.1315)  dino_local_crops_loss: 4.3130 (4.3057)  dino_global_crops_loss: 0.5391 (0.5382)  ibot_loss: 0.1493 (0.2875)  time: 0.097140  data: 0.000396  max mem: 3809
I20260720 21:26:37 540231 dinov2 helpers.py:102] Training  [ 5850/10000]  eta: 0:06:58  lr: 0.0007 (0.0013)  wd: 0.2670 (0.1255)  mom: 0.9970 (0.9939)  last_layer_lr: 0.0007 (0.0013)  current_batch_size: 32.0000 (32.0000)  total_loss: 5.0004 (5.1313)  dino_local_crops_loss: 4.3130 (4.3057)  dino_global_crops_loss: 0.5391 (0.5382)  ibot_loss: 0.1484 (0.2873)  time: 0.088255  data: 0.000397  max mem: 3809
I20260720 21:26:38 540231 dinov2 helpers.py:102] Training  [ 5860/10000]  eta: 0:06:57  lr: 0.0007 (0.0013)  wd: 0.2675 (0.1258)  mom: 0.9971 (0.9939)  last_layer_lr: 0.0007 (0.0013)  current_batch_size: 32.0000 (32.0000)  total_loss: 5.0004 (5.1310)  dino_local_crops_loss: 4.3130 (4.3058)  dino_global_crops_loss: 0.5391 (0.5382)  ibot_loss: 0.1484 (0.2870)  time: 0.086793  data: 0.000417  max mem: 3809
I20260720 21:26:39 540231 dinov2 helpers.py:102] Training  [ 5870/10000]  eta: 0:06:56  lr: 0.0007 (0.0013)  wd: 0.2680 (0.1260)  mom: 0.9971 (0.9939)  last_layer_lr: 0.0007 (0.0013)  current_batch_size: 32.0000 (32.0000)  total_loss: 5.0005 (5.1308)  dino_local_crops_loss: 4.3130 (4.3058)  dino_global_crops_loss: 0.5391 (0.5382)  ibot_loss: 0.1484 (0.2868)  time: 0.087671  data: 0.000351  max mem: 3809
I20260720 21:26:40 540231 dinov2 helpers.py:102] Training  [ 5880/10000]  eta: 0:06:55  lr: 0.0007 (0.0013)  wd: 0.2686 (0.1263)  mom: 0.9971 (0.9939)  last_layer_lr: 0.0007 (0.0013)  current_batch_size: 32.0000 (32.0000)  total_loss: 4.9898 (5.1306)  dino_local_crops_loss: 4.3129 (4.3058)  dino_global_crops_loss: 0.5391 (0.5382)  ibot_loss: 0.1377 (0.2865)  time: 0.090406  data: 0.000351  max mem: 3809
I20260720 21:26:41 540231 dinov2 helpers.py:102] Training  [ 5890/10000]  eta: 0:06:54  lr: 0.0007 (0.0013)  wd: 0.2691 (0.1265)  mom: 0.9971 (0.9939)  last_layer_lr: 0.0007 (0.0013)  current_batch_size: 32.0000 (32.0000)  total_loss: 4.9882 (5.1303)  dino_local_crops_loss: 4.3129 (4.3058)  dino_global_crops_loss: 0.5391 (0.5382)  ibot_loss: 0.1361 (0.2863)  time: 0.087538  data: 0.000357  max mem: 3809
I20260720 21:26:42 540231 dinov2 helpers.py:102] Training  [ 5900/10000]  eta: 0:06:53  lr: 0.0007 (0.0013)  wd: 0.2697 (0.1267)  mom: 0.9971 (0.9939)  last_layer_lr: 0.0007 (0.0013)  current_batch_size: 32.0000 (32.0000)  total_loss: 4.9801 (5.1301)  dino_local_crops_loss: 4.3130 (4.3058)  dino_global_crops_loss: 0.5391 (0.5382)  ibot_loss: 0.1280 (0.2860)  time: 0.086580  data: 0.000354  max mem: 3809
I20260720 21:26:43 540231 dinov2 helpers.py:102] Training  [ 5910/10000]  eta: 0:06:52  lr: 0.0006 (0.0013)  wd: 0.2702 (0.1270)  mom: 0.9971 (0.9939)  last_layer_lr: 0.0006 (0.0013)  current_batch_size: 32.0000 (32.0000)  total_loss: 4.9936 (5.1298)  dino_local_crops_loss: 4.3129 (4.3058)  dino_global_crops_loss: 0.5391 (0.5382)  ibot_loss: 0.1415 (0.2858)  time: 0.091751  data: 0.000351  max mem: 3809
I20260720 21:26:44 540231 dinov2 helpers.py:102] Training  [ 5920/10000]  eta: 0:06:51  lr: 0.0006 (0.0013)  wd: 0.2708 (0.1272)  mom: 0.9971 (0.9939)  last_layer_lr: 0.0006 (0.0013)  current_batch_size: 32.0000 (32.0000)  total_loss: 5.0079 (5.1296)  dino_local_crops_loss: 4.3129 (4.3058)  dino_global_crops_loss: 0.5391 (0.5382)  ibot_loss: 0.1558 (0.2856)  time: 0.089719  data: 0.000314  max mem: 3809
I20260720 21:26:45 540231 dinov2 helpers.py:102] Training  [ 5930/10000]  eta: 0:06:50  lr: 0.0006 (0.0013)  wd: 0.2713 (0.1275)  mom: 0.9971 (0.9939)  last_layer_lr: 0.0006 (0.0013)  current_batch_size: 32.0000 (32.0000)  total_loss: 5.0079 (5.1294)  dino_local_crops_loss: 4.3130 (4.3058)  dino_global_crops_loss: 0.5391 (0.5382)  ibot_loss: 0.1558 (0.2853)  time: 0.085283  data: 0.000324  max mem: 3809
I20260720 21:26:45 540231 dinov2 helpers.py:102] Training  [ 5940/10000]  eta: 0:06:48  lr: 0.0006 (0.0013)  wd: 0.2718 (0.1277)  mom: 0.9972 (0.9939)  last_layer_lr: 0.0006 (0.0013)  current_batch_size: 32.0000 (32.0000)  total_loss: 4.9959 (5.1292)  dino_local_crops_loss: 4.3130 (4.3059)  dino_global_crops_loss: 0.5391 (0.5382)  ibot_loss: 0.1438 (0.2851)  time: 0.085093  data: 0.000372  max mem: 3809
I20260720 21:26:46 540231 dinov2 helpers.py:102] Training  [ 5950/10000]  eta: 0:06:47  lr: 0.0006 (0.0013)  wd: 0.2724 (0.1280)  mom: 0.9972 (0.9940)  last_layer_lr: 0.0006 (0.0013)  current_batch_size: 32.0000 (32.0000)  total_loss: 4.9964 (5.1290)  dino_local_crops_loss: 4.3130 (4.3059)  dino_global_crops_loss: 0.5391 (0.5382)  ibot_loss: 0.1443 (0.2849)  time: 0.088325  data: 0.000511  max mem: 3809
I20260720 21:26:47 540231 dinov2 helpers.py:102] Training  [ 5960/10000]  eta: 0:06:46  lr: 0.0006 (0.0013)  wd: 0.2729 (0.1282)  mom: 0.9972 (0.9940)  last_layer_lr: 0.0006 (0.0013)  current_batch_size: 32.0000 (32.0000)  total_loss: 4.9981 (5.1288)  dino_local_crops_loss: 4.3130 (4.3059)  dino_global_crops_loss: 0.5391 (0.5382)  ibot_loss: 0.1460 (0.2846)  time: 0.090894  data: 0.000471  max mem: 3809
I20260720 21:26:48 540231 dinov2 helpers.py:102] Training  [ 5970/10000]  eta: 0:06:45  lr: 0.0006 (0.0013)  wd: 0.2735 (0.1285)  mom: 0.9972 (0.9940)  last_layer_lr: 0.0006 (0.0013)  current_batch_size: 32.0000 (32.0000)  total_loss: 4.9995 (5.1286)  dino_local_crops_loss: 4.3130 (4.3059)  dino_global_crops_loss: 0.5391 (0.5383)  ibot_loss: 0.1475 (0.2844)  time: 0.094522  data: 0.000318  max mem: 3809
I20260720 21:26:49 540231 dinov2 helpers.py:102] Training  [ 5980/10000]  eta: 0:06:44  lr: 0.0006 (0.0013)  wd: 0.2740 (0.1287)  mom: 0.9972 (0.9940)  last_layer_lr: 0.0006 (0.0013)  current_batch_size: 32.0000 (32.0000)  total_loss: 4.9995 (5.1284)  dino_local_crops_loss: 4.3130 (4.3059)  dino_global_crops_loss: 0.5391 (0.5383)  ibot_loss: 0.1475 (0.2842)  time: 0.091006  data: 0.000323  max mem: 3809
I20260720 21:26:50 540231 dinov2 helpers.py:102] Training  [ 5990/10000]  eta: 0:06:43  lr: 0.0006 (0.0013)  wd: 0.2745 (0.1289)  mom: 0.9972 (0.9940)  last_layer_lr: 0.0006 (0.0013)  current_batch_size: 32.0000 (32.0000)  total_loss: 5.0008 (5.1282)  dino_local_crops_loss: 4.3129 (4.3059)  dino_global_crops_loss: 0.5391 (0.5383)  ibot_loss: 0.1487 (0.2840)  time: 0.086006  data: 0.000329  max mem: 3809
I20260720 21:26:51 540231 fvcore.common.checkpoint __init__.py:109] Saving checkpoint to /sci/labs/arieljaffe/dan.abergel1/runs/brain/overfit1/model_0005999.rank_0.pth
I20260720 21:26:53 540231 dinov2 helpers.py:102] Training  [ 6000/10000]  eta: 0:06:43  lr: 0.0006 (0.0013)  wd: 0.2751 (0.1292)  mom: 0.9972 (0.9940)  last_layer_lr: 0.0006 (0.0013)  current_batch_size: 32.0000 (32.0000)  total_loss: 4.9950 (5.1279)  dino_local_crops_loss: 4.3129 (4.3059)  dino_global_crops_loss: 0.5391 (0.5383)  ibot_loss: 0.1429 (0.2837)  time: 0.175956  data: 0.000357  max mem: 3809
I20260720 21:26:53 540231 dinov2 helpers.py:102] Training  [ 6010/10000]  eta: 0:06:42  lr: 0.0006 (0.0013)  wd: 0.2756 (0.1294)  mom: 0.9972 (0.9940)  last_layer_lr: 0.0006 (0.0013)  current_batch_size: 32.0000 (32.0000)  total_loss: 4.9933 (5.1277)  dino_local_crops_loss: 4.3129 (4.3059)  dino_global_crops_loss: 0.5391 (0.5383)  ibot_loss: 0.1413 (0.2835)  time: 0.170705  data: 0.000320  max mem: 3809
I20260720 21:26:54 540231 dinov2 helpers.py:102] Training  [ 6020/10000]  eta: 0:06:41  lr: 0.0006 (0.0013)  wd: 0.2762 (0.1297)  mom: 0.9972 (0.9940)  last_layer_lr: 0.0006 (0.0013)  current_batch_size: 32.0000 (32.0000)  total_loss: 5.0069 (5.1275)  dino_local_crops_loss: 4.3130 (4.3059)  dino_global_crops_loss: 0.5391 (0.5383)  ibot_loss: 0.1548 (0.2833)  time: 0.083750  data: 0.000292  max mem: 3809
I20260720 21:26:55 540231 dinov2 helpers.py:102] Training  [ 6030/10000]  eta: 0:06:40  lr: 0.0006 (0.0013)  wd: 0.2767 (0.1299)  mom: 0.9973 (0.9940)  last_layer_lr: 0.0006 (0.0013)  current_batch_size: 32.0000 (32.0000)  total_loss: 5.0050 (5.1273)  dino_local_crops_loss: 4.3130 (4.3060)  dino_global_crops_loss: 0.5391 (0.5383)  ibot_loss: 0.1529 (0.2831)  time: 0.091122  data: 0.000331  max mem: 3809
I20260720 21:26:56 540231 dinov2 helpers.py:102] Training  [ 6040/10000]  eta: 0:06:39  lr: 0.0006 (0.0013)  wd: 0.2772 (0.1302)  mom: 0.9973 (0.9940)  last_layer_lr: 0.0006 (0.0013)  current_batch_size: 32.0000 (32.0000)  total_loss: 4.9893 (5.1271)  dino_local_crops_loss: 4.3130 (4.3060)  dino_global_crops_loss: 0.5391 (0.5383)  ibot_loss: 0.1373 (0.2829)  time: 0.089647  data: 0.000344  max mem: 3809
I20260720 21:26:57 540231 dinov2 helpers.py:102] Training  [ 6050/10000]  eta: 0:06:38  lr: 0.0006 (0.0013)  wd: 0.2778 (0.1304)  mom: 0.9973 (0.9940)  last_layer_lr: 0.0006 (0.0013)  current_batch_size: 32.0000 (32.0000)  total_loss: 4.9905 (5.1269)  dino_local_crops_loss: 4.3129 (4.3060)  dino_global_crops_loss: 0.5391 (0.5383)  ibot_loss: 0.1385 (0.2826)  time: 0.086160  data: 0.000339  max mem: 3809
I20260720 21:26:58 540231 dinov2 helpers.py:102] Training  [ 6060/10000]  eta: 0:06:37  lr: 0.0006 (0.0013)  wd: 0.2783 (0.1307)  mom: 0.9973 (0.9940)  last_layer_lr: 0.0006 (0.0013)  current_batch_size: 32.0000 (32.0000)  total_loss: 4.9919 (5.1267)  dino_local_crops_loss: 4.3129 (4.3060)  dino_global_crops_loss: 0.5391 (0.5383)  ibot_loss: 0.1398 (0.2824)  time: 0.086784  data: 0.000500  max mem: 3809
I20260720 21:26:59 540231 dinov2 helpers.py:102] Training  [ 6070/10000]  eta: 0:06:35  lr: 0.0006 (0.0013)  wd: 0.2788 (0.1309)  mom: 0.9973 (0.9940)  last_layer_lr: 0.0006 (0.0013)  current_batch_size: 32.0000 (32.0000)  total_loss: 5.0106 (5.1265)  dino_local_crops_loss: 4.3129 (4.3060)  dino_global_crops_loss: 0.5391 (0.5383)  ibot_loss: 0.1585 (0.2822)  time: 0.087681  data: 0.000496  max mem: 3809
I20260720 21:27:00 540231 dinov2 helpers.py:102] Training  [ 6080/10000]  eta: 0:06:34  lr: 0.0006 (0.0013)  wd: 0.2794 (0.1311)  mom: 0.9973 (0.9940)  last_layer_lr: 0.0006 (0.0013)  current_batch_size: 32.0000 (32.0000)  total_loss: 5.0084 (5.1263)  dino_local_crops_loss: 4.3130 (4.3060)  dino_global_crops_loss: 0.5391 (0.5383)  ibot_loss: 0.1563 (0.2820)  time: 0.087494  data: 0.000494  max mem: 3809
I20260720 21:27:00 540231 dinov2 helpers.py:102] Training  [ 6090/10000]  eta: 0:06:33  lr: 0.0006 (0.0013)  wd: 0.2799 (0.1314)  mom: 0.9973 (0.9940)  last_layer_lr: 0.0006 (0.0013)  current_batch_size: 32.0000 (32.0000)  total_loss: 4.9979 (5.1260)  dino_local_crops_loss: 4.3130 (4.3060)  dino_global_crops_loss: 0.5391 (0.5383)  ibot_loss: 0.1459 (0.2817)  time: 0.089377  data: 0.000505  max mem: 3809
I20260720 21:27:01 540231 dinov2 helpers.py:102] Training  [ 6100/10000]  eta: 0:06:32  lr: 0.0006 (0.0013)  wd: 0.2804 (0.1316)  mom: 0.9973 (0.9940)  last_layer_lr: 0.0006 (0.0013)  current_batch_size: 32.0000 (32.0000)  total_loss: 5.0061 (5.1259)  dino_local_crops_loss: 4.3130 (4.3060)  dino_global_crops_loss: 0.5391 (0.5383)  ibot_loss: 0.1540 (0.2816)  time: 0.089519  data: 0.000365  max mem: 3809
I20260720 21:27:02 540231 dinov2 helpers.py:102] Training  [ 6110/10000]  eta: 0:06:31  lr: 0.0006 (0.0013)  wd: 0.2810 (0.1319)  mom: 0.9974 (0.9940)  last_layer_lr: 0.0006 (0.0013)  current_batch_size: 32.0000 (32.0000)  total_loss: 5.0098 (5.1257)  dino_local_crops_loss: 4.3130 (4.3061)  dino_global_crops_loss: 0.5391 (0.5383)  ibot_loss: 0.1577 (0.2814)  time: 0.085957  data: 0.000383  max mem: 3809
I20260720 21:27:03 540231 dinov2 helpers.py:102] Training  [ 6120/10000]  eta: 0:06:30  lr: 0.0006 (0.0013)  wd: 0.2815 (0.1321)  mom: 0.9974 (0.9940)  last_layer_lr: 0.0006 (0.0013)  current_batch_size: 32.0000 (32.0000)  total_loss: 4.9967 (5.1255)  dino_local_crops_loss: 4.3130 (4.3061)  dino_global_crops_loss: 0.5391 (0.5383)  ibot_loss: 0.1446 (0.2811)  time: 0.087518  data: 0.000601  max mem: 3809
I20260720 21:27:04 540231 dinov2 helpers.py:102] Training  [ 6130/10000]  eta: 0:06:29  lr: 0.0006 (0.0013)  wd: 0.2820 (0.1324)  mom: 0.9974 (0.9941)  last_layer_lr: 0.0006 (0.0013)  current_batch_size: 32.0000 (32.0000)  total_loss: 4.9956 (5.1253)  dino_local_crops_loss: 4.3129 (4.3061)  dino_global_crops_loss: 0.5391 (0.5383)  ibot_loss: 0.1435 (0.2809)  time: 0.087079  data: 0.000691  max mem: 3809
I20260720 21:27:05 540231 dinov2 helpers.py:102] Training  [ 6140/10000]  eta: 0:06:28  lr: 0.0006 (0.0013)  wd: 0.2826 (0.1326)  mom: 0.9974 (0.9941)  last_layer_lr: 0.0006 (0.0013)  current_batch_size: 32.0000 (32.0000)  total_loss: 5.0014 (5.1251)  dino_local_crops_loss: 4.3129 (4.3061)  dino_global_crops_loss: 0.5391 (0.5383)  ibot_loss: 0.1493 (0.2807)  time: 0.083222  data: 0.000540  max mem: 3809
I20260720 21:27:06 540231 dinov2 helpers.py:102] Training  [ 6150/10000]  eta: 0:06:27  lr: 0.0006 (0.0013)  wd: 0.2831 (0.1329)  mom: 0.9974 (0.9941)  last_layer_lr: 0.0006 (0.0013)  current_batch_size: 32.0000 (32.0000)  total_loss: 4.9957 (5.1249)  dino_local_crops_loss: 4.3129 (4.3061)  dino_global_crops_loss: 0.5391 (0.5383)  ibot_loss: 0.1437 (0.2805)  time: 0.086168  data: 0.000482  max mem: 3809
I20260720 21:27:07 540231 dinov2 helpers.py:102] Training  [ 6160/10000]  eta: 0:06:26  lr: 0.0006 (0.0013)  wd: 0.2836 (0.1331)  mom: 0.9974 (0.9941)  last_layer_lr: 0.0006 (0.0013)  current_batch_size: 32.0000 (32.0000)  total_loss: 4.9957 (5.1247)  dino_local_crops_loss: 4.3130 (4.3061)  dino_global_crops_loss: 0.5391 (0.5383)  ibot_loss: 0.1437 (0.2803)  time: 0.091433  data: 0.000592  max mem: 3809
I20260720 21:27:07 540231 dinov2 helpers.py:102] Training  [ 6170/10000]  eta: 0:06:25  lr: 0.0006 (0.0013)  wd: 0.2842 (0.1333)  mom: 0.9974 (0.9941)  last_layer_lr: 0.0006 (0.0013)  current_batch_size: 32.0000 (32.0000)  total_loss: 5.0030 (5.1245)  dino_local_crops_loss: 4.3130 (4.3061)  dino_global_crops_loss: 0.5391 (0.5383)  ibot_loss: 0.1509 (0.2801)  time: 0.088947  data: 0.000557  max mem: 3809
I20260720 21:27:08 540231 dinov2 helpers.py:102] Training  [ 6180/10000]  eta: 0:06:23  lr: 0.0006 (0.0013)  wd: 0.2847 (0.1336)  mom: 0.9974 (0.9941)  last_layer_lr: 0.0006 (0.0013)  current_batch_size: 32.0000 (32.0000)  total_loss: 5.0028 (5.1243)  dino_local_crops_loss: 4.3130 (4.3061)  dino_global_crops_loss: 0.5391 (0.5383)  ibot_loss: 0.1508 (0.2799)  time: 0.086431  data: 0.000463  max mem: 3809
I20260720 21:27:09 540231 dinov2 helpers.py:102] Training  [ 6190/10000]  eta: 0:06:22  lr: 0.0006 (0.0013)  wd: 0.2852 (0.1338)  mom: 0.9974 (0.9941)  last_layer_lr: 0.0006 (0.0013)  current_batch_size: 32.0000 (32.0000)  total_loss: 5.0028 (5.1241)  dino_local_crops_loss: 4.3129 (4.3061)  dino_global_crops_loss: 0.5391 (0.5383)  ibot_loss: 0.1508 (0.2796)  time: 0.089532  data: 0.000459  max mem: 3809
I20260720 21:27:10 540231 dinov2 helpers.py:102] Training  [ 6200/10000]  eta: 0:06:21  lr: 0.0006 (0.0013)  wd: 0.2857 (0.1341)  mom: 0.9975 (0.9941)  last_layer_lr: 0.0006 (0.0013)  current_batch_size: 32.0000 (32.0000)  total_loss: 5.0060 (5.1239)  dino_local_crops_loss: 4.3130 (4.3062)  dino_global_crops_loss: 0.5391 (0.5383)  ibot_loss: 0.1539 (0.2794)  time: 0.087584  data: 0.000368  max mem: 3809
I20260720 21:27:11 540231 dinov2 helpers.py:102] Training  [ 6210/10000]  eta: 0:06:20  lr: 0.0006 (0.0013)  wd: 0.2863 (0.1343)  mom: 0.9975 (0.9941)  last_layer_lr: 0.0006 (0.0013)  current_batch_size: 32.0000 (32.0000)  total_loss: 5.0123 (5.1237)  dino_local_crops_loss: 4.3130 (4.3062)  dino_global_crops_loss: 0.5391 (0.5383)  ibot_loss: 0.1602 (0.2793)  time: 0.087616  data: 0.000344  max mem: 3809
I20260720 21:27:12 540231 dinov2 helpers.py:102] Training  [ 6220/10000]  eta: 0:06:19  lr: 0.0006 (0.0013)  wd: 0.2868 (0.1346)  mom: 0.9975 (0.9941)  last_layer_lr: 0.0006 (0.0013)  current_batch_size: 32.0000 (32.0000)  total_loss: 5.0122 (5.1235)  dino_local_crops_loss: 4.3129 (4.3062)  dino_global_crops_loss: 0.5391 (0.5383)  ibot_loss: 0.1601 (0.2791)  time: 0.090381  data: 0.000336  max mem: 3809
I20260720 21:27:13 540231 dinov2 helpers.py:102] Training  [ 6230/10000]  eta: 0:06:18  lr: 0.0006 (0.0013)  wd: 0.2873 (0.1348)  mom: 0.9975 (0.9941)  last_layer_lr: 0.0006 (0.0013)  current_batch_size: 32.0000 (32.0000)  total_loss: 5.0070 (5.1233)  dino_local_crops_loss: 4.3129 (4.3062)  dino_global_crops_loss: 0.5391 (0.5383)  ibot_loss: 0.1550 (0.2789)  time: 0.090951  data: 0.000360  max mem: 3809
I20260720 21:27:14 540231 dinov2 helpers.py:102] Training  [ 6240/10000]  eta: 0:06:17  lr: 0.0006 (0.0013)  wd: 0.2878 (0.1351)  mom: 0.9975 (0.9941)  last_layer_lr: 0.0006 (0.0013)  current_batch_size: 32.0000 (32.0000)  total_loss: 5.0014 (5.1232)  dino_local_crops_loss: 4.3129 (4.3062)  dino_global_crops_loss: 0.5391 (0.5383)  ibot_loss: 0.1494 (0.2787)  time: 0.089040  data: 0.000350  max mem: 3809
I20260720 21:27:15 540231 dinov2 helpers.py:102] Training  [ 6250/10000]  eta: 0:06:16  lr: 0.0006 (0.0013)  wd: 0.2884 (0.1353)  mom: 0.9975 (0.9941)  last_layer_lr: 0.0006 (0.0013)  current_batch_size: 32.0000 (32.0000)  total_loss: 5.0024 (5.1230)  dino_local_crops_loss: 4.3129 (4.3062)  dino_global_crops_loss: 0.5391 (0.5383)  ibot_loss: 0.1503 (0.2785)  time: 0.084203  data: 0.000331  max mem: 3809
I20260720 21:27:15 540231 dinov2 helpers.py:102] Training  [ 6260/10000]  eta: 0:06:15  lr: 0.0006 (0.0013)  wd: 0.2889 (0.1356)  mom: 0.9975 (0.9941)  last_layer_lr: 0.0006 (0.0013)  current_batch_size: 32.0000 (32.0000)  total_loss: 5.0024 (5.1228)  dino_local_crops_loss: 4.3129 (4.3062)  dino_global_crops_loss: 0.5391 (0.5383)  ibot_loss: 0.1503 (0.2783)  time: 0.083913  data: 0.000354  max mem: 3809
I20260720 21:27:16 540231 dinov2 helpers.py:102] Training  [ 6270/10000]  eta: 0:06:14  lr: 0.0006 (0.0013)  wd: 0.2894 (0.1358)  mom: 0.9975 (0.9941)  last_layer_lr: 0.0006 (0.0013)  current_batch_size: 32.0000 (32.0000)  total_loss: 5.0065 (5.1226)  dino_local_crops_loss: 4.3129 (4.3062)  dino_global_crops_loss: 0.5391 (0.5383)  ibot_loss: 0.1545 (0.2781)  time: 0.087258  data: 0.000364  max mem: 3809
I20260720 21:27:17 540231 dinov2 helpers.py:102] Training  [ 6280/10000]  eta: 0:06:13  lr: 0.0006 (0.0013)  wd: 0.2899 (0.1360)  mom: 0.9976 (0.9941)  last_layer_lr: 0.0006 (0.0013)  current_batch_size: 32.0000 (32.0000)  total_loss: 5.0128 (5.1224)  dino_local_crops_loss: 4.3130 (4.3062)  dino_global_crops_loss: 0.5391 (0.5383)  ibot_loss: 0.1607 (0.2779)  time: 0.088262  data: 0.000332  max mem: 3809
I20260720 21:27:18 540231 dinov2 helpers.py:102] Training  [ 6290/10000]  eta: 0:06:12  lr: 0.0005 (0.0013)  wd: 0.2904 (0.1363)  mom: 0.9976 (0.9941)  last_layer_lr: 0.0005 (0.0013)  current_batch_size: 32.0000 (32.0000)  total_loss: 5.0096 (5.1223)  dino_local_crops_loss: 4.3129 (4.3063)  dino_global_crops_loss: 0.5391 (0.5383)  ibot_loss: 0.1575 (0.2777)  time: 0.086694  data: 0.000331  max mem: 3809
I20260720 21:27:19 540231 fvcore.common.checkpoint __init__.py:109] Saving checkpoint to /sci/labs/arieljaffe/dan.abergel1/runs/brain/overfit1/model_0006299.rank_0.pth
I20260720 21:27:21 540231 dinov2 helpers.py:102] Training  [ 6300/10000]  eta: 0:06:12  lr: 0.0005 (0.0013)  wd: 0.2910 (0.1365)  mom: 0.9976 (0.9941)  last_layer_lr: 0.0005 (0.0013)  current_batch_size: 32.0000 (32.0000)  total_loss: 5.0074 (5.1221)  dino_local_crops_loss: 4.3130 (4.3063)  dino_global_crops_loss: 0.5391 (0.5383)  ibot_loss: 0.1553 (0.2775)  time: 0.172887  data: 0.000630  max mem: 3809
I20260720 21:27:22 540231 dinov2 helpers.py:102] Training  [ 6310/10000]  eta: 0:06:10  lr: 0.0005 (0.0013)  wd: 0.2915 (0.1368)  mom: 0.9976 (0.9942)  last_layer_lr: 0.0005 (0.0013)  current_batch_size: 32.0000 (32.0000)  total_loss: 5.0079 (5.1219)  dino_local_crops_loss: 4.3129 (4.3063)  dino_global_crops_loss: 0.5391 (0.5383)  ibot_loss: 0.1558 (0.2774)  time: 0.168815  data: 0.000612  max mem: 3809
I20260720 21:27:22 540231 dinov2 helpers.py:102] Training  [ 6320/10000]  eta: 0:06:09  lr: 0.0005 (0.0013)  wd: 0.2920 (0.1370)  mom: 0.9976 (0.9942)  last_layer_lr: 0.0005 (0.0013)  current_batch_size: 32.0000 (32.0000)  total_loss: 5.0098 (5.1217)  dino_local_crops_loss: 4.3129 (4.3063)  dino_global_crops_loss: 0.5391 (0.5383)  ibot_loss: 0.1578 (0.2772)  time: 0.081726  data: 0.000291  max mem: 3809
I20260720 21:27:23 540231 dinov2 helpers.py:102] Training  [ 6330/10000]  eta: 0:06:08  lr: 0.0005 (0.0013)  wd: 0.2925 (0.1373)  mom: 0.9976 (0.9942)  last_layer_lr: 0.0005 (0.0013)  current_batch_size: 32.0000 (32.0000)  total_loss: 5.0130 (5.1216)  dino_local_crops_loss: 4.3129 (4.3063)  dino_global_crops_loss: 0.5391 (0.5383)  ibot_loss: 0.1609 (0.2770)  time: 0.085976  data: 0.000292  max mem: 3809
I20260720 21:27:24 540231 dinov2 helpers.py:102] Training  [ 6340/10000]  eta: 0:06:07  lr: 0.0005 (0.0013)  wd: 0.2930 (0.1375)  mom: 0.9976 (0.9942)  last_layer_lr: 0.0005 (0.0013)  current_batch_size: 32.0000 (32.0000)  total_loss: 5.0341 (5.1215)  dino_local_crops_loss: 4.3129 (4.3063)  dino_global_crops_loss: 0.5391 (0.5383)  ibot_loss: 0.1821 (0.2769)  time: 0.084340  data: 0.000321  max mem: 3809
I20260720 21:27:25 540231 dinov2 helpers.py:102] Training  [ 6350/10000]  eta: 0:06:06  lr: 0.0005 (0.0013)  wd: 0.2936 (0.1378)  mom: 0.9976 (0.9942)  last_layer_lr: 0.0005 (0.0013)  current_batch_size: 32.0000 (32.0000)  total_loss: 5.0243 (5.1213)  dino_local_crops_loss: 4.3129 (4.3063)  dino_global_crops_loss: 0.5391 (0.5383)  ibot_loss: 0.1722 (0.2767)  time: 0.086908  data: 0.000331  max mem: 3809
I20260720 21:27:26 540231 dinov2 helpers.py:102] Training  [ 6360/10000]  eta: 0:06:05  lr: 0.0005 (0.0013)  wd: 0.2941 (0.1380)  mom: 0.9976 (0.9942)  last_layer_lr: 0.0005 (0.0013)  current_batch_size: 32.0000 (32.0000)  total_loss: 5.0098 (5.1211)  dino_local_crops_loss: 4.3130 (4.3063)  dino_global_crops_loss: 0.5391 (0.5383)  ibot_loss: 0.1577 (0.2765)  time: 0.092027  data: 0.000540  max mem: 3809
I20260720 21:27:27 540231 dinov2 helpers.py:102] Training  [ 6370/10000]  eta: 0:06:04  lr: 0.0005 (0.0013)  wd: 0.2946 (0.1383)  mom: 0.9977 (0.9942)  last_layer_lr: 0.0005 (0.0013)  current_batch_size: 32.0000 (32.0000)  total_loss: 5.0120 (5.1209)  dino_local_crops_loss: 4.3130 (4.3063)  dino_global_crops_loss: 0.5391 (0.5383)  ibot_loss: 0.1599 (0.2763)  time: 0.090057  data: 0.000539  max mem: 3809
I20260720 21:27:28 540231 dinov2 helpers.py:102] Training  [ 6380/10000]  eta: 0:06:03  lr: 0.0005 (0.0013)  wd: 0.2951 (0.1385)  mom: 0.9977 (0.9942)  last_layer_lr: 0.0005 (0.0013)  current_batch_size: 32.0000 (32.0000)  total_loss: 5.0104 (5.1208)  dino_local_crops_loss: 4.3129 (4.3063)  dino_global_crops_loss: 0.5391 (0.5383)  ibot_loss: 0.1583 (0.2761)  time: 0.087580  data: 0.000441  max mem: 3809
I20260720 21:27:29 540231 dinov2 helpers.py:102] Training  [ 6390/10000]  eta: 0:06:02  lr: 0.0005 (0.0013)  wd: 0.2956 (0.1388)  mom: 0.9977 (0.9942)  last_layer_lr: 0.0005 (0.0013)  current_batch_size: 32.0000 (32.0000)  total_loss: 5.0124 (5.1206)  dino_local_crops_loss: 4.3129 (4.3064)  dino_global_crops_loss: 0.5391 (0.5383)  ibot_loss: 0.1603 (0.2759)  time: 0.086543  data: 0.000441  max mem: 3809
I20260720 21:27:29 540231 dinov2 helpers.py:102] Training  [ 6400/10000]  eta: 0:06:01  lr: 0.0005 (0.0013)  wd: 0.2961 (0.1390)  mom: 0.9977 (0.9942)  last_layer_lr: 0.0005 (0.0013)  current_batch_size: 32.0000 (32.0000)  total_loss: 5.0161 (5.1204)  dino_local_crops_loss: 4.3129 (4.3064)  dino_global_crops_loss: 0.5391 (0.5383)  ibot_loss: 0.1640 (0.2758)  time: 0.085635  data: 0.000331  max mem: 3809
I20260720 21:27:30 540231 dinov2 helpers.py:102] Training  [ 6410/10000]  eta: 0:06:00  lr: 0.0005 (0.0013)  wd: 0.2966 (0.1392)  mom: 0.9977 (0.9942)  last_layer_lr: 0.0005 (0.0013)  current_batch_size: 32.0000 (32.0000)  total_loss: 5.0177 (5.1203)  dino_local_crops_loss: 4.3129 (4.3064)  dino_global_crops_loss: 0.5391 (0.5383)  ibot_loss: 0.1657 (0.2756)  time: 0.089158  data: 0.000337  max mem: 3809
I20260720 21:27:31 540231 dinov2 helpers.py:102] Training  [ 6420/10000]  eta: 0:05:59  lr: 0.0005 (0.0013)  wd: 0.2972 (0.1395)  mom: 0.9977 (0.9942)  last_layer_lr: 0.0005 (0.0013)  current_batch_size: 32.0000 (32.0000)  total_loss: 5.0177 (5.1201)  dino_local_crops_loss: 4.3129 (4.3064)  dino_global_crops_loss: 0.5391 (0.5383)  ibot_loss: 0.1657 (0.2754)  time: 0.093388  data: 0.000360  max mem: 3809
I20260720 21:27:32 540231 dinov2 helpers.py:102] Training  [ 6430/10000]  eta: 0:05:58  lr: 0.0005 (0.0013)  wd: 0.2977 (0.1397)  mom: 0.9977 (0.9942)  last_layer_lr: 0.0005 (0.0013)  current_batch_size: 32.0000 (32.0000)  total_loss: 5.0177 (5.1200)  dino_local_crops_loss: 4.3129 (4.3064)  dino_global_crops_loss: 0.5391 (0.5383)  ibot_loss: 0.1657 (0.2752)  time: 0.095821  data: 0.000355  max mem: 3809
I20260720 21:27:33 540231 dinov2 helpers.py:102] Training  [ 6440/10000]  eta: 0:05:57  lr: 0.0005 (0.0013)  wd: 0.2982 (0.1400)  mom: 0.9977 (0.9942)  last_layer_lr: 0.0005 (0.0013)  current_batch_size: 32.0000 (32.0000)  total_loss: 5.0184 (5.1198)  dino_local_crops_loss: 4.3129 (4.3064)  dino_global_crops_loss: 0.5391 (0.5383)  ibot_loss: 0.1664 (0.2751)  time: 0.095727  data: 0.000349  max mem: 3809
I20260720 21:27:34 540231 dinov2 helpers.py:102] Training  [ 6450/10000]  eta: 0:05:55  lr: 0.0005 (0.0013)  wd: 0.2987 (0.1402)  mom: 0.9977 (0.9942)  last_layer_lr: 0.0005 (0.0013)  current_batch_size: 32.0000 (32.0000)  total_loss: 5.0114 (5.1196)  dino_local_crops_loss: 4.3129 (4.3064)  dino_global_crops_loss: 0.5391 (0.5383)  ibot_loss: 0.1593 (0.2749)  time: 0.092362  data: 0.000665  max mem: 3809
I20260720 21:27:35 540231 dinov2 helpers.py:102] Training  [ 6460/10000]  eta: 0:05:54  lr: 0.0005 (0.0013)  wd: 0.2992 (0.1405)  mom: 0.9978 (0.9942)  last_layer_lr: 0.0005 (0.0013)  current_batch_size: 32.0000 (32.0000)  total_loss: 5.0213 (5.1195)  dino_local_crops_loss: 4.3129 (4.3064)  dino_global_crops_loss: 0.5391 (0.5383)  ibot_loss: 0.1692 (0.2747)  time: 0.094290  data: 0.000655  max mem: 3809
I20260720 21:27:36 540231 dinov2 helpers.py:102] Training  [ 6470/10000]  eta: 0:05:53  lr: 0.0005 (0.0013)  wd: 0.2997 (0.1407)  mom: 0.9978 (0.9942)  last_layer_lr: 0.0005 (0.0013)  current_batch_size: 32.0000 (32.0000)  total_loss: 5.0244 (5.1193)  dino_local_crops_loss: 4.3129 (4.3064)  dino_global_crops_loss: 0.5391 (0.5383)  ibot_loss: 0.1723 (0.2746)  time: 0.092587  data: 0.000419  max mem: 3809
I20260720 21:27:37 540231 dinov2 helpers.py:102] Training  [ 6480/10000]  eta: 0:05:52  lr: 0.0005 (0.0013)  wd: 0.3002 (0.1410)  mom: 0.9978 (0.9942)  last_layer_lr: 0.0005 (0.0013)  current_batch_size: 32.0000 (32.0000)  total_loss: 5.0189 (5.1192)  dino_local_crops_loss: 4.3129 (4.3064)  dino_global_crops_loss: 0.5391 (0.5383)  ibot_loss: 0.1668 (0.2744)  time: 0.089000  data: 0.000457  max mem: 3809
I20260720 21:27:38 540231 dinov2 helpers.py:102] Training  [ 6490/10000]  eta: 0:05:51  lr: 0.0005 (0.0013)  wd: 0.3007 (0.1412)  mom: 0.9978 (0.9942)  last_layer_lr: 0.0005 (0.0013)  current_batch_size: 32.0000 (32.0000)  total_loss: 5.0189 (5.1190)  dino_local_crops_loss: 4.3129 (4.3065)  dino_global_crops_loss: 0.5391 (0.5383)  ibot_loss: 0.1668 (0.2742)  time: 0.090324  data: 0.000377  max mem: 3809
I20260720 21:27:39 540231 dinov2 helpers.py:102] Training  [ 6500/10000]  eta: 0:05:50  lr: 0.0005 (0.0013)  wd: 0.3012 (0.1415)  mom: 0.9978 (0.9943)  last_layer_lr: 0.0005 (0.0013)  current_batch_size: 32.0000 (32.0000)  total_loss: 5.0163 (5.1189)  dino_local_crops_loss: 4.3130 (4.3065)  dino_global_crops_loss: 0.5391 (0.5383)  ibot_loss: 0.1642 (0.2741)  time: 0.088220  data: 0.000368  max mem: 3809
I20260720 21:27:40 540231 dinov2 helpers.py:102] Training  [ 6510/10000]  eta: 0:05:49  lr: 0.0005 (0.0013)  wd: 0.3017 (0.1417)  mom: 0.9978 (0.9943)  last_layer_lr: 0.0005 (0.0013)  current_batch_size: 32.0000 (32.0000)  total_loss: 5.0151 (5.1187)  dino_local_crops_loss: 4.3129 (4.3065)  dino_global_crops_loss: 0.5391 (0.5383)  ibot_loss: 0.1631 (0.2739)  time: 0.086392  data: 0.000366  max mem: 3809
I20260720 21:27:40 540231 dinov2 helpers.py:102] Training  [ 6520/10000]  eta: 0:05:48  lr: 0.0005 (0.0013)  wd: 0.3022 (0.1420)  mom: 0.9978 (0.9943)  last_layer_lr: 0.0005 (0.0013)  current_batch_size: 32.0000 (32.0000)  total_loss: 5.0151 (5.1185)  dino_local_crops_loss: 4.3129 (4.3065)  dino_global_crops_loss: 0.5391 (0.5383)  ibot_loss: 0.1631 (0.2737)  time: 0.088706  data: 0.000314  max mem: 3809
I20260720 21:27:41 540231 dinov2 helpers.py:102] Training  [ 6530/10000]  eta: 0:05:47  lr: 0.0005 (0.0013)  wd: 0.3027 (0.1422)  mom: 0.9978 (0.9943)  last_layer_lr: 0.0005 (0.0013)  current_batch_size: 32.0000 (32.0000)  total_loss: 5.0191 (5.1184)  dino_local_crops_loss: 4.3129 (4.3065)  dino_global_crops_loss: 0.5391 (0.5383)  ibot_loss: 0.1671 (0.2736)  time: 0.088302  data: 0.000299  max mem: 3809
I20260720 21:27:42 540231 dinov2 helpers.py:102] Training  [ 6540/10000]  eta: 0:05:46  lr: 0.0005 (0.0013)  wd: 0.3032 (0.1425)  mom: 0.9978 (0.9943)  last_layer_lr: 0.0005 (0.0013)  current_batch_size: 32.0000 (32.0000)  total_loss: 5.0136 (5.1182)  dino_local_crops_loss: 4.3129 (4.3065)  dino_global_crops_loss: 0.5391 (0.5383)  ibot_loss: 0.1617 (0.2734)  time: 0.089949  data: 0.000475  max mem: 3809
I20260720 21:27:43 540231 dinov2 helpers.py:102] Training  [ 6550/10000]  eta: 0:05:45  lr: 0.0005 (0.0013)  wd: 0.3037 (0.1427)  mom: 0.9979 (0.9943)  last_layer_lr: 0.0005 (0.0013)  current_batch_size: 32.0000 (32.0000)  total_loss: 5.0189 (5.1181)  dino_local_crops_loss: 4.3129 (4.3065)  dino_global_crops_loss: 0.5391 (0.5383)  ibot_loss: 0.1669 (0.2733)  time: 0.092722  data: 0.000519  max mem: 3809
I20260720 21:27:44 540231 dinov2 helpers.py:102] Training  [ 6560/10000]  eta: 0:05:44  lr: 0.0005 (0.0013)  wd: 0.3042 (0.1429)  mom: 0.9979 (0.9943)  last_layer_lr: 0.0005 (0.0013)  current_batch_size: 32.0000 (32.0000)  total_loss: 5.0228 (5.1179)  dino_local_crops_loss: 4.3129 (4.3065)  dino_global_crops_loss: 0.5391 (0.5383)  ibot_loss: 0.1707 (0.2731)  time: 0.090273  data: 0.000422  max mem: 3809
I20260720 21:27:45 540231 dinov2 helpers.py:102] Training  [ 6570/10000]  eta: 0:05:43  lr: 0.0005 (0.0013)  wd: 0.3047 (0.1432)  mom: 0.9979 (0.9943)  last_layer_lr: 0.0005 (0.0013)  current_batch_size: 32.0000 (32.0000)  total_loss: 5.0140 (5.1178)  dino_local_crops_loss: 4.3129 (4.3065)  dino_global_crops_loss: 0.5391 (0.5383)  ibot_loss: 0.1619 (0.2729)  time: 0.089002  data: 0.000386  max mem: 3809
I20260720 21:27:46 540231 dinov2 helpers.py:102] Training  [ 6580/10000]  eta: 0:05:42  lr: 0.0005 (0.0013)  wd: 0.3052 (0.1434)  mom: 0.9979 (0.9943)  last_layer_lr: 0.0005 (0.0013)  current_batch_size: 32.0000 (32.0000)  total_loss: 5.0165 (5.1176)  dino_local_crops_loss: 4.3129 (4.3065)  dino_global_crops_loss: 0.5391 (0.5383)  ibot_loss: 0.1644 (0.2728)  time: 0.089393  data: 0.000400  max mem: 3809
I20260720 21:27:47 540231 dinov2 helpers.py:102] Training  [ 6590/10000]  eta: 0:05:41  lr: 0.0005 (0.0013)  wd: 0.3057 (0.1437)  mom: 0.9979 (0.9943)  last_layer_lr: 0.0005 (0.0013)  current_batch_size: 32.0000 (32.0000)  total_loss: 5.0076 (5.1175)  dino_local_crops_loss: 4.3129 (4.3066)  dino_global_crops_loss: 0.5391 (0.5383)  ibot_loss: 0.1555 (0.2726)  time: 0.087398  data: 0.000435  max mem: 3809
I20260720 21:27:48 540231 fvcore.common.checkpoint __init__.py:109] Saving checkpoint to /sci/labs/arieljaffe/dan.abergel1/runs/brain/overfit1/model_0006599.rank_0.pth
I20260720 21:27:50 540231 dinov2 helpers.py:102] Training  [ 6600/10000]  eta: 0:05:41  lr: 0.0005 (0.0013)  wd: 0.3062 (0.1439)  mom: 0.9979 (0.9943)  last_layer_lr: 0.0005 (0.0013)  current_batch_size: 32.0000 (32.0000)  total_loss: 5.0111 (5.1173)  dino_local_crops_loss: 4.3129 (4.3066)  dino_global_crops_loss: 0.5391 (0.5383)  ibot_loss: 0.1591 (0.2724)  time: 0.178248  data: 0.000582  max mem: 3809
I20260720 21:27:50 540231 dinov2 helpers.py:102] Training  [ 6610/10000]  eta: 0:05:39  lr: 0.0005 (0.0013)  wd: 0.3067 (0.1442)  mom: 0.9979 (0.9943)  last_layer_lr: 0.0005 (0.0013)  current_batch_size: 32.0000 (32.0000)  total_loss: 5.0171 (5.1172)  dino_local_crops_loss: 4.3129 (4.3066)  dino_global_crops_loss: 0.5391 (0.5383)  ibot_loss: 0.1650 (0.2723)  time: 0.178817  data: 0.000583  max mem: 3809
I20260720 21:27:51 540231 dinov2 helpers.py:102] Training  [ 6620/10000]  eta: 0:05:38  lr: 0.0005 (0.0013)  wd: 0.3072 (0.1444)  mom: 0.9979 (0.9943)  last_layer_lr: 0.0005 (0.0013)  current_batch_size: 32.0000 (32.0000)  total_loss: 5.0171 (5.1170)  dino_local_crops_loss: 4.3130 (4.3066)  dino_global_crops_loss: 0.5391 (0.5383)  ibot_loss: 0.1650 (0.2721)  time: 0.093813  data: 0.000357  max mem: 3809
I20260720 21:27:52 540231 dinov2 helpers.py:102] Training  [ 6630/10000]  eta: 0:05:37  lr: 0.0005 (0.0013)  wd: 0.3077 (0.1447)  mom: 0.9979 (0.9943)  last_layer_lr: 0.0005 (0.0013)  current_batch_size: 32.0000 (32.0000)  total_loss: 5.0133 (5.1169)  dino_local_crops_loss: 4.3129 (4.3066)  dino_global_crops_loss: 0.5391 (0.5383)  ibot_loss: 0.1612 (0.2719)  time: 0.093940  data: 0.000332  max mem: 3809
I20260720 21:27:53 540231 dinov2 helpers.py:102] Training  [ 6640/10000]  eta: 0:05:36  lr: 0.0005 (0.0013)  wd: 0.3082 (0.1449)  mom: 0.9980 (0.9943)  last_layer_lr: 0.0005 (0.0013)  current_batch_size: 32.0000 (32.0000)  total_loss: 5.0146 (5.1167)  dino_local_crops_loss: 4.3129 (4.3066)  dino_global_crops_loss: 0.5391 (0.5383)  ibot_loss: 0.1626 (0.2718)  time: 0.085540  data: 0.000344  max mem: 3809
I20260720 21:27:54 540231 dinov2 helpers.py:102] Training  [ 6650/10000]  eta: 0:05:35  lr: 0.0005 (0.0013)  wd: 0.3087 (0.1452)  mom: 0.9980 (0.9943)  last_layer_lr: 0.0005 (0.0013)  current_batch_size: 32.0000 (32.0000)  total_loss: 5.0204 (5.1166)  dino_local_crops_loss: 4.3129 (4.3066)  dino_global_crops_loss: 0.5391 (0.5383)  ibot_loss: 0.1683 (0.2716)  time: 0.087575  data: 0.000348  max mem: 3809
I20260720 21:27:55 540231 dinov2 helpers.py:102] Training  [ 6660/10000]  eta: 0:05:34  lr: 0.0005 (0.0012)  wd: 0.3092 (0.1454)  mom: 0.9980 (0.9943)  last_layer_lr: 0.0005 (0.0012)  current_batch_size: 32.0000 (32.0000)  total_loss: 5.0137 (5.1164)  dino_local_crops_loss: 4.3129 (4.3066)  dino_global_crops_loss: 0.5391 (0.5383)  ibot_loss: 0.1616 (0.2715)  time: 0.088042  data: 0.000442  max mem: 3809
I20260720 21:27:56 540231 dinov2 helpers.py:102] Training  [ 6670/10000]  eta: 0:05:33  lr: 0.0005 (0.0012)  wd: 0.3097 (0.1457)  mom: 0.9980 (0.9943)  last_layer_lr: 0.0005 (0.0012)  current_batch_size: 32.0000 (32.0000)  total_loss: 5.0191 (5.1163)  dino_local_crops_loss: 4.3129 (4.3066)  dino_global_crops_loss: 0.5391 (0.5383)  ibot_loss: 0.1669 (0.2713)  time: 0.088224  data: 0.000448  max mem: 3809
I20260720 21:27:57 540231 dinov2 helpers.py:102] Training  [ 6680/10000]  eta: 0:05:32  lr: 0.0004 (0.0012)  wd: 0.3102 (0.1459)  mom: 0.9980 (0.9944)  last_layer_lr: 0.0004 (0.0012)  current_batch_size: 32.0000 (32.0000)  total_loss: 5.0145 (5.1161)  dino_local_crops_loss: 4.3129 (4.3066)  dino_global_crops_loss: 0.5391 (0.5383)  ibot_loss: 0.1624 (0.2712)  time: 0.088134  data: 0.000339  max mem: 3809
I20260720 21:27:58 540231 dinov2 helpers.py:102] Training  [ 6690/10000]  eta: 0:05:31  lr: 0.0004 (0.0012)  wd: 0.3107 (0.1462)  mom: 0.9980 (0.9944)  last_layer_lr: 0.0004 (0.0012)  current_batch_size: 32.0000 (32.0000)  total_loss: 5.0120 (5.1160)  dino_local_crops_loss: 4.3129 (4.3067)  dino_global_crops_loss: 0.5391 (0.5383)  ibot_loss: 0.1599 (0.2710)  time: 0.087847  data: 0.000343  max mem: 3809
I20260720 21:27:58 540231 dinov2 helpers.py:102] Training  [ 6700/10000]  eta: 0:05:30  lr: 0.0004 (0.0012)  wd: 0.3111 (0.1464)  mom: 0.9980 (0.9944)  last_layer_lr: 0.0004 (0.0012)  current_batch_size: 32.0000 (32.0000)  total_loss: 5.0286 (5.1159)  dino_local_crops_loss: 4.3129 (4.3067)  dino_global_crops_loss: 0.5391 (0.5383)  ibot_loss: 0.1765 (0.2709)  time: 0.088735  data: 0.000358  max mem: 3809
I20260720 21:27:59 540231 dinov2 helpers.py:102] Training  [ 6710/10000]  eta: 0:05:29  lr: 0.0004 (0.0012)  wd: 0.3116 (0.1466)  mom: 0.9980 (0.9944)  last_layer_lr: 0.0004 (0.0012)  current_batch_size: 32.0000 (32.0000)  total_loss: 5.0179 (5.1157)  dino_local_crops_loss: 4.3129 (4.3067)  dino_global_crops_loss: 0.5391 (0.5383)  ibot_loss: 0.1658 (0.2707)  time: 0.086951  data: 0.000336  max mem: 3809
I20260720 21:28:00 540231 dinov2 helpers.py:102] Training  [ 6720/10000]  eta: 0:05:28  lr: 0.0004 (0.0012)  wd: 0.3121 (0.1469)  mom: 0.9980 (0.9944)  last_layer_lr: 0.0004 (0.0012)  current_batch_size: 32.0000 (32.0000)  total_loss: 5.0156 (5.1156)  dino_local_crops_loss: 4.3130 (4.3067)  dino_global_crops_loss: 0.5391 (0.5383)  ibot_loss: 0.1635 (0.2705)  time: 0.088490  data: 0.000348  max mem: 3809
I20260720 21:28:01 540231 dinov2 helpers.py:102] Training  [ 6730/10000]  eta: 0:05:27  lr: 0.0004 (0.0012)  wd: 0.3126 (0.1471)  mom: 0.9981 (0.9944)  last_layer_lr: 0.0004 (0.0012)  current_batch_size: 32.0000 (32.0000)  total_loss: 5.0171 (5.1154)  dino_local_crops_loss: 4.3130 (4.3067)  dino_global_crops_loss: 0.5391 (0.5383)  ibot_loss: 0.1650 (0.2704)  time: 0.087775  data: 0.000358  max mem: 3809
I20260720 21:28:02 540231 dinov2 helpers.py:102] Training  [ 6740/10000]  eta: 0:05:26  lr: 0.0004 (0.0012)  wd: 0.3131 (0.1474)  mom: 0.9981 (0.9944)  last_layer_lr: 0.0004 (0.0012)  current_batch_size: 32.0000 (32.0000)  total_loss: 5.0144 (5.1153)  dino_local_crops_loss: 4.3130 (4.3067)  dino_global_crops_loss: 0.5391 (0.5384)  ibot_loss: 0.1623 (0.2702)  time: 0.086505  data: 0.000363  max mem: 3809
I20260720 21:28:03 540231 dinov2 helpers.py:102] Training  [ 6750/10000]  eta: 0:05:25  lr: 0.0004 (0.0012)  wd: 0.3136 (0.1476)  mom: 0.9981 (0.9944)  last_layer_lr: 0.0004 (0.0012)  current_batch_size: 32.0000 (32.0000)  total_loss: 5.0123 (5.1151)  dino_local_crops_loss: 4.3129 (4.3067)  dino_global_crops_loss: 0.5391 (0.5384)  ibot_loss: 0.1602 (0.2701)  time: 0.085672  data: 0.000377  max mem: 3809
I20260720 21:28:04 540231 dinov2 helpers.py:102] Training  [ 6760/10000]  eta: 0:05:24  lr: 0.0004 (0.0012)  wd: 0.3140 (0.1479)  mom: 0.9981 (0.9944)  last_layer_lr: 0.0004 (0.0012)  current_batch_size: 32.0000 (32.0000)  total_loss: 5.0142 (5.1150)  dino_local_crops_loss: 4.3129 (4.3067)  dino_global_crops_loss: 0.5391 (0.5384)  ibot_loss: 0.1621 (0.2699)  time: 0.086444  data: 0.000356  max mem: 3809
I20260720 21:28:05 540231 dinov2 helpers.py:102] Training  [ 6770/10000]  eta: 0:05:22  lr: 0.0004 (0.0012)  wd: 0.3145 (0.1481)  mom: 0.9981 (0.9944)  last_layer_lr: 0.0004 (0.0012)  current_batch_size: 32.0000 (32.0000)  total_loss: 5.0109 (5.1148)  dino_local_crops_loss: 4.3129 (4.3067)  dino_global_crops_loss: 0.5391 (0.5384)  ibot_loss: 0.1589 (0.2698)  time: 0.089460  data: 0.000337  max mem: 3809
I20260720 21:28:06 540231 dinov2 helpers.py:102] Training  [ 6780/10000]  eta: 0:05:21  lr: 0.0004 (0.0012)  wd: 0.3150 (0.1484)  mom: 0.9981 (0.9944)  last_layer_lr: 0.0004 (0.0012)  current_batch_size: 32.0000 (32.0000)  total_loss: 5.0033 (5.1147)  dino_local_crops_loss: 4.3129 (4.3067)  dino_global_crops_loss: 0.5391 (0.5384)  ibot_loss: 0.1512 (0.2696)  time: 0.090562  data: 0.000360  max mem: 3809
I20260720 21:28:06 540231 dinov2 helpers.py:102] Training  [ 6790/10000]  eta: 0:05:20  lr: 0.0004 (0.0012)  wd: 0.3155 (0.1486)  mom: 0.9981 (0.9944)  last_layer_lr: 0.0004 (0.0012)  current_batch_size: 32.0000 (32.0000)  total_loss: 5.0049 (5.1146)  dino_local_crops_loss: 4.3129 (4.3067)  dino_global_crops_loss: 0.5391 (0.5384)  ibot_loss: 0.1529 (0.2695)  time: 0.088548  data: 0.000408  max mem: 3809
I20260720 21:28:07 540231 dinov2 helpers.py:102] Training  [ 6800/10000]  eta: 0:05:19  lr: 0.0004 (0.0012)  wd: 0.3160 (0.1489)  mom: 0.9981 (0.9944)  last_layer_lr: 0.0004 (0.0012)  current_batch_size: 32.0000 (32.0000)  total_loss: 5.0153 (5.1144)  dino_local_crops_loss: 4.3129 (4.3068)  dino_global_crops_loss: 0.5391 (0.5384)  ibot_loss: 0.1632 (0.2693)  time: 0.085510  data: 0.000397  max mem: 3809
I20260720 21:28:08 540231 dinov2 helpers.py:102] Training  [ 6810/10000]  eta: 0:05:18  lr: 0.0004 (0.0012)  wd: 0.3164 (0.1491)  mom: 0.9981 (0.9944)  last_layer_lr: 0.0004 (0.0012)  current_batch_size: 32.0000 (32.0000)  total_loss: 5.0236 (5.1143)  dino_local_crops_loss: 4.3129 (4.3068)  dino_global_crops_loss: 0.5391 (0.5384)  ibot_loss: 0.1716 (0.2692)  time: 0.084851  data: 0.000339  max mem: 3809
I20260720 21:28:09 540231 dinov2 helpers.py:102] Training  [ 6820/10000]  eta: 0:05:17  lr: 0.0004 (0.0012)  wd: 0.3169 (0.1494)  mom: 0.9982 (0.9944)  last_layer_lr: 0.0004 (0.0012)  current_batch_size: 32.0000 (32.0000)  total_loss: 5.0301 (5.1142)  dino_local_crops_loss: 4.3129 (4.3068)  dino_global_crops_loss: 0.5391 (0.5384)  ibot_loss: 0.1781 (0.2690)  time: 0.087494  data: 0.000417  max mem: 3809
I20260720 21:28:10 540231 dinov2 helpers.py:102] Training  [ 6830/10000]  eta: 0:05:16  lr: 0.0004 (0.0012)  wd: 0.3174 (0.1496)  mom: 0.9982 (0.9944)  last_layer_lr: 0.0004 (0.0012)  current_batch_size: 32.0000 (32.0000)  total_loss: 5.0183 (5.1140)  dino_local_crops_loss: 4.3129 (4.3068)  dino_global_crops_loss: 0.5391 (0.5384)  ibot_loss: 0.1662 (0.2689)  time: 0.089879  data: 0.000487  max mem: 3809
I20260720 21:28:11 540231 dinov2 helpers.py:102] Training  [ 6840/10000]  eta: 0:05:15  lr: 0.0004 (0.0012)  wd: 0.3179 (0.1498)  mom: 0.9982 (0.9944)  last_layer_lr: 0.0004 (0.0012)  current_batch_size: 32.0000 (32.0000)  total_loss: 5.0113 (5.1139)  dino_local_crops_loss: 4.3129 (4.3068)  dino_global_crops_loss: 0.5391 (0.5384)  ibot_loss: 0.1592 (0.2687)  time: 0.087099  data: 0.000394  max mem: 3809
I20260720 21:28:12 540231 dinov2 helpers.py:102] Training  [ 6850/10000]  eta: 0:05:14  lr: 0.0004 (0.0012)  wd: 0.3184 (0.1501)  mom: 0.9982 (0.9944)  last_layer_lr: 0.0004 (0.0012)  current_batch_size: 32.0000 (32.0000)  total_loss: 5.0111 (5.1137)  dino_local_crops_loss: 4.3129 (4.3068)  dino_global_crops_loss: 0.5391 (0.5384)  ibot_loss: 0.1590 (0.2686)  time: 0.086707  data: 0.000331  max mem: 3809
I20260720 21:28:13 540231 dinov2 helpers.py:102] Training  [ 6860/10000]  eta: 0:05:13  lr: 0.0004 (0.0012)  wd: 0.3188 (0.1503)  mom: 0.9982 (0.9945)  last_layer_lr: 0.0004 (0.0012)  current_batch_size: 32.0000 (32.0000)  total_loss: 5.0171 (5.1136)  dino_local_crops_loss: 4.3129 (4.3068)  dino_global_crops_loss: 0.5391 (0.5384)  ibot_loss: 0.1651 (0.2684)  time: 0.092250  data: 0.000579  max mem: 3809
I20260720 21:28:14 540231 dinov2 helpers.py:102] Training  [ 6870/10000]  eta: 0:05:12  lr: 0.0004 (0.0012)  wd: 0.3193 (0.1506)  mom: 0.9982 (0.9945)  last_layer_lr: 0.0004 (0.0012)  current_batch_size: 32.0000 (32.0000)  total_loss: 5.0127 (5.1134)  dino_local_crops_loss: 4.3129 (4.3068)  dino_global_crops_loss: 0.5391 (0.5384)  ibot_loss: 0.1607 (0.2683)  time: 0.094223  data: 0.000616  max mem: 3809
I20260720 21:28:14 540231 dinov2 helpers.py:102] Training  [ 6880/10000]  eta: 0:05:11  lr: 0.0004 (0.0012)  wd: 0.3198 (0.1508)  mom: 0.9982 (0.9945)  last_layer_lr: 0.0004 (0.0012)  current_batch_size: 32.0000 (32.0000)  total_loss: 5.0127 (5.1133)  dino_local_crops_loss: 4.3129 (4.3068)  dino_global_crops_loss: 0.5391 (0.5384)  ibot_loss: 0.1607 (0.2681)  time: 0.087118  data: 0.000376  max mem: 3809
I20260720 21:28:15 540231 dinov2 helpers.py:102] Training  [ 6890/10000]  eta: 0:05:10  lr: 0.0004 (0.0012)  wd: 0.3202 (0.1511)  mom: 0.9982 (0.9945)  last_layer_lr: 0.0004 (0.0012)  current_batch_size: 32.0000 (32.0000)  total_loss: 5.0211 (5.1132)  dino_local_crops_loss: 4.3130 (4.3068)  dino_global_crops_loss: 0.5391 (0.5384)  ibot_loss: 0.1691 (0.2680)  time: 0.087779  data: 0.000330  max mem: 3809
I20260720 21:28:16 540231 fvcore.common.checkpoint __init__.py:109] Saving checkpoint to /sci/labs/arieljaffe/dan.abergel1/runs/brain/overfit1/model_0006899.rank_0.pth
I20260720 21:28:18 540231 dinov2 helpers.py:102] Training  [ 6900/10000]  eta: 0:05:10  lr: 0.0004 (0.0012)  wd: 0.3207 (0.1513)  mom: 0.9982 (0.9945)  last_layer_lr: 0.0004 (0.0012)  current_batch_size: 32.0000 (32.0000)  total_loss: 5.0092 (5.1130)  dino_local_crops_loss: 4.3129 (4.3068)  dino_global_crops_loss: 0.5391 (0.5384)  ibot_loss: 0.1572 (0.2678)  time: 0.195422  data: 0.000315  max mem: 3809
I20260720 21:28:19 540231 dinov2 helpers.py:102] Training  [ 6910/10000]  eta: 0:05:09  lr: 0.0004 (0.0012)  wd: 0.3212 (0.1516)  mom: 0.9982 (0.9945)  last_layer_lr: 0.0004 (0.0012)  current_batch_size: 32.0000 (32.0000)  total_loss: 5.0211 (5.1129)  dino_local_crops_loss: 4.3129 (4.3069)  dino_global_crops_loss: 0.5391 (0.5384)  ibot_loss: 0.1690 (0.2677)  time: 0.194944  data: 0.000309  max mem: 3809
I20260720 21:28:20 540231 dinov2 helpers.py:102] Training  [ 6920/10000]  eta: 0:05:08  lr: 0.0004 (0.0012)  wd: 0.3216 (0.1518)  mom: 0.9983 (0.9945)  last_layer_lr: 0.0004 (0.0012)  current_batch_size: 32.0000 (32.0000)  total_loss: 5.0190 (5.1128)  dino_local_crops_loss: 4.3129 (4.3069)  dino_global_crops_loss: 0.5391 (0.5384)  ibot_loss: 0.1670 (0.2675)  time: 0.094614  data: 0.000474  max mem: 3809
I20260720 21:28:21 540231 dinov2 helpers.py:102] Training  [ 6930/10000]  eta: 0:05:07  lr: 0.0004 (0.0012)  wd: 0.3221 (0.1521)  mom: 0.9983 (0.9945)  last_layer_lr: 0.0004 (0.0012)  current_batch_size: 32.0000 (32.0000)  total_loss: 5.0123 (5.1126)  dino_local_crops_loss: 4.3129 (4.3069)  dino_global_crops_loss: 0.5391 (0.5384)  ibot_loss: 0.1603 (0.2674)  time: 0.090102  data: 0.000487  max mem: 3809
I20260720 21:28:22 540231 dinov2 helpers.py:102] Training  [ 6940/10000]  eta: 0:05:06  lr: 0.0004 (0.0012)  wd: 0.3226 (0.1523)  mom: 0.9983 (0.9945)  last_layer_lr: 0.0004 (0.0012)  current_batch_size: 32.0000 (32.0000)  total_loss: 5.0123 (5.1125)  dino_local_crops_loss: 4.3129 (4.3069)  dino_global_crops_loss: 0.5391 (0.5384)  ibot_loss: 0.1603 (0.2672)  time: 0.085531  data: 0.000329  max mem: 3809
I20260720 21:28:23 540231 dinov2 helpers.py:102] Training  [ 6950/10000]  eta: 0:05:05  lr: 0.0004 (0.0012)  wd: 0.3230 (0.1526)  mom: 0.9983 (0.9945)  last_layer_lr: 0.0004 (0.0012)  current_batch_size: 32.0000 (32.0000)  total_loss: 5.0189 (5.1124)  dino_local_crops_loss: 4.3129 (4.3069)  dino_global_crops_loss: 0.5391 (0.5384)  ibot_loss: 0.1669 (0.2671)  time: 0.091547  data: 0.000347  max mem: 3809
I20260720 21:28:24 540231 dinov2 helpers.py:102] Training  [ 6960/10000]  eta: 0:05:04  lr: 0.0004 (0.0012)  wd: 0.3235 (0.1528)  mom: 0.9983 (0.9945)  last_layer_lr: 0.0004 (0.0012)  current_batch_size: 32.0000 (32.0000)  total_loss: 5.0119 (5.1122)  dino_local_crops_loss: 4.3130 (4.3069)  dino_global_crops_loss: 0.5391 (0.5384)  ibot_loss: 0.1598 (0.2669)  time: 0.093649  data: 0.000328  max mem: 3809
I20260720 21:28:25 540231 dinov2 helpers.py:102] Training  [ 6970/10000]  eta: 0:05:02  lr: 0.0004 (0.0012)  wd: 0.3240 (0.1530)  mom: 0.9983 (0.9945)  last_layer_lr: 0.0004 (0.0012)  current_batch_size: 32.0000 (32.0000)  total_loss: 5.0084 (5.1121)  dino_local_crops_loss: 4.3129 (4.3069)  dino_global_crops_loss: 0.5391 (0.5384)  ibot_loss: 0.1563 (0.2668)  time: 0.090865  data: 0.000322  max mem: 3809
I20260720 21:28:26 540231 dinov2 helpers.py:102] Training  [ 6980/10000]  eta: 0:05:01  lr: 0.0004 (0.0012)  wd: 0.3244 (0.1533)  mom: 0.9983 (0.9945)  last_layer_lr: 0.0004 (0.0012)  current_batch_size: 32.0000 (32.0000)  total_loss: 5.0108 (5.1119)  dino_local_crops_loss: 4.3129 (4.3069)  dino_global_crops_loss: 0.5391 (0.5384)  ibot_loss: 0.1587 (0.2666)  time: 0.089768  data: 0.000350  max mem: 3809
I20260720 21:28:26 540231 dinov2 helpers.py:102] Training  [ 6990/10000]  eta: 0:05:00  lr: 0.0004 (0.0012)  wd: 0.3249 (0.1535)  mom: 0.9983 (0.9945)  last_layer_lr: 0.0004 (0.0012)  current_batch_size: 32.0000 (32.0000)  total_loss: 5.0108 (5.1118)  dino_local_crops_loss: 4.3129 (4.3069)  dino_global_crops_loss: 0.5391 (0.5384)  ibot_loss: 0.1587 (0.2665)  time: 0.089852  data: 0.000339  max mem: 3809
I20260720 21:28:27 540231 dinov2 helpers.py:102] Training  [ 7000/10000]  eta: 0:04:59  lr: 0.0004 (0.0012)  wd: 0.3253 (0.1538)  mom: 0.9983 (0.9945)  last_layer_lr: 0.0004 (0.0012)  current_batch_size: 32.0000 (32.0000)  total_loss: 5.0148 (5.1116)  dino_local_crops_loss: 4.3129 (4.3069)  dino_global_crops_loss: 0.5391 (0.5384)  ibot_loss: 0.1627 (0.2663)  time: 0.093690  data: 0.000490  max mem: 3809
I20260720 21:28:28 540231 dinov2 helpers.py:102] Training  [ 7010/10000]  eta: 0:04:58  lr: 0.0004 (0.0012)  wd: 0.3258 (0.1540)  mom: 0.9984 (0.9945)  last_layer_lr: 0.0004 (0.0012)  current_batch_size: 32.0000 (32.0000)  total_loss: 5.0154 (5.1115)  dino_local_crops_loss: 4.3129 (4.3069)  dino_global_crops_loss: 0.5391 (0.5384)  ibot_loss: 0.1633 (0.2662)  time: 0.094599  data: 0.000507  max mem: 3809
I20260720 21:28:29 540231 dinov2 helpers.py:102] Training  [ 7020/10000]  eta: 0:04:57  lr: 0.0004 (0.0012)  wd: 0.3263 (0.1543)  mom: 0.9984 (0.9945)  last_layer_lr: 0.0004 (0.0012)  current_batch_size: 32.0000 (32.0000)  total_loss: 5.0239 (5.1114)  dino_local_crops_loss: 4.3129 (4.3069)  dino_global_crops_loss: 0.5391 (0.5384)  ibot_loss: 0.1718 (0.2661)  time: 0.088323  data: 0.000335  max mem: 3809
I20260720 21:28:30 540231 dinov2 helpers.py:102] Training  [ 7030/10000]  eta: 0:04:56  lr: 0.0004 (0.0012)  wd: 0.3267 (0.1545)  mom: 0.9984 (0.9945)  last_layer_lr: 0.0004 (0.0012)  current_batch_size: 32.0000 (32.0000)  total_loss: 5.0160 (5.1113)  dino_local_crops_loss: 4.3129 (4.3070)  dino_global_crops_loss: 0.5391 (0.5384)  ibot_loss: 0.1640 (0.2659)  time: 0.084901  data: 0.000320  max mem: 3809
I20260720 21:28:31 540231 dinov2 helpers.py:102] Training  [ 7040/10000]  eta: 0:04:55  lr: 0.0004 (0.0012)  wd: 0.3272 (0.1548)  mom: 0.9984 (0.9946)  last_layer_lr: 0.0004 (0.0012)  current_batch_size: 32.0000 (32.0000)  total_loss: 5.0056 (5.1111)  dino_local_crops_loss: 4.3129 (4.3070)  dino_global_crops_loss: 0.5391 (0.5384)  ibot_loss: 0.1535 (0.2658)  time: 0.085555  data: 0.000399  max mem: 3809
I20260720 21:28:32 540231 dinov2 helpers.py:102] Training  [ 7050/10000]  eta: 0:04:54  lr: 0.0004 (0.0012)  wd: 0.3276 (0.1550)  mom: 0.9984 (0.9946)  last_layer_lr: 0.0004 (0.0012)  current_batch_size: 32.0000 (32.0000)  total_loss: 5.0069 (5.1110)  dino_local_crops_loss: 4.3129 (4.3070)  dino_global_crops_loss: 0.5391 (0.5384)  ibot_loss: 0.1548 (0.2656)  time: 0.087221  data: 0.000402  max mem: 3809
I20260720 21:28:33 540231 dinov2 helpers.py:102] Training  [ 7060/10000]  eta: 0:04:53  lr: 0.0004 (0.0012)  wd: 0.3281 (0.1553)  mom: 0.9984 (0.9946)  last_layer_lr: 0.0004 (0.0012)  current_batch_size: 32.0000 (32.0000)  total_loss: 5.0086 (5.1108)  dino_local_crops_loss: 4.3129 (4.3070)  dino_global_crops_loss: 0.5391 (0.5384)  ibot_loss: 0.1565 (0.2655)  time: 0.090617  data: 0.000315  max mem: 3809
I20260720 21:28:34 540231 dinov2 helpers.py:102] Training  [ 7070/10000]  eta: 0:04:52  lr: 0.0004 (0.0012)  wd: 0.3285 (0.1555)  mom: 0.9984 (0.9946)  last_layer_lr: 0.0004 (0.0012)  current_batch_size: 32.0000 (32.0000)  total_loss: 5.0103 (5.1107)  dino_local_crops_loss: 4.3129 (4.3070)  dino_global_crops_loss: 0.5391 (0.5384)  ibot_loss: 0.1582 (0.2653)  time: 0.095774  data: 0.000332  max mem: 3809
I20260720 21:28:35 540231 dinov2 helpers.py:102] Training  [ 7080/10000]  eta: 0:04:51  lr: 0.0004 (0.0012)  wd: 0.3290 (0.1557)  mom: 0.9984 (0.9946)  last_layer_lr: 0.0004 (0.0012)  current_batch_size: 32.0000 (32.0000)  total_loss: 5.0134 (5.1106)  dino_local_crops_loss: 4.3129 (4.3070)  dino_global_crops_loss: 0.5391 (0.5384)  ibot_loss: 0.1615 (0.2652)  time: 0.096597  data: 0.000337  max mem: 3809
I20260720 21:28:36 540231 dinov2 helpers.py:102] Training  [ 7090/10000]  eta: 0:04:50  lr: 0.0004 (0.0012)  wd: 0.3294 (0.1560)  mom: 0.9984 (0.9946)  last_layer_lr: 0.0004 (0.0012)  current_batch_size: 32.0000 (32.0000)  total_loss: 5.0217 (5.1104)  dino_local_crops_loss: 4.3129 (4.3070)  dino_global_crops_loss: 0.5391 (0.5384)  ibot_loss: 0.1697 (0.2651)  time: 0.095615  data: 0.000348  max mem: 3809
I20260720 21:28:37 540231 dinov2 helpers.py:102] Training  [ 7100/10000]  eta: 0:04:49  lr: 0.0004 (0.0012)  wd: 0.3299 (0.1562)  mom: 0.9984 (0.9946)  last_layer_lr: 0.0004 (0.0012)  current_batch_size: 32.0000 (32.0000)  total_loss: 5.0149 (5.1103)  dino_local_crops_loss: 4.3129 (4.3070)  dino_global_crops_loss: 0.5391 (0.5384)  ibot_loss: 0.1629 (0.2649)  time: 0.097294  data: 0.000371  max mem: 3809
I20260720 21:28:38 540231 dinov2 helpers.py:102] Training  [ 7110/10000]  eta: 0:04:48  lr: 0.0003 (0.0012)  wd: 0.3303 (0.1565)  mom: 0.9985 (0.9946)  last_layer_lr: 0.0003 (0.0012)  current_batch_size: 32.0000 (32.0000)  total_loss: 5.0135 (5.1102)  dino_local_crops_loss: 4.3129 (4.3070)  dino_global_crops_loss: 0.5391 (0.5384)  ibot_loss: 0.1615 (0.2648)  time: 0.094612  data: 0.000355  max mem: 3809
I20260720 21:28:39 540231 dinov2 helpers.py:102] Training  [ 7120/10000]  eta: 0:04:47  lr: 0.0003 (0.0012)  wd: 0.3308 (0.1567)  mom: 0.9985 (0.9946)  last_layer_lr: 0.0003 (0.0012)  current_batch_size: 32.0000 (32.0000)  total_loss: 5.0139 (5.1100)  dino_local_crops_loss: 4.3129 (4.3070)  dino_global_crops_loss: 0.5391 (0.5384)  ibot_loss: 0.1618 (0.2646)  time: 0.095368  data: 0.000350  max mem: 3809
I20260720 21:28:40 540231 dinov2 helpers.py:102] Training  [ 7130/10000]  eta: 0:04:46  lr: 0.0003 (0.0012)  wd: 0.3312 (0.1570)  mom: 0.9985 (0.9946)  last_layer_lr: 0.0003 (0.0012)  current_batch_size: 32.0000 (32.0000)  total_loss: 5.0079 (5.1099)  dino_local_crops_loss: 4.3129 (4.3070)  dino_global_crops_loss: 0.5391 (0.5384)  ibot_loss: 0.1559 (0.2645)  time: 0.096480  data: 0.000518  max mem: 3809
I20260720 21:28:41 540231 dinov2 helpers.py:102] Training  [ 7140/10000]  eta: 0:04:45  lr: 0.0003 (0.0012)  wd: 0.3317 (0.1572)  mom: 0.9985 (0.9946)  last_layer_lr: 0.0003 (0.0012)  current_batch_size: 32.0000 (32.0000)  total_loss: 5.0173 (5.1098)  dino_local_crops_loss: 4.3129 (4.3070)  dino_global_crops_loss: 0.5391 (0.5384)  ibot_loss: 0.1652 (0.2643)  time: 0.095092  data: 0.000518  max mem: 3809
I20260720 21:28:42 540231 dinov2 helpers.py:102] Training  [ 7150/10000]  eta: 0:04:44  lr: 0.0003 (0.0012)  wd: 0.3321 (0.1575)  mom: 0.9985 (0.9946)  last_layer_lr: 0.0003 (0.0012)  current_batch_size: 32.0000 (32.0000)  total_loss: 5.0179 (5.1096)  dino_local_crops_loss: 4.3129 (4.3071)  dino_global_crops_loss: 0.5391 (0.5384)  ibot_loss: 0.1658 (0.2642)  time: 0.102142  data: 0.000358  max mem: 3809
I20260720 21:28:43 540231 dinov2 helpers.py:102] Training  [ 7160/10000]  eta: 0:04:43  lr: 0.0003 (0.0012)  wd: 0.3325 (0.1577)  mom: 0.9985 (0.9946)  last_layer_lr: 0.0003 (0.0012)  current_batch_size: 32.0000 (32.0000)  total_loss: 5.0174 (5.1095)  dino_local_crops_loss: 4.3129 (4.3071)  dino_global_crops_loss: 0.5391 (0.5384)  ibot_loss: 0.1654 (0.2640)  time: 0.100967  data: 0.000363  max mem: 3809
I20260720 21:28:44 540231 dinov2 helpers.py:102] Training  [ 7170/10000]  eta: 0:04:42  lr: 0.0003 (0.0012)  wd: 0.3330 (0.1580)  mom: 0.9985 (0.9946)  last_layer_lr: 0.0003 (0.0012)  current_batch_size: 32.0000 (32.0000)  total_loss: 5.0118 (5.1094)  dino_local_crops_loss: 4.3129 (4.3071)  dino_global_crops_loss: 0.5391 (0.5384)  ibot_loss: 0.1598 (0.2639)  time: 0.095330  data: 0.000577  max mem: 3809
I20260720 21:28:45 540231 dinov2 helpers.py:102] Training  [ 7180/10000]  eta: 0:04:41  lr: 0.0003 (0.0012)  wd: 0.3334 (0.1582)  mom: 0.9985 (0.9946)  last_layer_lr: 0.0003 (0.0012)  current_batch_size: 32.0000 (32.0000)  total_loss: 5.0102 (5.1092)  dino_local_crops_loss: 4.3129 (4.3071)  dino_global_crops_loss: 0.5391 (0.5384)  ibot_loss: 0.1581 (0.2637)  time: 0.100527  data: 0.000766  max mem: 3809
I20260720 21:28:46 540231 dinov2 helpers.py:102] Training  [ 7190/10000]  eta: 0:04:40  lr: 0.0003 (0.0012)  wd: 0.3339 (0.1584)  mom: 0.9985 (0.9946)  last_layer_lr: 0.0003 (0.0012)  current_batch_size: 32.0000 (32.0000)  total_loss: 5.0055 (5.1091)  dino_local_crops_loss: 4.3129 (4.3071)  dino_global_crops_loss: 0.5391 (0.5384)  ibot_loss: 0.1534 (0.2636)  time: 0.102259  data: 0.000724  max mem: 3809
I20260720 21:28:46 540231 fvcore.common.checkpoint __init__.py:109] Saving checkpoint to /sci/labs/arieljaffe/dan.abergel1/runs/brain/overfit1/model_0007199.rank_0.pth
I20260720 21:28:48 540231 dinov2 helpers.py:102] Training  [ 7200/10000]  eta: 0:04:40  lr: 0.0003 (0.0012)  wd: 0.3343 (0.1587)  mom: 0.9985 (0.9946)  last_layer_lr: 0.0003 (0.0012)  current_batch_size: 32.0000 (32.0000)  total_loss: 5.0109 (5.1090)  dino_local_crops_loss: 4.3129 (4.3071)  dino_global_crops_loss: 0.5391 (0.5384)  ibot_loss: 0.1588 (0.2635)  time: 0.192563  data: 0.000533  max mem: 3809
I20260720 21:28:49 540231 dinov2 helpers.py:102] Training  [ 7210/10000]  eta: 0:04:39  lr: 0.0003 (0.0012)  wd: 0.3347 (0.1589)  mom: 0.9985 (0.9946)  last_layer_lr: 0.0003 (0.0012)  current_batch_size: 32.0000 (32.0000)  total_loss: 5.0101 (5.1088)  dino_local_crops_loss: 4.3129 (4.3071)  dino_global_crops_loss: 0.5391 (0.5384)  ibot_loss: 0.1581 (0.2633)  time: 0.182097  data: 0.000328  max mem: 3809
I20260720 21:28:50 540231 dinov2 helpers.py:102] Training  [ 7220/10000]  eta: 0:04:38  lr: 0.0003 (0.0012)  wd: 0.3352 (0.1592)  mom: 0.9986 (0.9946)  last_layer_lr: 0.0003 (0.0012)  current_batch_size: 32.0000 (32.0000)  total_loss: 5.0101 (5.1087)  dino_local_crops_loss: 4.3129 (4.3071)  dino_global_crops_loss: 0.5391 (0.5384)  ibot_loss: 0.1581 (0.2632)  time: 0.086961  data: 0.000450  max mem: 3809
I20260720 21:28:51 540231 dinov2 helpers.py:102] Training  [ 7230/10000]  eta: 0:04:37  lr: 0.0003 (0.0012)  wd: 0.3356 (0.1594)  mom: 0.9986 (0.9947)  last_layer_lr: 0.0003 (0.0012)  current_batch_size: 32.0000 (32.0000)  total_loss: 5.0245 (5.1086)  dino_local_crops_loss: 4.3129 (4.3071)  dino_global_crops_loss: 0.5391 (0.5384)  ibot_loss: 0.1725 (0.2631)  time: 0.091892  data: 0.000470  max mem: 3809
I20260720 21:28:52 540231 dinov2 helpers.py:102] Training  [ 7240/10000]  eta: 0:04:36  lr: 0.0003 (0.0012)  wd: 0.3360 (0.1597)  mom: 0.9986 (0.9947)  last_layer_lr: 0.0003 (0.0012)  current_batch_size: 32.0000 (32.0000)  total_loss: 5.0188 (5.1084)  dino_local_crops_loss: 4.3129 (4.3071)  dino_global_crops_loss: 0.5391 (0.5384)  ibot_loss: 0.1667 (0.2629)  time: 0.086226  data: 0.000365  max mem: 3809
I20260720 21:28:53 540231 dinov2 helpers.py:102] Training  [ 7250/10000]  eta: 0:04:35  lr: 0.0003 (0.0012)  wd: 0.3365 (0.1599)  mom: 0.9986 (0.9947)  last_layer_lr: 0.0003 (0.0012)  current_batch_size: 32.0000 (32.0000)  total_loss: 5.0069 (5.1083)  dino_local_crops_loss: 4.3129 (4.3071)  dino_global_crops_loss: 0.5391 (0.5384)  ibot_loss: 0.1549 (0.2628)  time: 0.090157  data: 0.000350  max mem: 3809
I20260720 21:28:54 540231 dinov2 helpers.py:102] Training  [ 7260/10000]  eta: 0:04:33  lr: 0.0003 (0.0012)  wd: 0.3369 (0.1602)  mom: 0.9986 (0.9947)  last_layer_lr: 0.0003 (0.0012)  current_batch_size: 32.0000 (32.0000)  total_loss: 5.0125 (5.1082)  dino_local_crops_loss: 4.3129 (4.3071)  dino_global_crops_loss: 0.5391 (0.5384)  ibot_loss: 0.1604 (0.2626)  time: 0.090361  data: 0.000316  max mem: 3809
I20260720 21:28:55 540231 dinov2 helpers.py:102] Training  [ 7270/10000]  eta: 0:04:32  lr: 0.0003 (0.0012)  wd: 0.3373 (0.1604)  mom: 0.9986 (0.9947)  last_layer_lr: 0.0003 (0.0012)  current_batch_size: 32.0000 (32.0000)  total_loss: 5.0166 (5.1080)  dino_local_crops_loss: 4.3129 (4.3072)  dino_global_crops_loss: 0.5391 (0.5384)  ibot_loss: 0.1646 (0.2625)  time: 0.089484  data: 0.000551  max mem: 3809
I20260720 21:28:56 540231 dinov2 helpers.py:102] Training  [ 7280/10000]  eta: 0:04:31  lr: 0.0003 (0.0012)  wd: 0.3378 (0.1606)  mom: 0.9986 (0.9947)  last_layer_lr: 0.0003 (0.0012)  current_batch_size: 32.0000 (32.0000)  total_loss: 5.0166 (5.1079)  dino_local_crops_loss: 4.3129 (4.3072)  dino_global_crops_loss: 0.5391 (0.5384)  ibot_loss: 0.1646 (0.2623)  time: 0.092288  data: 0.000631  max mem: 3809
I20260720 21:28:57 540231 dinov2 helpers.py:102] Training  [ 7290/10000]  eta: 0:04:30  lr: 0.0003 (0.0012)  wd: 0.3382 (0.1609)  mom: 0.9986 (0.9947)  last_layer_lr: 0.0003 (0.0012)  current_batch_size: 32.0000 (32.0000)  total_loss: 5.0172 (5.1078)  dino_local_crops_loss: 4.3129 (4.3072)  dino_global_crops_loss: 0.5391 (0.5384)  ibot_loss: 0.1652 (0.2622)  time: 0.100201  data: 0.000410  max mem: 3809
I20260720 21:28:58 540231 dinov2 helpers.py:102] Training  [ 7300/10000]  eta: 0:04:29  lr: 0.0003 (0.0012)  wd: 0.3386 (0.1611)  mom: 0.9986 (0.9947)  last_layer_lr: 0.0003 (0.0012)  current_batch_size: 32.0000 (32.0000)  total_loss: 5.0082 (5.1076)  dino_local_crops_loss: 4.3129 (4.3072)  dino_global_crops_loss: 0.5391 (0.5384)  ibot_loss: 0.1561 (0.2620)  time: 0.098694  data: 0.000355  max mem: 3809
I20260720 21:28:59 540231 dinov2 helpers.py:102] Training  [ 7310/10000]  eta: 0:04:28  lr: 0.0003 (0.0012)  wd: 0.3390 (0.1614)  mom: 0.9986 (0.9947)  last_layer_lr: 0.0003 (0.0012)  current_batch_size: 32.0000 (32.0000)  total_loss: 5.0114 (5.1075)  dino_local_crops_loss: 4.3129 (4.3072)  dino_global_crops_loss: 0.5391 (0.5384)  ibot_loss: 0.1594 (0.2619)  time: 0.088577  data: 0.000392  max mem: 3809
I20260720 21:28:59 540231 dinov2 helpers.py:102] Training  [ 7320/10000]  eta: 0:04:27  lr: 0.0003 (0.0012)  wd: 0.3395 (0.1616)  mom: 0.9987 (0.9947)  last_layer_lr: 0.0003 (0.0012)  current_batch_size: 32.0000 (32.0000)  total_loss: 5.0114 (5.1074)  dino_local_crops_loss: 4.3129 (4.3072)  dino_global_crops_loss: 0.5391 (0.5384)  ibot_loss: 0.1594 (0.2618)  time: 0.088707  data: 0.000399  max mem: 3809
I20260720 21:29:00 540231 dinov2 helpers.py:102] Training  [ 7330/10000]  eta: 0:04:26  lr: 0.0003 (0.0012)  wd: 0.3399 (0.1619)  mom: 0.9987 (0.9947)  last_layer_lr: 0.0003 (0.0012)  current_batch_size: 32.0000 (32.0000)  total_loss: 5.0083 (5.1073)  dino_local_crops_loss: 4.3129 (4.3072)  dino_global_crops_loss: 0.5391 (0.5384)  ibot_loss: 0.1562 (0.2616)  time: 0.086294  data: 0.000381  max mem: 3809
I20260720 21:29:01 540231 dinov2 helpers.py:102] Training  [ 7340/10000]  eta: 0:04:25  lr: 0.0003 (0.0012)  wd: 0.3403 (0.1621)  mom: 0.9987 (0.9947)  last_layer_lr: 0.0003 (0.0012)  current_batch_size: 32.0000 (32.0000)  total_loss: 5.0157 (5.1071)  dino_local_crops_loss: 4.3129 (4.3072)  dino_global_crops_loss: 0.5391 (0.5384)  ibot_loss: 0.1637 (0.2615)  time: 0.086264  data: 0.000356  max mem: 3809
I20260720 21:29:02 540231 dinov2 helpers.py:102] Training  [ 7350/10000]  eta: 0:04:24  lr: 0.0003 (0.0012)  wd: 0.3407 (0.1623)  mom: 0.9987 (0.9947)  last_layer_lr: 0.0003 (0.0012)  current_batch_size: 32.0000 (32.0000)  total_loss: 4.9964 (5.1070)  dino_local_crops_loss: 4.3129 (4.3072)  dino_global_crops_loss: 0.5391 (0.5384)  ibot_loss: 0.1443 (0.2613)  time: 0.091115  data: 0.000450  max mem: 3809
I20260720 21:29:03 540231 dinov2 helpers.py:102] Training  [ 7360/10000]  eta: 0:04:23  lr: 0.0003 (0.0012)  wd: 0.3411 (0.1626)  mom: 0.9987 (0.9947)  last_layer_lr: 0.0003 (0.0012)  current_batch_size: 32.0000 (32.0000)  total_loss: 5.0109 (5.1069)  dino_local_crops_loss: 4.3129 (4.3072)  dino_global_crops_loss: 0.5391 (0.5384)  ibot_loss: 0.1588 (0.2612)  time: 0.090104  data: 0.000466  max mem: 3809
I20260720 21:29:04 540231 dinov2 helpers.py:102] Training  [ 7370/10000]  eta: 0:04:22  lr: 0.0003 (0.0012)  wd: 0.3416 (0.1628)  mom: 0.9987 (0.9947)  last_layer_lr: 0.0003 (0.0012)  current_batch_size: 32.0000 (32.0000)  total_loss: 5.0192 (5.1068)  dino_local_crops_loss: 4.3129 (4.3072)  dino_global_crops_loss: 0.5391 (0.5384)  ibot_loss: 0.1672 (0.2611)  time: 0.085280  data: 0.000479  max mem: 3809
I20260720 21:29:05 540231 dinov2 helpers.py:102] Training  [ 7380/10000]  eta: 0:04:21  lr: 0.0003 (0.0012)  wd: 0.3420 (0.1631)  mom: 0.9987 (0.9947)  last_layer_lr: 0.0003 (0.0012)  current_batch_size: 32.0000 (32.0000)  total_loss: 5.0192 (5.1066)  dino_local_crops_loss: 4.3129 (4.3072)  dino_global_crops_loss: 0.5391 (0.5384)  ibot_loss: 0.1672 (0.2610)  time: 0.084827  data: 0.000477  max mem: 3809
I20260720 21:29:06 540231 dinov2 helpers.py:102] Training  [ 7390/10000]  eta: 0:04:20  lr: 0.0003 (0.0012)  wd: 0.3424 (0.1633)  mom: 0.9987 (0.9947)  last_layer_lr: 0.0003 (0.0012)  current_batch_size: 32.0000 (32.0000)  total_loss: 5.0116 (5.1065)  dino_local_crops_loss: 4.3129 (4.3072)  dino_global_crops_loss: 0.5391 (0.5384)  ibot_loss: 0.1595 (0.2608)  time: 0.087438  data: 0.000376  max mem: 3809
I20260720 21:29:07 540231 dinov2 helpers.py:102] Training  [ 7400/10000]  eta: 0:04:19  lr: 0.0003 (0.0012)  wd: 0.3428 (0.1636)  mom: 0.9987 (0.9947)  last_layer_lr: 0.0003 (0.0012)  current_batch_size: 32.0000 (32.0000)  total_loss: 5.0116 (5.1064)  dino_local_crops_loss: 4.3129 (4.3073)  dino_global_crops_loss: 0.5391 (0.5384)  ibot_loss: 0.1595 (0.2607)  time: 0.093165  data: 0.000380  max mem: 3809
I20260720 21:29:08 540231 dinov2 helpers.py:102] Training  [ 7410/10000]  eta: 0:04:18  lr: 0.0003 (0.0012)  wd: 0.3432 (0.1638)  mom: 0.9987 (0.9948)  last_layer_lr: 0.0003 (0.0012)  current_batch_size: 32.0000 (32.0000)  total_loss: 5.0184 (5.1063)  dino_local_crops_loss: 4.3129 (4.3073)  dino_global_crops_loss: 0.5391 (0.5384)  ibot_loss: 0.1664 (0.2606)  time: 0.096271  data: 0.000391  max mem: 3809
I20260720 21:29:08 540231 dinov2 helpers.py:102] Training  [ 7420/10000]  eta: 0:04:17  lr: 0.0003 (0.0012)  wd: 0.3436 (0.1640)  mom: 0.9987 (0.9948)  last_layer_lr: 0.0003 (0.0012)  current_batch_size: 32.0000 (32.0000)  total_loss: 5.0219 (5.1062)  dino_local_crops_loss: 4.3129 (4.3073)  dino_global_crops_loss: 0.5391 (0.5384)  ibot_loss: 0.1698 (0.2605)  time: 0.094204  data: 0.000391  max mem: 3809
I20260720 21:29:09 540231 dinov2 helpers.py:102] Training  [ 7430/10000]  eta: 0:04:16  lr: 0.0003 (0.0012)  wd: 0.3440 (0.1643)  mom: 0.9988 (0.9948)  last_layer_lr: 0.0003 (0.0012)  current_batch_size: 32.0000 (32.0000)  total_loss: 5.0135 (5.1060)  dino_local_crops_loss: 4.3129 (4.3073)  dino_global_crops_loss: 0.5391 (0.5384)  ibot_loss: 0.1614 (0.2603)  time: 0.096076  data: 0.000366  max mem: 3809
I20260720 21:29:10 540231 dinov2 helpers.py:102] Training  [ 7440/10000]  eta: 0:04:15  lr: 0.0003 (0.0012)  wd: 0.3444 (0.1645)  mom: 0.9988 (0.9948)  last_layer_lr: 0.0003 (0.0012)  current_batch_size: 32.0000 (32.0000)  total_loss: 5.0135 (5.1059)  dino_local_crops_loss: 4.3129 (4.3073)  dino_global_crops_loss: 0.5391 (0.5384)  ibot_loss: 0.1614 (0.2602)  time: 0.099869  data: 0.000348  max mem: 3809
I20260720 21:29:11 540231 dinov2 helpers.py:102] Training  [ 7450/10000]  eta: 0:04:14  lr: 0.0003 (0.0012)  wd: 0.3449 (0.1648)  mom: 0.9988 (0.9948)  last_layer_lr: 0.0003 (0.0012)  current_batch_size: 32.0000 (32.0000)  total_loss: 5.0109 (5.1058)  dino_local_crops_loss: 4.3129 (4.3073)  dino_global_crops_loss: 0.5391 (0.5384)  ibot_loss: 0.1588 (0.2601)  time: 0.100112  data: 0.000494  max mem: 3809
I20260720 21:29:12 540231 dinov2 helpers.py:102] Training  [ 7460/10000]  eta: 0:04:13  lr: 0.0003 (0.0012)  wd: 0.3453 (0.1650)  mom: 0.9988 (0.9948)  last_layer_lr: 0.0003 (0.0012)  current_batch_size: 32.0000 (32.0000)  total_loss: 5.0109 (5.1057)  dino_local_crops_loss: 4.3129 (4.3073)  dino_global_crops_loss: 0.5391 (0.5384)  ibot_loss: 0.1588 (0.2599)  time: 0.091561  data: 0.000503  max mem: 3809
I20260720 21:29:13 540231 dinov2 helpers.py:102] Training  [ 7470/10000]  eta: 0:04:12  lr: 0.0003 (0.0012)  wd: 0.3457 (0.1653)  mom: 0.9988 (0.9948)  last_layer_lr: 0.0003 (0.0012)  current_batch_size: 32.0000 (32.0000)  total_loss: 5.0148 (5.1056)  dino_local_crops_loss: 4.3129 (4.3073)  dino_global_crops_loss: 0.5391 (0.5384)  ibot_loss: 0.1627 (0.2598)  time: 0.084955  data: 0.000446  max mem: 3809
I20260720 21:29:14 540231 dinov2 helpers.py:102] Training  [ 7480/10000]  eta: 0:04:11  lr: 0.0003 (0.0012)  wd: 0.3461 (0.1655)  mom: 0.9988 (0.9948)  last_layer_lr: 0.0003 (0.0012)  current_batch_size: 32.0000 (32.0000)  total_loss: 5.0148 (5.1054)  dino_local_crops_loss: 4.3129 (4.3073)  dino_global_crops_loss: 0.5391 (0.5384)  ibot_loss: 0.1627 (0.2597)  time: 0.090126  data: 0.000450  max mem: 3809
I20260720 21:29:15 540231 dinov2 helpers.py:102] Training  [ 7490/10000]  eta: 0:04:10  lr: 0.0003 (0.0012)  wd: 0.3465 (0.1657)  mom: 0.9988 (0.9948)  last_layer_lr: 0.0003 (0.0012)  current_batch_size: 32.0000 (32.0000)  total_loss: 5.0110 (5.1053)  dino_local_crops_loss: 4.3129 (4.3073)  dino_global_crops_loss: 0.5391 (0.5384)  ibot_loss: 0.1589 (0.2596)  time: 0.091163  data: 0.000353  max mem: 3809
I20260720 21:29:16 540231 fvcore.common.checkpoint __init__.py:109] Saving checkpoint to /sci/labs/arieljaffe/dan.abergel1/runs/brain/overfit1/model_0007499.rank_0.pth
I20260720 21:29:18 540231 dinov2 helpers.py:102] Training  [ 7500/10000]  eta: 0:04:09  lr: 0.0003 (0.0011)  wd: 0.3469 (0.1660)  mom: 0.9988 (0.9948)  last_layer_lr: 0.0003 (0.0011)  current_batch_size: 32.0000 (32.0000)  total_loss: 5.0013 (5.1052)  dino_local_crops_loss: 4.3129 (4.3073)  dino_global_crops_loss: 0.5391 (0.5384)  ibot_loss: 0.1491 (0.2594)  time: 0.177858  data: 0.000354  max mem: 3809
I20260720 21:29:19 540231 dinov2 helpers.py:102] Training  [ 7510/10000]  eta: 0:04:08  lr: 0.0003 (0.0011)  wd: 0.3473 (0.1662)  mom: 0.9988 (0.9948)  last_layer_lr: 0.0003 (0.0011)  current_batch_size: 32.0000 (32.0000)  total_loss: 5.0035 (5.1050)  dino_local_crops_loss: 4.3129 (4.3073)  dino_global_crops_loss: 0.5391 (0.5384)  ibot_loss: 0.1515 (0.2593)  time: 0.176500  data: 0.000463  max mem: 3809
I20260720 21:29:20 540231 dinov2 helpers.py:102] Training  [ 7520/10000]  eta: 0:04:07  lr: 0.0003 (0.0011)  wd: 0.3477 (0.1665)  mom: 0.9988 (0.9948)  last_layer_lr: 0.0003 (0.0011)  current_batch_size: 32.0000 (32.0000)  total_loss: 5.0152 (5.1049)  dino_local_crops_loss: 4.3129 (4.3073)  dino_global_crops_loss: 0.5391 (0.5384)  ibot_loss: 0.1632 (0.2592)  time: 0.093309  data: 0.000623  max mem: 3809
I20260720 21:29:20 540231 dinov2 helpers.py:102] Training  [ 7530/10000]  eta: 0:04:06  lr: 0.0003 (0.0011)  wd: 0.3481 (0.1667)  mom: 0.9988 (0.9948)  last_layer_lr: 0.0003 (0.0011)  current_batch_size: 32.0000 (32.0000)  total_loss: 5.0154 (5.1048)  dino_local_crops_loss: 4.3129 (4.3074)  dino_global_crops_loss: 0.5391 (0.5384)  ibot_loss: 0.1633 (0.2590)  time: 0.096215  data: 0.000527  max mem: 3809
I20260720 21:29:21 540231 dinov2 helpers.py:102] Training  [ 7540/10000]  eta: 0:04:05  lr: 0.0003 (0.0011)  wd: 0.3485 (0.1670)  mom: 0.9989 (0.9948)  last_layer_lr: 0.0003 (0.0011)  current_batch_size: 32.0000 (32.0000)  total_loss: 5.0148 (5.1047)  dino_local_crops_loss: 4.3129 (4.3074)  dino_global_crops_loss: 0.5391 (0.5384)  ibot_loss: 0.1627 (0.2589)  time: 0.091468  data: 0.000361  max mem: 3809
I20260720 21:29:22 540231 dinov2 helpers.py:102] Training  [ 7550/10000]  eta: 0:04:04  lr: 0.0003 (0.0011)  wd: 0.3489 (0.1672)  mom: 0.9989 (0.9948)  last_layer_lr: 0.0003 (0.0011)  current_batch_size: 32.0000 (32.0000)  total_loss: 5.0147 (5.1046)  dino_local_crops_loss: 4.3129 (4.3074)  dino_global_crops_loss: 0.5391 (0.5384)  ibot_loss: 0.1627 (0.2588)  time: 0.097373  data: 0.000528  max mem: 3809
I20260720 21:29:23 540231 dinov2 helpers.py:102] Training  [ 7560/10000]  eta: 0:04:03  lr: 0.0003 (0.0011)  wd: 0.3493 (0.1674)  mom: 0.9989 (0.9948)  last_layer_lr: 0.0003 (0.0011)  current_batch_size: 32.0000 (32.0000)  total_loss: 5.0160 (5.1045)  dino_local_crops_loss: 4.3129 (4.3074)  dino_global_crops_loss: 0.5391 (0.5384)  ibot_loss: 0.1639 (0.2587)  time: 0.096916  data: 0.000547  max mem: 3809
I20260720 21:29:24 540231 dinov2 helpers.py:102] Training  [ 7570/10000]  eta: 0:04:02  lr: 0.0003 (0.0011)  wd: 0.3497 (0.1677)  mom: 0.9989 (0.9948)  last_layer_lr: 0.0003 (0.0011)  current_batch_size: 32.0000 (32.0000)  total_loss: 5.0265 (5.1044)  dino_local_crops_loss: 4.3129 (4.3074)  dino_global_crops_loss: 0.5391 (0.5384)  ibot_loss: 0.1744 (0.2585)  time: 0.089977  data: 0.000371  max mem: 3809
I20260720 21:29:25 540231 dinov2 helpers.py:102] Training  [ 7580/10000]  eta: 0:04:01  lr: 0.0003 (0.0011)  wd: 0.3500 (0.1679)  mom: 0.9989 (0.9948)  last_layer_lr: 0.0003 (0.0011)  current_batch_size: 32.0000 (32.0000)  total_loss: 5.0157 (5.1042)  dino_local_crops_loss: 4.3129 (4.3074)  dino_global_crops_loss: 0.5391 (0.5384)  ibot_loss: 0.1637 (0.2584)  time: 0.091873  data: 0.000378  max mem: 3809
I20260720 21:29:26 540231 dinov2 helpers.py:102] Training  [ 7590/10000]  eta: 0:04:00  lr: 0.0002 (0.0011)  wd: 0.3504 (0.1682)  mom: 0.9989 (0.9948)  last_layer_lr: 0.0002 (0.0011)  current_batch_size: 32.0000 (32.0000)  total_loss: 5.0164 (5.1041)  dino_local_crops_loss: 4.3129 (4.3074)  dino_global_crops_loss: 0.5391 (0.5384)  ibot_loss: 0.1644 (0.2583)  time: 0.092565  data: 0.000379  max mem: 3809
I20260720 21:29:27 540231 dinov2 helpers.py:102] Training  [ 7600/10000]  eta: 0:03:59  lr: 0.0002 (0.0011)  wd: 0.3508 (0.1684)  mom: 0.9989 (0.9949)  last_layer_lr: 0.0002 (0.0011)  current_batch_size: 32.0000 (32.0000)  total_loss: 5.0229 (5.1040)  dino_local_crops_loss: 4.3129 (4.3074)  dino_global_crops_loss: 0.5391 (0.5384)  ibot_loss: 0.1708 (0.2582)  time: 0.089413  data: 0.000344  max mem: 3809
I20260720 21:29:28 540231 dinov2 helpers.py:102] Training  [ 7610/10000]  eta: 0:03:58  lr: 0.0002 (0.0011)  wd: 0.3512 (0.1686)  mom: 0.9989 (0.9949)  last_layer_lr: 0.0002 (0.0011)  current_batch_size: 32.0000 (32.0000)  total_loss: 5.0112 (5.1039)  dino_local_crops_loss: 4.3129 (4.3074)  dino_global_crops_loss: 0.5391 (0.5384)  ibot_loss: 0.1592 (0.2581)  time: 0.087401  data: 0.000347  max mem: 3809
I20260720 21:29:29 540231 dinov2 helpers.py:102] Training  [ 7620/10000]  eta: 0:03:57  lr: 0.0002 (0.0011)  wd: 0.3516 (0.1689)  mom: 0.9989 (0.9949)  last_layer_lr: 0.0002 (0.0011)  current_batch_size: 32.0000 (32.0000)  total_loss: 5.0148 (5.1038)  dino_local_crops_loss: 4.3129 (4.3074)  dino_global_crops_loss: 0.5391 (0.5384)  ibot_loss: 0.1627 (0.2580)  time: 0.094333  data: 0.000338  max mem: 3809
I20260720 21:29:30 540231 dinov2 helpers.py:102] Training  [ 7630/10000]  eta: 0:03:56  lr: 0.0002 (0.0011)  wd: 0.3520 (0.1691)  mom: 0.9989 (0.9949)  last_layer_lr: 0.0002 (0.0011)  current_batch_size: 32.0000 (32.0000)  total_loss: 5.0210 (5.1037)  dino_local_crops_loss: 4.3129 (4.3074)  dino_global_crops_loss: 0.5391 (0.5384)  ibot_loss: 0.1689 (0.2578)  time: 0.095010  data: 0.000318  max mem: 3809
I20260720 21:29:31 540231 dinov2 helpers.py:102] Training  [ 7640/10000]  eta: 0:03:55  lr: 0.0002 (0.0011)  wd: 0.3524 (0.1694)  mom: 0.9989 (0.9949)  last_layer_lr: 0.0002 (0.0011)  current_batch_size: 32.0000 (32.0000)  total_loss: 5.0101 (5.1036)  dino_local_crops_loss: 4.3129 (4.3074)  dino_global_crops_loss: 0.5391 (0.5384)  ibot_loss: 0.1581 (0.2577)  time: 0.091056  data: 0.000327  max mem: 3809
I20260720 21:29:32 540231 dinov2 helpers.py:102] Training  [ 7650/10000]  eta: 0:03:54  lr: 0.0002 (0.0011)  wd: 0.3528 (0.1696)  mom: 0.9990 (0.9949)  last_layer_lr: 0.0002 (0.0011)  current_batch_size: 32.0000 (32.0000)  total_loss: 5.0097 (5.1035)  dino_local_crops_loss: 4.3129 (4.3074)  dino_global_crops_loss: 0.5391 (0.5384)  ibot_loss: 0.1577 (0.2576)  time: 0.091241  data: 0.000340  max mem: 3809
I20260720 21:29:33 540231 dinov2 helpers.py:102] Training  [ 7660/10000]  eta: 0:03:53  lr: 0.0002 (0.0011)  wd: 0.3531 (0.1698)  mom: 0.9990 (0.9949)  last_layer_lr: 0.0002 (0.0011)  current_batch_size: 32.0000 (32.0000)  total_loss: 5.0132 (5.1034)  dino_local_crops_loss: 4.3129 (4.3074)  dino_global_crops_loss: 0.5391 (0.5384)  ibot_loss: 0.1612 (0.2575)  time: 0.088309  data: 0.000335  max mem: 3809
I20260720 21:29:33 540231 dinov2 helpers.py:102] Training  [ 7670/10000]  eta: 0:03:52  lr: 0.0002 (0.0011)  wd: 0.3535 (0.1701)  mom: 0.9990 (0.9949)  last_layer_lr: 0.0002 (0.0011)  current_batch_size: 32.0000 (32.0000)  total_loss: 5.0132 (5.1032)  dino_local_crops_loss: 4.3129 (4.3075)  dino_global_crops_loss: 0.5391 (0.5384)  ibot_loss: 0.1612 (0.2573)  time: 0.087940  data: 0.000338  max mem: 3809
I20260720 21:29:34 540231 dinov2 helpers.py:102] Training  [ 7680/10000]  eta: 0:03:51  lr: 0.0002 (0.0011)  wd: 0.3539 (0.1703)  mom: 0.9990 (0.9949)  last_layer_lr: 0.0002 (0.0011)  current_batch_size: 32.0000 (32.0000)  total_loss: 5.0064 (5.1031)  dino_local_crops_loss: 4.3129 (4.3075)  dino_global_crops_loss: 0.5391 (0.5384)  ibot_loss: 0.1544 (0.2572)  time: 0.090458  data: 0.000881  max mem: 3809
I20260720 21:29:35 540231 dinov2 helpers.py:102] Training  [ 7690/10000]  eta: 0:03:50  lr: 0.0002 (0.0011)  wd: 0.3543 (0.1706)  mom: 0.9990 (0.9949)  last_layer_lr: 0.0002 (0.0011)  current_batch_size: 32.0000 (32.0000)  total_loss: 5.0124 (5.1030)  dino_local_crops_loss: 4.3129 (4.3075)  dino_global_crops_loss: 0.5391 (0.5384)  ibot_loss: 0.1604 (0.2571)  time: 0.089837  data: 0.000893  max mem: 3809
I20260720 21:29:36 540231 dinov2 helpers.py:102] Training  [ 7700/10000]  eta: 0:03:49  lr: 0.0002 (0.0011)  wd: 0.3546 (0.1708)  mom: 0.9990 (0.9949)  last_layer_lr: 0.0002 (0.0011)  current_batch_size: 32.0000 (32.0000)  total_loss: 5.0254 (5.1029)  dino_local_crops_loss: 4.3129 (4.3075)  dino_global_crops_loss: 0.5391 (0.5384)  ibot_loss: 0.1734 (0.2570)  time: 0.091252  data: 0.000524  max mem: 3809
I20260720 21:29:37 540231 dinov2 helpers.py:102] Training  [ 7710/10000]  eta: 0:03:48  lr: 0.0002 (0.0011)  wd: 0.3550 (0.1710)  mom: 0.9990 (0.9949)  last_layer_lr: 0.0002 (0.0011)  current_batch_size: 32.0000 (32.0000)  total_loss: 5.0165 (5.1028)  dino_local_crops_loss: 4.3129 (4.3075)  dino_global_crops_loss: 0.5391 (0.5384)  ibot_loss: 0.1645 (0.2569)  time: 0.093473  data: 0.000528  max mem: 3809
I20260720 21:29:38 540231 dinov2 helpers.py:102] Training  [ 7720/10000]  eta: 0:03:47  lr: 0.0002 (0.0011)  wd: 0.3554 (0.1713)  mom: 0.9990 (0.9949)  last_layer_lr: 0.0002 (0.0011)  current_batch_size: 32.0000 (32.0000)  total_loss: 5.0122 (5.1027)  dino_local_crops_loss: 4.3129 (4.3075)  dino_global_crops_loss: 0.5391 (0.5384)  ibot_loss: 0.1602 (0.2568)  time: 0.092133  data: 0.000383  max mem: 3809
I20260720 21:29:39 540231 dinov2 helpers.py:102] Training  [ 7730/10000]  eta: 0:03:46  lr: 0.0002 (0.0011)  wd: 0.3558 (0.1715)  mom: 0.9990 (0.9949)  last_layer_lr: 0.0002 (0.0011)  current_batch_size: 32.0000 (32.0000)  total_loss: 5.0118 (5.1026)  dino_local_crops_loss: 4.3129 (4.3075)  dino_global_crops_loss: 0.5391 (0.5384)  ibot_loss: 0.1597 (0.2566)  time: 0.093684  data: 0.000351  max mem: 3809
I20260720 21:29:40 540231 dinov2 helpers.py:102] Training  [ 7740/10000]  eta: 0:03:45  lr: 0.0002 (0.0011)  wd: 0.3561 (0.1718)  mom: 0.9990 (0.9949)  last_layer_lr: 0.0002 (0.0011)  current_batch_size: 32.0000 (32.0000)  total_loss: 4.9997 (5.1025)  dino_local_crops_loss: 4.3129 (4.3075)  dino_global_crops_loss: 0.5391 (0.5384)  ibot_loss: 0.1477 (0.2565)  time: 0.097129  data: 0.000326  max mem: 3809
I20260720 21:29:41 540231 dinov2 helpers.py:102] Training  [ 7750/10000]  eta: 0:03:44  lr: 0.0002 (0.0011)  wd: 0.3565 (0.1720)  mom: 0.9990 (0.9949)  last_layer_lr: 0.0002 (0.0011)  current_batch_size: 32.0000 (32.0000)  total_loss: 5.0040 (5.1024)  dino_local_crops_loss: 4.3129 (4.3075)  dino_global_crops_loss: 0.5391 (0.5385)  ibot_loss: 0.1519 (0.2564)  time: 0.100004  data: 0.000359  max mem: 3809
I20260720 21:29:42 540231 dinov2 helpers.py:102] Training  [ 7760/10000]  eta: 0:03:43  lr: 0.0002 (0.0011)  wd: 0.3569 (0.1722)  mom: 0.9990 (0.9949)  last_layer_lr: 0.0002 (0.0011)  current_batch_size: 32.0000 (32.0000)  total_loss: 5.0264 (5.1022)  dino_local_crops_loss: 4.3129 (4.3075)  dino_global_crops_loss: 0.5391 (0.5385)  ibot_loss: 0.1744 (0.2563)  time: 0.098395  data: 0.000358  max mem: 3809
I20260720 21:29:43 540231 dinov2 helpers.py:102] Training  [ 7770/10000]  eta: 0:03:42  lr: 0.0002 (0.0011)  wd: 0.3572 (0.1725)  mom: 0.9990 (0.9949)  last_layer_lr: 0.0002 (0.0011)  current_batch_size: 32.0000 (32.0000)  total_loss: 5.0070 (5.1021)  dino_local_crops_loss: 4.3129 (4.3075)  dino_global_crops_loss: 0.5391 (0.5385)  ibot_loss: 0.1550 (0.2562)  time: 0.093274  data: 0.000322  max mem: 3809
I20260720 21:29:44 540231 dinov2 helpers.py:102] Training  [ 7780/10000]  eta: 0:03:41  lr: 0.0002 (0.0011)  wd: 0.3576 (0.1727)  mom: 0.9991 (0.9949)  last_layer_lr: 0.0002 (0.0011)  current_batch_size: 32.0000 (32.0000)  total_loss: 5.0115 (5.1020)  dino_local_crops_loss: 4.3129 (4.3075)  dino_global_crops_loss: 0.5391 (0.5385)  ibot_loss: 0.1594 (0.2560)  time: 0.090997  data: 0.000312  max mem: 3809
I20260720 21:29:45 540231 dinov2 helpers.py:102] Training  [ 7790/10000]  eta: 0:03:40  lr: 0.0002 (0.0011)  wd: 0.3580 (0.1729)  mom: 0.9991 (0.9950)  last_layer_lr: 0.0002 (0.0011)  current_batch_size: 32.0000 (32.0000)  total_loss: 5.0237 (5.1019)  dino_local_crops_loss: 4.3129 (4.3075)  dino_global_crops_loss: 0.5391 (0.5385)  ibot_loss: 0.1717 (0.2559)  time: 0.090979  data: 0.000353  max mem: 3809
I20260720 21:29:45 540231 fvcore.common.checkpoint __init__.py:109] Saving checkpoint to /sci/labs/arieljaffe/dan.abergel1/runs/brain/overfit1/model_0007799.rank_0.pth
I20260720 21:29:47 540231 dinov2 helpers.py:102] Training  [ 7800/10000]  eta: 0:03:39  lr: 0.0002 (0.0011)  wd: 0.3583 (0.1732)  mom: 0.9991 (0.9950)  last_layer_lr: 0.0002 (0.0011)  current_batch_size: 32.0000 (32.0000)  total_loss: 5.0221 (5.1018)  dino_local_crops_loss: 4.3129 (4.3075)  dino_global_crops_loss: 0.5391 (0.5385)  ibot_loss: 0.1701 (0.2558)  time: 0.174663  data: 0.000354  max mem: 3809
I20260720 21:29:48 540231 dinov2 helpers.py:102] Training  [ 7810/10000]  eta: 0:03:38  lr: 0.0002 (0.0011)  wd: 0.3587 (0.1734)  mom: 0.9991 (0.9950)  last_layer_lr: 0.0002 (0.0011)  current_batch_size: 32.0000 (32.0000)  total_loss: 5.0076 (5.1017)  dino_local_crops_loss: 4.3129 (4.3076)  dino_global_crops_loss: 0.5391 (0.5385)  ibot_loss: 0.1556 (0.2557)  time: 0.172717  data: 0.000301  max mem: 3809
I20260720 21:29:49 540231 dinov2 helpers.py:102] Training  [ 7820/10000]  eta: 0:03:37  lr: 0.0002 (0.0011)  wd: 0.3591 (0.1737)  mom: 0.9991 (0.9950)  last_layer_lr: 0.0002 (0.0011)  current_batch_size: 32.0000 (32.0000)  total_loss: 5.0192 (5.1016)  dino_local_crops_loss: 4.3129 (4.3076)  dino_global_crops_loss: 0.5391 (0.5385)  ibot_loss: 0.1672 (0.2556)  time: 0.089351  data: 0.000311  max mem: 3809
I20260720 21:29:50 540231 dinov2 helpers.py:102] Training  [ 7830/10000]  eta: 0:03:36  lr: 0.0002 (0.0011)  wd: 0.3594 (0.1739)  mom: 0.9991 (0.9950)  last_layer_lr: 0.0002 (0.0011)  current_batch_size: 32.0000 (32.0000)  total_loss: 5.0231 (5.1015)  dino_local_crops_loss: 4.3129 (4.3076)  dino_global_crops_loss: 0.5391 (0.5385)  ibot_loss: 0.1711 (0.2555)  time: 0.089205  data: 0.000315  max mem: 3809
I20260720 21:29:51 540231 dinov2 helpers.py:102] Training  [ 7840/10000]  eta: 0:03:35  lr: 0.0002 (0.0011)  wd: 0.3598 (0.1741)  mom: 0.9991 (0.9950)  last_layer_lr: 0.0002 (0.0011)  current_batch_size: 32.0000 (32.0000)  total_loss: 5.0209 (5.1014)  dino_local_crops_loss: 4.3129 (4.3076)  dino_global_crops_loss: 0.5391 (0.5385)  ibot_loss: 0.1689 (0.2554)  time: 0.087014  data: 0.000303  max mem: 3809
I20260720 21:29:52 540231 dinov2 helpers.py:102] Training  [ 7850/10000]  eta: 0:03:34  lr: 0.0002 (0.0011)  wd: 0.3601 (0.1744)  mom: 0.9991 (0.9950)  last_layer_lr: 0.0002 (0.0011)  current_batch_size: 32.0000 (32.0000)  total_loss: 5.0221 (5.1013)  dino_local_crops_loss: 4.3129 (4.3076)  dino_global_crops_loss: 0.5391 (0.5385)  ibot_loss: 0.1701 (0.2553)  time: 0.087833  data: 0.000306  max mem: 3809
I20260720 21:29:53 540231 dinov2 helpers.py:102] Training  [ 7860/10000]  eta: 0:03:33  lr: 0.0002 (0.0011)  wd: 0.3605 (0.1746)  mom: 0.9991 (0.9950)  last_layer_lr: 0.0002 (0.0011)  current_batch_size: 32.0000 (32.0000)  total_loss: 5.0247 (5.1012)  dino_local_crops_loss: 4.3129 (4.3076)  dino_global_crops_loss: 0.5391 (0.5385)  ibot_loss: 0.1727 (0.2552)  time: 0.092162  data: 0.000309  max mem: 3809
I20260720 21:29:54 540231 dinov2 helpers.py:102] Training  [ 7870/10000]  eta: 0:03:32  lr: 0.0002 (0.0011)  wd: 0.3608 (0.1748)  mom: 0.9991 (0.9950)  last_layer_lr: 0.0002 (0.0011)  current_batch_size: 32.0000 (32.0000)  total_loss: 5.0234 (5.1011)  dino_local_crops_loss: 4.3129 (4.3076)  dino_global_crops_loss: 0.5391 (0.5385)  ibot_loss: 0.1713 (0.2551)  time: 0.093721  data: 0.000358  max mem: 3809
I20260720 21:29:54 540231 dinov2 helpers.py:102] Training  [ 7880/10000]  eta: 0:03:31  lr: 0.0002 (0.0011)  wd: 0.3612 (0.1751)  mom: 0.9991 (0.9950)  last_layer_lr: 0.0002 (0.0011)  current_batch_size: 32.0000 (32.0000)  total_loss: 5.0197 (5.1010)  dino_local_crops_loss: 4.3129 (4.3076)  dino_global_crops_loss: 0.5391 (0.5385)  ibot_loss: 0.1676 (0.2549)  time: 0.088104  data: 0.000360  max mem: 3809
I20260720 21:29:55 540231 dinov2 helpers.py:102] Training  [ 7890/10000]  eta: 0:03:30  lr: 0.0002 (0.0011)  wd: 0.3615 (0.1753)  mom: 0.9991 (0.9950)  last_layer_lr: 0.0002 (0.0011)  current_batch_size: 32.0000 (32.0000)  total_loss: 5.0133 (5.1009)  dino_local_crops_loss: 4.3129 (4.3076)  dino_global_crops_loss: 0.5391 (0.5385)  ibot_loss: 0.1613 (0.2548)  time: 0.089425  data: 0.000301  max mem: 3809
I20260720 21:29:56 540231 dinov2 helpers.py:102] Training  [ 7900/10000]  eta: 0:03:29  lr: 0.0002 (0.0011)  wd: 0.3619 (0.1756)  mom: 0.9992 (0.9950)  last_layer_lr: 0.0002 (0.0011)  current_batch_size: 32.0000 (32.0000)  total_loss: 5.0154 (5.1008)  dino_local_crops_loss: 4.3129 (4.3076)  dino_global_crops_loss: 0.5391 (0.5385)  ibot_loss: 0.1634 (0.2547)  time: 0.090078  data: 0.000317  max mem: 3809
I20260720 21:29:57 540231 dinov2 helpers.py:102] Training  [ 7910/10000]  eta: 0:03:28  lr: 0.0002 (0.0011)  wd: 0.3622 (0.1758)  mom: 0.9992 (0.9950)  last_layer_lr: 0.0002 (0.0011)  current_batch_size: 32.0000 (32.0000)  total_loss: 5.0264 (5.1007)  dino_local_crops_loss: 4.3129 (4.3076)  dino_global_crops_loss: 0.5391 (0.5385)  ibot_loss: 0.1743 (0.2546)  time: 0.091328  data: 0.000343  max mem: 3809
I20260720 21:29:58 540231 dinov2 helpers.py:102] Training  [ 7920/10000]  eta: 0:03:27  lr: 0.0002 (0.0011)  wd: 0.3626 (0.1760)  mom: 0.9992 (0.9950)  last_layer_lr: 0.0002 (0.0011)  current_batch_size: 32.0000 (32.0000)  total_loss: 5.0160 (5.1006)  dino_local_crops_loss: 4.3129 (4.3076)  dino_global_crops_loss: 0.5391 (0.5385)  ibot_loss: 0.1639 (0.2545)  time: 0.094358  data: 0.000326  max mem: 3809
I20260720 21:29:59 540231 dinov2 helpers.py:102] Training  [ 7930/10000]  eta: 0:03:26  lr: 0.0002 (0.0011)  wd: 0.3629 (0.1763)  mom: 0.9992 (0.9950)  last_layer_lr: 0.0002 (0.0011)  current_batch_size: 32.0000 (32.0000)  total_loss: 5.0188 (5.1005)  dino_local_crops_loss: 4.3129 (4.3076)  dino_global_crops_loss: 0.5391 (0.5385)  ibot_loss: 0.1668 (0.2544)  time: 0.093765  data: 0.000388  max mem: 3809
I20260720 21:30:00 540231 dinov2 helpers.py:102] Training  [ 7940/10000]  eta: 0:03:25  lr: 0.0002 (0.0011)  wd: 0.3633 (0.1765)  mom: 0.9992 (0.9950)  last_layer_lr: 0.0002 (0.0011)  current_batch_size: 32.0000 (32.0000)  total_loss: 5.0250 (5.1004)  dino_local_crops_loss: 4.3129 (4.3076)  dino_global_crops_loss: 0.5391 (0.5385)  ibot_loss: 0.1730 (0.2543)  time: 0.092246  data: 0.000405  max mem: 3809
I20260720 21:30:01 540231 dinov2 helpers.py:102] Training  [ 7950/10000]  eta: 0:03:24  lr: 0.0002 (0.0011)  wd: 0.3636 (0.1767)  mom: 0.9992 (0.9950)  last_layer_lr: 0.0002 (0.0011)  current_batch_size: 32.0000 (32.0000)  total_loss: 5.0115 (5.1003)  dino_local_crops_loss: 4.3129 (4.3076)  dino_global_crops_loss: 0.5391 (0.5385)  ibot_loss: 0.1595 (0.2542)  time: 0.089769  data: 0.000492  max mem: 3809
I20260720 21:30:02 540231 dinov2 helpers.py:102] Training  [ 7960/10000]  eta: 0:03:23  lr: 0.0002 (0.0011)  wd: 0.3639 (0.1770)  mom: 0.9992 (0.9950)  last_layer_lr: 0.0002 (0.0011)  current_batch_size: 32.0000 (32.0000)  total_loss: 5.0157 (5.1002)  dino_local_crops_loss: 4.3129 (4.3077)  dino_global_crops_loss: 0.5391 (0.5385)  ibot_loss: 0.1636 (0.2541)  time: 0.095600  data: 0.000462  max mem: 3809
I20260720 21:30:03 540231 dinov2 helpers.py:102] Training  [ 7970/10000]  eta: 0:03:22  lr: 0.0002 (0.0011)  wd: 0.3643 (0.1772)  mom: 0.9992 (0.9950)  last_layer_lr: 0.0002 (0.0011)  current_batch_size: 32.0000 (32.0000)  total_loss: 5.0205 (5.1001)  dino_local_crops_loss: 4.3129 (4.3077)  dino_global_crops_loss: 0.5391 (0.5385)  ibot_loss: 0.1685 (0.2540)  time: 0.095328  data: 0.000293  max mem: 3809
I20260720 21:30:04 540231 dinov2 helpers.py:102] Training  [ 7980/10000]  eta: 0:03:21  lr: 0.0002 (0.0011)  wd: 0.3646 (0.1774)  mom: 0.9992 (0.9951)  last_layer_lr: 0.0002 (0.0011)  current_batch_size: 32.0000 (32.0000)  total_loss: 5.0208 (5.1000)  dino_local_crops_loss: 4.3129 (4.3077)  dino_global_crops_loss: 0.5391 (0.5385)  ibot_loss: 0.1688 (0.2539)  time: 0.087025  data: 0.000321  max mem: 3809
I20260720 21:30:05 540231 dinov2 helpers.py:102] Training  [ 7990/10000]  eta: 0:03:20  lr: 0.0002 (0.0011)  wd: 0.3650 (0.1777)  mom: 0.9992 (0.9951)  last_layer_lr: 0.0002 (0.0011)  current_batch_size: 32.0000 (32.0000)  total_loss: 5.0250 (5.0999)  dino_local_crops_loss: 4.3129 (4.3077)  dino_global_crops_loss: 0.5391 (0.5385)  ibot_loss: 0.1730 (0.2538)  time: 0.092024  data: 0.000341  max mem: 3809
I20260720 21:30:06 540231 dinov2 helpers.py:102] Training  [ 8000/10000]  eta: 0:03:19  lr: 0.0002 (0.0011)  wd: 0.3653 (0.1779)  mom: 0.9992 (0.9951)  last_layer_lr: 0.0002 (0.0011)  current_batch_size: 32.0000 (32.0000)  total_loss: 5.0252 (5.0999)  dino_local_crops_loss: 4.3129 (4.3077)  dino_global_crops_loss: 0.5391 (0.5385)  ibot_loss: 0.1732 (0.2537)  time: 0.097442  data: 0.000348  max mem: 3809
I20260720 21:30:07 540231 dinov2 helpers.py:102] Training  [ 8010/10000]  eta: 0:03:18  lr: 0.0002 (0.0011)  wd: 0.3656 (0.1781)  mom: 0.9992 (0.9951)  last_layer_lr: 0.0002 (0.0011)  current_batch_size: 32.0000 (32.0000)  total_loss: 5.0252 (5.0998)  dino_local_crops_loss: 4.3129 (4.3077)  dino_global_crops_loss: 0.5391 (0.5385)  ibot_loss: 0.1732 (0.2536)  time: 0.091207  data: 0.000324  max mem: 3809
I20260720 21:30:07 540231 dinov2 helpers.py:102] Training  [ 8020/10000]  eta: 0:03:17  lr: 0.0002 (0.0011)  wd: 0.3660 (0.1784)  mom: 0.9992 (0.9951)  last_layer_lr: 0.0002 (0.0011)  current_batch_size: 32.0000 (32.0000)  total_loss: 5.0208 (5.0997)  dino_local_crops_loss: 4.3129 (4.3077)  dino_global_crops_loss: 0.5391 (0.5385)  ibot_loss: 0.1688 (0.2535)  time: 0.089340  data: 0.000319  max mem: 3809
I20260720 21:30:08 540231 dinov2 helpers.py:102] Training  [ 8030/10000]  eta: 0:03:16  lr: 0.0002 (0.0011)  wd: 0.3663 (0.1786)  mom: 0.9993 (0.9951)  last_layer_lr: 0.0002 (0.0011)  current_batch_size: 32.0000 (32.0000)  total_loss: 5.0247 (5.0996)  dino_local_crops_loss: 4.3129 (4.3077)  dino_global_crops_loss: 0.5391 (0.5385)  ibot_loss: 0.1726 (0.2534)  time: 0.090562  data: 0.000319  max mem: 3809
I20260720 21:30:09 540231 dinov2 helpers.py:102] Training  [ 8040/10000]  eta: 0:03:15  lr: 0.0002 (0.0011)  wd: 0.3666 (0.1788)  mom: 0.9993 (0.9951)  last_layer_lr: 0.0002 (0.0011)  current_batch_size: 32.0000 (32.0000)  total_loss: 5.0247 (5.0995)  dino_local_crops_loss: 4.3129 (4.3077)  dino_global_crops_loss: 0.5391 (0.5385)  ibot_loss: 0.1726 (0.2533)  time: 0.087312  data: 0.000314  max mem: 3809
I20260720 21:30:10 540231 dinov2 helpers.py:102] Training  [ 8050/10000]  eta: 0:03:14  lr: 0.0002 (0.0011)  wd: 0.3669 (0.1791)  mom: 0.9993 (0.9951)  last_layer_lr: 0.0002 (0.0011)  current_batch_size: 32.0000 (32.0000)  total_loss: 5.0158 (5.0994)  dino_local_crops_loss: 4.3129 (4.3077)  dino_global_crops_loss: 0.5391 (0.5385)  ibot_loss: 0.1637 (0.2532)  time: 0.084871  data: 0.000342  max mem: 3809
I20260720 21:30:11 540231 dinov2 helpers.py:102] Training  [ 8060/10000]  eta: 0:03:13  lr: 0.0002 (0.0011)  wd: 0.3673 (0.1793)  mom: 0.9993 (0.9951)  last_layer_lr: 0.0002 (0.0011)  current_batch_size: 32.0000 (32.0000)  total_loss: 5.0158 (5.0993)  dino_local_crops_loss: 4.3129 (4.3077)  dino_global_crops_loss: 0.5391 (0.5385)  ibot_loss: 0.1637 (0.2531)  time: 0.091424  data: 0.000345  max mem: 3809
I20260720 21:30:12 540231 dinov2 helpers.py:102] Training  [ 8070/10000]  eta: 0:03:12  lr: 0.0002 (0.0011)  wd: 0.3676 (0.1795)  mom: 0.9993 (0.9951)  last_layer_lr: 0.0002 (0.0011)  current_batch_size: 32.0000 (32.0000)  total_loss: 5.0237 (5.0992)  dino_local_crops_loss: 4.3129 (4.3077)  dino_global_crops_loss: 0.5391 (0.5385)  ibot_loss: 0.1717 (0.2530)  time: 0.093441  data: 0.000352  max mem: 3809
I20260720 21:30:13 540231 dinov2 helpers.py:102] Training  [ 8080/10000]  eta: 0:03:11  lr: 0.0002 (0.0011)  wd: 0.3679 (0.1798)  mom: 0.9993 (0.9951)  last_layer_lr: 0.0002 (0.0011)  current_batch_size: 32.0000 (32.0000)  total_loss: 5.0241 (5.0991)  dino_local_crops_loss: 4.3129 (4.3077)  dino_global_crops_loss: 0.5391 (0.5385)  ibot_loss: 0.1721 (0.2529)  time: 0.093154  data: 0.000357  max mem: 3809
I20260720 21:30:14 540231 dinov2 helpers.py:102] Training  [ 8090/10000]  eta: 0:03:10  lr: 0.0002 (0.0011)  wd: 0.3682 (0.1800)  mom: 0.9993 (0.9951)  last_layer_lr: 0.0002 (0.0011)  current_batch_size: 32.0000 (32.0000)  total_loss: 5.0178 (5.0990)  dino_local_crops_loss: 4.3129 (4.3077)  dino_global_crops_loss: 0.5391 (0.5385)  ibot_loss: 0.1658 (0.2528)  time: 0.097368  data: 0.000379  max mem: 3809
I20260720 21:30:15 540231 fvcore.common.checkpoint __init__.py:109] Saving checkpoint to /sci/labs/arieljaffe/dan.abergel1/runs/brain/overfit1/model_0008099.rank_0.pth
I20260720 21:30:17 540231 dinov2 helpers.py:102] Training  [ 8100/10000]  eta: 0:03:09  lr: 0.0002 (0.0011)  wd: 0.3686 (0.1802)  mom: 0.9993 (0.9951)  last_layer_lr: 0.0002 (0.0011)  current_batch_size: 32.0000 (32.0000)  total_loss: 5.0314 (5.0989)  dino_local_crops_loss: 4.3129 (4.3077)  dino_global_crops_loss: 0.5391 (0.5385)  ibot_loss: 0.1794 (0.2527)  time: 0.180987  data: 0.000380  max mem: 3809
I20260720 21:30:17 540231 dinov2 helpers.py:102] Training  [ 8110/10000]  eta: 0:03:08  lr: 0.0002 (0.0011)  wd: 0.3689 (0.1805)  mom: 0.9993 (0.9951)  last_layer_lr: 0.0002 (0.0011)  current_batch_size: 32.0000 (32.0000)  total_loss: 5.0315 (5.0988)  dino_local_crops_loss: 4.3129 (4.3078)  dino_global_crops_loss: 0.5391 (0.5385)  ibot_loss: 0.1795 (0.2526)  time: 0.177523  data: 0.000334  max mem: 3809
I20260720 21:30:18 540231 dinov2 helpers.py:102] Training  [ 8120/10000]  eta: 0:03:07  lr: 0.0002 (0.0011)  wd: 0.3692 (0.1807)  mom: 0.9993 (0.9951)  last_layer_lr: 0.0002 (0.0011)  current_batch_size: 32.0000 (32.0000)  total_loss: 5.0321 (5.0988)  dino_local_crops_loss: 4.3129 (4.3078)  dino_global_crops_loss: 0.5391 (0.5385)  ibot_loss: 0.1801 (0.2525)  time: 0.092282  data: 0.000313  max mem: 3809
I20260720 21:30:19 540231 dinov2 helpers.py:102] Training  [ 8130/10000]  eta: 0:03:06  lr: 0.0002 (0.0011)  wd: 0.3695 (0.1809)  mom: 0.9993 (0.9951)  last_layer_lr: 0.0002 (0.0011)  current_batch_size: 32.0000 (32.0000)  total_loss: 5.0311 (5.0987)  dino_local_crops_loss: 4.3129 (4.3078)  dino_global_crops_loss: 0.5391 (0.5385)  ibot_loss: 0.1791 (0.2524)  time: 0.090784  data: 0.000327  max mem: 3809
I20260720 21:30:20 540231 dinov2 helpers.py:102] Training  [ 8140/10000]  eta: 0:03:05  lr: 0.0002 (0.0011)  wd: 0.3698 (0.1812)  mom: 0.9993 (0.9951)  last_layer_lr: 0.0002 (0.0011)  current_batch_size: 32.0000 (32.0000)  total_loss: 5.0225 (5.0986)  dino_local_crops_loss: 4.3129 (4.3078)  dino_global_crops_loss: 0.5391 (0.5385)  ibot_loss: 0.1704 (0.2523)  time: 0.089041  data: 0.000343  max mem: 3809
I20260720 21:30:21 540231 dinov2 helpers.py:102] Training  [ 8150/10000]  eta: 0:03:04  lr: 0.0002 (0.0011)  wd: 0.3701 (0.1814)  mom: 0.9993 (0.9951)  last_layer_lr: 0.0002 (0.0011)  current_batch_size: 32.0000 (32.0000)  total_loss: 5.0227 (5.0985)  dino_local_crops_loss: 4.3129 (4.3078)  dino_global_crops_loss: 0.5391 (0.5385)  ibot_loss: 0.1706 (0.2522)  time: 0.094507  data: 0.000362  max mem: 3809
I20260720 21:30:22 540231 dinov2 helpers.py:102] Training  [ 8160/10000]  eta: 0:03:03  lr: 0.0001 (0.0011)  wd: 0.3704 (0.1816)  mom: 0.9993 (0.9951)  last_layer_lr: 0.0001 (0.0011)  current_batch_size: 32.0000 (32.0000)  total_loss: 5.0227 (5.0984)  dino_local_crops_loss: 4.3129 (4.3078)  dino_global_crops_loss: 0.5391 (0.5385)  ibot_loss: 0.1706 (0.2521)  time: 0.095531  data: 0.000356  max mem: 3809
I20260720 21:30:23 540231 dinov2 helpers.py:102] Training  [ 8170/10000]  eta: 0:03:02  lr: 0.0001 (0.0011)  wd: 0.3708 (0.1819)  mom: 0.9994 (0.9952)  last_layer_lr: 0.0001 (0.0011)  current_batch_size: 32.0000 (32.0000)  total_loss: 5.0299 (5.0983)  dino_local_crops_loss: 4.3129 (4.3078)  dino_global_crops_loss: 0.5391 (0.5385)  ibot_loss: 0.1779 (0.2520)  time: 0.098025  data: 0.000437  max mem: 3809
I20260720 21:30:24 540231 dinov2 helpers.py:102] Training  [ 8180/10000]  eta: 0:03:01  lr: 0.0001 (0.0011)  wd: 0.3711 (0.1821)  mom: 0.9994 (0.9952)  last_layer_lr: 0.0001 (0.0011)  current_batch_size: 32.0000 (32.0000)  total_loss: 5.0259 (5.0982)  dino_local_crops_loss: 4.3129 (4.3078)  dino_global_crops_loss: 0.5391 (0.5385)  ibot_loss: 0.1739 (0.2519)  time: 0.100734  data: 0.000451  max mem: 3809
I20260720 21:30:25 540231 dinov2 helpers.py:102] Training  [ 8190/10000]  eta: 0:03:00  lr: 0.0001 (0.0011)  wd: 0.3714 (0.1823)  mom: 0.9994 (0.9952)  last_layer_lr: 0.0001 (0.0011)  current_batch_size: 32.0000 (32.0000)  total_loss: 5.0221 (5.0981)  dino_local_crops_loss: 4.3129 (4.3078)  dino_global_crops_loss: 0.5391 (0.5385)  ibot_loss: 0.1701 (0.2518)  time: 0.103065  data: 0.000344  max mem: 3809
I20260720 21:30:26 540231 dinov2 helpers.py:102] Training  [ 8200/10000]  eta: 0:02:59  lr: 0.0001 (0.0011)  wd: 0.3717 (0.1826)  mom: 0.9994 (0.9952)  last_layer_lr: 0.0001 (0.0011)  current_batch_size: 32.0000 (32.0000)  total_loss: 5.0244 (5.0980)  dino_local_crops_loss: 4.3129 (4.3078)  dino_global_crops_loss: 0.5391 (0.5385)  ibot_loss: 0.1724 (0.2518)  time: 0.104851  data: 0.000343  max mem: 3809
I20260720 21:30:27 540231 dinov2 helpers.py:102] Training  [ 8210/10000]  eta: 0:02:58  lr: 0.0001 (0.0011)  wd: 0.3720 (0.1828)  mom: 0.9994 (0.9952)  last_layer_lr: 0.0001 (0.0011)  current_batch_size: 32.0000 (32.0000)  total_loss: 5.0261 (5.0980)  dino_local_crops_loss: 4.3129 (4.3078)  dino_global_crops_loss: 0.5391 (0.5385)  ibot_loss: 0.1740 (0.2517)  time: 0.100755  data: 0.000344  max mem: 3809
I20260720 21:30:28 540231 dinov2 helpers.py:102] Training  [ 8220/10000]  eta: 0:02:57  lr: 0.0001 (0.0011)  wd: 0.3723 (0.1830)  mom: 0.9994 (0.9952)  last_layer_lr: 0.0001 (0.0011)  current_batch_size: 32.0000 (32.0000)  total_loss: 5.0231 (5.0979)  dino_local_crops_loss: 4.3129 (4.3078)  dino_global_crops_loss: 0.5391 (0.5385)  ibot_loss: 0.1711 (0.2516)  time: 0.100431  data: 0.000504  max mem: 3809
I20260720 21:30:29 540231 dinov2 helpers.py:102] Training  [ 8230/10000]  eta: 0:02:56  lr: 0.0001 (0.0011)  wd: 0.3726 (0.1833)  mom: 0.9994 (0.9952)  last_layer_lr: 0.0001 (0.0011)  current_batch_size: 32.0000 (32.0000)  total_loss: 5.0199 (5.0978)  dino_local_crops_loss: 4.3129 (4.3078)  dino_global_crops_loss: 0.5391 (0.5385)  ibot_loss: 0.1679 (0.2515)  time: 0.096975  data: 0.000524  max mem: 3809
I20260720 21:30:30 540231 dinov2 helpers.py:102] Training  [ 8240/10000]  eta: 0:02:55  lr: 0.0001 (0.0011)  wd: 0.3729 (0.1835)  mom: 0.9994 (0.9952)  last_layer_lr: 0.0001 (0.0011)  current_batch_size: 32.0000 (32.0000)  total_loss: 5.0199 (5.0977)  dino_local_crops_loss: 4.3129 (4.3078)  dino_global_crops_loss: 0.5391 (0.5385)  ibot_loss: 0.1679 (0.2514)  time: 0.090752  data: 0.000342  max mem: 3809
I20260720 21:30:31 540231 dinov2 helpers.py:102] Training  [ 8250/10000]  eta: 0:02:54  lr: 0.0001 (0.0011)  wd: 0.3732 (0.1837)  mom: 0.9994 (0.9952)  last_layer_lr: 0.0001 (0.0011)  current_batch_size: 32.0000 (32.0000)  total_loss: 5.0234 (5.0976)  dino_local_crops_loss: 4.3129 (4.3078)  dino_global_crops_loss: 0.5391 (0.5385)  ibot_loss: 0.1713 (0.2513)  time: 0.090764  data: 0.000375  max mem: 3809
I20260720 21:30:32 540231 dinov2 helpers.py:102] Training  [ 8260/10000]  eta: 0:02:53  lr: 0.0001 (0.0011)  wd: 0.3735 (0.1839)  mom: 0.9994 (0.9952)  last_layer_lr: 0.0001 (0.0011)  current_batch_size: 32.0000 (32.0000)  total_loss: 5.0291 (5.0975)  dino_local_crops_loss: 4.3129 (4.3078)  dino_global_crops_loss: 0.5391 (0.5385)  ibot_loss: 0.1770 (0.2512)  time: 0.090420  data: 0.000388  max mem: 3809
I20260720 21:30:33 540231 dinov2 helpers.py:102] Training  [ 8270/10000]  eta: 0:02:52  lr: 0.0001 (0.0011)  wd: 0.3738 (0.1842)  mom: 0.9994 (0.9952)  last_layer_lr: 0.0001 (0.0011)  current_batch_size: 32.0000 (32.0000)  total_loss: 5.0104 (5.0974)  dino_local_crops_loss: 4.3129 (4.3079)  dino_global_crops_loss: 0.5391 (0.5385)  ibot_loss: 0.1583 (0.2511)  time: 0.088410  data: 0.000403  max mem: 3809
I20260720 21:30:34 540231 dinov2 helpers.py:102] Training  [ 8280/10000]  eta: 0:02:51  lr: 0.0001 (0.0011)  wd: 0.3741 (0.1844)  mom: 0.9994 (0.9952)  last_layer_lr: 0.0001 (0.0011)  current_batch_size: 32.0000 (32.0000)  total_loss: 5.0146 (5.0973)  dino_local_crops_loss: 4.3129 (4.3079)  dino_global_crops_loss: 0.5391 (0.5385)  ibot_loss: 0.1626 (0.2510)  time: 0.088333  data: 0.000396  max mem: 3809
I20260720 21:30:35 540231 dinov2 helpers.py:102] Training  [ 8290/10000]  eta: 0:02:50  lr: 0.0001 (0.0011)  wd: 0.3744 (0.1846)  mom: 0.9994 (0.9952)  last_layer_lr: 0.0001 (0.0011)  current_batch_size: 32.0000 (32.0000)  total_loss: 5.0298 (5.0972)  dino_local_crops_loss: 4.3129 (4.3079)  dino_global_crops_loss: 0.5391 (0.5385)  ibot_loss: 0.1777 (0.2509)  time: 0.086698  data: 0.000324  max mem: 3809
I20260720 21:30:35 540231 dinov2 helpers.py:102] Training  [ 8300/10000]  eta: 0:02:49  lr: 0.0001 (0.0011)  wd: 0.3746 (0.1849)  mom: 0.9994 (0.9952)  last_layer_lr: 0.0001 (0.0011)  current_batch_size: 32.0000 (32.0000)  total_loss: 5.0117 (5.0972)  dino_local_crops_loss: 4.3129 (4.3079)  dino_global_crops_loss: 0.5391 (0.5385)  ibot_loss: 0.1597 (0.2508)  time: 0.086720  data: 0.000337  max mem: 3809
I20260720 21:30:36 540231 dinov2 helpers.py:102] Training  [ 8310/10000]  eta: 0:02:48  lr: 0.0001 (0.0011)  wd: 0.3749 (0.1851)  mom: 0.9994 (0.9952)  last_layer_lr: 0.0001 (0.0011)  current_batch_size: 32.0000 (32.0000)  total_loss: 5.0095 (5.0970)  dino_local_crops_loss: 4.3129 (4.3079)  dino_global_crops_loss: 0.5391 (0.5385)  ibot_loss: 0.1575 (0.2507)  time: 0.089809  data: 0.000364  max mem: 3809
I20260720 21:30:37 540231 dinov2 helpers.py:102] Training  [ 8320/10000]  eta: 0:02:47  lr: 0.0001 (0.0011)  wd: 0.3752 (0.1853)  mom: 0.9994 (0.9952)  last_layer_lr: 0.0001 (0.0011)  current_batch_size: 32.0000 (32.0000)  total_loss: 5.0053 (5.0970)  dino_local_crops_loss: 4.3129 (4.3079)  dino_global_crops_loss: 0.5391 (0.5385)  ibot_loss: 0.1532 (0.2506)  time: 0.091782  data: 0.000338  max mem: 3809
I20260720 21:30:38 540231 dinov2 helpers.py:102] Training  [ 8330/10000]  eta: 0:02:46  lr: 0.0001 (0.0011)  wd: 0.3755 (0.1855)  mom: 0.9995 (0.9952)  last_layer_lr: 0.0001 (0.0011)  current_batch_size: 32.0000 (32.0000)  total_loss: 5.0116 (5.0969)  dino_local_crops_loss: 4.3129 (4.3079)  dino_global_crops_loss: 0.5391 (0.5385)  ibot_loss: 0.1596 (0.2505)  time: 0.094115  data: 0.000334  max mem: 3809
I20260720 21:30:39 540231 dinov2 helpers.py:102] Training  [ 8340/10000]  eta: 0:02:45  lr: 0.0001 (0.0011)  wd: 0.3758 (0.1858)  mom: 0.9995 (0.9952)  last_layer_lr: 0.0001 (0.0011)  current_batch_size: 32.0000 (32.0000)  total_loss: 5.0150 (5.0968)  dino_local_crops_loss: 4.3129 (4.3079)  dino_global_crops_loss: 0.5391 (0.5385)  ibot_loss: 0.1629 (0.2504)  time: 0.090398  data: 0.000372  max mem: 3809
I20260720 21:30:40 540231 dinov2 helpers.py:102] Training  [ 8350/10000]  eta: 0:02:44  lr: 0.0001 (0.0011)  wd: 0.3761 (0.1860)  mom: 0.9995 (0.9952)  last_layer_lr: 0.0001 (0.0011)  current_batch_size: 32.0000 (32.0000)  total_loss: 5.0183 (5.0967)  dino_local_crops_loss: 4.3129 (4.3079)  dino_global_crops_loss: 0.5391 (0.5385)  ibot_loss: 0.1663 (0.2503)  time: 0.086923  data: 0.000369  max mem: 3809
I20260720 21:30:41 540231 dinov2 helpers.py:102] Training  [ 8360/10000]  eta: 0:02:43  lr: 0.0001 (0.0010)  wd: 0.3764 (0.1862)  mom: 0.9995 (0.9952)  last_layer_lr: 0.0001 (0.0010)  current_batch_size: 32.0000 (32.0000)  total_loss: 5.0181 (5.0966)  dino_local_crops_loss: 4.3129 (4.3079)  dino_global_crops_loss: 0.5391 (0.5385)  ibot_loss: 0.1661 (0.2502)  time: 0.087155  data: 0.000343  max mem: 3809
I20260720 21:30:42 540231 dinov2 helpers.py:102] Training  [ 8370/10000]  eta: 0:02:42  lr: 0.0001 (0.0010)  wd: 0.3766 (0.1865)  mom: 0.9995 (0.9953)  last_layer_lr: 0.0001 (0.0010)  current_batch_size: 32.0000 (32.0000)  total_loss: 5.0184 (5.0965)  dino_local_crops_loss: 4.3129 (4.3079)  dino_global_crops_loss: 0.5391 (0.5385)  ibot_loss: 0.1664 (0.2501)  time: 0.085376  data: 0.000334  max mem: 3809
I20260720 21:30:43 540231 dinov2 helpers.py:102] Training  [ 8380/10000]  eta: 0:02:41  lr: 0.0001 (0.0010)  wd: 0.3769 (0.1867)  mom: 0.9995 (0.9953)  last_layer_lr: 0.0001 (0.0010)  current_batch_size: 32.0000 (32.0000)  total_loss: 5.0198 (5.0964)  dino_local_crops_loss: 4.3129 (4.3079)  dino_global_crops_loss: 0.5391 (0.5385)  ibot_loss: 0.1678 (0.2500)  time: 0.085491  data: 0.000372  max mem: 3809
I20260720 21:30:44 540231 dinov2 helpers.py:102] Training  [ 8390/10000]  eta: 0:02:40  lr: 0.0001 (0.0010)  wd: 0.3772 (0.1869)  mom: 0.9995 (0.9953)  last_layer_lr: 0.0001 (0.0010)  current_batch_size: 32.0000 (32.0000)  total_loss: 5.0198 (5.0963)  dino_local_crops_loss: 4.3129 (4.3079)  dino_global_crops_loss: 0.5391 (0.5385)  ibot_loss: 0.1677 (0.2499)  time: 0.090510  data: 0.000364  max mem: 3809
I20260720 21:30:44 540231 fvcore.common.checkpoint __init__.py:109] Saving checkpoint to /sci/labs/arieljaffe/dan.abergel1/runs/brain/overfit1/model_0008399.rank_0.pth
I20260720 21:30:46 540231 dinov2 helpers.py:102] Training  [ 8400/10000]  eta: 0:02:39  lr: 0.0001 (0.0010)  wd: 0.3775 (0.1871)  mom: 0.9995 (0.9953)  last_layer_lr: 0.0001 (0.0010)  current_batch_size: 32.0000 (32.0000)  total_loss: 5.0230 (5.0962)  dino_local_crops_loss: 4.3129 (4.3079)  dino_global_crops_loss: 0.5391 (0.5385)  ibot_loss: 0.1710 (0.2498)  time: 0.190599  data: 0.000360  max mem: 3809
I20260720 21:30:47 540231 dinov2 helpers.py:102] Training  [ 8410/10000]  eta: 0:02:38  lr: 0.0001 (0.0010)  wd: 0.3777 (0.1874)  mom: 0.9995 (0.9953)  last_layer_lr: 0.0001 (0.0010)  current_batch_size: 32.0000 (32.0000)  total_loss: 5.0133 (5.0961)  dino_local_crops_loss: 4.3129 (4.3079)  dino_global_crops_loss: 0.5391 (0.5385)  ibot_loss: 0.1612 (0.2497)  time: 0.181809  data: 0.000343  max mem: 3809
I20260720 21:30:48 540231 dinov2 helpers.py:102] Training  [ 8420/10000]  eta: 0:02:37  lr: 0.0001 (0.0010)  wd: 0.3780 (0.1876)  mom: 0.9995 (0.9953)  last_layer_lr: 0.0001 (0.0010)  current_batch_size: 32.0000 (32.0000)  total_loss: 5.0133 (5.0960)  dino_local_crops_loss: 4.3129 (4.3079)  dino_global_crops_loss: 0.5391 (0.5385)  ibot_loss: 0.1612 (0.2496)  time: 0.084210  data: 0.000342  max mem: 3809
I20260720 21:30:49 540231 dinov2 helpers.py:102] Training  [ 8430/10000]  eta: 0:02:36  lr: 0.0001 (0.0010)  wd: 0.3783 (0.1878)  mom: 0.9995 (0.9953)  last_layer_lr: 0.0001 (0.0010)  current_batch_size: 32.0000 (32.0000)  total_loss: 5.0281 (5.0960)  dino_local_crops_loss: 4.3129 (4.3079)  dino_global_crops_loss: 0.5391 (0.5385)  ibot_loss: 0.1761 (0.2495)  time: 0.091832  data: 0.000388  max mem: 3809
I20260720 21:30:50 540231 dinov2 helpers.py:102] Training  [ 8440/10000]  eta: 0:02:35  lr: 0.0001 (0.0010)  wd: 0.3785 (0.1880)  mom: 0.9995 (0.9953)  last_layer_lr: 0.0001 (0.0010)  current_batch_size: 32.0000 (32.0000)  total_loss: 5.0077 (5.0959)  dino_local_crops_loss: 4.3129 (4.3080)  dino_global_crops_loss: 0.5391 (0.5385)  ibot_loss: 0.1557 (0.2494)  time: 0.093023  data: 0.000518  max mem: 3809
I20260720 21:30:51 540231 dinov2 helpers.py:102] Training  [ 8450/10000]  eta: 0:02:34  lr: 0.0001 (0.0010)  wd: 0.3788 (0.1883)  mom: 0.9995 (0.9953)  last_layer_lr: 0.0001 (0.0010)  current_batch_size: 32.0000 (32.0000)  total_loss: 5.0077 (5.0958)  dino_local_crops_loss: 4.3129 (4.3080)  dino_global_crops_loss: 0.5391 (0.5385)  ibot_loss: 0.1557 (0.2493)  time: 0.092600  data: 0.000552  max mem: 3809
I20260720 21:30:52 540231 dinov2 helpers.py:102] Training  [ 8460/10000]  eta: 0:02:33  lr: 0.0001 (0.0010)  wd: 0.3791 (0.1885)  mom: 0.9995 (0.9953)  last_layer_lr: 0.0001 (0.0010)  current_batch_size: 32.0000 (32.0000)  total_loss: 5.0139 (5.0957)  dino_local_crops_loss: 4.3129 (4.3080)  dino_global_crops_loss: 0.5391 (0.5385)  ibot_loss: 0.1620 (0.2492)  time: 0.090637  data: 0.000400  max mem: 3809
I20260720 21:30:53 540231 dinov2 helpers.py:102] Training  [ 8470/10000]  eta: 0:02:32  lr: 0.0001 (0.0010)  wd: 0.3793 (0.1887)  mom: 0.9995 (0.9953)  last_layer_lr: 0.0001 (0.0010)  current_batch_size: 32.0000 (32.0000)  total_loss: 5.0264 (5.0956)  dino_local_crops_loss: 4.3129 (4.3080)  dino_global_crops_loss: 0.5391 (0.5385)  ibot_loss: 0.1744 (0.2491)  time: 0.087474  data: 0.000405  max mem: 3809
I20260720 21:30:54 540231 dinov2 helpers.py:102] Training  [ 8480/10000]  eta: 0:02:31  lr: 0.0001 (0.0010)  wd: 0.3796 (0.1890)  mom: 0.9995 (0.9953)  last_layer_lr: 0.0001 (0.0010)  current_batch_size: 32.0000 (32.0000)  total_loss: 5.0243 (5.0955)  dino_local_crops_loss: 4.3129 (4.3080)  dino_global_crops_loss: 0.5391 (0.5385)  ibot_loss: 0.1722 (0.2490)  time: 0.087471  data: 0.000417  max mem: 3809
I20260720 21:30:54 540231 dinov2 helpers.py:102] Training  [ 8490/10000]  eta: 0:02:30  lr: 0.0001 (0.0010)  wd: 0.3799 (0.1892)  mom: 0.9996 (0.9953)  last_layer_lr: 0.0001 (0.0010)  current_batch_size: 32.0000 (32.0000)  total_loss: 5.0169 (5.0955)  dino_local_crops_loss: 4.3129 (4.3080)  dino_global_crops_loss: 0.5391 (0.5385)  ibot_loss: 0.1649 (0.2490)  time: 0.088085  data: 0.000367  max mem: 3809
I20260720 21:30:55 540231 dinov2 helpers.py:102] Training  [ 8500/10000]  eta: 0:02:29  lr: 0.0001 (0.0010)  wd: 0.3801 (0.1894)  mom: 0.9996 (0.9953)  last_layer_lr: 0.0001 (0.0010)  current_batch_size: 32.0000 (32.0000)  total_loss: 5.0240 (5.0954)  dino_local_crops_loss: 4.3129 (4.3080)  dino_global_crops_loss: 0.5391 (0.5385)  ibot_loss: 0.1720 (0.2489)  time: 0.089449  data: 0.000452  max mem: 3809
I20260720 21:30:56 540231 dinov2 helpers.py:102] Training  [ 8510/10000]  eta: 0:02:28  lr: 0.0001 (0.0010)  wd: 0.3804 (0.1896)  mom: 0.9996 (0.9953)  last_layer_lr: 0.0001 (0.0010)  current_batch_size: 32.0000 (32.0000)  total_loss: 5.0156 (5.0953)  dino_local_crops_loss: 4.3129 (4.3080)  dino_global_crops_loss: 0.5391 (0.5385)  ibot_loss: 0.1635 (0.2488)  time: 0.092029  data: 0.000456  max mem: 3809
I20260720 21:30:57 540231 dinov2 helpers.py:102] Training  [ 8520/10000]  eta: 0:02:27  lr: 0.0001 (0.0010)  wd: 0.3806 (0.1898)  mom: 0.9996 (0.9953)  last_layer_lr: 0.0001 (0.0010)  current_batch_size: 32.0000 (32.0000)  total_loss: 5.0094 (5.0952)  dino_local_crops_loss: 4.3129 (4.3080)  dino_global_crops_loss: 0.5391 (0.5385)  ibot_loss: 0.1574 (0.2487)  time: 0.090101  data: 0.000328  max mem: 3809
I20260720 21:30:58 540231 dinov2 helpers.py:102] Training  [ 8530/10000]  eta: 0:02:26  lr: 0.0001 (0.0010)  wd: 0.3809 (0.1901)  mom: 0.9996 (0.9953)  last_layer_lr: 0.0001 (0.0010)  current_batch_size: 32.0000 (32.0000)  total_loss: 5.0156 (5.0951)  dino_local_crops_loss: 4.3129 (4.3080)  dino_global_crops_loss: 0.5391 (0.5385)  ibot_loss: 0.1635 (0.2486)  time: 0.089957  data: 0.000483  max mem: 3809
I20260720 21:30:59 540231 dinov2 helpers.py:102] Training  [ 8540/10000]  eta: 0:02:25  lr: 0.0001 (0.0010)  wd: 0.3811 (0.1903)  mom: 0.9996 (0.9953)  last_layer_lr: 0.0001 (0.0010)  current_batch_size: 32.0000 (32.0000)  total_loss: 5.0194 (5.0950)  dino_local_crops_loss: 4.3129 (4.3080)  dino_global_crops_loss: 0.5391 (0.5385)  ibot_loss: 0.1673 (0.2485)  time: 0.089612  data: 0.000526  max mem: 3809
I20260720 21:31:00 540231 dinov2 helpers.py:102] Training  [ 8550/10000]  eta: 0:02:24  lr: 0.0001 (0.0010)  wd: 0.3814 (0.1905)  mom: 0.9996 (0.9953)  last_layer_lr: 0.0001 (0.0010)  current_batch_size: 32.0000 (32.0000)  total_loss: 5.0189 (5.0949)  dino_local_crops_loss: 4.3129 (4.3080)  dino_global_crops_loss: 0.5391 (0.5385)  ibot_loss: 0.1668 (0.2484)  time: 0.087528  data: 0.000357  max mem: 3809
I20260720 21:31:01 540231 dinov2 helpers.py:102] Training  [ 8560/10000]  eta: 0:02:23  lr: 0.0001 (0.0010)  wd: 0.3816 (0.1907)  mom: 0.9996 (0.9953)  last_layer_lr: 0.0001 (0.0010)  current_batch_size: 32.0000 (32.0000)  total_loss: 5.0274 (5.0949)  dino_local_crops_loss: 4.3129 (4.3080)  dino_global_crops_loss: 0.5391 (0.5385)  ibot_loss: 0.1754 (0.2483)  time: 0.089237  data: 0.000329  max mem: 3809
I20260720 21:31:02 540231 dinov2 helpers.py:102] Training  [ 8570/10000]  eta: 0:02:22  lr: 0.0001 (0.0010)  wd: 0.3819 (0.1910)  mom: 0.9996 (0.9954)  last_layer_lr: 0.0001 (0.0010)  current_batch_size: 32.0000 (32.0000)  total_loss: 5.0232 (5.0948)  dino_local_crops_loss: 4.3129 (4.3080)  dino_global_crops_loss: 0.5391 (0.5385)  ibot_loss: 0.1712 (0.2482)  time: 0.094816  data: 0.000325  max mem: 3809
I20260720 21:31:03 540231 dinov2 helpers.py:102] Training  [ 8580/10000]  eta: 0:02:21  lr: 0.0001 (0.0010)  wd: 0.3821 (0.1912)  mom: 0.9996 (0.9954)  last_layer_lr: 0.0001 (0.0010)  current_batch_size: 32.0000 (32.0000)  total_loss: 5.0226 (5.0947)  dino_local_crops_loss: 4.3129 (4.3080)  dino_global_crops_loss: 0.5391 (0.5385)  ibot_loss: 0.1706 (0.2482)  time: 0.095699  data: 0.000327  max mem: 3809
I20260720 21:31:04 540231 dinov2 helpers.py:102] Training  [ 8590/10000]  eta: 0:02:20  lr: 0.0001 (0.0010)  wd: 0.3824 (0.1914)  mom: 0.9996 (0.9954)  last_layer_lr: 0.0001 (0.0010)  current_batch_size: 32.0000 (32.0000)  total_loss: 5.0151 (5.0946)  dino_local_crops_loss: 4.3129 (4.3080)  dino_global_crops_loss: 0.5391 (0.5385)  ibot_loss: 0.1631 (0.2481)  time: 0.091351  data: 0.000311  max mem: 3809
I20260720 21:31:05 540231 dinov2 helpers.py:102] Training  [ 8600/10000]  eta: 0:02:19  lr: 0.0001 (0.0010)  wd: 0.3826 (0.1916)  mom: 0.9996 (0.9954)  last_layer_lr: 0.0001 (0.0010)  current_batch_size: 32.0000 (32.0000)  total_loss: 5.0159 (5.0945)  dino_local_crops_loss: 4.3129 (4.3080)  dino_global_crops_loss: 0.5391 (0.5385)  ibot_loss: 0.1638 (0.2480)  time: 0.094342  data: 0.000299  max mem: 3809
I20260720 21:31:05 540231 dinov2 helpers.py:102] Training  [ 8610/10000]  eta: 0:02:18  lr: 0.0001 (0.0010)  wd: 0.3829 (0.1919)  mom: 0.9996 (0.9954)  last_layer_lr: 0.0001 (0.0010)  current_batch_size: 32.0000 (32.0000)  total_loss: 5.0161 (5.0945)  dino_local_crops_loss: 4.3129 (4.3081)  dino_global_crops_loss: 0.5391 (0.5385)  ibot_loss: 0.1641 (0.2479)  time: 0.092983  data: 0.000300  max mem: 3809
I20260720 21:31:06 540231 dinov2 helpers.py:102] Training  [ 8620/10000]  eta: 0:02:17  lr: 0.0001 (0.0010)  wd: 0.3831 (0.1921)  mom: 0.9996 (0.9954)  last_layer_lr: 0.0001 (0.0010)  current_batch_size: 32.0000 (32.0000)  total_loss: 5.0146 (5.0944)  dino_local_crops_loss: 4.3129 (4.3081)  dino_global_crops_loss: 0.5391 (0.5385)  ibot_loss: 0.1625 (0.2478)  time: 0.087366  data: 0.000324  max mem: 3809
I20260720 21:31:07 540231 dinov2 helpers.py:102] Training  [ 8630/10000]  eta: 0:02:16  lr: 0.0001 (0.0010)  wd: 0.3833 (0.1923)  mom: 0.9996 (0.9954)  last_layer_lr: 0.0001 (0.0010)  current_batch_size: 32.0000 (32.0000)  total_loss: 5.0270 (5.0943)  dino_local_crops_loss: 4.3129 (4.3081)  dino_global_crops_loss: 0.5391 (0.5385)  ibot_loss: 0.1749 (0.2477)  time: 0.086485  data: 0.000336  max mem: 3809
I20260720 21:31:08 540231 dinov2 helpers.py:102] Training  [ 8640/10000]  eta: 0:02:15  lr: 0.0001 (0.0010)  wd: 0.3836 (0.1925)  mom: 0.9996 (0.9954)  last_layer_lr: 0.0001 (0.0010)  current_batch_size: 32.0000 (32.0000)  total_loss: 5.0262 (5.0942)  dino_local_crops_loss: 4.3129 (4.3081)  dino_global_crops_loss: 0.5391 (0.5385)  ibot_loss: 0.1741 (0.2476)  time: 0.086304  data: 0.000322  max mem: 3809
I20260720 21:31:09 540231 dinov2 helpers.py:102] Training  [ 8650/10000]  eta: 0:02:14  lr: 0.0001 (0.0010)  wd: 0.3838 (0.1927)  mom: 0.9996 (0.9954)  last_layer_lr: 0.0001 (0.0010)  current_batch_size: 32.0000 (32.0000)  total_loss: 5.0262 (5.0941)  dino_local_crops_loss: 4.3129 (4.3081)  dino_global_crops_loss: 0.5391 (0.5385)  ibot_loss: 0.1741 (0.2476)  time: 0.085870  data: 0.000350  max mem: 3809
I20260720 21:31:10 540231 dinov2 helpers.py:102] Training  [ 8660/10000]  eta: 0:02:13  lr: 0.0001 (0.0010)  wd: 0.3841 (0.1930)  mom: 0.9996 (0.9954)  last_layer_lr: 0.0001 (0.0010)  current_batch_size: 32.0000 (32.0000)  total_loss: 5.0367 (5.0941)  dino_local_crops_loss: 4.3129 (4.3081)  dino_global_crops_loss: 0.5391 (0.5385)  ibot_loss: 0.1846 (0.2475)  time: 0.088273  data: 0.000342  max mem: 3809
I20260720 21:31:11 540231 dinov2 helpers.py:102] Training  [ 8670/10000]  eta: 0:02:12  lr: 0.0001 (0.0010)  wd: 0.3843 (0.1932)  mom: 0.9997 (0.9954)  last_layer_lr: 0.0001 (0.0010)  current_batch_size: 32.0000 (32.0000)  total_loss: 5.0284 (5.0940)  dino_local_crops_loss: 4.3129 (4.3081)  dino_global_crops_loss: 0.5391 (0.5385)  ibot_loss: 0.1763 (0.2474)  time: 0.090378  data: 0.000361  max mem: 3809
I20260720 21:31:12 540231 dinov2 helpers.py:102] Training  [ 8680/10000]  eta: 0:02:11  lr: 0.0001 (0.0010)  wd: 0.3845 (0.1934)  mom: 0.9997 (0.9954)  last_layer_lr: 0.0001 (0.0010)  current_batch_size: 32.0000 (32.0000)  total_loss: 5.0245 (5.0939)  dino_local_crops_loss: 4.3129 (4.3081)  dino_global_crops_loss: 0.5391 (0.5385)  ibot_loss: 0.1725 (0.2473)  time: 0.092185  data: 0.000370  max mem: 3809
I20260720 21:31:13 540231 dinov2 helpers.py:102] Training  [ 8690/10000]  eta: 0:02:10  lr: 0.0001 (0.0010)  wd: 0.3847 (0.1936)  mom: 0.9997 (0.9954)  last_layer_lr: 0.0001 (0.0010)  current_batch_size: 32.0000 (32.0000)  total_loss: 5.0234 (5.0938)  dino_local_crops_loss: 4.3129 (4.3081)  dino_global_crops_loss: 0.5391 (0.5385)  ibot_loss: 0.1714 (0.2472)  time: 0.095169  data: 0.000345  max mem: 3809
I20260720 21:31:14 540231 fvcore.common.checkpoint __init__.py:109] Saving checkpoint to /sci/labs/arieljaffe/dan.abergel1/runs/brain/overfit1/model_0008699.rank_0.pth
I20260720 21:31:16 540231 dinov2 helpers.py:102] Training  [ 8700/10000]  eta: 0:02:09  lr: 0.0001 (0.0010)  wd: 0.3850 (0.1938)  mom: 0.9997 (0.9954)  last_layer_lr: 0.0001 (0.0010)  current_batch_size: 32.0000 (32.0000)  total_loss: 5.0169 (5.0938)  dino_local_crops_loss: 4.3129 (4.3081)  dino_global_crops_loss: 0.5391 (0.5385)  ibot_loss: 0.1650 (0.2471)  time: 0.202811  data: 0.000353  max mem: 3809
I20260720 21:31:17 540231 dinov2 helpers.py:102] Training  [ 8710/10000]  eta: 0:02:08  lr: 0.0001 (0.0010)  wd: 0.3852 (0.1941)  mom: 0.9997 (0.9954)  last_layer_lr: 0.0001 (0.0010)  current_batch_size: 32.0000 (32.0000)  total_loss: 5.0151 (5.0937)  dino_local_crops_loss: 4.3129 (4.3081)  dino_global_crops_loss: 0.5391 (0.5385)  ibot_loss: 0.1631 (0.2471)  time: 0.198456  data: 0.000324  max mem: 3809
I20260720 21:31:17 540231 dinov2 helpers.py:102] Training  [ 8720/10000]  eta: 0:02:07  lr: 0.0001 (0.0010)  wd: 0.3854 (0.1943)  mom: 0.9997 (0.9954)  last_layer_lr: 0.0001 (0.0010)  current_batch_size: 32.0000 (32.0000)  total_loss: 5.0206 (5.0936)  dino_local_crops_loss: 4.3129 (4.3081)  dino_global_crops_loss: 0.5391 (0.5385)  ibot_loss: 0.1686 (0.2470)  time: 0.085482  data: 0.000309  max mem: 3809
I20260720 21:31:18 540231 dinov2 helpers.py:102] Training  [ 8730/10000]  eta: 0:02:06  lr: 0.0001 (0.0010)  wd: 0.3856 (0.1945)  mom: 0.9997 (0.9954)  last_layer_lr: 0.0001 (0.0010)  current_batch_size: 32.0000 (32.0000)  total_loss: 5.0201 (5.0935)  dino_local_crops_loss: 4.3129 (4.3081)  dino_global_crops_loss: 0.5391 (0.5385)  ibot_loss: 0.1680 (0.2469)  time: 0.087714  data: 0.000664  max mem: 3809
I20260720 21:31:19 540231 dinov2 helpers.py:102] Training  [ 8740/10000]  eta: 0:02:05  lr: 0.0001 (0.0010)  wd: 0.3859 (0.1947)  mom: 0.9997 (0.9954)  last_layer_lr: 0.0001 (0.0010)  current_batch_size: 32.0000 (32.0000)  total_loss: 5.0201 (5.0934)  dino_local_crops_loss: 4.3129 (4.3081)  dino_global_crops_loss: 0.5391 (0.5385)  ibot_loss: 0.1680 (0.2468)  time: 0.091242  data: 0.000662  max mem: 3809
I20260720 21:31:20 540231 dinov2 helpers.py:102] Training  [ 8750/10000]  eta: 0:02:04  lr: 0.0001 (0.0010)  wd: 0.3861 (0.1949)  mom: 0.9997 (0.9954)  last_layer_lr: 0.0001 (0.0010)  current_batch_size: 32.0000 (32.0000)  total_loss: 5.0247 (5.0934)  dino_local_crops_loss: 4.3129 (4.3081)  dino_global_crops_loss: 0.5391 (0.5385)  ibot_loss: 0.1727 (0.2467)  time: 0.088717  data: 0.000339  max mem: 3809
I20260720 21:31:21 540231 dinov2 helpers.py:102] Training  [ 8760/10000]  eta: 0:02:03  lr: 0.0001 (0.0010)  wd: 0.3863 (0.1952)  mom: 0.9997 (0.9954)  last_layer_lr: 0.0001 (0.0010)  current_batch_size: 32.0000 (32.0000)  total_loss: 5.0273 (5.0933)  dino_local_crops_loss: 4.3129 (4.3081)  dino_global_crops_loss: 0.5391 (0.5385)  ibot_loss: 0.1753 (0.2466)  time: 0.086956  data: 0.000360  max mem: 3809
I20260720 21:31:22 540231 dinov2 helpers.py:102] Training  [ 8770/10000]  eta: 0:02:02  lr: 0.0001 (0.0010)  wd: 0.3865 (0.1954)  mom: 0.9997 (0.9955)  last_layer_lr: 0.0001 (0.0010)  current_batch_size: 32.0000 (32.0000)  total_loss: 5.0302 (5.0932)  dino_local_crops_loss: 4.3129 (4.3081)  dino_global_crops_loss: 0.5391 (0.5385)  ibot_loss: 0.1782 (0.2466)  time: 0.090682  data: 0.000356  max mem: 3809
I20260720 21:31:23 540231 dinov2 helpers.py:102] Training  [ 8780/10000]  eta: 0:02:01  lr: 0.0001 (0.0010)  wd: 0.3867 (0.1956)  mom: 0.9997 (0.9955)  last_layer_lr: 0.0001 (0.0010)  current_batch_size: 32.0000 (32.0000)  total_loss: 5.0193 (5.0932)  dino_local_crops_loss: 4.3129 (4.3081)  dino_global_crops_loss: 0.5391 (0.5385)  ibot_loss: 0.1674 (0.2465)  time: 0.096890  data: 0.000365  max mem: 3809
I20260720 21:31:24 540231 dinov2 helpers.py:102] Training  [ 8790/10000]  eta: 0:02:00  lr: 0.0001 (0.0010)  wd: 0.3869 (0.1958)  mom: 0.9997 (0.9955)  last_layer_lr: 0.0001 (0.0010)  current_batch_size: 32.0000 (32.0000)  total_loss: 5.0375 (5.0931)  dino_local_crops_loss: 4.3129 (4.3081)  dino_global_crops_loss: 0.5391 (0.5385)  ibot_loss: 0.1855 (0.2464)  time: 0.100073  data: 0.000380  max mem: 3809
I20260720 21:31:25 540231 dinov2 helpers.py:102] Training  [ 8800/10000]  eta: 0:01:59  lr: 0.0001 (0.0010)  wd: 0.3872 (0.1960)  mom: 0.9997 (0.9955)  last_layer_lr: 0.0001 (0.0010)  current_batch_size: 32.0000 (32.0000)  total_loss: 5.0295 (5.0930)  dino_local_crops_loss: 4.3129 (4.3082)  dino_global_crops_loss: 0.5391 (0.5385)  ibot_loss: 0.1775 (0.2463)  time: 0.093024  data: 0.000374  max mem: 3809
I20260720 21:31:26 540231 dinov2 helpers.py:102] Training  [ 8810/10000]  eta: 0:01:58  lr: 0.0001 (0.0010)  wd: 0.3874 (0.1963)  mom: 0.9997 (0.9955)  last_layer_lr: 0.0001 (0.0010)  current_batch_size: 32.0000 (32.0000)  total_loss: 5.0164 (5.0929)  dino_local_crops_loss: 4.3129 (4.3082)  dino_global_crops_loss: 0.5391 (0.5385)  ibot_loss: 0.1643 (0.2462)  time: 0.089228  data: 0.000362  max mem: 3809
I20260720 21:31:27 540231 dinov2 helpers.py:102] Training  [ 8820/10000]  eta: 0:01:57  lr: 0.0001 (0.0010)  wd: 0.3876 (0.1965)  mom: 0.9997 (0.9955)  last_layer_lr: 0.0001 (0.0010)  current_batch_size: 32.0000 (32.0000)  total_loss: 5.0197 (5.0929)  dino_local_crops_loss: 4.3129 (4.3082)  dino_global_crops_loss: 0.5391 (0.5385)  ibot_loss: 0.1651 (0.2462)  time: 0.090639  data: 0.000339  max mem: 3809
I20260720 21:31:28 540231 dinov2 helpers.py:102] Training  [ 8830/10000]  eta: 0:01:56  lr: 0.0001 (0.0010)  wd: 0.3878 (0.1967)  mom: 0.9997 (0.9955)  last_layer_lr: 0.0001 (0.0010)  current_batch_size: 32.0000 (32.0000)  total_loss: 5.0214 (5.0928)  dino_local_crops_loss: 4.3129 (4.3082)  dino_global_crops_loss: 0.5391 (0.5385)  ibot_loss: 0.1693 (0.2461)  time: 0.088668  data: 0.000328  max mem: 3809
I20260720 21:31:29 540231 dinov2 helpers.py:102] Training  [ 8840/10000]  eta: 0:01:55  lr: 0.0001 (0.0010)  wd: 0.3880 (0.1969)  mom: 0.9997 (0.9955)  last_layer_lr: 0.0001 (0.0010)  current_batch_size: 32.0000 (32.0000)  total_loss: 5.0183 (5.0927)  dino_local_crops_loss: 4.3129 (4.3082)  dino_global_crops_loss: 0.5391 (0.5385)  ibot_loss: 0.1663 (0.2460)  time: 0.089430  data: 0.000332  max mem: 3809
I20260720 21:31:29 540231 dinov2 helpers.py:102] Training  [ 8850/10000]  eta: 0:01:54  lr: 0.0001 (0.0010)  wd: 0.3882 (0.1971)  mom: 0.9997 (0.9955)  last_layer_lr: 0.0001 (0.0010)  current_batch_size: 32.0000 (32.0000)  total_loss: 5.0162 (5.0926)  dino_local_crops_loss: 4.3129 (4.3082)  dino_global_crops_loss: 0.5391 (0.5385)  ibot_loss: 0.1642 (0.2459)  time: 0.088047  data: 0.000345  max mem: 3809
I20260720 21:31:30 540231 dinov2 helpers.py:102] Training  [ 8860/10000]  eta: 0:01:53  lr: 0.0001 (0.0010)  wd: 0.3884 (0.1973)  mom: 0.9997 (0.9955)  last_layer_lr: 0.0001 (0.0010)  current_batch_size: 32.0000 (32.0000)  total_loss: 5.0220 (5.0925)  dino_local_crops_loss: 4.3129 (4.3082)  dino_global_crops_loss: 0.5391 (0.5385)  ibot_loss: 0.1700 (0.2458)  time: 0.089297  data: 0.000357  max mem: 3809
I20260720 21:31:31 540231 dinov2 helpers.py:102] Training  [ 8870/10000]  eta: 0:01:52  lr: 0.0001 (0.0010)  wd: 0.3886 (0.1975)  mom: 0.9997 (0.9955)  last_layer_lr: 0.0001 (0.0010)  current_batch_size: 32.0000 (32.0000)  total_loss: 5.0224 (5.0925)  dino_local_crops_loss: 4.3129 (4.3082)  dino_global_crops_loss: 0.5391 (0.5385)  ibot_loss: 0.1704 (0.2457)  time: 0.088506  data: 0.000343  max mem: 3809
I20260720 21:31:32 540231 dinov2 helpers.py:102] Training  [ 8880/10000]  eta: 0:01:51  lr: 0.0001 (0.0010)  wd: 0.3888 (0.1978)  mom: 0.9998 (0.9955)  last_layer_lr: 0.0001 (0.0010)  current_batch_size: 32.0000 (32.0000)  total_loss: 5.0177 (5.0924)  dino_local_crops_loss: 4.3129 (4.3082)  dino_global_crops_loss: 0.5391 (0.5385)  ibot_loss: 0.1657 (0.2456)  time: 0.089129  data: 0.000351  max mem: 3809
I20260720 21:31:33 540231 dinov2 helpers.py:102] Training  [ 8890/10000]  eta: 0:01:50  lr: 0.0001 (0.0010)  wd: 0.3890 (0.1980)  mom: 0.9998 (0.9955)  last_layer_lr: 0.0001 (0.0010)  current_batch_size: 32.0000 (32.0000)  total_loss: 5.0200 (5.0923)  dino_local_crops_loss: 4.3129 (4.3082)  dino_global_crops_loss: 0.5391 (0.5385)  ibot_loss: 0.1681 (0.2456)  time: 0.089672  data: 0.000354  max mem: 3809
I20260720 21:31:34 540231 dinov2 helpers.py:102] Training  [ 8900/10000]  eta: 0:01:49  lr: 0.0001 (0.0010)  wd: 0.3892 (0.1982)  mom: 0.9998 (0.9955)  last_layer_lr: 0.0001 (0.0010)  current_batch_size: 32.0000 (32.0000)  total_loss: 5.0304 (5.0922)  dino_local_crops_loss: 4.3129 (4.3082)  dino_global_crops_loss: 0.5391 (0.5385)  ibot_loss: 0.1784 (0.2455)  time: 0.087300  data: 0.000337  max mem: 3809
I20260720 21:31:35 540231 dinov2 helpers.py:102] Training  [ 8910/10000]  eta: 0:01:48  lr: 0.0001 (0.0010)  wd: 0.3894 (0.1984)  mom: 0.9998 (0.9955)  last_layer_lr: 0.0001 (0.0010)  current_batch_size: 32.0000 (32.0000)  total_loss: 5.0285 (5.0922)  dino_local_crops_loss: 4.3129 (4.3082)  dino_global_crops_loss: 0.5391 (0.5385)  ibot_loss: 0.1765 (0.2454)  time: 0.088398  data: 0.000351  max mem: 3809
I20260720 21:31:36 540231 dinov2 helpers.py:102] Training  [ 8920/10000]  eta: 0:01:47  lr: 0.0001 (0.0010)  wd: 0.3895 (0.1986)  mom: 0.9998 (0.9955)  last_layer_lr: 0.0001 (0.0010)  current_batch_size: 32.0000 (32.0000)  total_loss: 5.0272 (5.0921)  dino_local_crops_loss: 4.3129 (4.3082)  dino_global_crops_loss: 0.5391 (0.5385)  ibot_loss: 0.1752 (0.2454)  time: 0.088257  data: 0.000349  max mem: 3809
I20260720 21:31:37 540231 dinov2 helpers.py:102] Training  [ 8930/10000]  eta: 0:01:46  lr: 0.0001 (0.0010)  wd: 0.3897 (0.1988)  mom: 0.9998 (0.9955)  last_layer_lr: 0.0001 (0.0010)  current_batch_size: 32.0000 (32.0000)  total_loss: 5.0150 (5.0920)  dino_local_crops_loss: 4.3129 (4.3082)  dino_global_crops_loss: 0.5391 (0.5385)  ibot_loss: 0.1629 (0.2453)  time: 0.091257  data: 0.000403  max mem: 3809
I20260720 21:31:37 540231 dinov2 helpers.py:102] Training  [ 8940/10000]  eta: 0:01:45  lr: 0.0001 (0.0010)  wd: 0.3899 (0.1991)  mom: 0.9998 (0.9955)  last_layer_lr: 0.0001 (0.0010)  current_batch_size: 32.0000 (32.0000)  total_loss: 5.0203 (5.0920)  dino_local_crops_loss: 4.3129 (4.3082)  dino_global_crops_loss: 0.5391 (0.5385)  ibot_loss: 0.1684 (0.2452)  time: 0.088579  data: 0.000410  max mem: 3809
I20260720 21:31:38 540231 dinov2 helpers.py:102] Training  [ 8950/10000]  eta: 0:01:44  lr: 0.0001 (0.0010)  wd: 0.3901 (0.1993)  mom: 0.9998 (0.9955)  last_layer_lr: 0.0001 (0.0010)  current_batch_size: 32.0000 (32.0000)  total_loss: 5.0294 (5.0919)  dino_local_crops_loss: 4.3128 (4.3082)  dino_global_crops_loss: 0.5391 (0.5385)  ibot_loss: 0.1775 (0.2451)  time: 0.090258  data: 0.000339  max mem: 3809
I20260720 21:31:39 540231 dinov2 helpers.py:102] Training  [ 8960/10000]  eta: 0:01:43  lr: 0.0000 (0.0010)  wd: 0.3903 (0.1995)  mom: 0.9998 (0.9955)  last_layer_lr: 0.0000 (0.0010)  current_batch_size: 32.0000 (32.0000)  total_loss: 5.0242 (5.0918)  dino_local_crops_loss: 4.3128 (4.3082)  dino_global_crops_loss: 0.5391 (0.5385)  ibot_loss: 0.1722 (0.2450)  time: 0.091744  data: 0.000670  max mem: 3809
I20260720 21:31:40 540231 dinov2 helpers.py:102] Training  [ 8970/10000]  eta: 0:01:42  lr: 0.0000 (0.0010)  wd: 0.3905 (0.1997)  mom: 0.9998 (0.9955)  last_layer_lr: 0.0000 (0.0010)  current_batch_size: 32.0000 (32.0000)  total_loss: 5.0288 (5.0917)  dino_local_crops_loss: 4.3128 (4.3082)  dino_global_crops_loss: 0.5391 (0.5385)  ibot_loss: 0.1770 (0.2450)  time: 0.087979  data: 0.000704  max mem: 3809
I20260720 21:31:41 540231 dinov2 helpers.py:102] Training  [ 8980/10000]  eta: 0:01:41  lr: 0.0000 (0.0010)  wd: 0.3907 (0.1999)  mom: 0.9998 (0.9956)  last_layer_lr: 0.0000 (0.0010)  current_batch_size: 32.0000 (32.0000)  total_loss: 5.0205 (5.0917)  dino_local_crops_loss: 4.3129 (4.3082)  dino_global_crops_loss: 0.5391 (0.5385)  ibot_loss: 0.1686 (0.2449)  time: 0.087760  data: 0.000363  max mem: 3809
I20260720 21:31:42 540231 dinov2 helpers.py:102] Training  [ 8990/10000]  eta: 0:01:40  lr: 0.0000 (0.0010)  wd: 0.3908 (0.2001)  mom: 0.9998 (0.9956)  last_layer_lr: 0.0000 (0.0010)  current_batch_size: 32.0000 (32.0000)  total_loss: 5.0200 (5.0916)  dino_local_crops_loss: 4.3129 (4.3083)  dino_global_crops_loss: 0.5391 (0.5385)  ibot_loss: 0.1680 (0.2448)  time: 0.088689  data: 0.000320  max mem: 3809
I20260720 21:31:43 540231 fvcore.common.checkpoint __init__.py:109] Saving checkpoint to /sci/labs/arieljaffe/dan.abergel1/runs/brain/overfit1/model_0008999.rank_0.pth
I20260720 21:31:45 540231 dinov2 helpers.py:102] Training  [ 9000/10000]  eta: 0:01:39  lr: 0.0000 (0.0010)  wd: 0.3910 (0.2003)  mom: 0.9998 (0.9956)  last_layer_lr: 0.0000 (0.0010)  current_batch_size: 32.0000 (32.0000)  total_loss: 5.0304 (5.0915)  dino_local_crops_loss: 4.3129 (4.3083)  dino_global_crops_loss: 0.5391 (0.5385)  ibot_loss: 0.1784 (0.2447)  time: 0.178816  data: 0.000347  max mem: 3809
I20260720 21:31:45 540231 dinov2 helpers.py:102] Training  [ 9010/10000]  eta: 0:01:38  lr: 0.0000 (0.0010)  wd: 0.3912 (0.2005)  mom: 0.9998 (0.9956)  last_layer_lr: 0.0000 (0.0010)  current_batch_size: 32.0000 (32.0000)  total_loss: 5.0304 (5.0915)  dino_local_crops_loss: 4.3129 (4.3083)  dino_global_crops_loss: 0.5391 (0.5385)  ibot_loss: 0.1784 (0.2447)  time: 0.174400  data: 0.000347  max mem: 3809
I20260720 21:31:46 540231 dinov2 helpers.py:102] Training  [ 9020/10000]  eta: 0:01:37  lr: 0.0000 (0.0010)  wd: 0.3914 (0.2008)  mom: 0.9998 (0.9956)  last_layer_lr: 0.0000 (0.0010)  current_batch_size: 32.0000 (32.0000)  total_loss: 5.0113 (5.0914)  dino_local_crops_loss: 4.3129 (4.3083)  dino_global_crops_loss: 0.5391 (0.5385)  ibot_loss: 0.1594 (0.2446)  time: 0.083317  data: 0.000350  max mem: 3809
I20260720 21:31:47 540231 dinov2 helpers.py:102] Training  [ 9030/10000]  eta: 0:01:36  lr: 0.0000 (0.0010)  wd: 0.3915 (0.2010)  mom: 0.9998 (0.9956)  last_layer_lr: 0.0000 (0.0010)  current_batch_size: 32.0000 (32.0000)  total_loss: 5.0218 (5.0913)  dino_local_crops_loss: 4.3129 (4.3083)  dino_global_crops_loss: 0.5391 (0.5385)  ibot_loss: 0.1699 (0.2445)  time: 0.087416  data: 0.000348  max mem: 3809
I20260720 21:31:48 540231 dinov2 helpers.py:102] Training  [ 9040/10000]  eta: 0:01:35  lr: 0.0000 (0.0010)  wd: 0.3917 (0.2012)  mom: 0.9998 (0.9956)  last_layer_lr: 0.0000 (0.0010)  current_batch_size: 32.0000 (32.0000)  total_loss: 5.0252 (5.0912)  dino_local_crops_loss: 4.3129 (4.3083)  dino_global_crops_loss: 0.5391 (0.5385)  ibot_loss: 0.1732 (0.2444)  time: 0.089325  data: 0.000342  max mem: 3809
I20260720 21:31:49 540231 dinov2 helpers.py:102] Training  [ 9050/10000]  eta: 0:01:34  lr: 0.0000 (0.0010)  wd: 0.3919 (0.2014)  mom: 0.9998 (0.9956)  last_layer_lr: 0.0000 (0.0010)  current_batch_size: 32.0000 (32.0000)  total_loss: 5.0305 (5.0912)  dino_local_crops_loss: 4.3129 (4.3083)  dino_global_crops_loss: 0.5391 (0.5385)  ibot_loss: 0.1784 (0.2443)  time: 0.088505  data: 0.000354  max mem: 3809
I20260720 21:31:50 540231 dinov2 helpers.py:102] Training  [ 9060/10000]  eta: 0:01:33  lr: 0.0000 (0.0010)  wd: 0.3920 (0.2016)  mom: 0.9998 (0.9956)  last_layer_lr: 0.0000 (0.0010)  current_batch_size: 32.0000 (32.0000)  total_loss: 5.0377 (5.0911)  dino_local_crops_loss: 4.3129 (4.3083)  dino_global_crops_loss: 0.5391 (0.5385)  ibot_loss: 0.1857 (0.2443)  time: 0.088619  data: 0.000352  max mem: 3809
I20260720 21:31:51 540231 dinov2 helpers.py:102] Training  [ 9070/10000]  eta: 0:01:32  lr: 0.0000 (0.0010)  wd: 0.3922 (0.2018)  mom: 0.9998 (0.9956)  last_layer_lr: 0.0000 (0.0010)  current_batch_size: 32.0000 (32.0000)  total_loss: 5.0341 (5.0911)  dino_local_crops_loss: 4.3129 (4.3083)  dino_global_crops_loss: 0.5391 (0.5385)  ibot_loss: 0.1821 (0.2442)  time: 0.092839  data: 0.000365  max mem: 3809
I20260720 21:31:52 540231 dinov2 helpers.py:102] Training  [ 9080/10000]  eta: 0:01:31  lr: 0.0000 (0.0010)  wd: 0.3924 (0.2020)  mom: 0.9998 (0.9956)  last_layer_lr: 0.0000 (0.0010)  current_batch_size: 32.0000 (32.0000)  total_loss: 5.0258 (5.0910)  dino_local_crops_loss: 4.3129 (4.3083)  dino_global_crops_loss: 0.5391 (0.5385)  ibot_loss: 0.1737 (0.2441)  time: 0.093000  data: 0.000382  max mem: 3809
I20260720 21:31:53 540231 dinov2 helpers.py:102] Training  [ 9090/10000]  eta: 0:01:30  lr: 0.0000 (0.0010)  wd: 0.3925 (0.2022)  mom: 0.9998 (0.9956)  last_layer_lr: 0.0000 (0.0010)  current_batch_size: 32.0000 (32.0000)  total_loss: 5.0228 (5.0909)  dino_local_crops_loss: 4.3129 (4.3083)  dino_global_crops_loss: 0.5391 (0.5385)  ibot_loss: 0.1708 (0.2441)  time: 0.088435  data: 0.000360  max mem: 3809
I20260720 21:31:54 540231 dinov2 helpers.py:102] Training  [ 9100/10000]  eta: 0:01:29  lr: 0.0000 (0.0010)  wd: 0.3927 (0.2024)  mom: 0.9998 (0.9956)  last_layer_lr: 0.0000 (0.0010)  current_batch_size: 32.0000 (32.0000)  total_loss: 5.0228 (5.0908)  dino_local_crops_loss: 4.3129 (4.3083)  dino_global_crops_loss: 0.5391 (0.5385)  ibot_loss: 0.1708 (0.2440)  time: 0.086549  data: 0.000320  max mem: 3809
I20260720 21:31:54 540231 dinov2 helpers.py:102] Training  [ 9110/10000]  eta: 0:01:28  lr: 0.0000 (0.0010)  wd: 0.3929 (0.2026)  mom: 0.9998 (0.9956)  last_layer_lr: 0.0000 (0.0010)  current_batch_size: 32.0000 (32.0000)  total_loss: 5.0216 (5.0908)  dino_local_crops_loss: 4.3129 (4.3083)  dino_global_crops_loss: 0.5391 (0.5385)  ibot_loss: 0.1696 (0.2439)  time: 0.084838  data: 0.000309  max mem: 3809
I20260720 21:31:55 540231 dinov2 helpers.py:102] Training  [ 9120/10000]  eta: 0:01:27  lr: 0.0000 (0.0010)  wd: 0.3930 (0.2029)  mom: 0.9998 (0.9956)  last_layer_lr: 0.0000 (0.0010)  current_batch_size: 32.0000 (32.0000)  total_loss: 5.0278 (5.0907)  dino_local_crops_loss: 4.3129 (4.3083)  dino_global_crops_loss: 0.5391 (0.5386)  ibot_loss: 0.1759 (0.2438)  time: 0.087339  data: 0.000298  max mem: 3809
I20260720 21:31:56 540231 dinov2 helpers.py:102] Training  [ 9130/10000]  eta: 0:01:26  lr: 0.0000 (0.0010)  wd: 0.3932 (0.2031)  mom: 0.9998 (0.9956)  last_layer_lr: 0.0000 (0.0010)  current_batch_size: 32.0000 (32.0000)  total_loss: 5.0325 (5.0906)  dino_local_crops_loss: 4.3129 (4.3083)  dino_global_crops_loss: 0.5391 (0.5386)  ibot_loss: 0.1806 (0.2438)  time: 0.088502  data: 0.000317  max mem: 3809
I20260720 21:31:57 540231 dinov2 helpers.py:102] Training  [ 9140/10000]  eta: 0:01:25  lr: 0.0000 (0.0010)  wd: 0.3933 (0.2033)  mom: 0.9999 (0.9956)  last_layer_lr: 0.0000 (0.0010)  current_batch_size: 32.0000 (32.0000)  total_loss: 5.0122 (5.0906)  dino_local_crops_loss: 4.3129 (4.3083)  dino_global_crops_loss: 0.5391 (0.5386)  ibot_loss: 0.1602 (0.2437)  time: 0.087467  data: 0.000331  max mem: 3809
I20260720 21:31:58 540231 dinov2 helpers.py:102] Training  [ 9150/10000]  eta: 0:01:24  lr: 0.0000 (0.0010)  wd: 0.3935 (0.2035)  mom: 0.9999 (0.9956)  last_layer_lr: 0.0000 (0.0010)  current_batch_size: 32.0000 (32.0000)  total_loss: 5.0122 (5.0905)  dino_local_crops_loss: 4.3128 (4.3083)  dino_global_crops_loss: 0.5391 (0.5386)  ibot_loss: 0.1602 (0.2436)  time: 0.086521  data: 0.000406  max mem: 3809
I20260720 21:31:59 540231 dinov2 helpers.py:102] Training  [ 9160/10000]  eta: 0:01:23  lr: 0.0000 (0.0010)  wd: 0.3936 (0.2037)  mom: 0.9999 (0.9956)  last_layer_lr: 0.0000 (0.0010)  current_batch_size: 32.0000 (32.0000)  total_loss: 5.0186 (5.0904)  dino_local_crops_loss: 4.3128 (4.3083)  dino_global_crops_loss: 0.5391 (0.5386)  ibot_loss: 0.1666 (0.2435)  time: 0.085644  data: 0.000435  max mem: 3809
I20260720 21:32:00 540231 dinov2 helpers.py:102] Training  [ 9170/10000]  eta: 0:01:22  lr: 0.0000 (0.0010)  wd: 0.3938 (0.2039)  mom: 0.9999 (0.9956)  last_layer_lr: 0.0000 (0.0010)  current_batch_size: 32.0000 (32.0000)  total_loss: 5.0186 (5.0903)  dino_local_crops_loss: 4.3129 (4.3083)  dino_global_crops_loss: 0.5391 (0.5386)  ibot_loss: 0.1666 (0.2434)  time: 0.085551  data: 0.000359  max mem: 3809
I20260720 21:32:01 540231 dinov2 helpers.py:102] Training  [ 9180/10000]  eta: 0:01:21  lr: 0.0000 (0.0010)  wd: 0.3939 (0.2041)  mom: 0.9999 (0.9956)  last_layer_lr: 0.0000 (0.0010)  current_batch_size: 32.0000 (32.0000)  total_loss: 5.0158 (5.0903)  dino_local_crops_loss: 4.3129 (4.3084)  dino_global_crops_loss: 0.5391 (0.5386)  ibot_loss: 0.1639 (0.2434)  time: 0.088334  data: 0.000365  max mem: 3809
I20260720 21:32:01 540231 dinov2 helpers.py:102] Training  [ 9190/10000]  eta: 0:01:20  lr: 0.0000 (0.0010)  wd: 0.3941 (0.2043)  mom: 0.9999 (0.9957)  last_layer_lr: 0.0000 (0.0010)  current_batch_size: 32.0000 (32.0000)  total_loss: 5.0133 (5.0902)  dino_local_crops_loss: 4.3128 (4.3084)  dino_global_crops_loss: 0.5391 (0.5386)  ibot_loss: 0.1613 (0.2433)  time: 0.088713  data: 0.000905  max mem: 3809
I20260720 21:32:02 540231 dinov2 helpers.py:102] Training  [ 9200/10000]  eta: 0:01:19  lr: 0.0000 (0.0010)  wd: 0.3942 (0.2045)  mom: 0.9999 (0.9957)  last_layer_lr: 0.0000 (0.0010)  current_batch_size: 32.0000 (32.0000)  total_loss: 5.0363 (5.0901)  dino_local_crops_loss: 4.3128 (4.3084)  dino_global_crops_loss: 0.5391 (0.5386)  ibot_loss: 0.1843 (0.2432)  time: 0.086114  data: 0.000883  max mem: 3809
I20260720 21:32:03 540231 dinov2 helpers.py:102] Training  [ 9210/10000]  eta: 0:01:18  lr: 0.0000 (0.0010)  wd: 0.3943 (0.2047)  mom: 0.9999 (0.9957)  last_layer_lr: 0.0000 (0.0010)  current_batch_size: 32.0000 (32.0000)  total_loss: 5.0245 (5.0900)  dino_local_crops_loss: 4.3128 (4.3084)  dino_global_crops_loss: 0.5391 (0.5386)  ibot_loss: 0.1725 (0.2431)  time: 0.089449  data: 0.000350  max mem: 3809
I20260720 21:32:04 540231 dinov2 helpers.py:102] Training  [ 9220/10000]  eta: 0:01:17  lr: 0.0000 (0.0010)  wd: 0.3945 (0.2049)  mom: 0.9999 (0.9957)  last_layer_lr: 0.0000 (0.0010)  current_batch_size: 32.0000 (32.0000)  total_loss: 5.0228 (5.0900)  dino_local_crops_loss: 4.3128 (4.3084)  dino_global_crops_loss: 0.5391 (0.5386)  ibot_loss: 0.1708 (0.2430)  time: 0.091525  data: 0.000366  max mem: 3809
I20260720 21:32:05 540231 dinov2 helpers.py:102] Training  [ 9230/10000]  eta: 0:01:16  lr: 0.0000 (0.0010)  wd: 0.3946 (0.2051)  mom: 0.9999 (0.9957)  last_layer_lr: 0.0000 (0.0010)  current_batch_size: 32.0000 (32.0000)  total_loss: 5.0197 (5.0899)  dino_local_crops_loss: 4.3128 (4.3084)  dino_global_crops_loss: 0.5391 (0.5386)  ibot_loss: 0.1678 (0.2430)  time: 0.088218  data: 0.000513  max mem: 3809
I20260720 21:32:06 540231 dinov2 helpers.py:102] Training  [ 9240/10000]  eta: 0:01:15  lr: 0.0000 (0.0010)  wd: 0.3948 (0.2053)  mom: 0.9999 (0.9957)  last_layer_lr: 0.0000 (0.0010)  current_batch_size: 32.0000 (32.0000)  total_loss: 5.0212 (5.0898)  dino_local_crops_loss: 4.3128 (4.3084)  dino_global_crops_loss: 0.5391 (0.5386)  ibot_loss: 0.1693 (0.2429)  time: 0.089459  data: 0.000502  max mem: 3809
I20260720 21:32:07 540231 dinov2 helpers.py:102] Training  [ 9250/10000]  eta: 0:01:14  lr: 0.0000 (0.0010)  wd: 0.3949 (0.2055)  mom: 0.9999 (0.9957)  last_layer_lr: 0.0000 (0.0010)  current_batch_size: 32.0000 (32.0000)  total_loss: 5.0304 (5.0898)  dino_local_crops_loss: 4.3128 (4.3084)  dino_global_crops_loss: 0.5391 (0.5386)  ibot_loss: 0.1784 (0.2428)  time: 0.090998  data: 0.000338  max mem: 3809
I20260720 21:32:08 540231 dinov2 helpers.py:102] Training  [ 9260/10000]  eta: 0:01:13  lr: 0.0000 (0.0010)  wd: 0.3950 (0.2057)  mom: 0.9999 (0.9957)  last_layer_lr: 0.0000 (0.0010)  current_batch_size: 32.0000 (32.0000)  total_loss: 5.0273 (5.0897)  dino_local_crops_loss: 4.3128 (4.3084)  dino_global_crops_loss: 0.5391 (0.5386)  ibot_loss: 0.1753 (0.2428)  time: 0.090209  data: 0.000558  max mem: 3809
I20260720 21:32:09 540231 dinov2 helpers.py:102] Training  [ 9270/10000]  eta: 0:01:12  lr: 0.0000 (0.0010)  wd: 0.3952 (0.2060)  mom: 0.9999 (0.9957)  last_layer_lr: 0.0000 (0.0010)  current_batch_size: 32.0000 (32.0000)  total_loss: 5.0198 (5.0896)  dino_local_crops_loss: 4.3128 (4.3084)  dino_global_crops_loss: 0.5391 (0.5386)  ibot_loss: 0.1678 (0.2427)  time: 0.098251  data: 0.000566  max mem: 3809
I20260720 21:32:10 540231 dinov2 helpers.py:102] Training  [ 9280/10000]  eta: 0:01:11  lr: 0.0000 (0.0010)  wd: 0.3953 (0.2062)  mom: 0.9999 (0.9957)  last_layer_lr: 0.0000 (0.0010)  current_batch_size: 32.0000 (32.0000)  total_loss: 5.0237 (5.0896)  dino_local_crops_loss: 4.3127 (4.3084)  dino_global_crops_loss: 0.5391 (0.5386)  ibot_loss: 0.1718 (0.2426)  time: 0.093964  data: 0.000360  max mem: 3809
I20260720 21:32:10 540231 dinov2 helpers.py:102] Training  [ 9290/10000]  eta: 0:01:10  lr: 0.0000 (0.0010)  wd: 0.3954 (0.2064)  mom: 0.9999 (0.9957)  last_layer_lr: 0.0000 (0.0010)  current_batch_size: 32.0000 (32.0000)  total_loss: 5.0129 (5.0895)  dino_local_crops_loss: 4.3127 (4.3084)  dino_global_crops_loss: 0.5391 (0.5386)  ibot_loss: 0.1611 (0.2425)  time: 0.084749  data: 0.000383  max mem: 3809
I20260720 21:32:11 540231 fvcore.common.checkpoint __init__.py:109] Saving checkpoint to /sci/labs/arieljaffe/dan.abergel1/runs/brain/overfit1/model_0009299.rank_0.pth
I20260720 21:32:13 540231 dinov2 helpers.py:102] Training  [ 9300/10000]  eta: 0:01:09  lr: 0.0000 (0.0010)  wd: 0.3955 (0.2066)  mom: 0.9999 (0.9957)  last_layer_lr: 0.0000 (0.0010)  current_batch_size: 32.0000 (32.0000)  total_loss: 5.0139 (5.0894)  dino_local_crops_loss: 4.3128 (4.3084)  dino_global_crops_loss: 0.5391 (0.5386)  ibot_loss: 0.1621 (0.2424)  time: 0.167619  data: 0.000489  max mem: 3809
I20260720 21:32:14 540231 dinov2 helpers.py:102] Training  [ 9310/10000]  eta: 0:01:08  lr: 0.0000 (0.0009)  wd: 0.3957 (0.2068)  mom: 0.9999 (0.9957)  last_layer_lr: 0.0000 (0.0009)  current_batch_size: 32.0000 (32.0000)  total_loss: 5.0230 (5.0893)  dino_local_crops_loss: 4.3128 (4.3084)  dino_global_crops_loss: 0.5391 (0.5386)  ibot_loss: 0.1711 (0.2424)  time: 0.166287  data: 0.000446  max mem: 3809
I20260720 21:32:15 540231 dinov2 helpers.py:102] Training  [ 9320/10000]  eta: 0:01:07  lr: 0.0000 (0.0009)  wd: 0.3958 (0.2070)  mom: 0.9999 (0.9957)  last_layer_lr: 0.0000 (0.0009)  current_batch_size: 32.0000 (32.0000)  total_loss: 5.0243 (5.0893)  dino_local_crops_loss: 4.3128 (4.3084)  dino_global_crops_loss: 0.5391 (0.5386)  ibot_loss: 0.1723 (0.2423)  time: 0.085055  data: 0.000304  max mem: 3809
I20260720 21:32:16 540231 dinov2 helpers.py:102] Training  [ 9330/10000]  eta: 0:01:06  lr: 0.0000 (0.0009)  wd: 0.3959 (0.2072)  mom: 0.9999 (0.9957)  last_layer_lr: 0.0000 (0.0009)  current_batch_size: 32.0000 (32.0000)  total_loss: 5.0165 (5.0892)  dino_local_crops_loss: 4.3128 (4.3084)  dino_global_crops_loss: 0.5391 (0.5386)  ibot_loss: 0.1644 (0.2422)  time: 0.086909  data: 0.000351  max mem: 3809
I20260720 21:32:16 540231 dinov2 helpers.py:102] Training  [ 9340/10000]  eta: 0:01:05  lr: 0.0000 (0.0009)  wd: 0.3960 (0.2074)  mom: 0.9999 (0.9957)  last_layer_lr: 0.0000 (0.0009)  current_batch_size: 32.0000 (32.0000)  total_loss: 5.0205 (5.0891)  dino_local_crops_loss: 4.3128 (4.3084)  dino_global_crops_loss: 0.5391 (0.5386)  ibot_loss: 0.1687 (0.2421)  time: 0.086267  data: 0.000396  max mem: 3809
I20260720 21:32:17 540231 dinov2 helpers.py:102] Training  [ 9350/10000]  eta: 0:01:04  lr: 0.0000 (0.0009)  wd: 0.3961 (0.2076)  mom: 0.9999 (0.9957)  last_layer_lr: 0.0000 (0.0009)  current_batch_size: 32.0000 (32.0000)  total_loss: 5.0231 (5.0891)  dino_local_crops_loss: 4.3127 (4.3084)  dino_global_crops_loss: 0.5391 (0.5386)  ibot_loss: 0.1713 (0.2421)  time: 0.090127  data: 0.000547  max mem: 3809
I20260720 21:32:18 540231 dinov2 helpers.py:102] Training  [ 9360/10000]  eta: 0:01:03  lr: 0.0000 (0.0009)  wd: 0.3963 (0.2078)  mom: 0.9999 (0.9957)  last_layer_lr: 0.0000 (0.0009)  current_batch_size: 32.0000 (32.0000)  total_loss: 5.0172 (5.0890)  dino_local_crops_loss: 4.3127 (4.3084)  dino_global_crops_loss: 0.5391 (0.5386)  ibot_loss: 0.1654 (0.2420)  time: 0.093563  data: 0.000543  max mem: 3809
I20260720 21:32:19 540231 dinov2 helpers.py:102] Training  [ 9370/10000]  eta: 0:01:02  lr: 0.0000 (0.0009)  wd: 0.3964 (0.2080)  mom: 0.9999 (0.9957)  last_layer_lr: 0.0000 (0.0009)  current_batch_size: 32.0000 (32.0000)  total_loss: 5.0155 (5.0889)  dino_local_crops_loss: 4.3127 (4.3084)  dino_global_crops_loss: 0.5391 (0.5386)  ibot_loss: 0.1637 (0.2419)  time: 0.089983  data: 0.000373  max mem: 3809
I20260720 21:32:20 540231 dinov2 helpers.py:102] Training  [ 9380/10000]  eta: 0:01:01  lr: 0.0000 (0.0009)  wd: 0.3965 (0.2082)  mom: 0.9999 (0.9957)  last_layer_lr: 0.0000 (0.0009)  current_batch_size: 32.0000 (32.0000)  total_loss: 5.0177 (5.0888)  dino_local_crops_loss: 4.3127 (4.3084)  dino_global_crops_loss: 0.5391 (0.5386)  ibot_loss: 0.1659 (0.2418)  time: 0.091327  data: 0.000372  max mem: 3809
I20260720 21:32:21 540231 dinov2 helpers.py:102] Training  [ 9390/10000]  eta: 0:01:00  lr: 0.0000 (0.0009)  wd: 0.3966 (0.2084)  mom: 0.9999 (0.9957)  last_layer_lr: 0.0000 (0.0009)  current_batch_size: 32.0000 (32.0000)  total_loss: 5.0203 (5.0888)  dino_local_crops_loss: 4.3128 (4.3085)  dino_global_crops_loss: 0.5391 (0.5386)  ibot_loss: 0.1685 (0.2417)  time: 0.091308  data: 0.000468  max mem: 3809
I20260720 21:32:22 540231 dinov2 helpers.py:102] Training  [ 9400/10000]  eta: 0:00:59  lr: 0.0000 (0.0009)  wd: 0.3967 (0.2086)  mom: 0.9999 (0.9957)  last_layer_lr: 0.0000 (0.0009)  current_batch_size: 32.0000 (32.0000)  total_loss: 5.0266 (5.0887)  dino_local_crops_loss: 4.3128 (4.3085)  dino_global_crops_loss: 0.5391 (0.5386)  ibot_loss: 0.1748 (0.2417)  time: 0.086364  data: 0.000549  max mem: 3809
I20260720 21:32:23 540231 dinov2 helpers.py:102] Training  [ 9410/10000]  eta: 0:00:58  lr: 0.0000 (0.0009)  wd: 0.3968 (0.2088)  mom: 0.9999 (0.9958)  last_layer_lr: 0.0000 (0.0009)  current_batch_size: 32.0000 (32.0000)  total_loss: 5.0220 (5.0886)  dino_local_crops_loss: 4.3128 (4.3085)  dino_global_crops_loss: 0.5391 (0.5386)  ibot_loss: 0.1702 (0.2416)  time: 0.086905  data: 0.000475  max mem: 3809
I20260720 21:32:24 540231 dinov2 helpers.py:102] Training  [ 9420/10000]  eta: 0:00:57  lr: 0.0000 (0.0009)  wd: 0.3969 (0.2090)  mom: 0.9999 (0.9958)  last_layer_lr: 0.0000 (0.0009)  current_batch_size: 32.0000 (32.0000)  total_loss: 5.0205 (5.0886)  dino_local_crops_loss: 4.3128 (4.3085)  dino_global_crops_loss: 0.5391 (0.5386)  ibot_loss: 0.1686 (0.2415)  time: 0.092462  data: 0.000504  max mem: 3809
I20260720 21:32:25 540231 dinov2 helpers.py:102] Training  [ 9430/10000]  eta: 0:00:56  lr: 0.0000 (0.0009)  wd: 0.3970 (0.2092)  mom: 0.9999 (0.9958)  last_layer_lr: 0.0000 (0.0009)  current_batch_size: 32.0000 (32.0000)  total_loss: 5.0180 (5.0885)  dino_local_crops_loss: 4.3128 (4.3085)  dino_global_crops_loss: 0.5391 (0.5386)  ibot_loss: 0.1662 (0.2415)  time: 0.094950  data: 0.000479  max mem: 3809
I20260720 21:32:26 540231 dinov2 helpers.py:102] Training  [ 9440/10000]  eta: 0:00:55  lr: 0.0000 (0.0009)  wd: 0.3971 (0.2094)  mom: 0.9999 (0.9958)  last_layer_lr: 0.0000 (0.0009)  current_batch_size: 32.0000 (32.0000)  total_loss: 5.0180 (5.0884)  dino_local_crops_loss: 4.3127 (4.3085)  dino_global_crops_loss: 0.5391 (0.5386)  ibot_loss: 0.1662 (0.2414)  time: 0.093381  data: 0.000373  max mem: 3809
I20260720 21:32:27 540231 dinov2 helpers.py:102] Training  [ 9450/10000]  eta: 0:00:54  lr: 0.0000 (0.0009)  wd: 0.3972 (0.2096)  mom: 0.9999 (0.9958)  last_layer_lr: 0.0000 (0.0009)  current_batch_size: 32.0000 (32.0000)  total_loss: 5.0323 (5.0884)  dino_local_crops_loss: 4.3127 (4.3085)  dino_global_crops_loss: 0.5391 (0.5386)  ibot_loss: 0.1805 (0.2413)  time: 0.091148  data: 0.000382  max mem: 3809
I20260720 21:32:27 540231 dinov2 helpers.py:102] Training  [ 9460/10000]  eta: 0:00:53  lr: 0.0000 (0.0009)  wd: 0.3973 (0.2098)  mom: 0.9999 (0.9958)  last_layer_lr: 0.0000 (0.0009)  current_batch_size: 32.0000 (32.0000)  total_loss: 5.0174 (5.0883)  dino_local_crops_loss: 4.3127 (4.3085)  dino_global_crops_loss: 0.5391 (0.5386)  ibot_loss: 0.1656 (0.2413)  time: 0.087206  data: 0.000399  max mem: 3809
I20260720 21:32:28 540231 dinov2 helpers.py:102] Training  [ 9470/10000]  eta: 0:00:52  lr: 0.0000 (0.0009)  wd: 0.3974 (0.2100)  mom: 0.9999 (0.9958)  last_layer_lr: 0.0000 (0.0009)  current_batch_size: 32.0000 (32.0000)  total_loss: 5.0174 (5.0882)  dino_local_crops_loss: 4.3127 (4.3085)  dino_global_crops_loss: 0.5391 (0.5386)  ibot_loss: 0.1656 (0.2412)  time: 0.087397  data: 0.000393  max mem: 3809
I20260720 21:32:29 540231 dinov2 helpers.py:102] Training  [ 9480/10000]  eta: 0:00:51  lr: 0.0000 (0.0009)  wd: 0.3975 (0.2102)  mom: 0.9999 (0.9958)  last_layer_lr: 0.0000 (0.0009)  current_batch_size: 32.0000 (32.0000)  total_loss: 5.0178 (5.0882)  dino_local_crops_loss: 4.3127 (4.3085)  dino_global_crops_loss: 0.5391 (0.5386)  ibot_loss: 0.1660 (0.2411)  time: 0.088052  data: 0.000346  max mem: 3809
I20260720 21:32:30 540231 dinov2 helpers.py:102] Training  [ 9490/10000]  eta: 0:00:50  lr: 0.0000 (0.0009)  wd: 0.3976 (0.2104)  mom: 0.9999 (0.9958)  last_layer_lr: 0.0000 (0.0009)  current_batch_size: 32.0000 (32.0000)  total_loss: 5.0180 (5.0881)  dino_local_crops_loss: 4.3127 (4.3085)  dino_global_crops_loss: 0.5391 (0.5386)  ibot_loss: 0.1662 (0.2411)  time: 0.086337  data: 0.000324  max mem: 3809
I20260720 21:32:31 540231 dinov2 helpers.py:102] Training  [ 9500/10000]  eta: 0:00:49  lr: 0.0000 (0.0009)  wd: 0.3977 (0.2106)  mom: 0.9999 (0.9958)  last_layer_lr: 0.0000 (0.0009)  current_batch_size: 32.0000 (32.0000)  total_loss: 5.0310 (5.0881)  dino_local_crops_loss: 4.3127 (4.3085)  dino_global_crops_loss: 0.5391 (0.5386)  ibot_loss: 0.1793 (0.2410)  time: 0.092524  data: 0.000368  max mem: 3809
I20260720 21:32:32 540231 dinov2 helpers.py:102] Training  [ 9510/10000]  eta: 0:00:48  lr: 0.0000 (0.0009)  wd: 0.3978 (0.2108)  mom: 1.0000 (0.9958)  last_layer_lr: 0.0000 (0.0009)  current_batch_size: 32.0000 (32.0000)  total_loss: 5.0285 (5.0880)  dino_local_crops_loss: 4.3128 (4.3085)  dino_global_crops_loss: 0.5391 (0.5386)  ibot_loss: 0.1766 (0.2409)  time: 0.089520  data: 0.000390  max mem: 3809
I20260720 21:32:33 540231 dinov2 helpers.py:102] Training  [ 9520/10000]  eta: 0:00:47  lr: 0.0000 (0.0009)  wd: 0.3979 (0.2110)  mom: 1.0000 (0.9958)  last_layer_lr: 0.0000 (0.0009)  current_batch_size: 32.0000 (32.0000)  total_loss: 5.0268 (5.0879)  dino_local_crops_loss: 4.3128 (4.3085)  dino_global_crops_loss: 0.5391 (0.5386)  ibot_loss: 0.1749 (0.2408)  time: 0.085352  data: 0.000318  max mem: 3809
I20260720 21:32:34 540231 dinov2 helpers.py:102] Training  [ 9530/10000]  eta: 0:00:46  lr: 0.0000 (0.0009)  wd: 0.3980 (0.2112)  mom: 1.0000 (0.9958)  last_layer_lr: 0.0000 (0.0009)  current_batch_size: 32.0000 (32.0000)  total_loss: 5.0208 (5.0879)  dino_local_crops_loss: 4.3127 (4.3085)  dino_global_crops_loss: 0.5391 (0.5386)  ibot_loss: 0.1689 (0.2408)  time: 0.090654  data: 0.000311  max mem: 3809
I20260720 21:32:35 540231 dinov2 helpers.py:102] Training  [ 9540/10000]  eta: 0:00:45  lr: 0.0000 (0.0009)  wd: 0.3980 (0.2114)  mom: 1.0000 (0.9958)  last_layer_lr: 0.0000 (0.0009)  current_batch_size: 32.0000 (32.0000)  total_loss: 5.0186 (5.0878)  dino_local_crops_loss: 4.3127 (4.3085)  dino_global_crops_loss: 0.5391 (0.5386)  ibot_loss: 0.1669 (0.2407)  time: 0.091984  data: 0.000449  max mem: 3809
I20260720 21:32:36 540231 dinov2 helpers.py:102] Training  [ 9550/10000]  eta: 0:00:44  lr: 0.0000 (0.0009)  wd: 0.3981 (0.2115)  mom: 1.0000 (0.9958)  last_layer_lr: 0.0000 (0.0009)  current_batch_size: 32.0000 (32.0000)  total_loss: 5.0235 (5.0877)  dino_local_crops_loss: 4.3127 (4.3085)  dino_global_crops_loss: 0.5391 (0.5386)  ibot_loss: 0.1717 (0.2406)  time: 0.098175  data: 0.000470  max mem: 3809
I20260720 21:32:37 540231 dinov2 helpers.py:102] Training  [ 9560/10000]  eta: 0:00:43  lr: 0.0000 (0.0009)  wd: 0.3982 (0.2117)  mom: 1.0000 (0.9958)  last_layer_lr: 0.0000 (0.0009)  current_batch_size: 32.0000 (32.0000)  total_loss: 5.0179 (5.0876)  dino_local_crops_loss: 4.3127 (4.3085)  dino_global_crops_loss: 0.5391 (0.5386)  ibot_loss: 0.1661 (0.2405)  time: 0.098250  data: 0.000374  max mem: 3809
I20260720 21:32:38 540231 dinov2 helpers.py:102] Training  [ 9570/10000]  eta: 0:00:42  lr: 0.0000 (0.0009)  wd: 0.3983 (0.2119)  mom: 1.0000 (0.9958)  last_layer_lr: 0.0000 (0.0009)  current_batch_size: 32.0000 (32.0000)  total_loss: 5.0132 (5.0876)  dino_local_crops_loss: 4.3127 (4.3085)  dino_global_crops_loss: 0.5391 (0.5386)  ibot_loss: 0.1615 (0.2405)  time: 0.095252  data: 0.000552  max mem: 3809
I20260720 21:32:39 540231 dinov2 helpers.py:102] Training  [ 9580/10000]  eta: 0:00:41  lr: 0.0000 (0.0009)  wd: 0.3984 (0.2121)  mom: 1.0000 (0.9958)  last_layer_lr: 0.0000 (0.0009)  current_batch_size: 32.0000 (32.0000)  total_loss: 5.0147 (5.0875)  dino_local_crops_loss: 4.3127 (4.3085)  dino_global_crops_loss: 0.5391 (0.5386)  ibot_loss: 0.1630 (0.2404)  time: 0.100400  data: 0.000704  max mem: 3809
I20260720 21:32:40 540231 dinov2 helpers.py:102] Training  [ 9590/10000]  eta: 0:00:40  lr: 0.0000 (0.0009)  wd: 0.3984 (0.2123)  mom: 1.0000 (0.9958)  last_layer_lr: 0.0000 (0.0009)  current_batch_size: 32.0000 (32.0000)  total_loss: 5.0127 (5.0874)  dino_local_crops_loss: 4.3127 (4.3085)  dino_global_crops_loss: 0.5391 (0.5386)  ibot_loss: 0.1609 (0.2403)  time: 0.099559  data: 0.000557  max mem: 3809
I20260720 21:32:41 540231 fvcore.common.checkpoint __init__.py:109] Saving checkpoint to /sci/labs/arieljaffe/dan.abergel1/runs/brain/overfit1/model_0009599.rank_0.pth
I20260720 21:32:42 540231 dinov2 helpers.py:102] Training  [ 9600/10000]  eta: 0:00:39  lr: 0.0000 (0.0009)  wd: 0.3985 (0.2125)  mom: 1.0000 (0.9958)  last_layer_lr: 0.0000 (0.0009)  current_batch_size: 32.0000 (32.0000)  total_loss: 5.0155 (5.0874)  dino_local_crops_loss: 4.3127 (4.3085)  dino_global_crops_loss: 0.5391 (0.5386)  ibot_loss: 0.1637 (0.2402)  time: 0.170064  data: 0.000584  max mem: 3809
I20260720 21:32:43 540231 dinov2 helpers.py:102] Training  [ 9610/10000]  eta: 0:00:38  lr: 0.0000 (0.0009)  wd: 0.3986 (0.2127)  mom: 1.0000 (0.9958)  last_layer_lr: 0.0000 (0.0009)  current_batch_size: 32.0000 (32.0000)  total_loss: 5.0273 (5.0873)  dino_local_crops_loss: 4.3127 (4.3085)  dino_global_crops_loss: 0.5391 (0.5386)  ibot_loss: 0.1755 (0.2402)  time: 0.168471  data: 0.000563  max mem: 3809
I20260720 21:32:44 540231 dinov2 helpers.py:102] Training  [ 9620/10000]  eta: 0:00:37  lr: 0.0000 (0.0009)  wd: 0.3987 (0.2129)  mom: 1.0000 (0.9958)  last_layer_lr: 0.0000 (0.0009)  current_batch_size: 32.0000 (32.0000)  total_loss: 5.0236 (5.0872)  dino_local_crops_loss: 4.3127 (4.3086)  dino_global_crops_loss: 0.5391 (0.5386)  ibot_loss: 0.1719 (0.2401)  time: 0.091311  data: 0.000377  max mem: 3809
I20260720 21:32:45 540231 dinov2 helpers.py:102] Training  [ 9630/10000]  eta: 0:00:36  lr: 0.0000 (0.0009)  wd: 0.3987 (0.2131)  mom: 1.0000 (0.9958)  last_layer_lr: 0.0000 (0.0009)  current_batch_size: 32.0000 (32.0000)  total_loss: 5.0119 (5.0871)  dino_local_crops_loss: 4.3127 (4.3086)  dino_global_crops_loss: 0.5391 (0.5386)  ibot_loss: 0.1600 (0.2400)  time: 0.092751  data: 0.000350  max mem: 3809
I20260720 21:32:46 540231 dinov2 helpers.py:102] Training  [ 9640/10000]  eta: 0:00:35  lr: 0.0000 (0.0009)  wd: 0.3988 (0.2133)  mom: 1.0000 (0.9959)  last_layer_lr: 0.0000 (0.0009)  current_batch_size: 32.0000 (32.0000)  total_loss: 5.0212 (5.0871)  dino_local_crops_loss: 4.3127 (4.3086)  dino_global_crops_loss: 0.5391 (0.5386)  ibot_loss: 0.1695 (0.2399)  time: 0.096670  data: 0.000357  max mem: 3809
I20260720 21:32:47 540231 dinov2 helpers.py:102] Training  [ 9650/10000]  eta: 0:00:34  lr: 0.0000 (0.0009)  wd: 0.3989 (0.2135)  mom: 1.0000 (0.9959)  last_layer_lr: 0.0000 (0.0009)  current_batch_size: 32.0000 (32.0000)  total_loss: 5.0314 (5.0870)  dino_local_crops_loss: 4.3127 (4.3086)  dino_global_crops_loss: 0.5391 (0.5386)  ibot_loss: 0.1796 (0.2399)  time: 0.093684  data: 0.000351  max mem: 3809
I20260720 21:32:48 540231 dinov2 helpers.py:102] Training  [ 9660/10000]  eta: 0:00:33  lr: 0.0000 (0.0009)  wd: 0.3989 (0.2137)  mom: 1.0000 (0.9959)  last_layer_lr: 0.0000 (0.0009)  current_batch_size: 32.0000 (32.0000)  total_loss: 5.0204 (5.0870)  dino_local_crops_loss: 4.3127 (4.3086)  dino_global_crops_loss: 0.5391 (0.5386)  ibot_loss: 0.1687 (0.2398)  time: 0.093687  data: 0.000333  max mem: 3809
I20260720 21:32:49 540231 dinov2 helpers.py:102] Training  [ 9670/10000]  eta: 0:00:32  lr: 0.0000 (0.0009)  wd: 0.3990 (0.2139)  mom: 1.0000 (0.9959)  last_layer_lr: 0.0000 (0.0009)  current_batch_size: 32.0000 (32.0000)  total_loss: 5.0203 (5.0869)  dino_local_crops_loss: 4.3127 (4.3086)  dino_global_crops_loss: 0.5391 (0.5386)  ibot_loss: 0.1685 (0.2397)  time: 0.096299  data: 0.000340  max mem: 3809
I20260720 21:32:50 540231 dinov2 helpers.py:102] Training  [ 9680/10000]  eta: 0:00:31  lr: 0.0000 (0.0009)  wd: 0.3990 (0.2141)  mom: 1.0000 (0.9959)  last_layer_lr: 0.0000 (0.0009)  current_batch_size: 32.0000 (32.0000)  total_loss: 5.0203 (5.0868)  dino_local_crops_loss: 4.3126 (4.3086)  dino_global_crops_loss: 0.5391 (0.5386)  ibot_loss: 0.1685 (0.2397)  time: 0.094759  data: 0.000362  max mem: 3809
I20260720 21:32:51 540231 dinov2 helpers.py:102] Training  [ 9690/10000]  eta: 0:00:30  lr: 0.0000 (0.0009)  wd: 0.3991 (0.2143)  mom: 1.0000 (0.9959)  last_layer_lr: 0.0000 (0.0009)  current_batch_size: 32.0000 (32.0000)  total_loss: 5.0231 (5.0868)  dino_local_crops_loss: 4.3126 (4.3086)  dino_global_crops_loss: 0.5391 (0.5386)  ibot_loss: 0.1713 (0.2396)  time: 0.092099  data: 0.000339  max mem: 3809
I20260720 21:32:51 540231 dinov2 helpers.py:102] Training  [ 9700/10000]  eta: 0:00:29  lr: 0.0000 (0.0009)  wd: 0.3991 (0.2144)  mom: 1.0000 (0.9959)  last_layer_lr: 0.0000 (0.0009)  current_batch_size: 32.0000 (32.0000)  total_loss: 5.0173 (5.0867)  dino_local_crops_loss: 4.3126 (4.3086)  dino_global_crops_loss: 0.5391 (0.5386)  ibot_loss: 0.1657 (0.2395)  time: 0.088794  data: 0.000316  max mem: 3809
I20260720 21:32:52 540231 dinov2 helpers.py:102] Training  [ 9710/10000]  eta: 0:00:28  lr: 0.0000 (0.0009)  wd: 0.3992 (0.2146)  mom: 1.0000 (0.9959)  last_layer_lr: 0.0000 (0.0009)  current_batch_size: 32.0000 (32.0000)  total_loss: 5.0173 (5.0866)  dino_local_crops_loss: 4.3126 (4.3086)  dino_global_crops_loss: 0.5391 (0.5386)  ibot_loss: 0.1657 (0.2394)  time: 0.093510  data: 0.000337  max mem: 3809
I20260720 21:32:53 540231 dinov2 helpers.py:102] Training  [ 9720/10000]  eta: 0:00:27  lr: 0.0000 (0.0009)  wd: 0.3993 (0.2148)  mom: 1.0000 (0.9959)  last_layer_lr: 0.0000 (0.0009)  current_batch_size: 32.0000 (32.0000)  total_loss: 5.0294 (5.0866)  dino_local_crops_loss: 4.3126 (4.3086)  dino_global_crops_loss: 0.5391 (0.5386)  ibot_loss: 0.1777 (0.2394)  time: 0.096288  data: 0.000363  max mem: 3809
I20260720 21:32:54 540231 dinov2 helpers.py:102] Training  [ 9730/10000]  eta: 0:00:26  lr: 0.0000 (0.0009)  wd: 0.3993 (0.2150)  mom: 1.0000 (0.9959)  last_layer_lr: 0.0000 (0.0009)  current_batch_size: 32.0000 (32.0000)  total_loss: 5.0273 (5.0865)  dino_local_crops_loss: 4.3126 (4.3086)  dino_global_crops_loss: 0.5391 (0.5386)  ibot_loss: 0.1756 (0.2393)  time: 0.093311  data: 0.000482  max mem: 3809
I20260720 21:32:55 540231 dinov2 helpers.py:102] Training  [ 9740/10000]  eta: 0:00:25  lr: 0.0000 (0.0009)  wd: 0.3994 (0.2152)  mom: 1.0000 (0.9959)  last_layer_lr: 0.0000 (0.0009)  current_batch_size: 32.0000 (32.0000)  total_loss: 5.0249 (5.0864)  dino_local_crops_loss: 4.3126 (4.3086)  dino_global_crops_loss: 0.5391 (0.5386)  ibot_loss: 0.1732 (0.2393)  time: 0.093523  data: 0.000462  max mem: 3809
I20260720 21:32:56 540231 dinov2 helpers.py:102] Training  [ 9750/10000]  eta: 0:00:24  lr: 0.0000 (0.0009)  wd: 0.3994 (0.2154)  mom: 1.0000 (0.9959)  last_layer_lr: 0.0000 (0.0009)  current_batch_size: 32.0000 (32.0000)  total_loss: 5.0196 (5.0864)  dino_local_crops_loss: 4.3126 (4.3086)  dino_global_crops_loss: 0.5391 (0.5386)  ibot_loss: 0.1679 (0.2392)  time: 0.095591  data: 0.000444  max mem: 3809
I20260720 21:32:57 540231 dinov2 helpers.py:102] Training  [ 9760/10000]  eta: 0:00:23  lr: 0.0000 (0.0009)  wd: 0.3994 (0.2156)  mom: 1.0000 (0.9959)  last_layer_lr: 0.0000 (0.0009)  current_batch_size: 32.0000 (32.0000)  total_loss: 5.0196 (5.0863)  dino_local_crops_loss: 4.3126 (4.3086)  dino_global_crops_loss: 0.5391 (0.5386)  ibot_loss: 0.1679 (0.2391)  time: 0.096269  data: 0.000572  max mem: 3809
I20260720 21:32:58 540231 dinov2 helpers.py:102] Training  [ 9770/10000]  eta: 0:00:22  lr: 0.0000 (0.0009)  wd: 0.3995 (0.2158)  mom: 1.0000 (0.9959)  last_layer_lr: 0.0000 (0.0009)  current_batch_size: 32.0000 (32.0000)  total_loss: 5.0216 (5.0862)  dino_local_crops_loss: 4.3126 (4.3086)  dino_global_crops_loss: 0.5391 (0.5386)  ibot_loss: 0.1699 (0.2390)  time: 0.089327  data: 0.000444  max mem: 3809
I20260720 21:32:59 540231 dinov2 helpers.py:102] Training  [ 9780/10000]  eta: 0:00:21  lr: 0.0000 (0.0009)  wd: 0.3995 (0.2160)  mom: 1.0000 (0.9959)  last_layer_lr: 0.0000 (0.0009)  current_batch_size: 32.0000 (32.0000)  total_loss: 5.0211 (5.0862)  dino_local_crops_loss: 4.3126 (4.3086)  dino_global_crops_loss: 0.5391 (0.5386)  ibot_loss: 0.1694 (0.2390)  time: 0.086518  data: 0.000304  max mem: 3809
I20260720 21:33:00 540231 dinov2 helpers.py:102] Training  [ 9790/10000]  eta: 0:00:20  lr: 0.0000 (0.0009)  wd: 0.3996 (0.2161)  mom: 1.0000 (0.9959)  last_layer_lr: 0.0000 (0.0009)  current_batch_size: 32.0000 (32.0000)  total_loss: 5.0198 (5.0861)  dino_local_crops_loss: 4.3126 (4.3086)  dino_global_crops_loss: 0.5391 (0.5386)  ibot_loss: 0.1682 (0.2389)  time: 0.089857  data: 0.000344  max mem: 3809
I20260720 21:33:01 540231 dinov2 helpers.py:102] Training  [ 9800/10000]  eta: 0:00:19  lr: 0.0000 (0.0009)  wd: 0.3996 (0.2163)  mom: 1.0000 (0.9959)  last_layer_lr: 0.0000 (0.0009)  current_batch_size: 32.0000 (32.0000)  total_loss: 5.0239 (5.0861)  dino_local_crops_loss: 4.3126 (4.3086)  dino_global_crops_loss: 0.5391 (0.5386)  ibot_loss: 0.1723 (0.2388)  time: 0.091205  data: 0.000367  max mem: 3809
I20260720 21:33:02 540231 dinov2 helpers.py:102] Training  [ 9810/10000]  eta: 0:00:18  lr: 0.0000 (0.0009)  wd: 0.3996 (0.2165)  mom: 1.0000 (0.9959)  last_layer_lr: 0.0000 (0.0009)  current_batch_size: 32.0000 (32.0000)  total_loss: 5.0325 (5.0860)  dino_local_crops_loss: 4.3126 (4.3086)  dino_global_crops_loss: 0.5391 (0.5386)  ibot_loss: 0.1808 (0.2388)  time: 0.090555  data: 0.000353  max mem: 3809
I20260720 21:33:03 540231 dinov2 helpers.py:102] Training  [ 9820/10000]  eta: 0:00:17  lr: 0.0000 (0.0009)  wd: 0.3997 (0.2167)  mom: 1.0000 (0.9959)  last_layer_lr: 0.0000 (0.0009)  current_batch_size: 32.0000 (32.0000)  total_loss: 5.0090 (5.0859)  dino_local_crops_loss: 4.3126 (4.3086)  dino_global_crops_loss: 0.5391 (0.5386)  ibot_loss: 0.1574 (0.2387)  time: 0.088676  data: 0.000352  max mem: 3809
I20260720 21:33:04 540231 dinov2 helpers.py:102] Training  [ 9830/10000]  eta: 0:00:16  lr: 0.0000 (0.0009)  wd: 0.3997 (0.2169)  mom: 1.0000 (0.9959)  last_layer_lr: 0.0000 (0.0009)  current_batch_size: 32.0000 (32.0000)  total_loss: 5.0117 (5.0859)  dino_local_crops_loss: 4.3126 (4.3086)  dino_global_crops_loss: 0.5391 (0.5386)  ibot_loss: 0.1601 (0.2386)  time: 0.091832  data: 0.000339  max mem: 3809
I20260720 21:33:04 540231 dinov2 helpers.py:102] Training  [ 9840/10000]  eta: 0:00:15  lr: 0.0000 (0.0009)  wd: 0.3997 (0.2171)  mom: 1.0000 (0.9959)  last_layer_lr: 0.0000 (0.0009)  current_batch_size: 32.0000 (32.0000)  total_loss: 5.0189 (5.0858)  dino_local_crops_loss: 4.3126 (4.3086)  dino_global_crops_loss: 0.5391 (0.5386)  ibot_loss: 0.1672 (0.2386)  time: 0.090495  data: 0.000315  max mem: 3809
I20260720 21:33:05 540231 dinov2 helpers.py:102] Training  [ 9850/10000]  eta: 0:00:14  lr: 0.0000 (0.0009)  wd: 0.3998 (0.2173)  mom: 1.0000 (0.9959)  last_layer_lr: 0.0000 (0.0009)  current_batch_size: 32.0000 (32.0000)  total_loss: 5.0226 (5.0857)  dino_local_crops_loss: 4.3126 (4.3086)  dino_global_crops_loss: 0.5391 (0.5386)  ibot_loss: 0.1710 (0.2385)  time: 0.090123  data: 0.000317  max mem: 3809
I20260720 21:33:06 540231 dinov2 helpers.py:102] Training  [ 9860/10000]  eta: 0:00:13  lr: 0.0000 (0.0009)  wd: 0.3998 (0.2174)  mom: 1.0000 (0.9959)  last_layer_lr: 0.0000 (0.0009)  current_batch_size: 32.0000 (32.0000)  total_loss: 5.0383 (5.0857)  dino_local_crops_loss: 4.3126 (4.3087)  dino_global_crops_loss: 0.5391 (0.5386)  ibot_loss: 0.1867 (0.2384)  time: 0.090896  data: 0.000418  max mem: 3809
I20260720 21:33:07 540231 dinov2 helpers.py:102] Training  [ 9870/10000]  eta: 0:00:12  lr: 0.0000 (0.0009)  wd: 0.3998 (0.2176)  mom: 1.0000 (0.9959)  last_layer_lr: 0.0000 (0.0009)  current_batch_size: 32.0000 (32.0000)  total_loss: 5.0209 (5.0856)  dino_local_crops_loss: 4.3126 (4.3087)  dino_global_crops_loss: 0.5391 (0.5386)  ibot_loss: 0.1693 (0.2384)  time: 0.085664  data: 0.000415  max mem: 3809
I20260720 21:33:08 540231 dinov2 helpers.py:102] Training  [ 9880/10000]  eta: 0:00:11  lr: 0.0000 (0.0009)  wd: 0.3998 (0.2178)  mom: 1.0000 (0.9960)  last_layer_lr: 0.0000 (0.0009)  current_batch_size: 32.0000 (32.0000)  total_loss: 5.0243 (5.0856)  dino_local_crops_loss: 4.3125 (4.3087)  dino_global_crops_loss: 0.5391 (0.5386)  ibot_loss: 0.1727 (0.2383)  time: 0.086514  data: 0.000417  max mem: 3809
I20260720 21:33:09 540231 dinov2 helpers.py:102] Training  [ 9890/10000]  eta: 0:00:10  lr: 0.0000 (0.0009)  wd: 0.3999 (0.2180)  mom: 1.0000 (0.9960)  last_layer_lr: 0.0000 (0.0009)  current_batch_size: 32.0000 (32.0000)  total_loss: 5.0243 (5.0855)  dino_local_crops_loss: 4.3126 (4.3087)  dino_global_crops_loss: 0.5391 (0.5386)  ibot_loss: 0.1727 (0.2382)  time: 0.088419  data: 0.000537  max mem: 3809
I20260720 21:33:10 540231 fvcore.common.checkpoint __init__.py:109] Saving checkpoint to /sci/labs/arieljaffe/dan.abergel1/runs/brain/overfit1/model_0009899.rank_0.pth
I20260720 21:33:11 540231 dinov2 helpers.py:102] Training  [ 9900/10000]  eta: 0:00:09  lr: 0.0000 (0.0009)  wd: 0.3999 (0.2182)  mom: 1.0000 (0.9960)  last_layer_lr: 0.0000 (0.0009)  current_batch_size: 32.0000 (32.0000)  total_loss: 5.0175 (5.0854)  dino_local_crops_loss: 4.3126 (4.3087)  dino_global_crops_loss: 0.5391 (0.5386)  ibot_loss: 0.1659 (0.2382)  time: 0.170673  data: 0.000430  max mem: 3809
I20260720 21:33:12 540231 dinov2 helpers.py:102] Training  [ 9910/10000]  eta: 0:00:08  lr: 0.0000 (0.0009)  wd: 0.3999 (0.2184)  mom: 1.0000 (0.9960)  last_layer_lr: 0.0000 (0.0009)  current_batch_size: 32.0000 (32.0000)  total_loss: 5.0216 (5.0854)  dino_local_crops_loss: 4.3126 (4.3087)  dino_global_crops_loss: 0.5391 (0.5386)  ibot_loss: 0.1700 (0.2381)  time: 0.172272  data: 0.000296  max mem: 3809
I20260720 21:33:13 540231 dinov2 helpers.py:102] Training  [ 9920/10000]  eta: 0:00:07  lr: 0.0000 (0.0009)  wd: 0.3999 (0.2185)  mom: 1.0000 (0.9960)  last_layer_lr: 0.0000 (0.0009)  current_batch_size: 32.0000 (32.0000)  total_loss: 5.0216 (5.0853)  dino_local_crops_loss: 4.3125 (4.3087)  dino_global_crops_loss: 0.5391 (0.5386)  ibot_loss: 0.1700 (0.2381)  time: 0.087963  data: 0.000303  max mem: 3809
I20260720 21:33:14 540231 dinov2 helpers.py:102] Training  [ 9930/10000]  eta: 0:00:06  lr: 0.0000 (0.0009)  wd: 0.3999 (0.2187)  mom: 1.0000 (0.9960)  last_layer_lr: 0.0000 (0.0009)  current_batch_size: 32.0000 (32.0000)  total_loss: 5.0251 (5.0853)  dino_local_crops_loss: 4.3125 (4.3087)  dino_global_crops_loss: 0.5391 (0.5386)  ibot_loss: 0.1735 (0.2380)  time: 0.089460  data: 0.000471  max mem: 3809
I20260720 21:33:15 540231 dinov2 helpers.py:102] Training  [ 9940/10000]  eta: 0:00:05  lr: 0.0000 (0.0009)  wd: 0.4000 (0.2189)  mom: 1.0000 (0.9960)  last_layer_lr: 0.0000 (0.0009)  current_batch_size: 32.0000 (32.0000)  total_loss: 5.0199 (5.0852)  dino_local_crops_loss: 4.3126 (4.3087)  dino_global_crops_loss: 0.5391 (0.5386)  ibot_loss: 0.1683 (0.2379)  time: 0.091593  data: 0.000476  max mem: 3809
I20260720 21:33:16 540231 dinov2 helpers.py:102] Training  [ 9950/10000]  eta: 0:00:04  lr: 0.0000 (0.0009)  wd: 0.4000 (0.2191)  mom: 1.0000 (0.9960)  last_layer_lr: 0.0000 (0.0009)  current_batch_size: 32.0000 (32.0000)  total_loss: 5.0194 (5.0851)  dino_local_crops_loss: 4.3125 (4.3087)  dino_global_crops_loss: 0.5391 (0.5386)  ibot_loss: 0.1678 (0.2378)  time: 0.087485  data: 0.000344  max mem: 3809
I20260720 21:33:17 540231 dinov2 helpers.py:102] Training  [ 9960/10000]  eta: 0:00:03  lr: 0.0000 (0.0009)  wd: 0.4000 (0.2193)  mom: 1.0000 (0.9960)  last_layer_lr: 0.0000 (0.0009)  current_batch_size: 32.0000 (32.0000)  total_loss: 5.0225 (5.0851)  dino_local_crops_loss: 4.3125 (4.3087)  dino_global_crops_loss: 0.5391 (0.5386)  ibot_loss: 0.1709 (0.2378)  time: 0.085941  data: 0.000346  max mem: 3809
I20260720 21:33:18 540231 dinov2 helpers.py:102] Training  [ 9970/10000]  eta: 0:00:02  lr: 0.0000 (0.0009)  wd: 0.4000 (0.2195)  mom: 1.0000 (0.9960)  last_layer_lr: 0.0000 (0.0009)  current_batch_size: 32.0000 (32.0000)  total_loss: 5.0154 (5.0850)  dino_local_crops_loss: 4.3125 (4.3087)  dino_global_crops_loss: 0.5391 (0.5386)  ibot_loss: 0.1638 (0.2377)  time: 0.091046  data: 0.000617  max mem: 3809
I20260720 21:33:19 540231 dinov2 helpers.py:102] Training  [ 9980/10000]  eta: 0:00:01  lr: 0.0000 (0.0009)  wd: 0.4000 (0.2196)  mom: 1.0000 (0.9960)  last_layer_lr: 0.0000 (0.0009)  current_batch_size: 32.0000 (32.0000)  total_loss: 5.0125 (5.0850)  dino_local_crops_loss: 4.3126 (4.3087)  dino_global_crops_loss: 0.5391 (0.5386)  ibot_loss: 0.1608 (0.2377)  time: 0.092812  data: 0.000619  max mem: 3809
I20260720 21:33:20 540231 dinov2 helpers.py:102] Training  [ 9990/10000]  eta: 0:00:00  lr: 0.0000 (0.0009)  wd: 0.4000 (0.2198)  mom: 1.0000 (0.9960)  last_layer_lr: 0.0000 (0.0009)  current_batch_size: 32.0000 (32.0000)  total_loss: 5.0203 (5.0849)  dino_local_crops_loss: 4.3126 (4.3087)  dino_global_crops_loss: 0.5391 (0.5386)  ibot_loss: 0.1686 (0.2376)  time: 0.093230  data: 0.000355  max mem: 3809
I20260720 21:33:20 540231 fvcore.common.checkpoint __init__.py:109] Saving checkpoint to /sci/labs/arieljaffe/dan.abergel1/runs/brain/overfit1/model_final.rank_0.pth
I20260720 21:33:22 540231 dinov2 helpers.py:102] Training  [ 9999/10000]  eta: 0:00:00  lr: 0.0000 (0.0009)  wd: 0.4000 (0.2200)  mom: 1.0000 (0.9960)  last_layer_lr: 0.0000 (0.0009)  current_batch_size: 32.0000 (32.0000)  total_loss: 5.0205 (5.0848)  dino_local_crops_loss: 4.3126 (4.3087)  dino_global_crops_loss: 0.5391 (0.5386)  ibot_loss: 0.1689 (0.2375)  time: 0.181295  data: 0.000356  max mem: 3809
I20260720 21:33:22 540231 dinov2 helpers.py:130] Training Total time: 0:16:39 (0.099971 s / it)
=== overfit1 DONE  Mon Jul 20 21:33:43 IDT 2026 ===
