=== ABLATION samesl_t005 : data=brain2d local_global=1 local_eq_global=0 protos=4096 temp=0.04->0.005 (warmup 5) cv=5  Wed Jul 22 14:31:08 IDT 2026 ===
I20260722 14:32:49 73825 dinov2 config.py:59] git:
  sha: e4f0dbeb034f22fad13743078bc6013b97dc41cc, status: has uncommitted changes, branch: imagenette-test

I20260722 14:32:49 73825 dinov2 config.py:60] config_file: /sci/labs/arieljaffe/dan.abergel1/repos/FAIR_official/dinov2/configs/train/imagenette_vits.yaml
eval: 
eval_only: False
no_resume: True
opts: ['train.dataset_path=ImageFolder:root=/sci/labs/arieljaffe/dan.abergel1/brain2d', 'crops.local_crops_size=224', 'crops.local_crops_scale=[0.32,1.0]', 'teacher.warmup_teacher_temp=0.04', 'teacher.teacher_temp=0.005', 'teacher.warmup_teacher_temp_epochs=5', 'dino.head_n_prototypes=4096', 'ibot.head_n_prototypes=4096', 'dino.koleo_loss_weight=0', 'dino.loss_weight=1', 'train.output_dir=/sci/labs/arieljaffe/dan.abergel1/runs/brain/samesl_t005']
output_dir: /sci/labs/arieljaffe/dan.abergel1/runs/brain/samesl_t005
I20260722 14:32:49 73825 dinov2 config.py:26] sqrt scaling learning rate; base: 0.004, new: 0.001
I20260722 14:32:49 73825 dinov2 config.py:33] MODEL:
  WEIGHTS: ''
compute_precision:
  grad_scaler: true
  teacher:
    backbone:
      sharding_strategy: SHARD_GRAD_OP
      mixed_precision:
        param_dtype: fp16
        reduce_dtype: fp16
        buffer_dtype: fp32
    dino_head:
      sharding_strategy: SHARD_GRAD_OP
      mixed_precision:
        param_dtype: fp16
        reduce_dtype: fp16
        buffer_dtype: fp32
    ibot_head:
      sharding_strategy: SHARD_GRAD_OP
      mixed_precision:
        param_dtype: fp16
        reduce_dtype: fp16
        buffer_dtype: fp32
  student:
    backbone:
      sharding_strategy: SHARD_GRAD_OP
      mixed_precision:
        param_dtype: fp16
        reduce_dtype: fp16
        buffer_dtype: fp32
    dino_head:
      sharding_strategy: SHARD_GRAD_OP
      mixed_precision:
        param_dtype: fp16
        reduce_dtype: fp32
        buffer_dtype: fp32
    ibot_head:
      sharding_strategy: SHARD_GRAD_OP
      mixed_precision:
        param_dtype: fp16
        reduce_dtype: fp32
        buffer_dtype: fp32
dino:
  loss_weight: 1
  head_n_prototypes: 4096
  head_bottleneck_dim: 256
  head_nlayers: 3
  head_hidden_dim: 2048
  koleo_loss_weight: 0
ibot:
  loss_weight: 1.0
  mask_sample_probability: 0.5
  mask_ratio_min_max:
  - 0.1
  - 0.5
  separate_head: false
  head_n_prototypes: 4096
  head_bottleneck_dim: 256
  head_nlayers: 3
  head_hidden_dim: 2048
train:
  batch_size_per_gpu: 64
  dataset_path: ImageFolder:root=/sci/labs/arieljaffe/dan.abergel1/brain2d
  output_dir: /sci/labs/arieljaffe/dan.abergel1/runs/brain/samesl_t005
  saveckp_freq: 20
  seed: 0
  num_workers: 8
  OFFICIAL_EPOCH_LENGTH: 150
  cache_dataset: true
  centering: centering
  cell_augmentation: false
student:
  arch: vit_small
  patch_size: 16
  drop_path_rate: 0.1
  layerscale: 1.0e-05
  drop_path_uniform: true
  pretrained_weights: ''
  ffn_layer: mlp
  block_chunks: 4
  qkv_bias: true
  proj_bias: true
  ffn_bias: true
  num_register_tokens: 0
  interpolate_antialias: false
  interpolate_offset: 0.1
  in_chans: 3
  channel_adaptive: false
teacher:
  momentum_teacher: 0.992
  final_momentum_teacher: 1
  warmup_teacher_temp: 0.04
  teacher_temp: 0.005
  warmup_teacher_temp_epochs: 5
  in_chans: 3
  channel_adaptive: false
optim:
  epochs: 50
  weight_decay: 0.04
  weight_decay_end: 0.4
  base_lr: 0.004
  lr: 0.001
  warmup_epochs: 5
  min_lr: 1.0e-06
  clip_grad: 3.0
  freeze_last_layer_epochs: 1
  scaling_rule: sqrt_wrt_1024
  patch_embed_lr_mult: 0.2
  layerwise_decay: 0.9
  adamw_beta1: 0.9
  adamw_beta2: 0.999
crops:
  global_crops_scale:
  - 0.32
  - 1.0
  local_crops_number: 8
  local_crops_scale:
  - 0.32
  - 1.0
  global_crops_size: 224
  local_crops_size: 224
evaluation:
  eval_period_iterations: 0

I20260722 14:32:50 73825 dinov2 vision_transformer.py:125] using MLP layer as FFN
I20260722 14:32:50 73825 dinov2 vision_transformer.py:125] using MLP layer as FFN
I20260722 14:32:51 73825 dinov2 ssl_meta_arch.py:44] OPTIONS -- architecture : embed_dim: 384
I20260722 14:32:51 73825 dinov2 ssl_meta_arch.py:59] OPTIONS -- DINO
I20260722 14:32:51 73825 dinov2 ssl_meta_arch.py:61] OPTIONS -- DINO -- loss_weight: 1
I20260722 14:32:51 73825 dinov2 ssl_meta_arch.py:62] OPTIONS -- DINO -- head_n_prototypes: 4096
I20260722 14:32:51 73825 dinov2 ssl_meta_arch.py:63] OPTIONS -- DINO -- head_bottleneck_dim: 256
I20260722 14:32:51 73825 dinov2 ssl_meta_arch.py:64] OPTIONS -- DINO -- head_hidden_dim: 2048
W20260722 14:32:51 73825 py.warnings warnings.py:109] /sci/labs/arieljaffe/dan.abergel1/torch_env/lib/python3.11/site-packages/torch/nn/utils/weight_norm.py:144: FutureWarning: `torch.nn.utils.weight_norm` is deprecated in favor of `torch.nn.utils.parametrizations.weight_norm`.
  WeightNorm.apply(module, name, dim)

I20260722 14:32:51 73825 dinov2 ssl_meta_arch.py:86] OPTIONS -- IBOT
I20260722 14:32:51 73825 dinov2 ssl_meta_arch.py:87] OPTIONS -- IBOT -- loss_weight: 1.0
I20260722 14:32:51 73825 dinov2 ssl_meta_arch.py:88] OPTIONS -- IBOT masking -- ibot_mask_ratio_tuple: [0.1, 0.5]
I20260722 14:32:51 73825 dinov2 ssl_meta_arch.py:89] OPTIONS -- IBOT masking -- ibot_mask_sample_probability: 0.5
I20260722 14:32:51 73825 dinov2 ssl_meta_arch.py:112] OPTIONS -- IBOT -- head shared with DINO
I20260722 14:32:51 73825 dinov2 ssl_meta_arch.py:122] Student and Teacher are built: they are both vit_small network.
I20260722 14:32:51 73825 dinov2 ssl_meta_arch.py:408] DISTRIBUTED FSDP -- preparing model for distributed training
W20260722 14:32:51 73825 py.warnings warnings.py:109] /sci/labs/arieljaffe/dan.abergel1/torch_env/lib/python3.11/site-packages/torch/distributed/fsdp/wrap.py:91: UserWarning: FSDP will not all-gather parameters for containers that do not implement forward: BlockChunk(
  (0-2): 3 x NestedTensorBlock(
    (norm1): LayerNorm((384,), eps=1e-06, elementwise_affine=True)
    (attn): MemEffAttention(
      (qkv): Linear(in_features=384, out_features=1152, bias=True)
      (proj): Linear(in_features=384, out_features=384, bias=True)
      (proj_drop): Dropout(p=0.0, inplace=False)
    )
    (ls1): LayerScale()
    (drop_path1): DropPath()
    (norm2): LayerNorm((384,), eps=1e-06, elementwise_affine=True)
    (mlp): Mlp(
      (fc1): Linear(in_features=384, out_features=1536, bias=True)
      (act): GELU(approximate='none')
      (fc2): Linear(in_features=1536, out_features=384, bias=True)
      (drop): Dropout(p=0.0, inplace=False)
    )
    (ls2): LayerScale()
    (drop_path2): DropPath()
  )
)
  return fsdp_fn(module, **kwargs)

W20260722 14:32:51 73825 py.warnings warnings.py:109] /sci/labs/arieljaffe/dan.abergel1/torch_env/lib/python3.11/site-packages/torch/distributed/fsdp/fully_sharded_data_parallel.py:479: UserWarning: FSDP is switching to use `NO_SHARD` instead of ShardingStrategy.SHARD_GRAD_OP since the world size is 1.
  _init_core_state(

W20260722 14:32:51 73825 py.warnings warnings.py:109] /sci/labs/arieljaffe/dan.abergel1/torch_env/lib/python3.11/site-packages/torch/distributed/fsdp/wrap.py:91: UserWarning: FSDP will not all-gather parameters for containers that do not implement forward: BlockChunk(
  (0-2): 3 x Identity()
  (3-5): 3 x NestedTensorBlock(
    (norm1): LayerNorm((384,), eps=1e-06, elementwise_affine=True)
    (attn): MemEffAttention(
      (qkv): Linear(in_features=384, out_features=1152, bias=True)
      (proj): Linear(in_features=384, out_features=384, bias=True)
      (proj_drop): Dropout(p=0.0, inplace=False)
    )
    (ls1): LayerScale()
    (drop_path1): DropPath()
    (norm2): LayerNorm((384,), eps=1e-06, elementwise_affine=True)
    (mlp): Mlp(
      (fc1): Linear(in_features=384, out_features=1536, bias=True)
      (act): GELU(approximate='none')
      (fc2): Linear(in_features=1536, out_features=384, bias=True)
      (drop): Dropout(p=0.0, inplace=False)
    )
    (ls2): LayerScale()
    (drop_path2): DropPath()
  )
)
  return fsdp_fn(module, **kwargs)

W20260722 14:32:51 73825 py.warnings warnings.py:109] /sci/labs/arieljaffe/dan.abergel1/torch_env/lib/python3.11/site-packages/torch/distributed/fsdp/wrap.py:91: UserWarning: FSDP will not all-gather parameters for containers that do not implement forward: BlockChunk(
  (0-5): 6 x Identity()
  (6-8): 3 x NestedTensorBlock(
    (norm1): LayerNorm((384,), eps=1e-06, elementwise_affine=True)
    (attn): MemEffAttention(
      (qkv): Linear(in_features=384, out_features=1152, bias=True)
      (proj): Linear(in_features=384, out_features=384, bias=True)
      (proj_drop): Dropout(p=0.0, inplace=False)
    )
    (ls1): LayerScale()
    (drop_path1): DropPath()
    (norm2): LayerNorm((384,), eps=1e-06, elementwise_affine=True)
    (mlp): Mlp(
      (fc1): Linear(in_features=384, out_features=1536, bias=True)
      (act): GELU(approximate='none')
      (fc2): Linear(in_features=1536, out_features=384, bias=True)
      (drop): Dropout(p=0.0, inplace=False)
    )
    (ls2): LayerScale()
    (drop_path2): DropPath()
  )
)
  return fsdp_fn(module, **kwargs)

W20260722 14:32:51 73825 py.warnings warnings.py:109] /sci/labs/arieljaffe/dan.abergel1/torch_env/lib/python3.11/site-packages/torch/distributed/fsdp/wrap.py:91: UserWarning: FSDP will not all-gather parameters for containers that do not implement forward: BlockChunk(
  (0-8): 9 x Identity()
  (9-11): 3 x NestedTensorBlock(
    (norm1): LayerNorm((384,), eps=1e-06, elementwise_affine=True)
    (attn): MemEffAttention(
      (qkv): Linear(in_features=384, out_features=1152, bias=True)
      (proj): Linear(in_features=384, out_features=384, bias=True)
      (proj_drop): Dropout(p=0.0, inplace=False)
    )
    (ls1): LayerScale()
    (drop_path1): DropPath()
    (norm2): LayerNorm((384,), eps=1e-06, elementwise_affine=True)
    (mlp): Mlp(
      (fc1): Linear(in_features=384, out_features=1536, bias=True)
      (act): GELU(approximate='none')
      (fc2): Linear(in_features=1536, out_features=384, bias=True)
      (drop): Dropout(p=0.0, inplace=False)
    )
    (ls2): LayerScale()
    (drop_path2): DropPath()
  )
)
  return fsdp_fn(module, **kwargs)

W20260722 14:32:51 73825 py.warnings warnings.py:109] /sci/labs/arieljaffe/dan.abergel1/torch_env/lib/python3.11/site-packages/torch/distributed/fsdp/wrap.py:91: UserWarning: FSDP will not all-gather parameters for containers that do not implement forward: BlockChunk(
  (0-2): 3 x NestedTensorBlock(
    (norm1): LayerNorm((384,), eps=1e-06, elementwise_affine=True)
    (attn): MemEffAttention(
      (qkv): Linear(in_features=384, out_features=1152, bias=True)
      (proj): Linear(in_features=384, out_features=384, bias=True)
      (proj_drop): Dropout(p=0.0, inplace=False)
    )
    (ls1): LayerScale()
    (drop_path1): Identity()
    (norm2): LayerNorm((384,), eps=1e-06, elementwise_affine=True)
    (mlp): Mlp(
      (fc1): Linear(in_features=384, out_features=1536, bias=True)
      (act): GELU(approximate='none')
      (fc2): Linear(in_features=1536, out_features=384, bias=True)
      (drop): Dropout(p=0.0, inplace=False)
    )
    (ls2): LayerScale()
    (drop_path2): Identity()
  )
)
  return fsdp_fn(module, **kwargs)

W20260722 14:32:51 73825 py.warnings warnings.py:109] /sci/labs/arieljaffe/dan.abergel1/torch_env/lib/python3.11/site-packages/torch/distributed/fsdp/wrap.py:91: UserWarning: FSDP will not all-gather parameters for containers that do not implement forward: BlockChunk(
  (0-2): 3 x Identity()
  (3-5): 3 x NestedTensorBlock(
    (norm1): LayerNorm((384,), eps=1e-06, elementwise_affine=True)
    (attn): MemEffAttention(
      (qkv): Linear(in_features=384, out_features=1152, bias=True)
      (proj): Linear(in_features=384, out_features=384, bias=True)
      (proj_drop): Dropout(p=0.0, inplace=False)
    )
    (ls1): LayerScale()
    (drop_path1): Identity()
    (norm2): LayerNorm((384,), eps=1e-06, elementwise_affine=True)
    (mlp): Mlp(
      (fc1): Linear(in_features=384, out_features=1536, bias=True)
      (act): GELU(approximate='none')
      (fc2): Linear(in_features=1536, out_features=384, bias=True)
      (drop): Dropout(p=0.0, inplace=False)
    )
    (ls2): LayerScale()
    (drop_path2): Identity()
  )
)
  return fsdp_fn(module, **kwargs)

W20260722 14:32:51 73825 py.warnings warnings.py:109] /sci/labs/arieljaffe/dan.abergel1/torch_env/lib/python3.11/site-packages/torch/distributed/fsdp/wrap.py:91: UserWarning: FSDP will not all-gather parameters for containers that do not implement forward: BlockChunk(
  (0-5): 6 x Identity()
  (6-8): 3 x NestedTensorBlock(
    (norm1): LayerNorm((384,), eps=1e-06, elementwise_affine=True)
    (attn): MemEffAttention(
      (qkv): Linear(in_features=384, out_features=1152, bias=True)
      (proj): Linear(in_features=384, out_features=384, bias=True)
      (proj_drop): Dropout(p=0.0, inplace=False)
    )
    (ls1): LayerScale()
    (drop_path1): Identity()
    (norm2): LayerNorm((384,), eps=1e-06, elementwise_affine=True)
    (mlp): Mlp(
      (fc1): Linear(in_features=384, out_features=1536, bias=True)
      (act): GELU(approximate='none')
      (fc2): Linear(in_features=1536, out_features=384, bias=True)
      (drop): Dropout(p=0.0, inplace=False)
    )
    (ls2): LayerScale()
    (drop_path2): Identity()
  )
)
  return fsdp_fn(module, **kwargs)

W20260722 14:32:51 73825 py.warnings warnings.py:109] /sci/labs/arieljaffe/dan.abergel1/torch_env/lib/python3.11/site-packages/torch/distributed/fsdp/wrap.py:91: UserWarning: FSDP will not all-gather parameters for containers that do not implement forward: BlockChunk(
  (0-8): 9 x Identity()
  (9-11): 3 x NestedTensorBlock(
    (norm1): LayerNorm((384,), eps=1e-06, elementwise_affine=True)
    (attn): MemEffAttention(
      (qkv): Linear(in_features=384, out_features=1152, bias=True)
      (proj): Linear(in_features=384, out_features=384, bias=True)
      (proj_drop): Dropout(p=0.0, inplace=False)
    )
    (ls1): LayerScale()
    (drop_path1): Identity()
    (norm2): LayerNorm((384,), eps=1e-06, elementwise_affine=True)
    (mlp): Mlp(
      (fc1): Linear(in_features=384, out_features=1536, bias=True)
      (act): GELU(approximate='none')
      (fc2): Linear(in_features=1536, out_features=384, bias=True)
      (drop): Dropout(p=0.0, inplace=False)
    )
    (ls2): LayerScale()
    (drop_path2): Identity()
  )
)
  return fsdp_fn(module, **kwargs)

I20260722 14:32:51 73825 dinov2 train.py:337] Model:
SSLMetaArch(
  (dino_loss): DINOLoss()
  (ibot_patch_loss): iBOTPatchLoss()
  (student): ModuleDict(
    (backbone): FullyShardedDataParallel(
      (_fsdp_wrapped_module): DinoVisionTransformer(
        (patch_embed): PatchEmbed(
          (proj): Conv2d(3, 384, kernel_size=(16, 16), stride=(16, 16))
          (norm): Identity()
        )
        (blocks): ModuleList(
          (0): FullyShardedDataParallel(
            (_fsdp_wrapped_module): BlockChunk(
              (0-2): 3 x NestedTensorBlock(
                (norm1): LayerNorm((384,), eps=1e-06, elementwise_affine=True)
                (attn): MemEffAttention(
                  (qkv): Linear(in_features=384, out_features=1152, bias=True)
                  (proj): Linear(in_features=384, out_features=384, bias=True)
                  (proj_drop): Dropout(p=0.0, inplace=False)
                )
                (ls1): LayerScale()
                (drop_path1): DropPath()
                (norm2): LayerNorm((384,), eps=1e-06, elementwise_affine=True)
                (mlp): Mlp(
                  (fc1): Linear(in_features=384, out_features=1536, bias=True)
                  (act): GELU(approximate='none')
                  (fc2): Linear(in_features=1536, out_features=384, bias=True)
                  (drop): Dropout(p=0.0, inplace=False)
                )
                (ls2): LayerScale()
                (drop_path2): DropPath()
              )
            )
          )
          (1): FullyShardedDataParallel(
            (_fsdp_wrapped_module): BlockChunk(
              (0-2): 3 x Identity()
              (3-5): 3 x NestedTensorBlock(
                (norm1): LayerNorm((384,), eps=1e-06, elementwise_affine=True)
                (attn): MemEffAttention(
                  (qkv): Linear(in_features=384, out_features=1152, bias=True)
                  (proj): Linear(in_features=384, out_features=384, bias=True)
                  (proj_drop): Dropout(p=0.0, inplace=False)
                )
                (ls1): LayerScale()
                (drop_path1): DropPath()
                (norm2): LayerNorm((384,), eps=1e-06, elementwise_affine=True)
                (mlp): Mlp(
                  (fc1): Linear(in_features=384, out_features=1536, bias=True)
                  (act): GELU(approximate='none')
                  (fc2): Linear(in_features=1536, out_features=384, bias=True)
                  (drop): Dropout(p=0.0, inplace=False)
                )
                (ls2): LayerScale()
                (drop_path2): DropPath()
              )
            )
          )
          (2): FullyShardedDataParallel(
            (_fsdp_wrapped_module): BlockChunk(
              (0-5): 6 x Identity()
              (6-8): 3 x NestedTensorBlock(
                (norm1): LayerNorm((384,), eps=1e-06, elementwise_affine=True)
                (attn): MemEffAttention(
                  (qkv): Linear(in_features=384, out_features=1152, bias=True)
                  (proj): Linear(in_features=384, out_features=384, bias=True)
                  (proj_drop): Dropout(p=0.0, inplace=False)
                )
                (ls1): LayerScale()
                (drop_path1): DropPath()
                (norm2): LayerNorm((384,), eps=1e-06, elementwise_affine=True)
                (mlp): Mlp(
                  (fc1): Linear(in_features=384, out_features=1536, bias=True)
                  (act): GELU(approximate='none')
                  (fc2): Linear(in_features=1536, out_features=384, bias=True)
                  (drop): Dropout(p=0.0, inplace=False)
                )
                (ls2): LayerScale()
                (drop_path2): DropPath()
              )
            )
          )
          (3): FullyShardedDataParallel(
            (_fsdp_wrapped_module): BlockChunk(
              (0-8): 9 x Identity()
              (9-11): 3 x NestedTensorBlock(
                (norm1): LayerNorm((384,), eps=1e-06, elementwise_affine=True)
                (attn): MemEffAttention(
                  (qkv): Linear(in_features=384, out_features=1152, bias=True)
                  (proj): Linear(in_features=384, out_features=384, bias=True)
                  (proj_drop): Dropout(p=0.0, inplace=False)
                )
                (ls1): LayerScale()
                (drop_path1): DropPath()
                (norm2): LayerNorm((384,), eps=1e-06, elementwise_affine=True)
                (mlp): Mlp(
                  (fc1): Linear(in_features=384, out_features=1536, bias=True)
                  (act): GELU(approximate='none')
                  (fc2): Linear(in_features=1536, out_features=384, bias=True)
                  (drop): Dropout(p=0.0, inplace=False)
                )
                (ls2): LayerScale()
                (drop_path2): DropPath()
              )
            )
          )
        )
        (norm): LayerNorm((384,), eps=1e-06, elementwise_affine=True)
        (head): Identity()
      )
    )
    (dino_head): FullyShardedDataParallel(
      (_fsdp_wrapped_module): DINOHead(
        (mlp): Sequential(
          (0): Linear(in_features=384, out_features=2048, bias=True)
          (1): GELU(approximate='none')
          (2): Linear(in_features=2048, out_features=2048, bias=True)
          (3): GELU(approximate='none')
          (4): Linear(in_features=2048, out_features=256, bias=True)
        )
        (last_layer): Linear(in_features=256, out_features=4096, bias=False)
      )
    )
  )
  (teacher): ModuleDict(
    (backbone): FullyShardedDataParallel(
      (_fsdp_wrapped_module): DinoVisionTransformer(
        (patch_embed): PatchEmbed(
          (proj): Conv2d(3, 384, kernel_size=(16, 16), stride=(16, 16))
          (norm): Identity()
        )
        (blocks): ModuleList(
          (0): FullyShardedDataParallel(
            (_fsdp_wrapped_module): BlockChunk(
              (0-2): 3 x NestedTensorBlock(
                (norm1): LayerNorm((384,), eps=1e-06, elementwise_affine=True)
                (attn): MemEffAttention(
                  (qkv): Linear(in_features=384, out_features=1152, bias=True)
                  (proj): Linear(in_features=384, out_features=384, bias=True)
                  (proj_drop): Dropout(p=0.0, inplace=False)
                )
                (ls1): LayerScale()
                (drop_path1): Identity()
                (norm2): LayerNorm((384,), eps=1e-06, elementwise_affine=True)
                (mlp): Mlp(
                  (fc1): Linear(in_features=384, out_features=1536, bias=True)
                  (act): GELU(approximate='none')
                  (fc2): Linear(in_features=1536, out_features=384, bias=True)
                  (drop): Dropout(p=0.0, inplace=False)
                )
                (ls2): LayerScale()
                (drop_path2): Identity()
              )
            )
          )
          (1): FullyShardedDataParallel(
            (_fsdp_wrapped_module): BlockChunk(
              (0-2): 3 x Identity()
              (3-5): 3 x NestedTensorBlock(
                (norm1): LayerNorm((384,), eps=1e-06, elementwise_affine=True)
                (attn): MemEffAttention(
                  (qkv): Linear(in_features=384, out_features=1152, bias=True)
                  (proj): Linear(in_features=384, out_features=384, bias=True)
                  (proj_drop): Dropout(p=0.0, inplace=False)
                )
                (ls1): LayerScale()
                (drop_path1): Identity()
                (norm2): LayerNorm((384,), eps=1e-06, elementwise_affine=True)
                (mlp): Mlp(
                  (fc1): Linear(in_features=384, out_features=1536, bias=True)
                  (act): GELU(approximate='none')
                  (fc2): Linear(in_features=1536, out_features=384, bias=True)
                  (drop): Dropout(p=0.0, inplace=False)
                )
                (ls2): LayerScale()
                (drop_path2): Identity()
              )
            )
          )
          (2): FullyShardedDataParallel(
            (_fsdp_wrapped_module): BlockChunk(
              (0-5): 6 x Identity()
              (6-8): 3 x NestedTensorBlock(
                (norm1): LayerNorm((384,), eps=1e-06, elementwise_affine=True)
                (attn): MemEffAttention(
                  (qkv): Linear(in_features=384, out_features=1152, bias=True)
                  (proj): Linear(in_features=384, out_features=384, bias=True)
                  (proj_drop): Dropout(p=0.0, inplace=False)
                )
                (ls1): LayerScale()
                (drop_path1): Identity()
                (norm2): LayerNorm((384,), eps=1e-06, elementwise_affine=True)
                (mlp): Mlp(
                  (fc1): Linear(in_features=384, out_features=1536, bias=True)
                  (act): GELU(approximate='none')
                  (fc2): Linear(in_features=1536, out_features=384, bias=True)
                  (drop): Dropout(p=0.0, inplace=False)
                )
                (ls2): LayerScale()
                (drop_path2): Identity()
              )
            )
          )
          (3): FullyShardedDataParallel(
            (_fsdp_wrapped_module): BlockChunk(
              (0-8): 9 x Identity()
              (9-11): 3 x NestedTensorBlock(
                (norm1): LayerNorm((384,), eps=1e-06, elementwise_affine=True)
                (attn): MemEffAttention(
                  (qkv): Linear(in_features=384, out_features=1152, bias=True)
                  (proj): Linear(in_features=384, out_features=384, bias=True)
                  (proj_drop): Dropout(p=0.0, inplace=False)
                )
                (ls1): LayerScale()
                (drop_path1): Identity()
                (norm2): LayerNorm((384,), eps=1e-06, elementwise_affine=True)
                (mlp): Mlp(
                  (fc1): Linear(in_features=384, out_features=1536, bias=True)
                  (act): GELU(approximate='none')
                  (fc2): Linear(in_features=1536, out_features=384, bias=True)
                  (drop): Dropout(p=0.0, inplace=False)
                )
                (ls2): LayerScale()
                (drop_path2): Identity()
              )
            )
          )
        )
        (norm): LayerNorm((384,), eps=1e-06, elementwise_affine=True)
        (head): Identity()
      )
    )
    (dino_head): FullyShardedDataParallel(
      (_fsdp_wrapped_module): DINOHead(
        (mlp): Sequential(
          (0): Linear(in_features=384, out_features=2048, bias=True)
          (1): GELU(approximate='none')
          (2): Linear(in_features=2048, out_features=2048, bias=True)
          (3): GELU(approximate='none')
          (4): Linear(in_features=2048, out_features=256, bias=True)
        )
        (last_layer): Linear(in_features=256, out_features=4096, bias=False)
      )
    )
  )
)
I20260722 14:32:51 73825 dinov2 param_groups.py:54] chunked fsdp
I20260722 14:32:51 73825 dinov2 param_groups.py:87] cls_token: lr_multiplier: 0.2541865828329001, wd_multiplier: 1.0
I20260722 14:32:51 73825 dinov2 param_groups.py:87] pos_embed: lr_multiplier: 0.2541865828329001, wd_multiplier: 1.0
I20260722 14:32:51 73825 dinov2 param_groups.py:87] mask_token: lr_multiplier: 0.2541865828329001, wd_multiplier: 1.0
I20260722 14:32:51 73825 dinov2 param_groups.py:87] patch_embed.proj.weight: lr_multiplier: 0.05083731656658002, wd_multiplier: 1.0
I20260722 14:32:51 73825 dinov2 param_groups.py:87] patch_embed.proj.bias: lr_multiplier: 0.05083731656658002, wd_multiplier: 0.0
I20260722 14:32:51 73825 dinov2 param_groups.py:87] blocks.0.0.norm1.weight: lr_multiplier: 0.2824295364810001, wd_multiplier: 0.0
I20260722 14:32:51 73825 dinov2 param_groups.py:87] blocks.0.0.norm1.bias: lr_multiplier: 0.2824295364810001, wd_multiplier: 0.0
I20260722 14:32:51 73825 dinov2 param_groups.py:87] blocks.0.0.attn.qkv.weight: lr_multiplier: 0.2824295364810001, wd_multiplier: 1.0
I20260722 14:32:51 73825 dinov2 param_groups.py:87] blocks.0.0.attn.qkv.bias: lr_multiplier: 0.2824295364810001, wd_multiplier: 0.0
I20260722 14:32:51 73825 dinov2 param_groups.py:87] blocks.0.0.attn.proj.weight: lr_multiplier: 0.2824295364810001, wd_multiplier: 1.0
I20260722 14:32:51 73825 dinov2 param_groups.py:87] blocks.0.0.attn.proj.bias: lr_multiplier: 0.2824295364810001, wd_multiplier: 0.0
I20260722 14:32:51 73825 dinov2 param_groups.py:87] blocks.0.0.ls1.gamma: lr_multiplier: 0.2824295364810001, wd_multiplier: 0.0
I20260722 14:32:51 73825 dinov2 param_groups.py:87] blocks.0.0.norm2.weight: lr_multiplier: 0.2824295364810001, wd_multiplier: 0.0
I20260722 14:32:51 73825 dinov2 param_groups.py:87] blocks.0.0.norm2.bias: lr_multiplier: 0.2824295364810001, wd_multiplier: 0.0
I20260722 14:32:51 73825 dinov2 param_groups.py:87] blocks.0.0.mlp.fc1.weight: lr_multiplier: 0.2824295364810001, wd_multiplier: 1.0
I20260722 14:32:51 73825 dinov2 param_groups.py:87] blocks.0.0.mlp.fc1.bias: lr_multiplier: 0.2824295364810001, wd_multiplier: 0.0
I20260722 14:32:51 73825 dinov2 param_groups.py:87] blocks.0.0.mlp.fc2.weight: lr_multiplier: 0.2824295364810001, wd_multiplier: 1.0
I20260722 14:32:51 73825 dinov2 param_groups.py:87] blocks.0.0.mlp.fc2.bias: lr_multiplier: 0.2824295364810001, wd_multiplier: 0.0
I20260722 14:32:51 73825 dinov2 param_groups.py:87] blocks.0.0.ls2.gamma: lr_multiplier: 0.2824295364810001, wd_multiplier: 0.0
I20260722 14:32:51 73825 dinov2 param_groups.py:87] blocks.0.1.norm1.weight: lr_multiplier: 0.31381059609000006, wd_multiplier: 0.0
I20260722 14:32:51 73825 dinov2 param_groups.py:87] blocks.0.1.norm1.bias: lr_multiplier: 0.31381059609000006, wd_multiplier: 0.0
I20260722 14:32:51 73825 dinov2 param_groups.py:87] blocks.0.1.attn.qkv.weight: lr_multiplier: 0.31381059609000006, wd_multiplier: 1.0
I20260722 14:32:51 73825 dinov2 param_groups.py:87] blocks.0.1.attn.qkv.bias: lr_multiplier: 0.31381059609000006, wd_multiplier: 0.0
I20260722 14:32:51 73825 dinov2 param_groups.py:87] blocks.0.1.attn.proj.weight: lr_multiplier: 0.31381059609000006, wd_multiplier: 1.0
I20260722 14:32:51 73825 dinov2 param_groups.py:87] blocks.0.1.attn.proj.bias: lr_multiplier: 0.31381059609000006, wd_multiplier: 0.0
I20260722 14:32:51 73825 dinov2 param_groups.py:87] blocks.0.1.ls1.gamma: lr_multiplier: 0.31381059609000006, wd_multiplier: 0.0
I20260722 14:32:51 73825 dinov2 param_groups.py:87] blocks.0.1.norm2.weight: lr_multiplier: 0.31381059609000006, wd_multiplier: 0.0
I20260722 14:32:51 73825 dinov2 param_groups.py:87] blocks.0.1.norm2.bias: lr_multiplier: 0.31381059609000006, wd_multiplier: 0.0
I20260722 14:32:51 73825 dinov2 param_groups.py:87] blocks.0.1.mlp.fc1.weight: lr_multiplier: 0.31381059609000006, wd_multiplier: 1.0
I20260722 14:32:51 73825 dinov2 param_groups.py:87] blocks.0.1.mlp.fc1.bias: lr_multiplier: 0.31381059609000006, wd_multiplier: 0.0
I20260722 14:32:51 73825 dinov2 param_groups.py:87] blocks.0.1.mlp.fc2.weight: lr_multiplier: 0.31381059609000006, wd_multiplier: 1.0
I20260722 14:32:51 73825 dinov2 param_groups.py:87] blocks.0.1.mlp.fc2.bias: lr_multiplier: 0.31381059609000006, wd_multiplier: 0.0
I20260722 14:32:51 73825 dinov2 param_groups.py:87] blocks.0.1.ls2.gamma: lr_multiplier: 0.31381059609000006, wd_multiplier: 0.0
I20260722 14:32:51 73825 dinov2 param_groups.py:87] blocks.0.2.norm1.weight: lr_multiplier: 0.3486784401000001, wd_multiplier: 0.0
I20260722 14:32:51 73825 dinov2 param_groups.py:87] blocks.0.2.norm1.bias: lr_multiplier: 0.3486784401000001, wd_multiplier: 0.0
I20260722 14:32:51 73825 dinov2 param_groups.py:87] blocks.0.2.attn.qkv.weight: lr_multiplier: 0.3486784401000001, wd_multiplier: 1.0
I20260722 14:32:51 73825 dinov2 param_groups.py:87] blocks.0.2.attn.qkv.bias: lr_multiplier: 0.3486784401000001, wd_multiplier: 0.0
I20260722 14:32:51 73825 dinov2 param_groups.py:87] blocks.0.2.attn.proj.weight: lr_multiplier: 0.3486784401000001, wd_multiplier: 1.0
I20260722 14:32:51 73825 dinov2 param_groups.py:87] blocks.0.2.attn.proj.bias: lr_multiplier: 0.3486784401000001, wd_multiplier: 0.0
I20260722 14:32:51 73825 dinov2 param_groups.py:87] blocks.0.2.ls1.gamma: lr_multiplier: 0.3486784401000001, wd_multiplier: 0.0
I20260722 14:32:51 73825 dinov2 param_groups.py:87] blocks.0.2.norm2.weight: lr_multiplier: 0.3486784401000001, wd_multiplier: 0.0
I20260722 14:32:51 73825 dinov2 param_groups.py:87] blocks.0.2.norm2.bias: lr_multiplier: 0.3486784401000001, wd_multiplier: 0.0
I20260722 14:32:51 73825 dinov2 param_groups.py:87] blocks.0.2.mlp.fc1.weight: lr_multiplier: 0.3486784401000001, wd_multiplier: 1.0
I20260722 14:32:51 73825 dinov2 param_groups.py:87] blocks.0.2.mlp.fc1.bias: lr_multiplier: 0.3486784401000001, wd_multiplier: 0.0
I20260722 14:32:51 73825 dinov2 param_groups.py:87] blocks.0.2.mlp.fc2.weight: lr_multiplier: 0.3486784401000001, wd_multiplier: 1.0
I20260722 14:32:51 73825 dinov2 param_groups.py:87] blocks.0.2.mlp.fc2.bias: lr_multiplier: 0.3486784401000001, wd_multiplier: 0.0
I20260722 14:32:51 73825 dinov2 param_groups.py:87] blocks.0.2.ls2.gamma: lr_multiplier: 0.3486784401000001, wd_multiplier: 0.0
I20260722 14:32:51 73825 dinov2 param_groups.py:87] blocks.1.3.norm1.weight: lr_multiplier: 0.3874204890000001, wd_multiplier: 0.0
I20260722 14:32:51 73825 dinov2 param_groups.py:87] blocks.1.3.norm1.bias: lr_multiplier: 0.3874204890000001, wd_multiplier: 0.0
I20260722 14:32:51 73825 dinov2 param_groups.py:87] blocks.1.3.attn.qkv.weight: lr_multiplier: 0.3874204890000001, wd_multiplier: 1.0
I20260722 14:32:51 73825 dinov2 param_groups.py:87] blocks.1.3.attn.qkv.bias: lr_multiplier: 0.3874204890000001, wd_multiplier: 0.0
I20260722 14:32:51 73825 dinov2 param_groups.py:87] blocks.1.3.attn.proj.weight: lr_multiplier: 0.3874204890000001, wd_multiplier: 1.0
I20260722 14:32:51 73825 dinov2 param_groups.py:87] blocks.1.3.attn.proj.bias: lr_multiplier: 0.3874204890000001, wd_multiplier: 0.0
I20260722 14:32:51 73825 dinov2 param_groups.py:87] blocks.1.3.ls1.gamma: lr_multiplier: 0.3874204890000001, wd_multiplier: 0.0
I20260722 14:32:51 73825 dinov2 param_groups.py:87] blocks.1.3.norm2.weight: lr_multiplier: 0.3874204890000001, wd_multiplier: 0.0
I20260722 14:32:51 73825 dinov2 param_groups.py:87] blocks.1.3.norm2.bias: lr_multiplier: 0.3874204890000001, wd_multiplier: 0.0
I20260722 14:32:51 73825 dinov2 param_groups.py:87] blocks.1.3.mlp.fc1.weight: lr_multiplier: 0.3874204890000001, wd_multiplier: 1.0
I20260722 14:32:51 73825 dinov2 param_groups.py:87] blocks.1.3.mlp.fc1.bias: lr_multiplier: 0.3874204890000001, wd_multiplier: 0.0
I20260722 14:32:51 73825 dinov2 param_groups.py:87] blocks.1.3.mlp.fc2.weight: lr_multiplier: 0.3874204890000001, wd_multiplier: 1.0
I20260722 14:32:51 73825 dinov2 param_groups.py:87] blocks.1.3.mlp.fc2.bias: lr_multiplier: 0.3874204890000001, wd_multiplier: 0.0
I20260722 14:32:51 73825 dinov2 param_groups.py:87] blocks.1.3.ls2.gamma: lr_multiplier: 0.3874204890000001, wd_multiplier: 0.0
I20260722 14:32:51 73825 dinov2 param_groups.py:87] blocks.1.4.norm1.weight: lr_multiplier: 0.4304672100000001, wd_multiplier: 0.0
I20260722 14:32:51 73825 dinov2 param_groups.py:87] blocks.1.4.norm1.bias: lr_multiplier: 0.4304672100000001, wd_multiplier: 0.0
I20260722 14:32:51 73825 dinov2 param_groups.py:87] blocks.1.4.attn.qkv.weight: lr_multiplier: 0.4304672100000001, wd_multiplier: 1.0
I20260722 14:32:51 73825 dinov2 param_groups.py:87] blocks.1.4.attn.qkv.bias: lr_multiplier: 0.4304672100000001, wd_multiplier: 0.0
I20260722 14:32:51 73825 dinov2 param_groups.py:87] blocks.1.4.attn.proj.weight: lr_multiplier: 0.4304672100000001, wd_multiplier: 1.0
I20260722 14:32:51 73825 dinov2 param_groups.py:87] blocks.1.4.attn.proj.bias: lr_multiplier: 0.4304672100000001, wd_multiplier: 0.0
I20260722 14:32:51 73825 dinov2 param_groups.py:87] blocks.1.4.ls1.gamma: lr_multiplier: 0.4304672100000001, wd_multiplier: 0.0
I20260722 14:32:51 73825 dinov2 param_groups.py:87] blocks.1.4.norm2.weight: lr_multiplier: 0.4304672100000001, wd_multiplier: 0.0
I20260722 14:32:51 73825 dinov2 param_groups.py:87] blocks.1.4.norm2.bias: lr_multiplier: 0.4304672100000001, wd_multiplier: 0.0
I20260722 14:32:51 73825 dinov2 param_groups.py:87] blocks.1.4.mlp.fc1.weight: lr_multiplier: 0.4304672100000001, wd_multiplier: 1.0
I20260722 14:32:51 73825 dinov2 param_groups.py:87] blocks.1.4.mlp.fc1.bias: lr_multiplier: 0.4304672100000001, wd_multiplier: 0.0
I20260722 14:32:51 73825 dinov2 param_groups.py:87] blocks.1.4.mlp.fc2.weight: lr_multiplier: 0.4304672100000001, wd_multiplier: 1.0
I20260722 14:32:51 73825 dinov2 param_groups.py:87] blocks.1.4.mlp.fc2.bias: lr_multiplier: 0.4304672100000001, wd_multiplier: 0.0
I20260722 14:32:51 73825 dinov2 param_groups.py:87] blocks.1.4.ls2.gamma: lr_multiplier: 0.4304672100000001, wd_multiplier: 0.0
I20260722 14:32:51 73825 dinov2 param_groups.py:87] blocks.1.5.norm1.weight: lr_multiplier: 0.4782969000000001, wd_multiplier: 0.0
I20260722 14:32:51 73825 dinov2 param_groups.py:87] blocks.1.5.norm1.bias: lr_multiplier: 0.4782969000000001, wd_multiplier: 0.0
I20260722 14:32:51 73825 dinov2 param_groups.py:87] blocks.1.5.attn.qkv.weight: lr_multiplier: 0.4782969000000001, wd_multiplier: 1.0
I20260722 14:32:51 73825 dinov2 param_groups.py:87] blocks.1.5.attn.qkv.bias: lr_multiplier: 0.4782969000000001, wd_multiplier: 0.0
I20260722 14:32:51 73825 dinov2 param_groups.py:87] blocks.1.5.attn.proj.weight: lr_multiplier: 0.4782969000000001, wd_multiplier: 1.0
I20260722 14:32:51 73825 dinov2 param_groups.py:87] blocks.1.5.attn.proj.bias: lr_multiplier: 0.4782969000000001, wd_multiplier: 0.0
I20260722 14:32:51 73825 dinov2 param_groups.py:87] blocks.1.5.ls1.gamma: lr_multiplier: 0.4782969000000001, wd_multiplier: 0.0
I20260722 14:32:51 73825 dinov2 param_groups.py:87] blocks.1.5.norm2.weight: lr_multiplier: 0.4782969000000001, wd_multiplier: 0.0
I20260722 14:32:51 73825 dinov2 param_groups.py:87] blocks.1.5.norm2.bias: lr_multiplier: 0.4782969000000001, wd_multiplier: 0.0
I20260722 14:32:51 73825 dinov2 param_groups.py:87] blocks.1.5.mlp.fc1.weight: lr_multiplier: 0.4782969000000001, wd_multiplier: 1.0
I20260722 14:32:51 73825 dinov2 param_groups.py:87] blocks.1.5.mlp.fc1.bias: lr_multiplier: 0.4782969000000001, wd_multiplier: 0.0
I20260722 14:32:51 73825 dinov2 param_groups.py:87] blocks.1.5.mlp.fc2.weight: lr_multiplier: 0.4782969000000001, wd_multiplier: 1.0
I20260722 14:32:51 73825 dinov2 param_groups.py:87] blocks.1.5.mlp.fc2.bias: lr_multiplier: 0.4782969000000001, wd_multiplier: 0.0
I20260722 14:32:51 73825 dinov2 param_groups.py:87] blocks.1.5.ls2.gamma: lr_multiplier: 0.4782969000000001, wd_multiplier: 0.0
I20260722 14:32:51 73825 dinov2 param_groups.py:87] blocks.2.6.norm1.weight: lr_multiplier: 0.531441, wd_multiplier: 0.0
I20260722 14:32:51 73825 dinov2 param_groups.py:87] blocks.2.6.norm1.bias: lr_multiplier: 0.531441, wd_multiplier: 0.0
I20260722 14:32:51 73825 dinov2 param_groups.py:87] blocks.2.6.attn.qkv.weight: lr_multiplier: 0.531441, wd_multiplier: 1.0
I20260722 14:32:51 73825 dinov2 param_groups.py:87] blocks.2.6.attn.qkv.bias: lr_multiplier: 0.531441, wd_multiplier: 0.0
I20260722 14:32:51 73825 dinov2 param_groups.py:87] blocks.2.6.attn.proj.weight: lr_multiplier: 0.531441, wd_multiplier: 1.0
I20260722 14:32:51 73825 dinov2 param_groups.py:87] blocks.2.6.attn.proj.bias: lr_multiplier: 0.531441, wd_multiplier: 0.0
I20260722 14:32:51 73825 dinov2 param_groups.py:87] blocks.2.6.ls1.gamma: lr_multiplier: 0.531441, wd_multiplier: 0.0
I20260722 14:32:51 73825 dinov2 param_groups.py:87] blocks.2.6.norm2.weight: lr_multiplier: 0.531441, wd_multiplier: 0.0
I20260722 14:32:51 73825 dinov2 param_groups.py:87] blocks.2.6.norm2.bias: lr_multiplier: 0.531441, wd_multiplier: 0.0
I20260722 14:32:51 73825 dinov2 param_groups.py:87] blocks.2.6.mlp.fc1.weight: lr_multiplier: 0.531441, wd_multiplier: 1.0
I20260722 14:32:51 73825 dinov2 param_groups.py:87] blocks.2.6.mlp.fc1.bias: lr_multiplier: 0.531441, wd_multiplier: 0.0
I20260722 14:32:51 73825 dinov2 param_groups.py:87] blocks.2.6.mlp.fc2.weight: lr_multiplier: 0.531441, wd_multiplier: 1.0
I20260722 14:32:51 73825 dinov2 param_groups.py:87] blocks.2.6.mlp.fc2.bias: lr_multiplier: 0.531441, wd_multiplier: 0.0
I20260722 14:32:51 73825 dinov2 param_groups.py:87] blocks.2.6.ls2.gamma: lr_multiplier: 0.531441, wd_multiplier: 0.0
I20260722 14:32:51 73825 dinov2 param_groups.py:87] blocks.2.7.norm1.weight: lr_multiplier: 0.5904900000000001, wd_multiplier: 0.0
I20260722 14:32:51 73825 dinov2 param_groups.py:87] blocks.2.7.norm1.bias: lr_multiplier: 0.5904900000000001, wd_multiplier: 0.0
I20260722 14:32:51 73825 dinov2 param_groups.py:87] blocks.2.7.attn.qkv.weight: lr_multiplier: 0.5904900000000001, wd_multiplier: 1.0
I20260722 14:32:51 73825 dinov2 param_groups.py:87] blocks.2.7.attn.qkv.bias: lr_multiplier: 0.5904900000000001, wd_multiplier: 0.0
I20260722 14:32:51 73825 dinov2 param_groups.py:87] blocks.2.7.attn.proj.weight: lr_multiplier: 0.5904900000000001, wd_multiplier: 1.0
I20260722 14:32:51 73825 dinov2 param_groups.py:87] blocks.2.7.attn.proj.bias: lr_multiplier: 0.5904900000000001, wd_multiplier: 0.0
I20260722 14:32:51 73825 dinov2 param_groups.py:87] blocks.2.7.ls1.gamma: lr_multiplier: 0.5904900000000001, wd_multiplier: 0.0
I20260722 14:32:51 73825 dinov2 param_groups.py:87] blocks.2.7.norm2.weight: lr_multiplier: 0.5904900000000001, wd_multiplier: 0.0
I20260722 14:32:51 73825 dinov2 param_groups.py:87] blocks.2.7.norm2.bias: lr_multiplier: 0.5904900000000001, wd_multiplier: 0.0
I20260722 14:32:51 73825 dinov2 param_groups.py:87] blocks.2.7.mlp.fc1.weight: lr_multiplier: 0.5904900000000001, wd_multiplier: 1.0
I20260722 14:32:51 73825 dinov2 param_groups.py:87] blocks.2.7.mlp.fc1.bias: lr_multiplier: 0.5904900000000001, wd_multiplier: 0.0
I20260722 14:32:51 73825 dinov2 param_groups.py:87] blocks.2.7.mlp.fc2.weight: lr_multiplier: 0.5904900000000001, wd_multiplier: 1.0
I20260722 14:32:51 73825 dinov2 param_groups.py:87] blocks.2.7.mlp.fc2.bias: lr_multiplier: 0.5904900000000001, wd_multiplier: 0.0
I20260722 14:32:51 73825 dinov2 param_groups.py:87] blocks.2.7.ls2.gamma: lr_multiplier: 0.5904900000000001, wd_multiplier: 0.0
I20260722 14:32:51 73825 dinov2 param_groups.py:87] blocks.2.8.norm1.weight: lr_multiplier: 0.6561, wd_multiplier: 0.0
I20260722 14:32:51 73825 dinov2 param_groups.py:87] blocks.2.8.norm1.bias: lr_multiplier: 0.6561, wd_multiplier: 0.0
I20260722 14:32:51 73825 dinov2 param_groups.py:87] blocks.2.8.attn.qkv.weight: lr_multiplier: 0.6561, wd_multiplier: 1.0
I20260722 14:32:51 73825 dinov2 param_groups.py:87] blocks.2.8.attn.qkv.bias: lr_multiplier: 0.6561, wd_multiplier: 0.0
I20260722 14:32:51 73825 dinov2 param_groups.py:87] blocks.2.8.attn.proj.weight: lr_multiplier: 0.6561, wd_multiplier: 1.0
I20260722 14:32:51 73825 dinov2 param_groups.py:87] blocks.2.8.attn.proj.bias: lr_multiplier: 0.6561, wd_multiplier: 0.0
I20260722 14:32:51 73825 dinov2 param_groups.py:87] blocks.2.8.ls1.gamma: lr_multiplier: 0.6561, wd_multiplier: 0.0
I20260722 14:32:51 73825 dinov2 param_groups.py:87] blocks.2.8.norm2.weight: lr_multiplier: 0.6561, wd_multiplier: 0.0
I20260722 14:32:51 73825 dinov2 param_groups.py:87] blocks.2.8.norm2.bias: lr_multiplier: 0.6561, wd_multiplier: 0.0
I20260722 14:32:51 73825 dinov2 param_groups.py:87] blocks.2.8.mlp.fc1.weight: lr_multiplier: 0.6561, wd_multiplier: 1.0
I20260722 14:32:51 73825 dinov2 param_groups.py:87] blocks.2.8.mlp.fc1.bias: lr_multiplier: 0.6561, wd_multiplier: 0.0
I20260722 14:32:51 73825 dinov2 param_groups.py:87] blocks.2.8.mlp.fc2.weight: lr_multiplier: 0.6561, wd_multiplier: 1.0
I20260722 14:32:51 73825 dinov2 param_groups.py:87] blocks.2.8.mlp.fc2.bias: lr_multiplier: 0.6561, wd_multiplier: 0.0
I20260722 14:32:51 73825 dinov2 param_groups.py:87] blocks.2.8.ls2.gamma: lr_multiplier: 0.6561, wd_multiplier: 0.0
I20260722 14:32:51 73825 dinov2 param_groups.py:87] blocks.3.9.norm1.weight: lr_multiplier: 0.7290000000000001, wd_multiplier: 0.0
I20260722 14:32:51 73825 dinov2 param_groups.py:87] blocks.3.9.norm1.bias: lr_multiplier: 0.7290000000000001, wd_multiplier: 0.0
I20260722 14:32:51 73825 dinov2 param_groups.py:87] blocks.3.9.attn.qkv.weight: lr_multiplier: 0.7290000000000001, wd_multiplier: 1.0
I20260722 14:32:51 73825 dinov2 param_groups.py:87] blocks.3.9.attn.qkv.bias: lr_multiplier: 0.7290000000000001, wd_multiplier: 0.0
I20260722 14:32:51 73825 dinov2 param_groups.py:87] blocks.3.9.attn.proj.weight: lr_multiplier: 0.7290000000000001, wd_multiplier: 1.0
I20260722 14:32:51 73825 dinov2 param_groups.py:87] blocks.3.9.attn.proj.bias: lr_multiplier: 0.7290000000000001, wd_multiplier: 0.0
I20260722 14:32:51 73825 dinov2 param_groups.py:87] blocks.3.9.ls1.gamma: lr_multiplier: 0.7290000000000001, wd_multiplier: 0.0
I20260722 14:32:51 73825 dinov2 param_groups.py:87] blocks.3.9.norm2.weight: lr_multiplier: 0.7290000000000001, wd_multiplier: 0.0
I20260722 14:32:51 73825 dinov2 param_groups.py:87] blocks.3.9.norm2.bias: lr_multiplier: 0.7290000000000001, wd_multiplier: 0.0
I20260722 14:32:51 73825 dinov2 param_groups.py:87] blocks.3.9.mlp.fc1.weight: lr_multiplier: 0.7290000000000001, wd_multiplier: 1.0
I20260722 14:32:51 73825 dinov2 param_groups.py:87] blocks.3.9.mlp.fc1.bias: lr_multiplier: 0.7290000000000001, wd_multiplier: 0.0
I20260722 14:32:51 73825 dinov2 param_groups.py:87] blocks.3.9.mlp.fc2.weight: lr_multiplier: 0.7290000000000001, wd_multiplier: 1.0
I20260722 14:32:51 73825 dinov2 param_groups.py:87] blocks.3.9.mlp.fc2.bias: lr_multiplier: 0.7290000000000001, wd_multiplier: 0.0
I20260722 14:32:51 73825 dinov2 param_groups.py:87] blocks.3.9.ls2.gamma: lr_multiplier: 0.7290000000000001, wd_multiplier: 0.0
I20260722 14:32:51 73825 dinov2 param_groups.py:87] blocks.3.10.norm1.weight: lr_multiplier: 0.81, wd_multiplier: 0.0
I20260722 14:32:51 73825 dinov2 param_groups.py:87] blocks.3.10.norm1.bias: lr_multiplier: 0.81, wd_multiplier: 0.0
I20260722 14:32:51 73825 dinov2 param_groups.py:87] blocks.3.10.attn.qkv.weight: lr_multiplier: 0.81, wd_multiplier: 1.0
I20260722 14:32:51 73825 dinov2 param_groups.py:87] blocks.3.10.attn.qkv.bias: lr_multiplier: 0.81, wd_multiplier: 0.0
I20260722 14:32:51 73825 dinov2 param_groups.py:87] blocks.3.10.attn.proj.weight: lr_multiplier: 0.81, wd_multiplier: 1.0
I20260722 14:32:51 73825 dinov2 param_groups.py:87] blocks.3.10.attn.proj.bias: lr_multiplier: 0.81, wd_multiplier: 0.0
I20260722 14:32:51 73825 dinov2 param_groups.py:87] blocks.3.10.ls1.gamma: lr_multiplier: 0.81, wd_multiplier: 0.0
I20260722 14:32:51 73825 dinov2 param_groups.py:87] blocks.3.10.norm2.weight: lr_multiplier: 0.81, wd_multiplier: 0.0
I20260722 14:32:51 73825 dinov2 param_groups.py:87] blocks.3.10.norm2.bias: lr_multiplier: 0.81, wd_multiplier: 0.0
I20260722 14:32:51 73825 dinov2 param_groups.py:87] blocks.3.10.mlp.fc1.weight: lr_multiplier: 0.81, wd_multiplier: 1.0
I20260722 14:32:51 73825 dinov2 param_groups.py:87] blocks.3.10.mlp.fc1.bias: lr_multiplier: 0.81, wd_multiplier: 0.0
I20260722 14:32:51 73825 dinov2 param_groups.py:87] blocks.3.10.mlp.fc2.weight: lr_multiplier: 0.81, wd_multiplier: 1.0
I20260722 14:32:51 73825 dinov2 param_groups.py:87] blocks.3.10.mlp.fc2.bias: lr_multiplier: 0.81, wd_multiplier: 0.0
I20260722 14:32:51 73825 dinov2 param_groups.py:87] blocks.3.10.ls2.gamma: lr_multiplier: 0.81, wd_multiplier: 0.0
I20260722 14:32:51 73825 dinov2 param_groups.py:87] blocks.3.11.norm1.weight: lr_multiplier: 0.9, wd_multiplier: 0.0
I20260722 14:32:51 73825 dinov2 param_groups.py:87] blocks.3.11.norm1.bias: lr_multiplier: 0.9, wd_multiplier: 0.0
I20260722 14:32:51 73825 dinov2 param_groups.py:87] blocks.3.11.attn.qkv.weight: lr_multiplier: 0.9, wd_multiplier: 1.0
I20260722 14:32:51 73825 dinov2 param_groups.py:87] blocks.3.11.attn.qkv.bias: lr_multiplier: 0.9, wd_multiplier: 0.0
I20260722 14:32:51 73825 dinov2 param_groups.py:87] blocks.3.11.attn.proj.weight: lr_multiplier: 0.9, wd_multiplier: 1.0
I20260722 14:32:51 73825 dinov2 param_groups.py:87] blocks.3.11.attn.proj.bias: lr_multiplier: 0.9, wd_multiplier: 0.0
I20260722 14:32:51 73825 dinov2 param_groups.py:87] blocks.3.11.ls1.gamma: lr_multiplier: 0.9, wd_multiplier: 0.0
I20260722 14:32:51 73825 dinov2 param_groups.py:87] blocks.3.11.norm2.weight: lr_multiplier: 0.9, wd_multiplier: 0.0
I20260722 14:32:51 73825 dinov2 param_groups.py:87] blocks.3.11.norm2.bias: lr_multiplier: 0.9, wd_multiplier: 0.0
I20260722 14:32:51 73825 dinov2 param_groups.py:87] blocks.3.11.mlp.fc1.weight: lr_multiplier: 0.9, wd_multiplier: 1.0
I20260722 14:32:51 73825 dinov2 param_groups.py:87] blocks.3.11.mlp.fc1.bias: lr_multiplier: 0.9, wd_multiplier: 0.0
I20260722 14:32:51 73825 dinov2 param_groups.py:87] blocks.3.11.mlp.fc2.weight: lr_multiplier: 0.9, wd_multiplier: 1.0
I20260722 14:32:51 73825 dinov2 param_groups.py:87] blocks.3.11.mlp.fc2.bias: lr_multiplier: 0.9, wd_multiplier: 0.0
I20260722 14:32:51 73825 dinov2 param_groups.py:87] blocks.3.11.ls2.gamma: lr_multiplier: 0.9, wd_multiplier: 0.0
I20260722 14:32:51 73825 dinov2 param_groups.py:87] norm.weight: lr_multiplier: 1.0, wd_multiplier: 0.0
I20260722 14:32:51 73825 dinov2 param_groups.py:87] norm.bias: lr_multiplier: 1.0, wd_multiplier: 0.0
I20260722 14:32:51 73825 dinov2 ssl_meta_arch.py:395] fusing param groups
I20260722 14:32:51 73825 dinov2 param_groups.py:64] else code branch
I20260722 14:32:51 73825 dinov2 param_groups.py:87] mlp.0.weight: lr_multiplier: 1.0, wd_multiplier: 1.0
I20260722 14:32:51 73825 dinov2 param_groups.py:87] mlp.0.bias: lr_multiplier: 1.0, wd_multiplier: 0.0
I20260722 14:32:51 73825 dinov2 param_groups.py:87] mlp.2.weight: lr_multiplier: 1.0, wd_multiplier: 1.0
I20260722 14:32:51 73825 dinov2 param_groups.py:87] mlp.2.bias: lr_multiplier: 1.0, wd_multiplier: 0.0
I20260722 14:32:51 73825 dinov2 param_groups.py:87] mlp.4.weight: lr_multiplier: 1.0, wd_multiplier: 1.0
I20260722 14:32:51 73825 dinov2 param_groups.py:87] mlp.4.bias: lr_multiplier: 1.0, wd_multiplier: 0.0
I20260722 14:32:51 73825 dinov2 param_groups.py:87] last_layer.weight_g: lr_multiplier: 1.0, wd_multiplier: 1.0
I20260722 14:32:51 73825 dinov2 param_groups.py:87] last_layer.weight_v: lr_multiplier: 1.0, wd_multiplier: 1.0
I20260722 14:32:51 73825 dinov2 ssl_meta_arch.py:395] fusing param groups
I20260722 14:32:52 73825 dinov2 train.py:115] Schedulers ready.
W20260722 14:32:52 73825 py.warnings warnings.py:109] /sci/labs/arieljaffe/dan.abergel1/torch_env/lib/python3.11/site-packages/torch/distributed/fsdp/fully_sharded_data_parallel.py:822: FutureWarning: FSDP.state_dict_type() and FSDP.set_state_dict_type() are being deprecated. Please use APIs, get_state_dict() and set_state_dict(), which can support different parallelisms, FSDP1, FSDP2, DDP. API doc: https://pytorch.org/docs/stable/distributed.checkpoint.html#torch.distributed.checkpoint.state_dict.get_state_dict .Tutorial: https://pytorch.org/tutorials/recipes/distributed_checkpoint_recipe.html .
  prev_state_dict_settings = FullyShardedDataParallel.set_state_dict_type(

I20260722 14:32:52 73825 fvcore.common.checkpoint checkpoint.py:148] No checkpoint found. Initializing model from scratch
W20260722 14:32:52 73825 py.warnings warnings.py:109] /sci/labs/arieljaffe/dan.abergel1/torch_env/lib/python3.11/site-packages/torch/distributed/fsdp/fully_sharded_data_parallel.py:829: FutureWarning: FSDP.state_dict_type() and FSDP.set_state_dict_type() are being deprecated. Please use APIs, get_state_dict() and set_state_dict(), which can support different parallelisms, FSDP1, FSDP2, DDP. API doc: https://pytorch.org/docs/stable/distributed.checkpoint.html#torch.distributed.checkpoint.state_dict.get_state_dict .Tutorial: https://pytorch.org/tutorials/recipes/distributed_checkpoint_recipe.html .
  FullyShardedDataParallel.set_state_dict_type(

I20260722 14:32:52 73825 dinov2 augmentations.py:45] ###################################
I20260722 14:32:52 73825 dinov2 augmentations.py:46] Using data augmentation parameters:
I20260722 14:32:52 73825 dinov2 augmentations.py:47] global_crops_scale: [0.32, 1.0]
I20260722 14:32:52 73825 dinov2 augmentations.py:48] local_crops_scale: [0.32, 1.0]
I20260722 14:32:52 73825 dinov2 augmentations.py:49] local_crops_number: 8
I20260722 14:32:52 73825 dinov2 augmentations.py:50] global_crops_size: 224
I20260722 14:32:52 73825 dinov2 augmentations.py:51] local_crops_size: 224
I20260722 14:32:52 73825 dinov2 augmentations.py:52] ###################################
I20260722 14:32:52 73825 dinov2 loaders.py:98] using dataset: "ImageFolder:root=/sci/labs/arieljaffe/dan.abergel1/brain2d"
I20260722 14:32:52 73825 dinov2 image_folder.py:51] ImageFolder: 1,084 images at /sci/labs/arieljaffe/dan.abergel1/brain2d
I20260722 14:32:52 73825 dinov2 loaders.py:103] # of dataset samples: 1,084
I20260722 14:32:52 73825 dinov2 loaders.py:136] sampler: sharded infinite
I20260722 14:32:52 73825 dinov2 loaders.py:220] using PyTorch data loader
I20260722 14:32:52 73825 dinov2 loaders.py:235] infinite data loader
I20260722 14:32:52 73825 dinov2 train.py:248] Starting training from iteration 0
                                                                                                                                                                                                                                                                                                                                                                                                                                                                                        I20260722 14:33:21 73825 dinov2 helpers.py:102] Training  [   0/7500]  eta: 2 days, 12:13:35  lr: 0.0000 (0.0000)  wd: 0.0400 (0.0400)  mom: 0.9920 (0.9920)  last_layer_lr: 0.0000 (0.0000)  current_batch_size: 64.0000 (64.0000)  total_loss: 9.6358 (9.6358)  teacher_entropy_ratio: 0.8545 (0.8545)  dino_local_crops_loss: 6.6994 (6.6994)  dino_global_crops_loss: 0.8374 (0.8374)  ibot_loss: 2.0990 (2.0990)  time: 28.908720  data: 5.881058  max mem: 19256
I20260722 14:33:25 73825 dinov2 helpers.py:102] Training  [  10/7500]  eta: 6:07:20  lr: 0.0000 (0.0000)  wd: 0.0400 (0.0400)  mom: 0.9920 (0.9920)  last_layer_lr: 0.0000 (0.0000)  current_batch_size: 64.0000 (64.0000)  total_loss: 10.0293 (10.0010)  teacher_entropy_ratio: 0.9471 (0.9356)  dino_local_crops_loss: 7.0404 (7.0179)  dino_global_crops_loss: 0.8801 (0.8772)  ibot_loss: 2.1064 (2.1058)  time: 2.942593  data: 0.534764  max mem: 19472
I20260722 14:33:28 73825 dinov2 helpers.py:102] Training  [  20/7500]  eta: 3:31:57  lr: 0.0000 (0.0000)  wd: 0.0400 (0.0400)  mom: 0.9920 (0.9920)  last_layer_lr: 0.0000 (0.0000)  current_batch_size: 64.0000 (64.0000)  total_loss: 10.2807 (10.2014)  teacher_entropy_ratio: 0.9811 (0.9628)  dino_local_crops_loss: 7.2650 (7.1957)  dino_global_crops_loss: 0.9081 (0.8995)  ibot_loss: 2.1064 (2.1062)  time: 0.339807  data: 0.000576  max mem: 19472
I20260722 14:33:31 73825 dinov2 helpers.py:102] Training  [  30/7500]  eta: 2:37:16  lr: 0.0000 (0.0000)  wd: 0.0400 (0.0400)  mom: 0.9920 (0.9920)  last_layer_lr: 0.0000 (0.0000)  current_batch_size: 64.0000 (64.0000)  total_loss: 10.4920 (10.3029)  teacher_entropy_ratio: 0.9976 (0.9745)  dino_local_crops_loss: 7.4571 (7.2883)  dino_global_crops_loss: 0.9321 (0.9110)  ibot_loss: 2.1028 (2.1035)  time: 0.339534  data: 0.000617  max mem: 19472
I20260722 14:33:35 73825 dinov2 helpers.py:102] Training  [  40/7500]  eta: 2:09:05  lr: 0.0000 (0.0000)  wd: 0.0400 (0.0400)  mom: 0.9920 (0.9920)  last_layer_lr: 0.0000 (0.0000)  current_batch_size: 64.0000 (64.0000)  total_loss: 10.5084 (10.3493)  teacher_entropy_ratio: 0.9994 (0.9806)  dino_local_crops_loss: 7.4808 (7.3340)  dino_global_crops_loss: 0.9351 (0.9168)  ibot_loss: 2.0900 (2.0986)  time: 0.343187  data: 0.000568  max mem: 19472
I20260722 14:33:38 73825 dinov2 helpers.py:102] Training  [  50/7500]  eta: 1:52:05  lr: 0.0001 (0.0000)  wd: 0.0400 (0.0400)  mom: 0.9920 (0.9920)  last_layer_lr: 0.0000 (0.0000)  current_batch_size: 64.0000 (64.0000)  total_loss: 10.4621 (10.3648)  teacher_entropy_ratio: 0.9990 (0.9841)  dino_local_crops_loss: 7.4573 (7.3551)  dino_global_crops_loss: 0.9322 (0.9194)  ibot_loss: 2.0726 (2.0904)  time: 0.344045  data: 0.005585  max mem: 19472
I20260722 14:33:42 73825 dinov2 helpers.py:102] Training  [  60/7500]  eta: 1:41:57  lr: 0.0001 (0.0000)  wd: 0.0400 (0.0400)  mom: 0.9920 (0.9920)  last_layer_lr: 0.0000 (0.0000)  current_batch_size: 64.0000 (64.0000)  total_loss: 10.3817 (10.3637)  teacher_entropy_ratio: 0.9974 (0.9861)  dino_local_crops_loss: 7.4241 (7.3649)  dino_global_crops_loss: 0.9281 (0.9207)  ibot_loss: 2.0331 (2.0781)  time: 0.379348  data: 0.042173  max mem: 19472
              I20260722 14:33:46 73825 dinov2 helpers.py:102] Training  [  70/7500]  eta: 1:33:30  lr: 0.0001 (0.0000)  wd: 0.0401 (0.0400)  mom: 0.9920 (0.9920)  last_layer_lr: 0.0000 (0.0000)  current_batch_size: 64.0000 (64.0000)  total_loss: 10.3250 (10.3539)  teacher_entropy_ratio: 0.9954 (0.9873)  dino_local_crops_loss: 7.4021 (7.3675)  dino_global_crops_loss: 0.9259 (0.9211)  ibot_loss: 1.9980 (2.0653)  time: 0.378471  data: 0.037517  max mem: 19472
I20260722 14:33:50 73825 dinov2 helpers.py:102] Training  [  80/7500]  eta: 1:28:05  lr: 0.0001 (0.0001)  wd: 0.0401 (0.0400)  mom: 0.9920 (0.9920)  last_layer_lr: 0.0000 (0.0000)  current_batch_size: 64.0000 (64.0000)  total_loss: 10.2634 (10.3415)  teacher_entropy_ratio: 0.9929 (0.9878)  dino_local_crops_loss: 7.3658 (7.3662)  dino_global_crops_loss: 0.9210 (0.9209)  ibot_loss: 1.9808 (2.0544)  time: 0.376982  data: 0.034369  max mem: 19472
I20260722 14:33:54 73825 dinov2 helpers.py:102] Training  [  90/7500]  eta: 1:23:05  lr: 0.0001 (0.0001)  wd: 0.0401 (0.0400)  mom: 0.9920 (0.9920)  last_layer_lr: 0.0000 (0.0000)  current_batch_size: 64.0000 (64.0000)  total_loss: 10.2401 (10.3282)  teacher_entropy_ratio: 0.9909 (0.9881)  dino_local_crops_loss: 7.3478 (7.3638)  dino_global_crops_loss: 0.9188 (0.9206)  ibot_loss: 1.9655 (2.0438)  time: 0.381082  data: 0.034313  max mem: 19472
I20260722 14:33:57 73825 dinov2 helpers.py:102] Training  [ 100/7500]  eta: 1:18:53  lr: 0.0001 (0.0001)  wd: 0.0401 (0.0401)  mom: 0.9920 (0.9920)  last_layer_lr: 0.0000 (0.0000)  current_batch_size: 64.0000 (64.0000)  total_loss: 10.2006 (10.3136)  teacher_entropy_ratio: 0.9903 (0.9883)  dino_local_crops_loss: 7.3452 (7.3622)  dino_global_crops_loss: 0.9183 (0.9204)  ibot_loss: 1.9371 (2.0310)  time: 0.345448  data: 0.000520  max mem: 19472
I20260722 14:34:01 73825 dinov2 helpers.py:102] Training  [ 110/7500]  eta: 1:16:07  lr: 0.0001 (0.0001)  wd: 0.0402 (0.0401)  mom: 0.9920 (0.9920)  last_layer_lr: 0.0000 (0.0000)  current_batch_size: 64.0000 (64.0000)  total_loss: 10.1449 (10.2930)  teacher_entropy_ratio: 0.9905 (0.9886)  dino_local_crops_loss: 7.3499 (7.3616)  dino_global_crops_loss: 0.9189 (0.9203)  ibot_loss: 1.8739 (2.0111)  time: 0.368819  data: 0.031458  max mem: 19472
I20260722 14:34:05 73825 dinov2 helpers.py:102] Training  [ 120/7500]  eta: 1:13:47  lr: 0.0001 (0.0001)  wd: 0.0402 (0.0401)  mom: 0.9920 (0.9920)  last_layer_lr: 0.0000 (0.0000)  current_batch_size: 64.0000 (64.0000)  total_loss: 10.0216 (10.2665)  teacher_entropy_ratio: 0.9913 (0.9888)  dino_local_crops_loss: 7.3601 (7.3619)  dino_global_crops_loss: 0.9201 (0.9204)  ibot_loss: 1.7377 (1.9842)  time: 0.399702  data: 0.064884  max mem: 19472
I20260722 14:34:09 73825 dinov2 helpers.py:102] Training  [ 130/7500]  eta: 1:11:38  lr: 0.0002 (0.0001)  wd: 0.0402 (0.0401)  mom: 0.9920 (0.9920)  last_layer_lr: 0.0000 (0.0000)  current_batch_size: 64.0000 (64.0000)  total_loss: 9.9409 (10.2389)  teacher_entropy_ratio: 0.9919 (0.9891)  dino_local_crops_loss: 7.3682 (7.3627)  dino_global_crops_loss: 0.9212 (0.9205)  ibot_loss: 1.6517 (1.9558)  time: 0.389624  data: 0.050545  max mem: 19472
I20260722 14:34:13 73825 dinov2 helpers.py:102] Training  [ 140/7500]  eta: 1:10:08  lr: 0.0002 (0.0001)  wd: 0.0403 (0.0401)  mom: 0.9920 (0.9920)  last_layer_lr: 0.0000 (0.0000)  current_batch_size: 64.0000 (64.0000)  total_loss: 9.8863 (10.2136)  teacher_entropy_ratio: 0.9924 (0.9893)  dino_local_crops_loss: 7.3736 (7.3635)  dino_global_crops_loss: 0.9218 (0.9206)  ibot_loss: 1.5945 (1.9294)  time: 0.401428  data: 0.060469  max mem: 19472
I20260722 14:34:16 73825 dinov2 helpers.py:102] Training  [ 150/7500]  eta: 1:08:09  lr: 0.0002 (0.0001)  wd: 0.0403 (0.0401)  mom: 0.9920 (0.9920)  last_layer_lr: 0.0000 (0.0000)  current_batch_size: 64.0000 (64.0000)  total_loss: 9.8340 (10.1877)  teacher_entropy_ratio: 0.9928 (0.9896)  dino_local_crops_loss: 7.3764 (7.3646)  dino_global_crops_loss: 0.9221 (0.9207)  ibot_loss: 1.5351 (1.9024)  time: 0.381130  data: 0.043539  max mem: 19472
I20260722 14:34:20 73825 dinov2 helpers.py:102] Training  [ 160/7500]  eta: 1:06:25  lr: 0.0002 (0.0001)  wd: 0.0404 (0.0401)  mom: 0.9920 (0.9920)  last_layer_lr: 0.0002 (0.0000)  current_batch_size: 64.0000 (64.0000)  total_loss: 9.8127 (10.1658)  teacher_entropy_ratio: 0.9931 (0.9898)  dino_local_crops_loss: 7.3739 (7.3646)  dino_global_crops_loss: 0.9219 (0.9207)  ibot_loss: 1.5281 (1.8804)  time: 0.339798  data: 0.000379  max mem: 19472
                   I20260722 14:34:24 73825 dinov2 helpers.py:102] Training  [ 170/7500]  eta: 1:05:26  lr: 0.0002 (0.0001)  wd: 0.0404 (0.0402)  mom: 0.9920 (0.9920)  last_layer_lr: 0.0002 (0.0000)  current_batch_size: 64.0000 (64.0000)  total_loss: 9.7927 (10.1410)  teacher_entropy_ratio: 0.9936 (0.9901)  dino_local_crops_loss: 7.3663 (7.3647)  dino_global_crops_loss: 0.9208 (0.9207)  ibot_loss: 1.5055 (1.8555)  time: 0.379403  data: 0.034688  max mem: 19472
I20260722 14:34:27 73825 dinov2 helpers.py:102] Training  [ 180/7500]  eta: 1:04:01  lr: 0.0002 (0.0001)  wd: 0.0405 (0.0402)  mom: 0.9920 (0.9920)  last_layer_lr: 0.0002 (0.0000)  current_batch_size: 64.0000 (64.0000)  total_loss: 9.7409 (10.1184)  teacher_entropy_ratio: 0.9941 (0.9903)  dino_local_crops_loss: 7.3676 (7.3649)  dino_global_crops_loss: 0.9210 (0.9207)  ibot_loss: 1.4522 (1.8327)  time: 0.378263  data: 0.035028  max mem: 19472
I20260722 14:34:31 73825 dinov2 helpers.py:102] Training  [ 190/7500]  eta: 1:02:44  lr: 0.0002 (0.0001)  wd: 0.0405 (0.0402)  mom: 0.9920 (0.9920)  last_layer_lr: 0.0002 (0.0000)  current_batch_size: 64.0000 (64.0000)  total_loss: 9.7045 (10.0972)  teacher_entropy_ratio: 0.9944 (0.9905)  dino_local_crops_loss: 7.3689 (7.3652)  dino_global_crops_loss: 0.9212 (0.9208)  ibot_loss: 1.4150 (1.8113)  time: 0.337549  data: 0.000974  max mem: 19472
I20260722 14:34:34 73825 dinov2 helpers.py:102] Training  [ 200/7500]  eta: 1:01:35  lr: 0.0003 (0.0001)  wd: 0.0406 (0.0402)  mom: 0.9920 (0.9920)  last_layer_lr: 0.0003 (0.0001)  current_batch_size: 64.0000 (64.0000)  total_loss: 9.6826 (10.0759)  teacher_entropy_ratio: 0.9945 (0.9907)  dino_local_crops_loss: 7.3687 (7.3653)  dino_global_crops_loss: 0.9212 (0.9208)  ibot_loss: 1.3922 (1.7897)  time: 0.338854  data: 0.000476  max mem: 19472
I20260722 14:34:38 73825 dinov2 helpers.py:102] Training  [ 210/7500]  eta: 1:00:35  lr: 0.0003 (0.0001)  wd: 0.0406 (0.0402)  mom: 0.9920 (0.9920)  last_layer_lr: 0.0003 (0.0001)  current_batch_size: 64.0000 (64.0000)  total_loss: 9.6535 (10.0571)  teacher_entropy_ratio: 0.9945 (0.9909)  dino_local_crops_loss: 7.3673 (7.3654)  dino_global_crops_loss: 0.9209 (0.9208)  ibot_loss: 1.3645 (1.7709)  time: 0.342882  data: 0.000465  max mem: 19472
I20260722 14:34:41 73825 dinov2 helpers.py:102] Training  [ 220/7500]  eta: 0:59:50  lr: 0.0003 (0.0001)  wd: 0.0407 (0.0403)  mom: 0.9920 (0.9920)  last_layer_lr: 0.0003 (0.0001)  current_batch_size: 64.0000 (64.0000)  total_loss: 9.6527 (10.0392)  teacher_entropy_ratio: 0.9944 (0.9910)  dino_local_crops_loss: 7.3659 (7.3654)  dino_global_crops_loss: 0.9208 (0.9208)  ibot_loss: 1.3645 (1.7530)  time: 0.362195  data: 0.015717  max mem: 19472
I20260722 14:34:45 73825 dinov2 helpers.py:102] Training  [ 230/7500]  eta: 0:59:02  lr: 0.0003 (0.0002)  wd: 0.0408 (0.0403)  mom: 0.9920 (0.9920)  last_layer_lr: 0.0003 (0.0001)  current_batch_size: 64.0000 (64.0000)  total_loss: 9.6343 (10.0209)  teacher_entropy_ratio: 0.9945 (0.9912)  dino_local_crops_loss: 7.3658 (7.3655)  dino_global_crops_loss: 0.9208 (0.9208)  ibot_loss: 1.3461 (1.7346)  time: 0.367249  data: 0.024877  max mem: 19472
I20260722 14:34:49 73825 dinov2 helpers.py:102] Training  [ 240/7500]  eta: 0:58:22  lr: 0.0003 (0.0002)  wd: 0.0408 (0.0403)  mom: 0.9920 (0.9920)  last_layer_lr: 0.0003 (0.0001)  current_batch_size: 64.0000 (64.0000)  total_loss: 9.6445 (10.0067)  teacher_entropy_ratio: 0.9950 (0.9914)  dino_local_crops_loss: 7.3675 (7.3656)  dino_global_crops_loss: 0.9210 (0.9208)  ibot_loss: 1.3530 (1.7202)  time: 0.363644  data: 0.024501  max mem: 19472
I20260722 14:34:52 73825 dinov2 helpers.py:102] Training  [ 250/7500]  eta: 0:57:37  lr: 0.0003 (0.0002)  wd: 0.0409 (0.0403)  mom: 0.9920 (0.9920)  last_layer_lr: 0.0003 (0.0001)  current_batch_size: 64.0000 (64.0000)  total_loss: 9.6679 (9.9934)  teacher_entropy_ratio: 0.9955 (0.9916)  dino_local_crops_loss: 7.3703 (7.3659)  dino_global_crops_loss: 0.9213 (0.9208)  ibot_loss: 1.3742 (1.7067)  time: 0.357182  data: 0.015145  max mem: 19472
                 I20260722 14:34:56 73825 dinov2 helpers.py:102] Training  [ 260/7500]  eta: 0:57:16  lr: 0.0003 (0.0002)  wd: 0.0410 (0.0404)  mom: 0.9920 (0.9920)  last_layer_lr: 0.0003 (0.0001)  current_batch_size: 64.0000 (64.0000)  total_loss: 9.6702 (9.9818)  teacher_entropy_ratio: 0.9964 (0.9918)  dino_local_crops_loss: 7.3744 (7.3663)  dino_global_crops_loss: 0.9218 (0.9209)  ibot_loss: 1.3736 (1.6946)  time: 0.380122  data: 0.037234  max mem: 19472
I20260722 14:35:00 73825 dinov2 helpers.py:102] Training  [ 270/7500]  eta: 0:56:36  lr: 0.0003 (0.0002)  wd: 0.0411 (0.0404)  mom: 0.9920 (0.9920)  last_layer_lr: 0.0003 (0.0001)  current_batch_size: 64.0000 (64.0000)  total_loss: 9.6702 (9.9704)  teacher_entropy_ratio: 0.9971 (0.9920)  dino_local_crops_loss: 7.3783 (7.3668)  dino_global_crops_loss: 0.9223 (0.9210)  ibot_loss: 1.3693 (1.6826)  time: 0.380673  data: 0.037377  max mem: 19472
I20260722 14:35:03 73825 dinov2 helpers.py:102] Training  [ 280/7500]  eta: 0:55:58  lr: 0.0004 (0.0002)  wd: 0.0411 (0.0404)  mom: 0.9920 (0.9920)  last_layer_lr: 0.0004 (0.0001)  current_batch_size: 64.0000 (64.0000)  total_loss: 9.6652 (9.9591)  teacher_entropy_ratio: 0.9975 (0.9922)  dino_local_crops_loss: 7.3827 (7.3674)  dino_global_crops_loss: 0.9229 (0.9210)  ibot_loss: 1.3587 (1.6706)  time: 0.341157  data: 0.000726  max mem: 19472
I20260722 14:35:06 73825 dinov2 helpers.py:102] Training  [ 290/7500]  eta: 0:55:22  lr: 0.0004 (0.0002)  wd: 0.0412 (0.0404)  mom: 0.9920 (0.9920)  last_layer_lr: 0.0004 (0.0001)  current_batch_size: 64.0000 (64.0000)  total_loss: 9.6549 (9.9494)  teacher_entropy_ratio: 0.9980 (0.9924)  dino_local_crops_loss: 7.3848 (7.3681)  dino_global_crops_loss: 0.9231 (0.9211)  ibot_loss: 1.3482 (1.6602)  time: 0.338274  data: 0.000780  max mem: 19472
I20260722 14:35:10 73825 dinov2 helpers.py:102] Training  [ 300/7500]  eta: 0:54:53  lr: 0.0004 (0.0002)  wd: 0.0413 (0.0405)  mom: 0.9920 (0.9920)  last_layer_lr: 0.0004 (0.0002)  current_batch_size: 64.0000 (64.0000)  total_loss: 9.6475 (9.9389)  teacher_entropy_ratio: 0.9984 (0.9926)  dino_local_crops_loss: 7.3875 (7.3688)  dino_global_crops_loss: 0.9235 (0.9212)  ibot_loss: 1.3384 (1.6490)  time: 0.348944  data: 0.007412  max mem: 19472
I20260722 14:35:14 73825 dinov2 helpers.py:102] Training  [ 310/7500]  eta: 0:54:23  lr: 0.0004 (0.0002)  wd: 0.0414 (0.0405)  mom: 0.9920 (0.9920)  last_layer_lr: 0.0004 (0.0002)  current_batch_size: 64.0000 (64.0000)  total_loss: 9.6466 (9.9304)  teacher_entropy_ratio: 0.9987 (0.9928)  dino_local_crops_loss: 7.3889 (7.3694)  dino_global_crops_loss: 0.9236 (0.9213)  ibot_loss: 1.3337 (1.6397)  time: 0.354261  data: 0.007673  max mem: 19472
I20260722 14:35:18 73825 dinov2 helpers.py:102] Training  [ 320/7500]  eta: 0:54:06  lr: 0.0004 (0.0002)  wd: 0.0415 (0.0405)  mom: 0.9920 (0.9920)  last_layer_lr: 0.0004 (0.0002)  current_batch_size: 64.0000 (64.0000)  total_loss: 9.6878 (9.9228)  teacher_entropy_ratio: 0.9989 (0.9930)  dino_local_crops_loss: 7.3897 (7.3701)  dino_global_crops_loss: 0.9237 (0.9213)  ibot_loss: 1.3742 (1.6314)  time: 0.372168  data: 0.029438  max mem: 19472
I20260722 14:35:21 73825 dinov2 helpers.py:102] Training  [ 330/7500]  eta: 0:53:37  lr: 0.0004 (0.0002)  wd: 0.0416 (0.0406)  mom: 0.9920 (0.9920)  last_layer_lr: 0.0004 (0.0002)  current_batch_size: 64.0000 (64.0000)  total_loss: 9.6939 (9.9154)  teacher_entropy_ratio: 0.9991 (0.9932)  dino_local_crops_loss: 7.3905 (7.3707)  dino_global_crops_loss: 0.9238 (0.9214)  ibot_loss: 1.3792 (1.6233)  time: 0.368814  data: 0.029327  max mem: 19472
                I20260722 14:35:24 73825 dinov2 helpers.py:102] Training  [ 340/7500]  eta: 0:53:13  lr: 0.0004 (0.0002)  wd: 0.0417 (0.0406)  mom: 0.9920 (0.9920)  last_layer_lr: 0.0004 (0.0002)  current_batch_size: 64.0000 (64.0000)  total_loss: 9.6939 (9.9099)  teacher_entropy_ratio: 0.9992 (0.9933)  dino_local_crops_loss: 7.3911 (7.3713)  dino_global_crops_loss: 0.9239 (0.9215)  ibot_loss: 1.3792 (1.6171)  time: 0.348207  data: 0.006027  max mem: 19472
I20260722 14:35:28 73825 dinov2 helpers.py:102] Training  [ 350/7500]  eta: 0:52:49  lr: 0.0005 (0.0002)  wd: 0.0418 (0.0406)  mom: 0.9920 (0.9920)  last_layer_lr: 0.0005 (0.0002)  current_batch_size: 64.0000 (64.0000)  total_loss: 9.6981 (9.9033)  teacher_entropy_ratio: 0.9993 (0.9935)  dino_local_crops_loss: 7.3916 (7.3719)  dino_global_crops_loss: 0.9240 (0.9216)  ibot_loss: 1.3827 (1.6098)  time: 0.351690  data: 0.007373  max mem: 19472
I20260722 14:35:32 73825 dinov2 helpers.py:102] Training  [ 360/7500]  eta: 0:52:37  lr: 0.0005 (0.0002)  wd: 0.0419 (0.0407)  mom: 0.9920 (0.9920)  last_layer_lr: 0.0005 (0.0002)  current_batch_size: 64.0000 (64.0000)  total_loss: 9.6877 (9.8974)  teacher_entropy_ratio: 0.9993 (0.9937)  dino_local_crops_loss: 7.3920 (7.3724)  dino_global_crops_loss: 0.9240 (0.9216)  ibot_loss: 1.3717 (1.6033)  time: 0.378075  data: 0.033391  max mem: 19472
I20260722 14:35:35 73825 dinov2 helpers.py:102] Training  [ 370/7500]  eta: 0:52:13  lr: 0.0005 (0.0002)  wd: 0.0420 (0.0407)  mom: 0.9920 (0.9920)  last_layer_lr: 0.0005 (0.0002)  current_batch_size: 64.0000 (64.0000)  total_loss: 9.6734 (9.8915)  teacher_entropy_ratio: 0.9994 (0.9938)  dino_local_crops_loss: 7.3922 (7.3730)  dino_global_crops_loss: 0.9240 (0.9217)  ibot_loss: 1.3573 (1.5968)  time: 0.373624  data: 0.031684  max mem: 19472
I20260722 14:35:40 73825 dinov2 helpers.py:102] Training  [ 380/7500]  eta: 0:52:10  lr: 0.0005 (0.0003)  wd: 0.0422 (0.0408)  mom: 0.9920 (0.9920)  last_layer_lr: 0.0005 (0.0002)  current_batch_size: 64.0000 (64.0000)  total_loss: 9.6903 (9.8867)  teacher_entropy_ratio: 0.9995 (0.9940)  dino_local_crops_loss: 7.3924 (7.3735)  dino_global_crops_loss: 0.9241 (0.9218)  ibot_loss: 1.3736 (1.5915)  time: 0.393480  data: 0.049366  max mem: 19472
I20260722 14:35:43 73825 dinov2 helpers.py:102] Training  [ 390/7500]  eta: 0:51:49  lr: 0.0005 (0.0003)  wd: 0.0423 (0.0408)  mom: 0.9921 (0.9920)  last_layer_lr: 0.0005 (0.0002)  current_batch_size: 64.0000 (64.0000)  total_loss: 9.6903 (9.8820)  teacher_entropy_ratio: 0.9995 (0.9941)  dino_local_crops_loss: 7.3927 (7.3740)  dino_global_crops_loss: 0.ops_loss: 0.9241 (0.9216)  ibot_loss: 1.3198 (1.5599)  time: 0.364165  data: 0.015343  max mem: 19472
I20260722 14:35:41 4140328 dinov2 helpers.py:102] Training  [ 400/7500]  eta: 0:49:40  lr: 0.0005 (0.0003)  wd: 0.0424 (0.0408)  mom: 0.9921 (0.9920)  last_layer_lr: 0.0005 (0.0002)  current_batch_size: 64.0000 (64.0000)  total_loss: 9.6236 (9.8471)  teacher_entropy_ratio: 0.9994 (0.9939)  dino_local_crops_loss: 7.3925 (7.3724)  dino_global_crops_loss: 0.9241 (0.9216)  ibot_loss: 1.3068 (1.5531)  time: 0.362316  data: 0.017129  max mem: 19472
I20260722 14:35:44 4140328 dinov2 helpers.py:102] Training  [ 410/7500]  eta: 0:49:22  lr: 0.0005 (0.0003)  wd: 0.0425 (0.0409)  mom: 0.9921 (0.9920)  last_layer_lr: 0.0005 (0.0002)  current_batch_size: 64.0000 (64.0000)  total_loss: 9.6014 (9.8413)  teacher_entropy_ratio: 0.9993 (0.9941)  dino_local_crops_loss: 7.3926 (7.3729)  dino_global_crops_loss: 0.9241 (0.9217)  ibot_loss: 1.2847 (1.5467)  time: 0.342407  data: 0.002960  max mem: 19472
I20260722 14:35:48 4140328 dinov2 helpers.py:102] Training  [ 420/7500]  eta: 0:49:07  lr: 0.0005 (0.0003)  wd: 0.0426 (0.0409)  mom: 0.9921 (0.9920)  last_layer_lr: 0.0005 (0.0002)  current_batch_size: 64.0000 (64.0000)  total_loss: 9.5998 (9.8351)  teacher_entropy_ratio: 0.9994 (0.9942)  dino_local_crops_loss: 7.3927 (7.3733)  dino_global_crops_loss: 0.9241 (0.9217)  ibot_loss: 1.2834 (1.5400)  time: 0.348164  data: 0.000686  max mem: 19472
I20260722 14:35:51 4140328 dinov2 helpers.py:102] Training  [ 430/7500]  eta: 0:48:52  lr: 0.0006 (0.0003)  wd: 0.0428 (0.0410)  mom: 0.9921 (0.9920)  last_layer_lr: 0.0006 (0.0003)  current_batch_size: 64.0000 (64.0000)  total_loss: 9.5668 (9.8287)  teacher_entropy_ratio: 0.9995 (0.9943)  dino_local_crops_loss: 7.3928 (7.3738)  dino_global_crops_loss: 0.9241 (0.9218)  ibot_loss: 1.2500 (1.5331)  time: 0.353233  data: 0.000727  max mem: 19472
I20260722 14:35:55 4140328 dinov2 helpers.py:102] Training  [ 440/7500]  eta: 0:48:41  lr: 0.0006 (0.0003)  wd: 0.0429 (0.0410)  mom: 0.9921 (0.9920)  last_layer_lr: 0.0006 (0.0003)  current_batch_size: 64.0000 (64.0000)  total_loss: 9.5458 (9.8226)  teacher_entropy_ratio: 0.9994 (0.9944)  dino_local_crops_loss: 7.3928 (7.3742)  dino_global_crops_loss: 0.9241 (0.9219)  ibot_loss: 1.2290 (1.5266)  time: 0.359577  data: 0.017920  max mem: 19472
W20260722 14:35:58 4140328 py.warnings warnings.py:109] /sci/labs/arieljaffe/dan.abergel1/torch_env/lib/python3.11/site-packages/torch/distributed/fsdp/fully_sharded_data_parallel.py:822: FutureWarning: FSDP.state_dict_type() and FSDP.set_state_dict_type() are being deprecated. Please use APIs, get_state_dict() and set_state_dict(), which can support different parallelisms, FSDP1, FSDP2, DDP. API doc: https://pytorch.org/docs/stable/distributed.checkpoint.html#torch.distributed.checkpoint.state_dict.get_state_dict .Tutorial: https://pytorch.org/tutorials/recipes/distributed_checkpoint_recipe.html .
  prev_state_dict_settings = FullyShardedDataParallel.set_state_dict_type(

W20260722 14:35:58 4140328 py.warnings warnings.py:109] /sci/labs/arieljaffe/dan.abergel1/torch_env/lib/python3.11/site-packages/torch/utils/_contextlib.py:124: UserWarning: When using ``NO_SHARD`` for ``ShardingStrategy``, full_state_dict will be returned.
  return func(*args, **kwargs)

W20260722 14:35:58 4140328 py.warnings warnings.py:109] /sci/labs/arieljaffe/dan.abergel1/torch_env/lib/python3.11/site-packages/torch/distributed/fsdp/fully_sharded_data_parallel.py:829: FutureWarning: FSDP.state_dict_type() and FSDP.set_state_dict_type() are being deprecated. Please use APIs, get_state_dict() and set_state_dict(), which can support different parallelisms, FSDP1, FSDP2, DDP. API doc: https://pytorch.org/docs/stable/distributed.checkpoint.html#torch.distributed.checkpoint.state_dict.get_state_dict .Tutorial: https://pytorch.org/tutorials/recipes/distributed_checkpoint_recipe.html .
  FullyShardedDataParallel.set_state_dict_type(

I20260722 14:35:58 4140328 fvcore.common.checkpoint __init__.py:109] Saving checkpoint to /sci/labs/arieljaffe/dan.abergel1/runs/brain/samesl_t005/model_0000449.rank_0.pth
W20260722 14:36:00 4140328 py.warnings warnings.py:109] /sci/labs/arieljaffe/dan.abergel1/torch_env/lib/python3.11/site-packages/torch/distributed/c10d_logger.py:83: UserWarning: barrier(): using the device under current context. You can specify `device_id` in `init_process_group` to mute this warning.
  return func(*args, **kwargs)

I20260722 14:36:00 4140328 dinov2 helpers.py:102] Training  [ 450/7500]  eta: 0:48:49  lr: 0.0006 (0.0003)  wd: 0.0430 (0.0411)  mom: 0.9921 (0.9920)  last_layer_lr: 0.0006 (0.0003)  current_batch_size: 64.0000 (64.0000)  total_loss: 9.5287 (9.8162)  teacher_entropy_ratio: 0.9994 (0.9945)  dino_local_crops_loss: 7.3927 (7.3746)  dino_global_crops_loss: 0.9241 (0.9219)  ibot_loss: 1.2110 (1.5196)  time: 0.432173  data: 0.025693  max mem: 19472
I20260722 14:36:03 4140328 dinov2 helpers.py:102] Training  [ 460/7500]  eta: 0:48:33  lr: 0.0006 (0.0003)  wd: 0.0432 (0.0411)  mom: 0.9921 (0.9920)  last_layer_lr: 0.0006 (0.0003)  current_batch_size: 64.0000 (64.0000)  total_loss: 9.5615 (9.8114)  teacher_entropy_ratio: 0.9994 (0.9947)  dino_local_crops_loss: 7.3928 (7.3750)  dino_global_crops_loss: 0.9241 (0.9220)  ibot_loss: 1.2444 (1.5144)  time: 0.416084  data: 0.008461  max mem: 19472
I20260722 14:36:07 4140328 dinov2 helpers.py:102] Training  [ 470/7500]  eta: 0:48:18  lr: 0.0006 (0.0003)  wd: 0.0433 (0.0412)  mom: 0.9921 (0.9920)  last_layer_lr: 0.0006 (0.0003)  current_batch_size: 64.0000 (64.0000)  total_loss: 9.5419 (9.8051)  teacher_entropy_ratio: 0.9995 (0.9948)  dino_local_crops_loss: 7.3932 (7.3754)  dino_global_crops_loss: 0.9242 (0.9220)  ibot_loss: 1.2244 (1.5077)  time: 0.337928  data: 0.000454  max mem: 19472
I20260722 14:36:10 4140328 dinov2 helpers.py:102] Training  [ 480/7500]  eta: 0:48:03  lr: 0.0006 (0.0003)  wd: 0.0435 (0.0412)  mom: 0.9921 (0.9920)  last_layer_lr: 0.0006 (0.0003)  current_batch_size: 64.0000 (64.0000)  total_loss: 9.5085 (9.7989)  teacher_entropy_ratio: 0.9996 (0.9949)  dino_local_crops_loss: 7.3933 (7.3758)  dino_global_crops_loss: 0.9242 (0.9220)  ibot_loss: 1.1908 (1.5011)  time: 0.339451  data: 0.000457  max mem: 19472
I20260722 14:36:14 4140328 dinov2 helpers.py:102] Training  [ 490/7500]  eta: 0:47:49  lr: 0.0006 (0.0003)  wd: 0.0436 (0.0413)  mom: 0.9921 (0.9920)  last_layer_lr: 0.0006 (0.0003)  current_batch_size: 64.0000 (64.0000)  total_loss: 9.4843 (9.7918)  teacher_entropy_ratio: 0.9996 (0.9949)  dino_local_crops_loss: 7.3934 (7.3762)  dino_global_crops_loss: 0.9242 (0.9221)  ibot_loss: 1.1665 (1.4936)  time: 0.338988  data: 0.000433  max mem: 19472
I20260722 14:36:17 4140328 dinov2 helpers.py:102] Training  [ 500/7500]  eta: 0:47:36  lr: 0.0007 (0.0003)  wd: 0.0438 (0.0413)  mom: 0.9921 (0.9920)  last_layer_lr: 0.0007 (0.0003)  current_batch_size: 64.0000 (64.0000)  total_loss: 9.4697 (9.7852)  teacher_entropy_ratio: 0.9996 (0.9950)  dino_local_crops_loss: 7.3934 (7.3765)  dino_global_crops_loss: 0.9242 (0.9221)  ibot_loss: 1.1523 (1.4865)  time: 0.342860  data: 0.000430  max mem: 19472
I20260722 14:36:20 4140328 dinov2 helpers.py:102] Training  [ 510/7500]  eta: 0:47:23  lr: 0.0007 (0.0003)  wd: 0.0439 (0.0414)  mom: 0.9921 (0.9920)  last_layer_lr: 0.0007 (0.0003)  current_batch_size: 64.0000 (64.0000)  total_loss: 9.4383 (9.7780)  teacher_entropy_ratio: 0.9996 (0.9951)  dino_local_crops_loss: 7.3935 (7.3768)  dino_global_crops_loss: 0.9242 (0.9222)  ibot_loss: 1.1206 (1.4790)  time: 0.346716  data: 0.002800  max mem: 19472
I20260722 14:36:24 4140328 dinov2 helpers.py:102] Training  [ 520/7500]  eta: 0:47:11  lr: 0.0007 (0.0003)  wd: 0.0441 (0.0414)  mom: 0.9921 (0.9920)  last_layer_lr: 0.0007 (0.0003)  current_batch_size: 64.0000 (64.0000)  total_loss: 9.4193 (9.7703)  teacher_entropy_ratio: 0.9996 (0.9952)  dino_local_crops_loss: 7.3938 (7.3772)  dino_global_crops_loss: 0.9242 (0.9222)  ibot_loss: 1.1010 (1.4709)  time: 0.343586  data: 0.002660  max mem: 19472
I20260722 14:36:27 4140328 dinov2 helpers.py:102] Training  [ 530/7500]  eta: 0:46:58  lr: 0.0007 (0.0004)  wd: 0.0443 (0.0415)  mom: 0.9921 (0.9920)  last_layer_lr: 0.0007 (0.0003)  current_batch_size: 64.0000 (64.0000)  total_loss: 9.3324 (9.7615)  teacher_entropy_ratio: 0.9996 (0.9953)  dino_local_crops_loss: 7.3938 (7.3775)  dino_global_crops_loss: 0.9242 (0.9222)  ibot_loss: 1.0147 (1.4618)  time: 0.339542  data: 0.000744  max mem: 19472
I20260722 14:36:31 4140328 dinov2 helpers.py:102] Training  [ 540/7500]  eta: 0:46:46  lr: 0.0007 (0.0004)  wd: 0.0444 (0.0415)  mom: 0.9921 (0.9920)  last_layer_lr: 0.0007 (0.0003)  current_batch_size: 64.0000 (64.0000)  total_loss: 9.2497 (9.7518)  teacher_entropy_ratio: 0.9996 (0.9954)  dino_local_crops_loss: 7.3937 (7.3778)  dino_global_crops_loss: 0.9242 (0.9223)  ibot_loss: 0.9320 (1.4517)  time: 0.341064  data: 0.000847  max mem: 19472
I20260722 14:36:34 4140328 dinov2 helpers.py:102] Training  [ 550/7500]  eta: 0:46:36  lr: 0.0007 (0.0004)  wd: 0.0446 (0.0416)  mom: 0.9921 (0.9920)  last_layer_lr: 0.0007 (0.0003)  current_batch_size: 64.0000 (64.0000)  total_loss: 9.1886 (9.7409)  teacher_entropy_ratio: 0.9996 (0.9955)  dino_local_crops_loss: 7.3935 (7.3781)  dino_global_crops_loss: 0.9242 (0.9223)  ibot_loss: 0.8710 (1.4405)  time: 0.349029  data: 0.000747  max mem: 19472
I20260722 14:36:38 4140328 dinov2 helpers.py:102] Training  [ 560/7500]  eta: 0:46:25  lr: 0.0007 (0.0004)  wd: 0.0448 (0.0416)  mom: 0.9921 (0.9920)  last_layer_lr: 0.0007 (0.0003)  current_batch_size: 64.0000 (64.0000)  total_loss: 9.1027 (9.7284)  teacher_entropy_ratio: 0.9996 (0.9955)  dino_local_crops_loss: 7.3934 (7.3783)  dino_global_crops_loss: 0.9242 (0.9224)  ibot_loss: 0.7850 (1.4277)  time: 0.352502  data: 0.000777  max mem: 19472
I20260722 14:36:41 4140328 dinov2 helpers.py:102] Training  [ 570/7500]  eta: 0:46:14  lr: 0.0007 (0.0004)  wd: 0.0449 (0.0417)  mom: 0.9921 (0.9920)  last_layer_lr: 0.0007 (0.0004)  current_batch_size: 64.0000 (64.0000)  total_loss: 8.9394 (9.7129)  teacher_entropy_ratio: 0.9994 (0.9956)  dino_local_crops_loss: 7.3933 (7.3786)  dino_global_crops_loss: 0.9242 (0.9224)  ibot_loss: 0.6219 (1.4120)  time: 0.346649  data: 0.000463  max mem: 19472
I20260722 14:36:45 4140328 dinov2 helpers.py:102] Training  [ 580/7500]  eta: 0:46:04  lr: 0.0008 (0.0004)  wd: 0.0451 (0.0418)  mom: 0.9921 (0.9920)  last_layer_lr: 0.0008 (0.0004)  current_batch_size: 64.0000 (64.0000)  total_loss: 8.7303 (9.6953)  teacher_entropy_ratio: 0.9994 (0.9957)  dino_local_crops_loss: 7.3931 (7.3789)  dino_global_crops_loss: 0.9242 (0.9224)  ibot_loss: 0.4129 (1.3941)  time: 0.345923  data: 0.005314  max mem: 19472
I20260722 14:36:48 4140328 dinov2 helpers.py:102] Training  [ 590/7500]  eta: 0:45:54  lr: 0.0008 (0.0004)  wd: 0.0453 (0.0418)  mom: 0.9921 (0.9920)  last_layer_lr: 0.0008 (0.0004)  current_batch_size: 64.0000 (64.0000)  total_loss: 8.6513 (9.6773)  teacher_entropy_ratio: 0.9995 (0.9957)  dino_local_crops_loss: 7.3930 (7.3791)  dino_global_crops_loss: 0.9241 (0.9224)  ibot_loss: 0.3342 (1.3758)  time: 0.350735  data: 0.005356  max mem: 19472
I20260722 14:36:52 4140328 dinov2 helpers.py:102] Training  [ 600/7500]  eta: 0:45:45  lr: 0.0008 (0.0004)  wd: 0.0455 (0.0419)  mom: 0.9921 (0.9920)  last_layer_lr: 0.0008 (0.0004)  current_batch_size: 64.0000 (64.0000)  total_loss: 8.6319 (9.6599)  teacher_entropy_ratio: 0.9994 (0.9958)  dino_local_crops_loss: 7.3928 (7.3793)  dino_global_crops_loss: 0.9241 (0.9225)  ibot_loss: 0.3151 (1.3581)  time: 0.352296  data: 0.002642  max mem: 19472
I20260722 14:36:55 4140328 dinov2 helpers.py:102] Training  [ 610/7500]  eta: 0:45:35  lr: 0.0008 (0.0004)  wd: 0.0457 (0.0420)  mom: 0.9921 (0.9920)  last_layer_lr: 0.0008 (0.0004)  current_batch_size: 64.0000 (64.0000)  total_loss: 8.6220 (9.6428)  teacher_entropy_ratio: 0.9993 (0.9958)  dino_local_crops_loss: 7.3925 (7.3795)  dino_global_crops_loss: 0.9241 (0.9225)  ibot_loss: 0.3057 (1.3408)  time: 0.348189  data: 0.002980  max mem: 19472
I20260722 14:36:59 4140328 dinov2 helpers.py:102] Training  [ 620/7500]  eta: 0:45:27  lr: 0.0008 (0.0004)  wd: 0.0458 (0.0420)  mom: 0.9921 (0.9920)  last_layer_lr: 0.0008 (0.0004)  current_batch_size: 64.0000 (64.0000)  total_loss: 8.6129 (9.6261)  teacher_entropy_ratio: 0.9989 (0.9959)  dino_local_crops_loss: 7.3913 (7.3797)  dino_global_crops_loss: 0.9239 (0.9225)  ibot_loss: 0.2975 (1.3239)  time: 0.353445  data: 0.000791  max mem: 19472
I20260722 14:37:02 4140328 dinov2 helpers.py:102] Training  [ 630/7500]  eta: 0:45:17  lr: 0.0008 (0.0004)  wd: 0.0460 (0.0421)  mom: 0.9921 (0.9920)  last_layer_lr: 0.0008 (0.0004)  current_batch_size: 64.0000 (64.0000)  total_loss: 8.5974 (9.6098)  teacher_entropy_ratio: 0.9981 (0.9959)  dino_local_crops_loss: 7.3868 (7.3798)  dino_global_crops_loss: 0.9234 (0.9225)  ibot_loss: 0.2888 (1.3075)  time: 0.351741  data: 0.000570  max mem: 19472
I20260722 14:37:06 4140328 dinov2 helpers.py:102] Training  [ 640/7500]  eta: 0:45:08  lr: 0.0008 (0.0004)  wd: 0.0462 (0.0421)  mom: 0.9921 (0.9920)  last_layer_lr: 0.0008 (0.0004)  current_batch_size: 64.0000 (64.0000)  total_loss: 8.5833 (9.5935)  teacher_entropy_ratio: 0.9965 (0.9959)  dino_local_crops_loss: 7.3774 (7.3796)  dino_global_crops_loss: 0.9222 (0.9225)  ibot_loss: 0.2810 (1.2914)  time: 0.344438  data: 0.000627  max mem: 19472
I20260722 14:37:09 4140328 dinov2 helpers.py:102] Training  [ 650/7500]  eta: 0:44:58  lr: 0.0009 (0.0004)  wd: 0.0464 (0.0422)  mom: 0.9921 (0.9920)  last_layer_lr: 0.0009 (0.0004)  current_batch_size: 64.0000 (64.0000)  total_loss: 8.5349 (9.5767)  teacher_entropy_ratio: 0.9931 (0.9958)  dino_local_crops_loss: 7.3573 (7.3788)  dino_global_crops_loss: 0.9197 (0.9224)  ibot_loss: 0.2620 (1.2754)  time: 0.343761  data: 0.000621  max mem: 19472
I20260722 14:37:13 4140328 dinov2 helpers.py:102] Training  [ 660/7500]  eta: 0:44:49  lr: 0.0009 (0.0004)  wd: 0.0466 (0.0423)  mom: 0.9921 (0.9921)  last_layer_lr: 0.0009 (0.0004)  current_batch_size: 64.0000 (64.0000)  total_loss: 8.4442 (9.5575)  teacher_entropy_ratio: 0.9828 (0.9953)  dino_local_crops_loss: 7.2850 (7.3757)  dino_global_crops_loss: 0.9107 (0.9220)  ibot_loss: 0.2485 (1.2598)  time: 0.340548  data: 0.000795  max mem: 19472
I20260722 14:37:16 4140328 dinov2 helpers.py:102] Training  [ 670/7500]  eta: 0:44:42  lr: 0.0009 (0.0004)  wd: 0.0468 (0.0424)  mom: 0.9922 (0.9921)  last_layer_lr: 0.0009 (0.0004)  current_batch_size: 64.0000 (64.0000)  total_loss: 8.0807 (9.5240)  teacher_entropy_ratio: 0.9341 (0.9930)  dino_local_crops_loss: 6.9725 (7.3596)  dino_global_crops_loss: 0.8717 (0.9200)  ibot_loss: 0.2365 (1.2443)  time: 0.351370  data: 0.000933  max mem: 19472
I20260722 14:37:20 4140328 dinov2 helpers.py:102] Training  [ 680/7500]  eta: 0:44:34  lr: 0.0009 (0.0005)  wd: 0.0470 (0.0424)  mom: 0.9922 (0.9921)  last_layer_lr: 0.0009 (0.0004)  current_batch_size: 64.0000 (64.0000)  total_loss: 5.1908 (9.4053)  teacher_entropy_ratio: 0.5814 (0.9804)  dino_local_crops_loss: 4.4302 (7.2675)  dino_global_crops_loss: 0.5539 (0.9085)  ibot_loss: 0.2225 (1.2293)  time: 0.355083  data: 0.000896  max mem: 19472
I20260722 14:37:23 4140328 dinov2 helpers.py:102] Training  [ 690/7500]  eta: 0:44:26  lr: 0.0009 (0.0005)  wd: 0.0473 (0.0425)  mom: 0.9922 (0.9921)  last_layer_lr: 0.0009 (0.0004)  current_batch_size: 64.0000 (64.0000)  total_loss: 0.2399 (9.2724)  teacher_entropy_ratio: 0.0000 (0.9662)  dino_local_crops_loss: 0.0130 (7.1625)  dino_global_crops_loss: 0.0016 (0.8954)  ibot_loss: 0.2154 (1.2146)  time: 0.351109  data: 0.000950  max mem: 19472
I20260722 14:37:27 4140328 dinov2 helpers.py:102] Training  [ 700/7500]  eta: 0:44:18  lr: 0.0009 (0.0005)  wd: 0.0475 (0.0426)  mom: 0.9922 (0.9921)  last_layer_lr: 0.0009 (0.0004)  current_batch_size: 64.0000 (64.0000)  total_loss: 0.2219 (9.1433)  teacher_entropy_ratio: 0.0000 (0.9525)  dino_local_crops_loss: 0.0087 (7.0604)  dino_global_crops_loss: 0.0011 (0.8826)  ibot_loss: 0.2130 (1.2003)  time: 0.350489  data: 0.000821  max mem: 19472
I20260722 14:37:30 4140328 dinov2 helpers.py:102] Training  [ 710/7500]  eta: 0:44:10  lr: 0.0009 (0.0005)  wd: 0.0477 (0.0426)  mom: 0.9922 (0.9921)  last_layer_lr: 0.0009 (0.0005)  current_batch_size: 64.0000 (64.0000)  total_loss: 0.2180 (9.0178)  teacher_entropy_ratio: 0.0000 (0.9391)  dino_local_crops_loss: 0.0042 (6.9611)  dino_global_crops_loss: 0.0005 (0.8702)  ibot_loss: 0.2129 (1.1865)  time: 0.349188  data: 0.000524  max mem: 19472
I20260722 14:37:34 4140328 dinov2 helpers.py:102] Training  [ 720/7500]  eta: 0:44:01  lr: 0.0009 (0.0005)  wd: 0.0479 (0.0427)  mom: 0.9922 (0.9921)  last_layer_lr: 0.0009 (0.0005)  current_batch_size: 64.0000 (64.0000)  total_loss: 0.2158 (8.8958)  teacher_entropy_ratio: 0.0000 (0.9260)  dino_local_crops_loss: 0.0032 (6.8647)  dino_global_crops_loss: 0.0004 (0.8581)  ibot_loss: 0.2124 (1.1729)  time: 0.345581  data: 0.000543  max mem: 19472
I20260722 14:37:37 4140328 dinov2 helpers.py:102] Training  [ 730/7500]  eta: 0:43:53  lr: 0.0010 (0.0005)  wd: 0.0481 (0.0428)  mom: 0.9922 (0.9921)  last_layer_lr: 0.0010 (0.0005)  current_batch_size: 64.0000 (64.0000)  total_loss: 0.2101 (8.7769)  teacher_entropy_ratio: 0.0000 (0.9134)  dino_local_crops_loss: 0.0028 (6.7708)  dino_global_crops_loss: 0.0004 (0.8464)  ibot_loss: 0.2068 (1.1597)  time: 0.339602  data: 0.000659  max mem: 19472
I20260722 14:37:41 4140328 dinov2 helpers.py:102] Training  [ 740/7500]  eta: 0:43:45  lr: 0.0010 (0.0005)  wd: 0.0483 (0.0429)  mom: 0.9922 (0.9921)  last_layer_lr: 0.0010 (0.0005)  current_batch_size: 64.0000 (64.0000)  total_loss: 0.2095 (8.6613)  teacher_entropy_ratio: 0.0000 (0.9010)  dino_local_crops_loss: 0.0025 (6.6795)  dino_global_crops_loss: 0.0003 (0.8350)  ibot_loss: 0.2064 (1.1469)  time: 0.344613  data: 0.002540  max mem: 19472
I20260722 14:37:44 4140328 dinov2 helpers.py:102] Training  [ 750/7500]  eta: 0:43:38  lr: 0.0010 (0.0005)  wd: 0.0486 (0.0429)  mom: 0.9922 (0.9921)  last_layer_lr: 0.0010 (0.0005)  current_batch_size: 64.0000 (64.0000)  total_loss: 0.2085 (8.5489)  teacher_entropy_ratio: 0.0000 (0.8890)  dino_local_crops_loss: 0.0023 (6.5907)  dino_global_crops_loss: 0.0003 (0.8239)  ibot_loss: 0.2051 (1.1343)  time: 0.348201  data: 0.002536  max mem: 19472
I20260722 14:37:47 4140328 dinov2 helpers.py:102] Training  [ 760/7500]  eta: 0:43:30  lr: 0.0010 (0.0005)  wd: 0.0488 (0.0430)  mom: 0.9922 (0.9921)  last_layer_lr: 0.0010 (0.0005)  current_batch_size: 64.0000 (64.0000)  total_loss: 0.2078 (8.4394)  teacher_entropy_ratio: 0.0000 (0.8774)  dino_local_crops_loss: 0.0025 (6.5043)  dino_global_crops_loss: 0.0003 (0.8131)  ibot_loss: 0.2036 (1.1220)  time: 0.346320  data: 0.001275  max mem: 19472
I20260722 14:37:51 4140328 dinov2 helpers.py:102] Training  [ 770/7500]  eta: 0:43:24  lr: 0.0010 (0.0005)  wd: 0.0490 (0.0431)  mom: 0.9922 (0.9921)  last_layer_lr: 0.0010 (0.0005)  current_batch_size: 64.0000 (64.0000)  total_loss: 0.2386 (8.3440)  teacher_entropy_ratio: 0.0006 (0.8662)  dino_local_crops_loss: 0.0103 (6.4300)  dino_global_crops_loss: 0.0013 (0.8038)  ibot_loss: 0.2040 (1.1101)  time: 0.355413  data: 0.013450  max mem: 19472
I20260722 14:37:55 4140328 dinov2 helpers.py:102] Training  [ 780/7500]  eta: 0:43:17  lr: 0.0010 (0.0005)  wd: 0.0493 (0.0432)  mom: 0.9922 (0.9921)  last_layer_lr: 0.0010 (0.0005)  current_batch_size: 64.0000 (64.0000)  total_loss: 0.2950 (8.2644)  teacher_entropy_ratio: 0.0013 (0.8552)  dino_local_crops_loss: 0.0743 (6.3693)  dino_global_crops_loss: 0.0093 (0.7962)  ibot_loss: 0.2117 (1.0989)  time: 0.355923  data: 0.012812  max mem: 19472
I20260722 14:37:58 4140328 dinov2 helpers.py:102] Training  [ 790/7500]  eta: 0:43:10  lr: 0.0010 (0.0005)  wd: 0.0495 (0.0433)  mom: 0.9922 (0.9921)  last_layer_lr: 0.0010 (0.0005)  current_batch_size: 64.0000 (64.0000)  total_loss: 0.2596 (8.1630)  teacher_entropy_ratio: 0.0000 (0.8443)  dino_local_crops_loss: 0.0110 (6.2888)  dino_global_crops_loss: 0.0015 (0.7862)  ibot_loss: 0.2275 (1.0879)  time: 0.347475  data: 0.002608  max mem: 19472
I20260722 14:38:02 4140328 dinov2 helpers.py:102] Training  [ 800/7500]  eta: 0:43:04  lr: 0.0010 (0.0005)  wd: 0.0498 (0.0434)  mom: 0.9922 (0.9921)  last_layer_lr: 0.0010 (0.0005)  current_batch_size: 64.0000 (64.0000)  total_loss: 0.2387 (8.0646)  teacher_entropy_ratio: 0.0000 (0.8338)  dino_local_crops_loss: 0.0079 (6.2110)  dino_global_crops_loss: 0.0010 (0.7765)  ibot_loss: 0.2275 (1.0772)  time: 0.352786  data: 0.008460  max mem: 19472
I20260722 14:38:05 4140328 dinov2 helpers.py:102] Training  [ 810/7500]  eta: 0:42:57  lr: 0.0010 (0.0005)  wd: 0.0500 (0.0434)  mom: 0.9922 (0.9921)  last_layer_lr: 0.0010 (0.0005)  current_batch_size: 64.0000 (64.0000)  total_loss: 0.4508 (7.9734)  teacher_entropy_ratio: 0.0000 (0.8235)  dino_local_crops_loss: 0.1980 (6.1392)  dino_global_crops_loss: 0.0255 (0.7675)  ibot_loss: 0.2242 (1.0667)  time: 0.354523  data: 0.012524  max mem: 19472
I20260722 14:38:09 4140328 dinov2 helpers.py:102] Training  [ 820/7500]  eta: 0:42:51  lr: 0.0010 (0.0005)  wd: 0.0503 (0.0435)  mom: 0.9922 (0.9921)  last_layer_lr: 0.0010 (0.0005)  current_batch_size: 64.0000 (64.0000)  total_loss: 0.7630 (7.8863)  teacher_entropy_ratio: 0.0006 (0.8135)  dino_local_crops_loss: 0.4946 (6.0710)  dino_global_crops_loss: 0.0619 (0.7590)  ibot_loss: 0.2185 (1.0563)  time: 0.356787  data: 0.017270  max mem: 19472
I20260722 14:38:12 4140328 dinov2 helpers.py:102] Training  [ 830/7500]  eta: 0:42:45  lr: 0.0010 (0.0005)  wd: 0.0505 (0.0436)  mom: 0.9922 (0.9921)  last_layer_lr: 0.0010 (0.0005)  current_batch_size: 64.0000 (64.0000)  total_loss: 0.9034 (7.8030)  teacher_entropy_ratio: 0.0018 (0.8038)  dino_local_crops_loss: 0.6089 (6.0061)  dino_global_crops_loss: 0.0760 (0.7508)  ibot_loss: 0.2090 (1.0461)  time: 0.360684  data: 0.013643  max mem: 19472
I20260722 14:38:16 4140328 dinov2 helpers.py:102] Training  [ 840/7500]  eta: 0:42:39  lr: 0.0010 (0.0006)  wd: 0.0508 (0.0437)  mom: 0.9922 (0.9921)  last_layer_lr: 0.0010 (0.0005)  current_batch_size: 64.0000 (64.0000)  total_loss: 0.5580 (7.7148)  teacher_entropy_ratio: 0.0011 (0.7942)  dino_local_crops_loss: 0.3144 (5.9366)  dino_global_crops_loss: 0.0394 (0.7422)  ibot_loss: 0.2029 (1.0360)  time: 0.359318  data: 0.006200  max mem: 19472
I20260722 14:38:20 4140328 dinov2 helpers.py:102] Training  [ 850/7500]  eta: 0:42:33  lr: 0.0010 (0.0006)  wd: 0.0510 (0.0438)  mom: 0.9922 (0.9921)  last_layer_lr: 0.0010 (0.0005)  current_batch_size: 64.0000 (64.0000)  total_loss: 0.2727 (7.6268)  teacher_entropy_ratio: 0.0001 (0.7849)  dino_local_crops_loss: 0.0589 (5.8671)  dino_global_crops_loss: 0.0074 (0.7335)  ibot_loss: 0.1975 (1.0262)  time: 0.359096  data: 0.004015  max mem: 19472
I20260722 14:38:23 4140328 dinov2 helpers.py:102] Training  [ 860/7500]  eta: 0:42:26  lr: 0.0010 (0.0006)  wd: 0.0513 (0.0439)  mom: 0.9923 (0.9921)  last_layer_lr: 0.0010 (0.0005)  current_batch_size: 64.0000 (64.0000)  total_loss: 0.2174 (7.5429)  teacher_entropy_ratio: 0.0000 (0.7758)  dino_local_crops_loss: 0.0140 (5.8010)  dino_global_crops_loss: 0.0018 (0.7252)  ibot_loss: 0.2026 (1.0167)  time: 0.349873  data: 0.000764  max mem: 19472
I20260722 14:38:26 4140328 dinov2 helpers.py:102] Training  [ 870/7500]  eta: 0:42:20  lr: 0.0010 (0.0006)  wd: 0.0516 (0.0440)  mom: 0.9923 (0.9921)  last_layer_lr: 0.0010 (0.0006)  current_batch_size: 64.0000 (64.0000)  total_loss: 0.3219 (7.4723)  teacher_entropy_ratio: 0.0000 (0.7670)  dino_local_crops_loss: 0.0893 (5.7461)  dino_global_crops_loss: 0.0112 (0.7183)  ibot_loss: 0.2231 (1.0079)  time: 0.343992  data: 0.000536  max mem: 19472
I20260722 14:38:30 4140328 dinov2 helpers.py:102] Training  [ 880/7500]  eta: 0:42:13  lr: 0.0010 (0.0006)  wd: 0.0518 (0.0441)  mom: 0.9923 (0.9921)  last_layer_lr: 0.0010 (0.0006)  current_batch_size: 64.0000 (64.0000)  total_loss: 0.2736 (7.3905)  teacher_entropy_ratio: 0.0000 (0.7582)  dino_local_crops_loss: 0.0210 (5.6811)  dino_global_crops_loss: 0.0027 (0.7102)  ibot_loss: 0.2454 (0.9991)  time: 0.343910  data: 0.000443  max mem: 19472
I20260722 14:38:33 4140328 dinov2 helpers.py:102] Training  [ 890/7500]  eta: 0:42:06  lr: 0.0010 (0.0006)  wd: 0.0521 (0.0441)  mom: 0.9923 (0.9921)  last_layer_lr: 0.0010 (0.0006)  current_batch_size: 64.0000 (64.0000)  total_loss: 0.2473 (7.3100)  teacher_entropy_ratio: -0.0000 (0.7497)  dino_local_crops_loss: 0.0113 (5.6174)  dino_global_crops_loss: 0.0015 (0.7023)  ibot_loss: 0.2315 (0.9903)  time: 0.343235  data: 0.003661  max mem: 19472
I20260722 14:38:37 4140328 fvcore.common.checkpoint __init__.py:109] Saving checkpoint to /sci/labs/arieljaffe/dan.abergel1/runs/brain/samesl_t005/model_0000899.rank_0.pth
I20260722 14:38:38 4140328 dinov2 helpers.py:102] Training  [ 900/7500]  eta: 0:42:10  lr: 0.0010 (0.0006)  wd: 0.0524 (0.0442)  mom: 0.9923 (0.9921)  last_layer_lr: 0.0010 (0.0006)  current_batch_size: 64.0000 (64.0000)  total_loss: 0.1664 (7.2305)  teacher_entropy_ratio: -0.0000 (0.7414)  dino_local_crops_loss: 0.0030 (5.5551)  dino_global_crops_loss: 0.0004 (0.6945)  ibot_loss: 0.1630 (0.9810)  time: 0.416740  data: 0.012675  max mem: 19472
I20260722 14:38:42 4140328 dinov2 helpers.py:102] Training  [ 910/7500]  eta: 0:42:03  lr: 0.0010 (0.0006)  wd: 0.0526 (0.0443)  mom: 0.9923 (0.9921)  last_layer_lr: 0.0010 (0.0006)  current_batch_size: 64.0000 (64.0000)  total_loss: 0.1483 (7.1528)  teacher_entropy_ratio: -0.0000 (0.7333)  dino_local_crops_loss: 0.0030 (5.4941)  dino_global_crops_loss: 0.0004 (0.6868)  ibot_loss: 0.1451 (0.9718)  time: 0.413397  data: 0.009257  max mem: 19472
I20260722 14:38:45 4140328 dinov2 helpers.py:102] Training  [ 920/7500]  eta: 0:41:56  lr: 0.0010 (0.0006)  wd: 0.0529 (0.0444)  mom: 0.9923 (0.9921)  last_layer_lr: 0.0010 (0.0006)  current_batch_size: 64.0000 (64.0000)  total_loss: 0.1678 (7.0772)  teacher_entropy_ratio: -0.0000 (0.7253)  dino_local_crops_loss: 0.0031 (5.4346)  dino_global_crops_loss: 0.0004 (0.6794)  ibot_loss: 0.1634 (0.9632)  time: 0.339176  data: 0.000924  max mem: 19472
I20260722 14:38:49 4140328 dinov2 helpers.py:102] Training  [ 930/7500]  eta: 0:41:50  lr: 0.0010 (0.0006)  wd: 0.0532 (0.0445)  mom: 0.9923 (0.9921)  last_layer_lr: 0.0010 (0.0006)  current_batch_size: 64.0000 (64.0000)  total_loss: 0.1762 (7.0030)  teacher_entropy_ratio: 0.0000 (0.7175)  dino_local_crops_loss: 0.0052 (5.3763)  dino_global_crops_loss: 0.0007 (0.6721)  ibot_loss: 0.1702 (0.9546)  time: 0.346505  data: 0.000939  max mem: 19472
I20260722 14:38:52 4140328 dinov2 helpers.py:102] Training  [ 940/7500]  eta: 0:41:44  lr: 0.0010 (0.0006)  wd: 0.0535 (0.0446)  mom: 0.9923 (0.9921)  last_layer_lr: 0.0010 (0.0006)  current_batch_size: 64.0000 (64.0000)  total_loss: 0.1762 (6.9309)  teacher_entropy_ratio: 0.0000 (0.7099)  dino_local_crops_loss: 0.0051 (5.3194)  dino_global_crops_loss: 0.0007 (0.6650)  ibot_loss: 0.1702 (0.9464)  time: 0.348931  data: 0.000728  max mem: 19472
I20260722 14:38:55 4140328 dinov2 helpers.py:102] Training  [ 950/7500]  eta: 0:41:37  lr: 0.0010 (0.0006)  wd: 0.0538 (0.0447)  mom: 0.9923 (0.9921)  last_layer_lr: 0.0010 (0.0006)  current_batch_size: 64.0000 (64.0000)  total_loss: 0.3672 (6.8746)  teacher_entropy_ratio: 0.0006 (0.7025)  dino_local_crops_loss: 0.1501 (5.2755)  dino_global_crops_loss: 0.0187 (0.6595)  ibot_loss: 0.1996 (0.9395)  time: 0.345059  data: 0.001378  max mem: 19472
I20260722 14:38:59 4140328 dinov2 helpers.py:102] Training  [ 960/7500]  eta: 0:41:31  lr: 0.0010 (0.0006)  wd: 0.0541 (0.0448)  mom: 0.9923 (0.9921)  last_layer_lr: 0.0010 (0.0006)  current_batch_size: 64.0000 (64.0000)  total_loss: 0.7502 (6.8106)  teacher_entropy_ratio: 0.0006 (0.6952)  dino_local_crops_loss: 0.3998 (5.2247)  dino_global_crops_loss: 0.0499 (0.6532)  ibot_loss: 0.2511 (0.9328)  time: 0.343023  data: 0.000931  max mem: 19472
I20260722 14:39:02 4140328 dinov2 helpers.py:102] Training  [ 970/7500]  eta: 0:41:25  lr: 0.0010 (0.0006)  wd: 0.0544 (0.0449)  mom: 0.9923 (0.9921)  last_layer_lr: 0.0010 (0.0006)  current_batch_size: 64.0000 (64.0000)  total_loss: 0.6340 (6.7462)  teacher_entropy_ratio: 0.0003 (0.6881)  dino_local_crops_loss: 0.3531 (5.1743)  dino_global_crops_loss: 0.0438 (0.6469)  ibot_loss: 0.1977 (0.9250)  time: 0.342789  data: 0.000492  max mem: 19472
I20260722 14:39:06 4140328 dinov2 helpers.py:102] Training  [ 980/7500]  eta: 0:41:18  lr: 0.0010 (0.0006)  wd: 0.0547 (0.0450)  mom: 0.9923 (0.9921)  last_layer_lr: 0.0010 (0.0006)  current_batch_size: 64.0000 (64.0000)  total_loss: 0.4557 (6.6802)  teacher_entropy_ratio: 0.0001 (0.6810)  dino_local_crops_loss: 0.2702 (5.1227)  dino_global_crops_loss: 0.0336 (0.6404)  ibot_loss: 0.1551 (0.9170)  time: 0.343205  data: 0.000727  max mem: 19472
I20260722 14:39:09 4140328 dinov2 helpers.py:102] Training  [ 990/7500]  eta: 0:41:12  lr: 0.0010 (0.0006)  wd: 0.0550 (0.0451)  mom: 0.9923 (0.9921)  last_layer_lr: 0.0010 (0.0006)  current_batch_size: 64.0000 (64.0000)  total_loss: 0.1824 (6.6148)  teacher_entropy_ratio: 0.0000 (0.6742)  dino_local_crops_loss: 0.0136 (5.0711)  dino_global_crops_loss: 0.0017 (0.6340)  ibot_loss: 0.1475 (0.9096)  time: 0.344003  data: 0.001051  max mem: 19472
I20260722 14:39:13 4140328 dinov2 helpers.py:102] Training  [1000/7500]  eta: 0:41:06  lr: 0.0010 (0.0006)  wd: 0.0553 (0.0452)  mom: 0.9923 (0.9921)  last_layer_lr: 0.0010 (0.0006)  current_batch_size: 64.0000 (64.0000)  total_loss: 0.2089 (6.5512)  teacher_entropy_ratio: 0.0000 (0.6674)  dino_local_crops_loss: 0.0078 (5.0206)  dino_global_crops_loss: 0.0010 (0.6277)  ibot_loss: 0.1972 (0.9029)  time: 0.345043  data: 0.001171  max mem: 19472
I20260722 14:39:16 4140328 dinov2 helpers.py:102] Training  [1010/7500]  eta: 0:41:00  lr: 0.0010 (0.0006)  wd: 0.0556 (0.0453)  mom: 0.9923 (0.9921)  last_layer_lr: 0.0010 (0.0006)  current_batch_size: 64.0000 (64.0000)  total_loss: 0.2230 (6.4885)  teacher_entropy_ratio: 0.0000 (0.6608)  dino_local_crops_loss: 0.0095 (4.9710)  dino_global_crops_loss: 0.0012 (0.6215)  ibot_loss: 0.2106 (0.8960)  time: 0.343160  data: 0.000619  max mem: 19472
I20260722 14:39:19 4140328 dinov2 helpers.py:102] Training  [1020/7500]  eta: 0:40:54  lr: 0.0010 (0.0006)  wd: 0.0559 (0.0454)  mom: 0.9924 (0.9921)  last_layer_lr: 0.0010 (0.0006)  current_batch_size: 64.0000 (64.0000)  total_loss: 0.2244 (6.4284)  teacher_entropy_ratio: 0.0000 (0.6544)  dino_local_crops_loss: 0.0101 (4.9236)  dino_global_crops_loss: 0.0013 (0.6156)  ibot_loss: 0.2066 (0.8893)  time: 0.339948  data: 0.000435  max mem: 19472
I20260722 14:39:23 4140328 dinov2 helpers.py:102] Training  [1030/7500]  eta: 0:40:48  lr: 0.0010 (0.0006)  wd: 0.0562 (0.0455)  mom: 0.9924 (0.9921)  last_layer_lr: 0.0010 (0.0006)  current_batch_size: 64.0000 (64.0000)  total_loss: 0.4901 (6.3862)  teacher_entropy_ratio: 0.0004 (0.6481)  dino_local_crops_loss: 0.2669 (4.8916)  dino_global_crops_loss: 0.0333 (0.6115)  ibot_loss: 0.2094 (0.8831)  time: 0.340963  data: 0.000418  max mem: 19472
I20260722 14:39:26 4140328 dinov2 helpers.py:102] Training  [1040/7500]  eta: 0:40:42  lr: 0.0010 (0.0006)  wd: 0.0565 (0.0456)  mom: 0.9924 (0.9921)  last_layer_lr: 0.0010 (0.0006)  current_batch_size: 64.0000 (64.0000)  total_loss: 0.3707 (6.3275)  teacher_entropy_ratio: 0.0000 (0.6419)  dino_local_crops_loss: 0.0374 (4.8448)  dino_global_crops_loss: 0.0047 (0.6057)  ibot_loss: 0.2357 (0.8770)  time: 0.346428  data: 0.000504  max mem: 19472
I20260722 14:39:30 4140328 dinov2 helpers.py:102] Training  [1050/7500]  eta: 0:40:36  lr: 0.0010 (0.0006)  wd: 0.0568 (0.0458)  mom: 0.9924 (0.9921)  last_layer_lr: 0.0010 (0.0006)  current_batch_size: 64.0000 (64.0000)  total_loss: 0.2291 (6.2693)  teacher_entropy_ratio: 0.0000 (0.6358)  dino_local_crops_loss: 0.0139 (4.7988)  dino_global_crops_loss: 0.0017 (0.6000)  ibot_loss: 0.2137 (0.8705)  time: 0.343092  data: 0.000551  max mem: 19472
I20260722 14:39:33 4140328 dinov2 helpers.py:102] Training  [1060/7500]  eta: 0:40:30  lr: 0.0010 (0.0006)  wd: 0.0571 (0.0459)  mom: 0.9924 (0.9921)  last_layer_lr: 0.0010 (0.0006)  current_batch_size: 64.0000 (64.0000)  total_loss: 0.1577 (6.2117)  teacher_entropy_ratio: -0.0000 (0.6298)  dino_local_crops_loss: 0.0076 (4.7537)  dino_global_crops_loss: 0.0009 (0.5943)  ibot_loss: 0.1518 (0.8637)  time: 0.339866  data: 0.000882  max mem: 19472
I20260722 14:39:37 4140328 dinov2 helpers.py:102] Training  [1070/7500]  eta: 0:40:24  lr: 0.0010 (0.0006)  wd: 0.0575 (0.0460)  mom: 0.9924 (0.9921)  last_layer_lr: 0.0010 (0.0006)  current_batch_size: 64.0000 (64.0000)  total_loss: 0.1602 (6.1554)  teacher_entropy_ratio: -0.0000 (0.6239)  dino_local_crops_loss: 0.0045 (4.7093)  dino_global_crops_loss: 0.0006 (0.5888)  ibot_loss: 0.1556 (0.8574)  time: 0.346494  data: 0.001048  max mem: 19472
I20260722 14:39:40 4140328 dinov2 helpers.py:102] Training  [1080/7500]  eta: 0:40:18  lr: 0.0010 (0.0007)  wd: 0.0578 (0.0461)  mom: 0.9924 (0.9921)  last_layer_lr: 0.0010 (0.0006)  current_batch_size: 64.0000 (64.0000)  total_loss: 0.2198 (6.1009)  teacher_entropy_ratio: 0.0000 (0.6182)  dino_local_crops_loss: 0.0038 (4.6659)  dino_global_crops_loss: 0.0005 (0.5833)  ibot_loss: 0.2156 (0.8517)  time: 0.342608  data: 0.000447  max mem: 19472
I20260722 14:39:44 4140328 dinov2 helpers.py:102] Training  [1090/7500]  eta: 0:40:12  lr: 0.0010 (0.0007)  wd: 0.0581 (0.0462)  mom: 0.9924 (0.9921)  last_layer_lr: 0.0010 (0.0006)  current_batch_size: 64.0000 (64.0000)  total_loss: 0.2347 (6.0473)  teacher_entropy_ratio: 0.0000 (0.6125)  dino_local_crops_loss: 0.0063 (4.6233)  dino_global_crops_loss: 0.0008 (0.5780)  ibot_loss: 0.2301 (0.8460)  time: 0.339535  data: 0.000591  max mem: 19472
I20260722 14:39:47 4140328 dinov2 helpers.py:102] Training  [1100/7500]  eta: 0:40:08  lr: 0.0010 (0.0007)  wd: 0.0584 (0.0463)  mom: 0.9924 (0.9921)  last_layer_lr: 0.0010 (0.0006)  current_batch_size: 64.0000 (64.0000)  total_loss: 0.2654 (6.0080)  teacher_entropy_ratio: 0.0000 (0.6070)  dino_local_crops_loss: 0.0099 (4.5936)  dino_global_crops_loss: 0.0010 (0.5743)  ibot_loss: 0.2134 (0.8401)  time: 0.358494  data: 0.015959  max mem: 19472
I20260722 14:39:51 4140328 dinov2 helpers.py:102] Training  [1110/7500]  eta: 0:40:03  lr: 0.0010 (0.0007)  wd: 0.0588 (0.0464)  mom: 0.9924 (0.9921)  last_layer_lr: 0.0010 (0.0006)  current_batch_size: 64.0000 (64.0000)  total_loss: 0.2047 (5.9554)  teacher_entropy_ratio: 0.0000 (0.6015)  dino_local_crops_loss: 0.0374 (4.5525)  dino_global_crops_loss: 0.0046 (0.5692)  ibot_loss: 0.1652 (0.8338)  time: 0.358631  data: 0.015809  max mem: 19472
I20260722 14:39:54 4140328 dinov2 helpers.py:102] Training  [1120/7500]  eta: 0:39:57  lr: 0.0010 (0.0007)  wd: 0.0591 (0.0465)  mom: 0.9924 (0.9921)  last_layer_lr: 0.0010 (0.0007)  current_batch_size: 64.0000 (64.0000)  total_loss: 0.1178 (5.9032)  teacher_entropy_ratio: -0.0000 (0.5962)  dino_local_crops_loss: 0.0106 (4.5119)  dino_global_crops_loss: 0.0013 (0.5641)  ibot_loss: 0.0999 (0.8272)  time: 0.342853  data: 0.000617  max mem: 19472
I20260722 14:39:58 4140328 dinov2 helpers.py:102] Training  [1130/7500]  eta: 0:39:51  lr: 0.0010 (0.0007)  wd: 0.0594 (0.0466)  mom: 0.9924 (0.9921)  last_layer_lr: 0.0010 (0.0007)  current_batch_size: 64.0000 (64.0000)  total_loss: 0.0926 (5.8518)  teacher_entropy_ratio: -0.0000 (0.5909)  dino_local_crops_loss: 0.0056 (4.4721)  dino_global_crops_loss: 0.0007 (0.5591)  ibot_loss: 0.0849 (0.8206)  time: 0.341825  data: 0.000410  max mem: 19472
I20260722 14:40:01 4140328 dinov2 helpers.py:102] Training  [1140/7500]  eta: 0:39:46  lr: 0.0010 (0.0007)  wd: 0.0598 (0.0468)  mom: 0.9924 (0.9922)  last_layer_lr: 0.0010 (0.0007)  current_batch_size: 64.0000 (64.0000)  total_loss: 0.0929 (5.8013)  teacher_entropy_ratio: -0.0000 (0.5857)  dino_local_crops_loss: 0.0035 (4.4329)  dino_global_crops_loss: 0.0005 (0.5542)  ibot_loss: 0.0886 (0.8142)  time: 0.347694  data: 0.000408  max mem: 19472
I20260722 14:40:05 4140328 dinov2 helpers.py:102] Training  [1150/7500]  eta: 0:39:42  lr: 0.0010 (0.0007)  wd: 0.0601 (0.0469)  mom: 0.9924 (0.9922)  last_layer_lr: 0.0010 (0.0007)  current_batch_size: 64.0000 (64.0000)  total_loss: 0.1034 (5.7519)  teacher_entropy_ratio: -0.0000 (0.5806)  dino_local_crops_loss: 0.0028 (4.3944)  dino_global_crops_loss: 0.0003 (0.5494)  ibot_loss: 0.1003 (0.8081)  time: 0.357071  data: 0.000429  max mem: 19472
I20260722 14:40:08 4140328 dinov2 helpers.py:102] Training  [1160/7500]  eta: 0:39:36  lr: 0.0010 (0.0007)  wd: 0.0605 (0.0470)  mom: 0.9925 (0.9922)  last_layer_lr: 0.0010 (0.0007)  current_batch_size: 64.0000 (64.0000)  total_loss: 0.1162 (5.7035)  teacher_entropy_ratio: -0.0000 (0.5756)  dino_local_crops_loss: 0.0024 (4.3566)  dino_global_crops_loss: 0.0003 (0.5447)  ibot_loss: 0.1134 (0.8023)  time: 0.348684  data: 0.000434  max mem: 19472
I20260722 14:40:12 4140328 dinov2 helpers.py:102] Training  [1170/7500]  eta: 0:39:31  lr: 0.0010 (0.0007)  wd: 0.0608 (0.0471)  mom: 0.9925 (0.9922)  last_layer_lr: 0.0010 (0.0007)  current_batch_size: 64.0000 (64.0000)  total_loss: 0.1225 (5.6558)  teacher_entropy_ratio: 0.0000 (0.5707)  dino_local_crops_loss: 0.0020 (4.3194)  dino_global_crops_loss: 0.0003 (0.5400)  ibot_loss: 0.1202 (0.7964)  time: 0.345126  data: 0.000708  max mem: 19472
I20260722 14:40:15 4140328 dinov2 helpers.py:102] Training  [1180/7500]  eta: 0:39:26  lr: 0.0010 (0.0007)  wd: 0.0612 (0.0472)  mom: 0.9925 (0.9922)  last_layer_lr: 0.0010 (0.0007)  current_batch_size: 64.0000 (64.0000)  total_loss: 0.1066 (5.6088)  teacher_entropy_ratio: 0.0000 (0.5659)  dino_local_crops_loss: 0.0017 (4.2828)  dino_global_crops_loss: 0.0002 (0.5354)  ibot_loss: 0.1048 (0.7905)  time: 0.351321  data: 0.000906  max mem: 19472
I20260722 14:40:19 4140328 dinov2 helpers.py:102] Training  [1190/7500]  eta: 0:39:21  lr: 0.0010 (0.0007)  wd: 0.0615 (0.0474)  mom: 0.9925 (0.9922)  last_layer_lr: 0.0010 (0.0007)  current_batch_size: 64.0000 (64.0000)  total_loss: 0.0943 (5.5625)  teacher_entropy_ratio: 0.0000 (0.5611)  dino_local_crops_loss: 0.0015 (4.2469)  dino_global_crops_loss: 0.0002 (0.5309)  ibot_loss: 0.0926 (0.7846)  time: 0.349471  data: 0.000816  max mem: 19472
I20260722 14:40:22 4140328 dinov2 helpers.py:102] Training  [1200/7500]  eta: 0:39:16  lr: 0.0010 (0.0007)  wd: 0.0619 (0.0475)  mom: 0.9925 (0.9922)  last_layer_lr: 0.0010 (0.0007)  current_batch_size: 64.0000 (64.0000)  total_loss: 0.0856 (5.5168)  teacher_entropy_ratio: 0.0000 (0.5565)  dino_local_crops_loss: 0.0014 (4.2115)  dino_global_crops_loss: 0.0002 (0.5265)  ibot_loss: 0.0841 (0.7788)  time: 0.347355  data: 0.000556  max mem: 19472
I20260722 14:40:26 4140328 dinov2 helpers.py:102] Training  [1210/7500]  eta: 0:39:11  lr: 0.0010 (0.0007)  wd: 0.0623 (0.0476)  mom: 0.9925 (0.9922)  last_layer_lr: 0.0010 (0.0007)  current_batch_size: 64.0000 (64.0000)  total_loss: 0.0780 (5.4720)  teacher_entropy_ratio: 0.0000 (0.5519)  dino_local_crops_loss: 0.0014 (4.1769)  dino_global_crops_loss: 0.0002 (0.5222)  ibot_loss: 0.0746 (0.7729)  time: 0.348146  data: 0.007086  max mem: 19472
I20260722 14:40:29 4140328 dinov2 helpers.py:102] Training  [1220/7500]  eta: 0:39:06  lr: 0.0010 (0.0007)  wd: 0.0626 (0.0477)  mom: 0.9925 (0.9922)  last_layer_lr: 0.0010 (0.0007)  current_batch_size: 64.0000 (64.0000)  total_loss: 0.1306 (5.4568)  teacher_entropy_ratio: 0.0047 (0.5475)  dino_local_crops_loss: 0.0579 (4.1685)  dino_global_crops_loss: 0.0072 (0.5211)  ibot_loss: 0.0725 (0.7672)  time: 0.348835  data: 0.011670  max mem: 19472
I20260722 14:40:32 4140328 dinov2 helpers.py:102] Training  [1230/7500]  eta: 0:39:00  lr: 0.0010 (0.0007)  wd: 0.0630 (0.0479)  mom: 0.9925 (0.9922)  last_layer_lr: 0.0010 (0.0007)  current_batch_size: 64.0000 (64.0000)  total_loss: 0.7015 (5.4155)  teacher_entropy_ratio: 0.0085 (0.5431)  dino_local_crops_loss: 0.2854 (4.1358)  dino_global_crops_loss: 0.0357 (0.5171)  ibot_loss: 0.0954 (0.7627)  time: 0.344384  data: 0.004947  max mem: 19472
I20260722 14:40:36 4140328 dinov2 helpers.py:102] Training  [1240/7500]  eta: 0:38:55  lr: 0.0010 (0.0007)  wd: 0.0634 (0.0480)  mom: 0.9925 (0.9922)  last_layer_lr: 0.0010 (0.0007)  current_batch_size: 64.0000 (64.0000)  total_loss: 0.2115 (5.3730)  teacher_entropy_ratio: 0.0000 (0.5387)  dino_local_crops_loss: 0.0421 (4.1027)  dino_global_crops_loss: 0.0056 (0.5129)  ibot_loss: 0.1190 (0.7575)  time: 0.345050  data: 0.000568  max mem: 19472
I20260722 14:40:39 4140328 dinov2 helpers.py:102] Training  [1250/7500]  eta: 0:38:50  lr: 0.0010 (0.0007)  wd: 0.0637 (0.0481)  mom: 0.9925 (0.9922)  last_layer_lr: 0.0010 (0.0007)  current_batch_size: 64.0000 (64.0000)  total_loss: 0.1031 (5.3308)  teacher_entropy_ratio: 0.0000 (0.5344)  dino_local_crops_loss: 0.0102 (4.0699)  dino_global_crops_loss: 0.0013 (0.5088)  ibot_loss: 0.0859 (0.7520)  time: 0.342843  data: 0.000597  max mem: 19472
I20260722 14:40:43 4140328 dinov2 helpers.py:102] Training  [1260/7500]  eta: 0:38:45  lr: 0.0010   dino_local_crops_loss: 0.0040 (4.5459)  dino_global_crops_loss: 0.0005 (0.5683)  ibot_loss: 0.3291 (0.8426)  time: 0.353936  data: 0.013275  max mem: 19472
I20260722 14:41:05 73825 dinov2 helpers.py:102] Training  [1270/7500]  eta: 0:40:10  lr: 0.0010 (0.0007)  wd: 0.0645 (0.0484)  mom: 0.9925 (0.9922)  last_layer_lr: 0.0010 (0.0007)  current_batch_size: 64.0000 (64.0000)  total_loss: 0.3330 (5.9125)  teacher_entropy_ratio: 0.0000 (0.6037)  dino_local_crops_loss: 0.0038 (4.5102)  dino_global_crops_loss: 0.0005 (0.5638)  ibot_loss: 0.3290 (0.8386)  time: 0.365629  data: 0.022506  max mem: 19472
I20260722 14:41:08 73825 dinov2 helpers.py:102] Training  [1280/7500]  eta: 0:40:06  lr: 0.0010 (0.0007)  wd: 0.0649 (0.0485)  mom: 0.9926 (0.9922)  last_layer_lr: 0.0010 (0.0007)  current_batch_size: 64.0000 (64.0000)  total_loss: 0.3376 (5.8694)  teacher_entropy_ratio: 0.0007 (0.5990)  dino_local_crops_loss: 0.0079 (4.4753)  dino_global_crops_loss: 0.0010 (0.5594)  ibot_loss: 0.3336 (0.8346)  time: 0.376601  data: 0.033245  max mem: 19472
I20260722 14:41:12 73825 dinov2 helpers.py:102] Training  [1290/7500]  eta: 0:40:01  lr: 0.0010 (0.0007)  wd: 0.0653 (0.0486)  mom: 0.9926 (0.9922)  last_layer_lr: 0.0010 (0.0007)  current_batch_size: 64.0000 (64.0000)  total_loss: 0.5199 (5.8354)  teacher_entropy_ratio: 0.0146 (0.5949)  dino_local_crops_loss: 0.1324 (4.4486)  dino_global_crops_loss: 0.0165 (0.5561)  ibot_loss: 0.3371 (0.8308)  time: 0.379471  data: 0.038395  max mem: 19472
I20260722 14:41:16 73825 dinov2 helpers.py:102] Training  [1300/7500]  eta: 0:39:56  lr: 0.0010 (0.0007)  wd: 0.0656 (0.0488)  mom: 0.9926 (0.9922)  last_layer_lr: 0.0010 (0.0007)  current_batch_size: 64.0000 (64.0000)  total_loss: 1.0828 (5.8020)  teacher_entropy_ratio: 0.0334 (0.5906)  dino_local_crops_loss: 0.6477 (4.4222)  dino_global_crops_loss: 0.0810 (0.5528)  ibot_loss: 0.3423 (0.8270)  time: 0.363246  data: 0.026567  max mem: 19472
I20260722 14:41:19 73825 dinov2 helpers.py:102] Training  [1310/7500]  eta: 0:39:51  lr: 0.0010 (0.0007)  wd: 0.0660 (0.0489)  mom: 0.9926 (0.9922)  last_layer_lr: 0.0010 (0.0007)  current_batch_size: 64.0000 (64.0000)  total_loss: 0.4520 (5.7608)  teacher_entropy_ratio: 0.0010 (0.5861)  dino_local_crops_loss: 0.0950 (4.3889)  dino_global_crops_loss: 0.0119 (0.5486)  ibot_loss: 0.3343 (0.8232)  time: 0.358705  data: 0.012573  max mem: 19472
I20260722 14:41:24 73825 dinov2 helpers.py:102] Training  [1320/7500]  eta: 0:39:49  lr: 0.0010 (0.0007)  wd: 0.0664 (0.0490)  mom: 0.9926 (0.9922)  last_layer_lr: 0.0010 (0.0007)  current_batch_size: 64.0000 (64.0000)  total_loss: 0.3616 (5.7197)  teacher_entropy_ratio: 0.0000 (0.5817)  dino_local_crops_loss: 0.0295 (4.3559)  dino_global_crops_loss: 0.0037 (0.5445)  ibot_loss: 0.3234 (0.8193)  time: 0.391631  data: 0.034284  max mem: 19472
I20260722 14:41:27 73825 dinov2 helpers.py:102] Training  [1330/7500]  eta: 0:39:44  lr: 0.0010 (0.0007)  wd: 0.0668 (0.0492)  mom: 0.9926 (0.9922)  last_layer_lr: 0.0010 (0.0007)  current_batch_size: 64.0000 (64.0000)  total_loss: 0.3332 (5.6792)  teacher_entropy_ratio: 0.0000 (0.5773)  dino_local_crops_loss: 0.0118 (4.3232)  dino_global_crops_loss: 0.0015 (0.5404)  ibot_loss: 0.3152 (0.8156)  time: 0.396752  data: 0.050378  max mem: 19472
I20260722 14:41:31 73825 dinov2 helpers.py:102] Training  [1340/7500]  eta: 0:39:39  lr: 0.0010 (0.0007)  wd: 0.0672 (0.0493)  mom: 0.9926 (0.9922)  last_layer_lr: 0.0010 (0.0007)  current_batch_size: 64.0000 (64.0000)  total_loss: 0.3219 (5.6393)  teacher_entropy_ratio: 0.0000 (0.5730)  dino_local_crops_loss: 0.0074 (4.2910)  dino_global_crops_loss: 0.0009 (0.5364)  ibot_loss: 0.3141 (0.8119)  time: 0.358689  data: 0.021485  max mem: 19472
I20260722 14:41:34 73825 fvcore.common.checkpoint __init__.py:109] Saving checkpoint to /sci/labs/arieljaffe/dan.abergel1/runs/brain/samesl_t005/model_0001349.rank_0.pth
I20260722 14:41:36 73825 dinov2 helpers.py:102] Training  [1350/7500]  eta: 0:39:40  lr: 0.0010 (0.0007)  wd: 0.0676 (0.0494)  mom: 0.9926 (0.9922)  last_layer_lr: 0.0010 (0.0007)  current_batch_size: 64.0000 (64.0000)  total_loss: 0.3368 (5.6001)  teacher_entropy_ratio: 0.0000 (0.5688)  dino_local_crops_loss: 0.0068 (4.2593)  dino_global_crops_loss: 0.0009 (0.5324)  ibot_loss: 0.3291 (0.8083)  time: 0.425702  data: 0.017152  max mem: 19472
I20260722 14:41:39 73825 dinov2 helpers.py:102] Training  [1360/7500]  eta: 0:39:34  lr: 0.0010 (0.0007)  wd: 0.0680 (0.0496)  mom: 0.9926 (0.9922)  last_layer_lr: 0.0010 (0.0007)  current_batch_size: 64.0000 (64.0000)  total_loss: 0.3455 (5.5616)  teacher_entropy_ratio: 0.0006 (0.5646)  dino_local_crops_loss: 0.0087 (4.2282)  dino_global_crops_loss: 0.0011 (0.5286)  ibot_loss: 0.3301 (0.8048)  time: 0.419311  data: 0.012583  max mem: 19472
I20260722 14:41:43 73825 dinov2 helpers.py:102] Training  [1370/7500]  eta: 0:39:28  lr: 0.0010 (0.0007)  wd: 0.0684 (0.0497)  mom: 0.9926 (0.9922)  last_layer_lr: 0.0010 (0.0007)  current_batch_size: 64.0000 (64.0000)  total_loss: 0.4162 (5.5273)  teacher_entropy_ratio: 0.0097 (0.5609)  dino_local_crops_loss: 0.0770 (4.2008)  dino_global_crops_loss: 0.0096 (0.5251)  ibot_loss: 0.3296 (0.8013)  time: 0.341348  data: 0.000426  max mem: 19472
I20260722 14:41:46 73825 dinov2 helpers.py:102] Training  [1380/7500]  eta: 0:39:23  lr: 0.0010 (0.0007)  wd: 0.0688 (0.0499)  mom: 0.9926 (0.9922)  last_layer_lr: 0.0010 (0.0007)  current_batch_size: 64.0000 (64.0000)  total_loss: 1.6334 (5.5075)  teacher_entropy_ratio: 0.1002 (0.5582)  dino_local_crops_loss: 1.1640 (4.1862)  dino_global_crops_loss: 0.1455 (0.5233)  ibot_loss: 0.3292 (0.7979)  time: 0.345870  data: 0.000716  max mem: 19472
I20260722 14:41:50 73825 dinov2 helpers.py:102] Training  [1390/7500]  eta: 0:39:17  lr: 0.0010 (0.0007)  wd: 0.0692 (0.0500)  mom: 0.9926 (0.9922)  last_layer_lr: 0.0010 (0.0007)  current_batch_size: 64.0000 (64.0000)  total_loss: 1.2218 (5.4721)  teacher_entropy_ratio: 0.0481 (0.5543)  dino_local_crops_loss: 0.7751 (4.1578)  dino_global_crops_loss: 0.0969 (0.5198)  ibot_loss: 0.3381 (0.7945)  time: 0.346850  data: 0.001073  max mem: 19472
I20260722 14:41:53 73825 dinov2 helpers.py:102] Training  [1400/7500]  eta: 0:39:11  lr: 0.0010 (0.0007)  wd: 0.0697 (0.0501)  mom: 0.9927 (0.9922)  last_layer_lr: 0.0010 (0.0007)  current_batch_size: 64.0000 (64.0000)  total_loss: 0.3828 (5.4356)  teacher_entropy_ratio: 0.0004 (0.5503)  dino_local_crops_loss: 0.0472 (4.1284)  dino_global_crops_loss: 0.0059 (0.5161)  ibot_loss: 0.3222 (0.7911)  time: 0.344773  data: 0.000625  max mem: 19472
I20260722 14:41:56 73825 dinov2 helpers.py:102] Training  [1410/7500]  eta: 0:39:06  lr: 0.0010 (0.0007)  wd: 0.0701 (0.0503)  mom: 0.9927 (0.9922)  last_layer_lr: 0.0010 (0.0007)  current_batch_size: 64.0000 (64.0000)  total_loss: 0.3457 (5.3994)  teacher_entropy_ratio: 0.0000 (0.5464)  dino_local_crops_loss: 0.0192 (4.0992)  dino_global_crops_loss: 0.0024 (0.5124)  ibot_loss: 0.3222 (0.7878)  time: 0.345082  data: 0.000479  max mem: 19472
I20260722 14:42:00 73825 dinov2 helpers.py:102] Training  [1420/7500]  eta: 0:39:00  lr: 0.0010 (0.0007)  wd: 0.0705 (0.0504)  mom: 0.9927 (0.9922)  last_layer_lr: 0.0010 (0.0007)  current_batch_size: 64.0000 (64.0000)  total_loss: 0.3457 (5.3639)  teacher_entropy_ratio: 0.0000 (0.5426)  dino_local_crops_loss: 0.0110 (4.0704)  dino_global_crops_loss: 0.0014 (0.5088)  ibot_loss: 0.3310 (0.7846)  time: 0.345991  data: 0.000481  max mem: 19472
I20260722 14:42:03 73825 dinov2 helpers.py:102] Training  [1430/7500]  eta: 0:38:55  lr: 0.0010 (0.0007)  wd: 0.0709 (0.0506)  mom: 0.9927 (0.9922)  last_layer_lr: 0.0010 (0.0007)  current_batch_size: 64.0000 (64.0000)  total_loss: 0.3450 (5.3287)  teacher_entropy_ratio: 0.0001 (0.5388)  dino_local_crops_loss: 0.0090 (4.0421)  dino_global_crops_loss: 0.0011 (0.5053)  ibot_loss: 0.3327 (0.7814)  time: 0.348836  data: 0.003393  max mem: 19472
I20260722 14:42:07 73825 dinov2 helpers.py:102] Training  [1440/7500]  eta: 0:38:51  lr: 0.0010 (0.0007)  wd: 0.0713 (0.0507)  mom: 0.9927 (0.9922)  last_layer_lr: 0.0010 (0.0007)  current_batch_size: 64.0000 (64.0000)  total_loss: 0.3451 (5.2944)  teacher_entropy_ratio: 0.0009 (0.5351)  dino_local_crops_loss: 0.0120 (4.0144)  dino_global_crops_loss: 0.0015 (0.5018)  ibot_loss: 0.3204 (0.7782)  time: 0.371077  data: 0.026828  max mem: 19472
I20260722 14:42:11 73825 dinov2 helpers.py:102] Training  [1450/7500]  eta: 0:38:46  lr: 0.0010 (0.0007)  wd: 0.0718 (0.0509)  mom: 0.9927 (0.9922)  last_layer_lr: 0.0010 (0.0007)  current_batch_size: 64.0000 (64.0000)  total_loss: 0.4808 (5.2707)  teacher_entropy_ratio: 0.0164 (0.5318)  dino_local_crops_loss: 0.1372 (3.9960)  dino_global_crops_loss: 0.0171 (0.4995)  ibot_loss: 0.3402 (0.7753)  time: 0.364228  data: 0.023701  max mem: 19472
I20260722 14:42:14 73825 dinov2 helpers.py:102] Training  [1460/7500]  eta: 0:38:41  lr: 0.0010 (0.0007)  wd: 0.0722 (0.0510)  mom: 0.9927 (0.9922)  last_layer_lr: 0.0010 (0.0007)  current_batch_size: 64.0000 (64.0000)  total_loss: 1.1232 (5.2420)  teacher_entropy_ratio: 0.0227 (0.5282)  dino_local_crops_loss: 0.6770 (3.9730)  dino_global_crops_loss: 0.0846 (0.4966)  ibot_loss: 0.3522 (0.7723)  time: 0.355580  data: 0.017518  max mem: 19472
I20260722 14:42:18 73825 dinov2 helpers.py:102] Training  [1470/7500]  eta: 0:38:36  lr: 0.0010 (0.0007)  wd: 0.0726 (0.0512)  mom: 0.9927 (0.9922)  last_layer_lr: 0.0010 (0.0007)  current_batch_size: 64.0000 (64.0000)  total_loss: 0.3868 (5.2088)  teacher_entropy_ratio: 0.0000 (0.5246)  dino_local_crops_loss: 0.0413 (3.9462)  dino_global_crops_loss: 0.0052 (0.4933)  ibot_loss: 0.3369 (0.7693)  time: 0.356656  data: 0.017526  max mem: 19472
I20260722 14:42:21 73825 dinov2 helpers.py:102] Training  [1480/7500]  eta: 0:38:30  lr: 0.0010 (0.0007)  wd: 0.0731 (0.0513)  mom: 0.9927 (0.9923)  last_layer_lr: 0.0010 (0.0007)  current_batch_size: 64.0000 (64.0000)  total_loss: 0.3586 (5.1760)  teacher_entropy_ratio: 0.0000 (0.5211)  dino_local_crops_loss: 0.0250 (3.9197)  dino_global_crops_loss: 0.0031 (0.4900)  ibot_loss: 0.3335 (0.7664)  time: 0.340672  data: 0.000465  max mem: 19472
I20260722 14:42:25 73825 dinov2 helpers.py:102] Training  [1490/7500]  eta: 0:38:27  lr: 0.0010 (0.0007)  wd: 0.0735 (0.0515)  mom: 0.9927 (0.9923)  last_layer_lr: 0.0010 (0.0007)  current_batch_size: 64.0000 (64.0000)  total_loss: 0.3524 (5.1436)  teacher_entropy_ratio: 0.0000 (0.5176)  dino_local_crops_loss: 0.0140 (3.8934)  dino_global_crops_loss: 0.0018 (0.4867)  ibot_loss: 0.3368 (0.7634)  time: 0.367860  data: 0.025082  max mem: 19472
I20260722 14:42:29 73825 dinov2 helpers.py:102] Training  [1500/7500]  eta: 0:38:21  lr: 0.0010 (0.0007)  wd: 0.0739 (0.0516)  mom: 0.9928 (0.9923)  last_layer_lr: 0.0010 (0.0007)  current_batch_size: 64.0000 (64.0000)  total_loss: 0.3392 (5.1115)  teacher_entropy_ratio: 0.0000 (0.5142)  dino_local_crops_loss: 0.0089 (3.8676)  dino_global_crops_loss: 0.0011 (0.4835)  ibot_loss: 0.3298 (0.7605)  time: 0.373525  data: 0.025038  max mem: 19472
I20260722 14:42:32 73825 dinov2 helpers.py:102] Training  [1510/7500]  eta: 0:38:16  lr: 0.0010 (0.0007)  wd: 0.0744 (0.0518)  mom: 0.9928 (0.9923)  last_layer_lr: 0.0010 (0.0007)  current_batch_size: 64.0000 (64.0000)  total_loss: 0.3377 (5.0799)  teacher_entropy_ratio: 0.0000 (0.5107)  dino_local_crops_loss: 0.0067 (3.8420)  dino_global_crops_loss: 0.0008 (0.4803)  ibot_loss: 0.3298 (0.7576)  time: 0.348835  data: 0.000590  max mem: 19472
I20260722 14:42:36 73825 dinov2 helpers.py:102] Training  [1520/7500]  eta: 0:38:11  lr: 0.0010 (0.0007)  wd: 0.0748 (0.0519)  mom: 0.9928 (0.9923)  last_layer_lr: 0.0010 (0.0007)  current_batch_size: 64.0000 (64.0000)  total_loss: 0.3387 (5.0487)  teacher_entropy_ratio: 0.0000 (0.5074)  dino_local_crops_loss: 0.0067 (3.8168)  dino_global_crops_loss: 0.0008 (0.4771)  ibot_loss: 0.3222 (0.7548)  time: 0.343560  data: 0.000416  max mem: 19472
I20260722 14:42:40 73825 dinov2 helpers.py:102] Training  [1530/7500]  eta: 0:38:07  lr: 0.0010 (0.0007)  wd: 0.0753 (0.0521)  mom: 0.9928 (0.9923)  last_layer_lr: 0.0010 (0.0007)  current_batch_size: 64.0000 (64.0000)  total_loss: 0.3548 (5.0191)  teacher_entropy_ratio: 0.0016 (0.5042)  dino_local_crops_loss: 0.0177 (3.7930)  dino_global_crops_loss: 0.0022 (0.4742)  ibot_loss: 0.3209 (0.7519)  time: 0.366675  data: 0.028056  max mem: 19472
I20260722 14:42:43 73825 dinov2 helpers.py:102] Training  [1540/7500]  eta: 0:38:02  lr: 0.0010 (0.0008)  wd: 0.0757 (0.0522)  mom: 0.9928 (0.9923)  last_layer_lr: 0.0010 (0.0007)  current_batch_size: 64.0000 (64.0000)  total_loss: 0.9864 (4.9994)  teacher_entropy_ratio: 0.0278 (0.5014)  dino_local_crops_loss: 0.5828 (3.7780)  dino_global_crops_loss: 0.0729 (0.4723)  ibot_loss: 0.3131 (0.7491)  time: 0.373199  data: 0.028044  max mem: 19472
I20260722 14:42:46 73825 dinov2 helpers.py:102] Training  [1550/7500]  eta: 0:37:57  lr: 0.0010 (0.0008)  wd: 0.0762 (0.0524)  mom: 0.9928 (0.9923)  last_layer_lr: 0.0010 (0.0007)  current_batch_size: 64.0000 (64.0000)  total_loss: 0.7857 (4.9702)  teacher_entropy_ratio: 0.0097 (0.4982)  dino_local_crops_loss: 0.4172 (3.7544)  dino_global_crops_loss: 0.0521 (0.4693)  ibot_loss: 0.3327 (0.7465)  time: 0.346378  data: 0.000411  max mem: 19472
I20260722 14:42:50 73825 dinov2 helpers.py:102] Training  [1560/7500]  eta: 0:37:52  lr: 0.0010 (0.0008)  wd: 0.0766 (0.0525)  mom: 0.9928 (0.9923)  last_layer_lr: 0.0010 (0.0007)  current_batch_size: 64.0000 (64.0000)  total_loss: 0.3820 (4.9407)  teacher_entropy_ratio: 0.0000 (0.4950)  dino_local_crops_loss: 0.0200 (3.7304)  dino_global_crops_loss: 0.0025 (0.4663)  ibot_loss: 0.3386 (0.7439)  time: 0.345260  data: 0.000825  max mem: 19472
I20260722 14:42:53 73825 dinov2 helpers.py:102] Training  [1570/7500]  eta: 0:37:47  lr: 0.0010 (0.0008)  wd: 0.0771 (0.0527)  mom: 0.9928 (0.9923)  last_layer_lr: 0.0010 (0.0007)  current_batch_size: 64.0000 (64.0000)  total_loss: 0.3492 (4.9114)  teacher_entropy_ratio: 0.0000 (0.4919)  dino_local_crops_loss: 0.0141 (3.7068)  dino_global_crops_loss: 0.0018 (0.4634)  ibot_loss: 0.3358 (0.7413)  time: 0.350665  data: 0.000632  max mem: 19472
I20260722 14:42:57 73825 dinov2 helpers.py:102] Training  [1580/7500]  eta: 0:37:42  lr: 0.0010 (0.0008)  wd: 0.0775 (0.0529)  mom: 0.9928 (0.9923)  last_layer_lr: 0.0010 (0.0007)  current_batch_size: 64.0000 (64.0000)  total_loss: 0.3429 (4.8825)  teacher_entropy_ratio: 0.0000 (0.4887)  dino_local_crops_loss: 0.0097 (3.6834)  dino_global_crops_loss: 0.0012 (0.4604)  ibot_loss: 0.3292 (0.7387)  time: 0.353363  data: 0.000456  max mem: 19472
I20260722 14:43:01 73825 dinov2 helpers.py:102] Training  [1590/7500]  eta: 0:37:40  lr: 0.0010 (0.0008)  wd: 0.0780 (0.0530)  mom: 0.9928 (0.9923)  last_layer_lr: 0.0010 (0.0007)  current_batch_size: 64.0000 (64.0000)  total_loss: 0.3591 (4.8541)  teacher_entropy_ratio: 0.0000 (0.4857)  dino_local_crops_loss: 0.0071 (3.6603)  dino_global_crops_loss: 0.0009 (0.4576)  ibot_loss: 0.3503 (0.7363)  time: 0.395381  data: 0.047055  max mem: 19472
I20260722 14:43:05 73825 dinov2 helpers.py:102] Training  [1600/7500]  eta: 0:37:36  lr: 0.0010 (0.0008)  wd: 0.0785 (0.0532)  mom: 0.9929 (0.9923)  last_layer_lr: 0.0010 (0.0007)  current_batch_size: 64.0000 (64.0000)  total_loss: 0.3611 (4.8261)  teacher_entropy_ratio: 0.0000 (0.4826)  dino_local_crops_loss: 0.0062 (3.6374)  dino_global_crops_loss: 0.0008 (0.4547)  ibot_loss: 0.3535 (0.7339)  time: 0.410927  data: 0.067985  max mem: 19472
I20260722 14:43:09 73825 dinov2 helpers.py:102] Training  [1610/7500]  eta: 0:37:32  lr: 0.0010 (0.0008)  wd: 0.0789 (0.0533)  mom: 0.9929 (0.9923)  last_layer_lr: 0.0010 (0.0008)  current_batch_size: 64.0000 (64.0000)  total_loss: 0.3649 (4.7984)  teacher_entropy_ratio: 0.0003 (0.4797)  dino_local_crops_loss: 0.0072 (3.6150)  dino_global_crops_loss: 0.0009 (0.4519)  ibot_loss: 0.3531 (0.7316)  time: 0.372138  data: 0.021665  max mem: 19472
I20260722 14:43:12 73825 dinov2 helpers.py:102] Training  [1620/7500]  eta: 0:37:27  lr: 0.0010 (0.0008)  wd: 0.0794 (0.0535)  mom: 0.9929 (0.9923)  last_layer_lr: 0.0010 (0.0008)  current_batch_size: 64.0000 (64.0000)  total_loss: 0.3969 (4.7755)  teacher_entropy_ratio: 0.0064 (0.4771)  dino_local_crops_loss: 0.0516 (3.5967)  dino_global_crops_loss: 0.0064 (0.4496)  ibot_loss: 0.3488 (0.7292)  time: 0.357450  data: 0.000647  max mem: 19472
I20260722 14:43:16 73825 dinov2 helpers.py:102] Training  [1630/7500]  eta: 0:37:22  lr: 0.0010 (0.0008)  wd: 0.0799 (0.0537)  mom: 0.9929 (0.9923)  last_layer_lr: 0.0010 (0.0008)  current_batch_size: 64.0000 (64.0000)  total_loss: 1.7750 (4.7616)  teacher_entropy_ratio: 0.1380 (0.4751)  dino_local_crops_loss: 1.2616 (3.5864)  dino_global_crops_loss: 0.1577 (0.4483)  ibot_loss: 0.3494 (0.7269)  time: 0.352639  data: 0.000591  max mem: 19472
I20260722 14:43:20 73825 dinov2 helpers.py:102] Training  [1640/7500]  eta: 0:37:17  lr: 0.0010 (0.0008)  wd: 0.0804 (0.0538)  mom: 0.9929 (0.9923)  last_layer_lr: 0.0010 (0.0008)  current_batch_size: 64.0000 (64.0000)  total_loss: 1.6602 (4.7420)  teacher_entropy_ratio: 0.1389 (0.4730)  dino_local_crops_loss: 1.1437 (3.5710)  dino_global_crops_loss: 0.1430 (0.4464)  ibot_loss: 0.3529 (0.7246)  time: 0.353830  data: 0.000947  max mem: 19472
I20260722 14:43:23 73825 dinov2 helpers.py:102] Training  [1650/7500]  eta: 0:37:12  lr: 0.0010 (0.0008)  wd: 0.0808 (0.0540)  mom: 0.9929 (0.9923)  last_layer_lr: 0.0010 (0.0008)  current_batch_size: 64.0000 (64.0000)  total_loss: 1.4218 (4.7209)  teacher_entropy_ratio: 0.1205 (0.4708)  dino_local_crops_loss: 0.9301 (3.5542)  dino_global_crops_loss: 0.1163 (0.4443)  ibot_loss: 0.3555 (0.7224)  time: 0.351440  data: 0.001020  max mem: 19472
I20260722 14:43:26 73825 dinov2 helpers.py:102] Training  [1660/7500]  eta: 0:37:07  lr: 0.0010 (0.0008)  wd: 0.0813 (0.0542)  mom: 0.9929 (0.9923)  last_layer_lr: 0.0010 (0.0008)  current_batch_size: 64.0000 (64.0000)  total_loss: 1.1091 (4.6984)  teacher_entropy_ratio: 0.0901 (0.4684)  dino_local_crops_loss: 0.6747 (3.5362)  dino_global_crops_loss: 0.0843 (0.4421)  ibot_loss: 0.3460 (0.7201)  time: 0.347868  data: 0.001053  max mem: 19472
I20260722 14:43:30 73825 dinov2 helpers.py:102] Training  [1670/7500]  eta: 0:37:02  lr: 0.0010 (0.0008)  wd: 0.0818 (0.0543)  mom: 0.9929 (0.9923)  last_layer_lr: 0.0010 (0.0008)  current_batch_size: 64.0000 (64.0000)  total_loss: 0.8001 (4.6737)  teacher_entropy_ratio: 0.0530 (0.4658)  dino_local_crops_loss: 0.4010 (3.5164)  dino_global_crops_loss: 0.0501 (0.4396)  ibot_loss: 0.3338 (0.7177)  time: 0.346988  data: 0.000917  max mem: 19472
I20260722 14:43:33 73825 dinov2 helpers.py:102] Training  [1680/7500]  eta: 0:36:57  lr: 0.0010 (0.0008)  wd: 0.0823 (0.0545)  mom: 0.9929 (0.9923)  last_layer_lr: 0.0010 (0.0008)  current_batch_size: 64.0000 (64.0000)  total_loss: 0.3990 (4.6480)  teacher_entropy_ratio: 0.0079 (0.4630)  dino_local_crops_loss: 0.0654 (3.4957)  dino_global_crops_loss: 0.0082 (0.4370)  ibot_loss: 0.3255 (0.7154)  time: 0.348693  data: 0.000586  max mem: 19472
I20260722 14:43:37 73825 dinov2 helpers.py:102] Training  [1690/7500]  eta: 0:36:52  lr: 0.0010 (0.0008)  wd: 0.0828 (0.0547)  mom: 0.9930 (0.9923)  last_layer_lr: 0.0010 (0.0008)  current_batch_size: 64.0000 (64.0000)  total_loss: 0.3327 (4.6225)  teacher_entropy_ratio: 0.0009 (0.4603)  dino_local_crops_loss: 0.0119 (3.4751)  dino_global_crops_loss: 0.0015 (0.4344)  ibot_loss: 0.3179 (0.7130)  time: 0.347700  data: 0.000406  max mem: 19472
I20260722 14:43:41 73825 dinov2 helpers.py:102] Training  [1700/7500]  eta: 0:36:49  lr: 0.0010 (0.0008)  wd: 0.0832 (0.0548)  mom: 0.9930 (0.9923)  last_layer_lr: 0.0010 (0.0008)  current_batch_size: 64.0000 (64.0000)  total_loss: 0.3266 (4.5972)  teacher_entropy_ratio: 0.0003 (0.4576)  dino_local_crops_loss: 0.0064 (3.4547)  dino_global_crops_loss: 0.0008 (0.4319)  ibot_loss: 0.3176 (0.7107)  time: 0.367109  data: 0.027733  max mem: 19472
I20260722 14:43:45 73825 dinov2 helpers.py:102] Training  [1710/7500]  eta: 0:36:45  lr: 0.0010 (0.0008)  wd: 0.0837 (0.0550)  mom: 0.9930 (0.9923)  last_layer_lr: 0.0010 (0.0008)  current_batch_size: 64.0000 (64.0000)  total_loss: 0.3203 (4.5722)  teacher_entropy_ratio: 0.0003 (0.4549)  dino_local_crops_loss: 0.0063 (3.4345)  dino_global_crops_loss: 0.0008 (0.4293)  ibot_loss: 0.3071 (0.7083)  time: 0.385877  data: 0.043013  max mem: 19472
I20260722 14:43:48 73825 dinov2 helpers.py:102] Training  [1720/7500]  eta: 0:36:40  lr: 0.0010 (0.0008)  wd: 0.0842 (0.0552)  mom: 0.9930 (0.9923)  last_layer_lr: 0.0010 (0.0008)  current_batch_size: 64.0000 (64.0000)  total_loss: 0.3367 (4.5486)  teacher_entropy_ratio: 0.0032 (0.4524)  dino_local_crops_loss: 0.0263 (3.4155)  dino_global_crops_loss: 0.0033 (0.4270)  ibot_loss: 0.3193 (0.7061)  time: 0.363055  data: 0.015722  max mem: 19472
I20260722 14:43:52 73825 dinov2 helpers.py:102] Training  [1730/7500]  eta: 0:36:35  lr: 0.0009 (0.0008)  wd: 0.0847 (0.0553)  mom: 0.9930 (0.9923)  last_layer_lr: 0.0009 (0.0008)  current_batch_size: 64.0000 (64.0000)  total_loss: 0.7769 (4.5345)  teacher_entropy_ratio: 0.0454 (0.4509)  dino_local_crops_loss: 0.3977 (3.4050)  dino_global_crops_loss: 0.0497 (0.4256)  ibot_loss: 0.3226 (0.7039)  time: 0.354133  data: 0.002912  max mem: 19472
I20260722 14:43:55 73825 dinov2 helpers.py:102] Training  [1740/7500]  eta: 0:36:30  lr: 0.0009 (0.0008)  wd: 0.0852 (0.0555)  mom: 0.9930 (0.9923)  last_layer_lr: 0.0009 (0.0008)  current_batch_size: 64.0000 (64.0000)  total_loss: 3.7184 (4.5405)  teacher_entropy_ratio: 0.4013 (0.4518)  dino_local_crops_loss: 3.0005 (3.4122)  dino_global_crops_loss: 0.3755 (0.4265)  ibot_loss: 0.3294 (0.7017)  time: 0.349845  data: 0.002678  max mem: 19472
I20260722 14:43:59 73825 dinov2 helpers.py:102] Training  [1750/7500]  eta: 0:36:26  lr: 0.0009 (0.0008)  wd: 0.0857 (0.0557)  mom: 0.9930 (0.9923)  last_layer_lr: 0.0009 (0.0008)  current_batch_size: 64.0000 (64.0000)  total_loss: 4.1338 (4.5242)  teacher_entropy_ratio: 0.4399 (0.4501)  dino_local_crops_loss: 3.3884 (3.3997)  dino_global_crops_loss: 0.4234 (0.4250)  ibot_loss: 0.3317 (0.6996)  time: 0.348032  data: 0.000416  max mem: 19472
I20260722 14:44:02 73825 dinov2 helpers.py:102] Training  [1760/7500]  eta: 0:36:21  lr: 0.0009 (0.0008)  wd: 0.0862 (0.0559)  mom: 0.9930 (0.9924)  last_layer_lr: 0.0009 (0.0008)  current_batch_size: 64.0000 (64.0000)  total_loss: 0.4150 (4.5005)  teacher_entropy_ratio: 0.0084 (0.4476)  dino_local_crops_loss: 0.1009 (3.3806)  dino_global_crops_loss: 0.0126 (0.4226)  ibot_loss: 0.3108 (0.6973)  time: 0.350013  data: 0.000435  max mem: 19472
I20260722 14:44:06 73825 dinov2 helpers.py:102] Training  [1770/7500]  eta: 0:36:16  lr: 0.0009 (0.0008)  wd: 0.0867 (0.0560)  mom: 0.9930 (0.9924)  last_layer_lr: 0.0009 (0.0008)  current_batch_size: 64.0000 (64.0000)  total_loss: 0.3289 (4.4769)  teacher_entropy_ratio: 0.0000 (0.4451)  dino_local_crops_loss: 0.0161 (3.3616)  dino_global_crops_loss: 0.0024 (0.4202)  ibot_loss: 0.3042 (0.6951)  time: 0.343176  data: 0.000435  max mem: 19472
I20260722 14:44:09 73825 dinov2 helpers.py:102] Training  [1780/7500]  eta: 0:36:11  lr: 0.0009 (0.0008)  wd: 0.0872 (0.0562)  mom: 0.9930 (0.9924)  last_layer_lr: 0.0009 (0.0008)  current_batch_size: 64.0000 (64.0000)  total_loss: 0.3030 (4.4535)  teacher_entropy_ratio: 0.0000 (0.4426)  dino_local_crops_loss: 0.0089 (3.3427)  dino_global_crops_loss: 0.0011 (0.4179)  ibot_loss: 0.2943 (0.6928)  time: 0.353757  data: 0.000617  max mem: 19472
I20260722 14:44:13 73825 dinov2 helpers.py:102] Training  [1790/7500]  eta: 0:36:07  lr: 0.0009 (0.0008)  wd: 0.0878 (0.0564)  mom: 0.9931 (0.9924)  last_layer_lr: 0.0009 (0.0008)  current_batch_size: 64.0000 (64.0000)  total_loss: 0.3004 (4.4303)  teacher_entropy_ratio: 0.0000 (0.4401)  dino_local_crops_loss: 0.0061 (3.3241)  dino_global_crops_loss: 0.0008 (0.4155)  ibot_loss: 0.2934 (0.6906)  time: 0.361866  data: 0.000426  max mem: 19472
I20260722 14:44:16 73825 fvcore.common.checkpoint __init__.py:109] Saving checkpoint to /sci/labs/arieljaffe/dan.abergel1/runs/brain/samesl_t005/model_0001799.rank_0.pth
I20260722 14:44:18 73825 dinov2 helpers.py:102] Training  [1800/7500]  eta: 0:36:07  lr: 0.0009 (0.0008)  wd: 0.0883 (0.0566)  mom: 0.9931 (0.9924)  last_layer_lr: 0.0009 (0.0008)  current_batch_size: 64.0000 (64.0000)  total_loss: 0.3052 (4.4074)  teacher_entropy_ratio: 0.0000 (0.4377)  dino_local_crops_loss: 0.0049 (3.3057)  dino_global_crops_loss: 0.0006 (0.4132)  ibot_loss: 0.2996 (0.6884)  time: 0.429985  data: 0.000562  max mem: 19472
I20260722 14:44:21 73825 dinov2 helpers.py:102] Training  [1810/7500]  eta: 0:36:02  lr: 0.0009 (0.0008)  wd: 0.0888 (0.0568)  mom: 0.9931 (0.9924)  last_layer_lr: 0.0009 (0.0008)  current_batch_size: 64.0000 (64.0000)  total_loss: 0.2983 (4.3847)  teacher_entropy_ratio: 0.0000 (0.4352)  dino_local_crops_loss: 0.0043 (3.2875)  dino_global_crops_loss: 0.0005 (0.4110)  ibot_loss: 0.2928 (0.6862)  time: 0.422946  data: 0.000575  max mem: 19472
I20260722 14:44:25 73825 dinov2 helpers.py:102] Training  [1820/7500]  eta: 0:35:57  lr: 0.0009 (0.0008)  wd: 0.0893 (0.0569)  mom: 0.9931 (0.9924)  last_layer_lr: 0.0009 (0.0008)  current_batch_size: 64.0000 (64.0000)  total_loss: 0.3006 (4.3623)  teacher_entropy_ratio: 0.0000 (0.4328)  dino_local_crops_loss: 0.0039 (3.2694)  dino_global_crops_loss: 0.0005 (0.4087)  ibot_loss: 0.2959 (0.6842)  time: 0.345553  data: 0.000622  max mem: 19472
I20260722 14:44:28 73825 dinov2 helpers.py:102] Training  [1830/7500]  eta: 0:35:52  lr: 0.0009 (0.0008)  wd: 0.0898 (0.0571)  mom: 0.9931 (0.9924)  last_layer_lr: 0.0009 (0.0008)  current_batch_size: 64.0000 (64.0000)  total_loss: 0.3232 (4.3403)  teacher_entropy_ratio: 0.0000 (0.4305)  dino_local_crops_loss: 0.0039 (3.2516)  dino_global_crops_loss: 0.0005 (0.4065)  ibot_loss: 0.3185 (0.6822)  time: 0.346062  data: 0.000991  max mem: 19472
I20260722 14:44:32 73825 dinov2 helpers.py:102] Training  [1840/7500]  eta: 0:35:47  lr: 0.0009 (0.0008)  wd: 0.0903 (0.0573)  mom: 0.9931 (0.9924)  last_layer_lr: 0.0009 (0.0008)  current_batch_size: 64.0000 (64.0000)  total_loss: 0.3595 (4.3242)  teacher_entropy_ratio: 0.0029 (0.4284)  dino_local_crops_loss: 0.0236 (3.2392)  dino_global_crops_loss: 0.0030 (0.4049)  ibot_loss: 0.3064 (0.6801)  time: 0.346150  data: 0.000909  max mem: 19472
I20260722 14:44:35 73825 dinov2 helpers.py:102] Training  [1850/7500]  eta: 0:35:43  lr: 0.0009 (0.0008)  wd: 0.0909 (0.0575)  mom: 0.9931 (0.9924)  last_layer_lr: 0.0009 (0.0008)  current_batch_size: 64.0000 (64.0000)  total_loss: 0.6082 (4.3079)  teacher_entropy_ratio: 0.0064 (0.4261)  dino_local_crops_loss: 0.2556 (3.2265)  dino_global_crops_loss: 0.0319 (0.4033)  ibot_loss: 0.3058 (0.6781)  time: 0.346928  data: 0.000757  max mem: 19472
I20260722 14:44:39 73825 dinov2 helpers.py:102] Training  [1860/7500]  eta: 0:35:38  lr: 0.0009 (0.0008)  wd: 0.0914 (0.0577)  mom: 0.9931 (0.9924)  last_layer_lr: 0.0009 (0.0008)  current_batch_size: 64.0000 (64.0000)  total_loss: 0.3817 (4.2866)  teacher_entropy_ratio: 0.0000 (0.4238)  dino_local_crops_loss: 0.0513 (3.2093)  dino_global_crops_loss: 0.0065 (0.4012)  ibot_loss: 0.3084 (0.6761)  time: 0.345287  data: 0.000795  max mem: 19472
I20260722 14:44:42 73825 dinov2 helpers.py:102] Training  [1870/7500]  eta: 0:35:33  lr: 0.0009 (0.0008)  wd: 0.0919 (0.0579)  mom: 0.9932 (0.9924)  last_layer_lr: 0.0009 (0.0008)  current_batch_size: 64.0000 (64.0000)  total_loss: 0.3374 (4.2654)  teacher_entropy_ratio: 0.0000 (0.4215)  dino_local_crops_loss: 0.0203 (3.1922)  dino_global_crops_loss: 0.0025 (0.3991)  ibot_loss: 0.3050 (0.6741)  time: 0.347996  data: 0.000746  max mem: 19472
I20260722 14:44:45 73825 dinov2 helpers.py:102] Training  [1880/7500]  eta: 0:35:28  lr: 0.0009 (0.0008)  wd: 0.0925 (0.0580)  mom: 0.9932 (0.9924)  last_layer_lr: 0.0009 (0.0008)  current_batch_size: 64.0000 (64.0000)  total_loss: 0.3183 (4.2444)  teacher_entropy_ratio: 0.0000 (0.4193)  dino_local_crops_loss: 0.0112 (3.1753)  dino_global_crops_loss: 0.0014 (0.3969)  ibot_loss: 0.2991 (0.6721)  time: 0.345162  data: 0.000405  max mem: 19472
I20260722 14:44:49 73825 dinov2 helpers.py:102] Training  [1890/7500]  eta: 0:35:24  lr: 0.0009 (0.0008)  wd: 0.0930 (0.0582)  mom: 0.9932 (0.9924)  last_layer_lr: 0.0009 (0.0008)  current_batch_size: 64.0000 (64.0000)  total_loss: 0.3028 (4.2236)  teacher_entropy_ratio: 0.0000 (0.4171)  dino_local_crops_loss: 0.0081 (3.1586)  dino_global_crops_loss: 0.0010 (0.3949)  ibot_loss: 0.2950 (0.6701)  time: 0.343778  data: 0.001859  max mem: 19472
I20260722 14:44:52 73825 dinov2 helpers.py:102] Training  [1900/7500]  eta: 0:35:19  lr: 0.0009 (0.0008)  wd: 0.0935 (0.0584)  mom: 0.9932 (0.9924)  last_layer_lr: 0.0009 (0.0008)  current_batch_size: 64.0000 (64.0000)  total_loss: 0.3028 (4.2030)  teacher_entropy_ratio: 0.0000 (0.4149)  dino_local_crops_loss: 0.0068 (3.1420)  dino_global_crops_loss: 0.0008 (0.3928)  ibot_loss: 0.2950 (0.6682)  time: 0.350626  data: 0.002105  max mem: 19472
I20260722 14:44:57 73825 dinov2 helpers.py:102] Training  [1910/7500]  eta: 0:35:16  lr: 0.0009 (0.0008)  wd: 0.0941 (0.0586)  mom: 0.9932 (0.9924)  last_layer_lr: 0.0009 (0.0008)  current_batch_size: 64.0000 (64.0000)  total_loss: 0.3127 (4.1826)  teacher_entropy_ratio: 0.0000 (0.4127)  dino_local_crops_loss: 0.0064 (3.1256)  dino_global_crops_loss: 0.0008 (0.3907)  ibot_loss: 0.3051 (0.6663)  time: 0.380034  data: 0.033062  max mem: 19472
I20260722 14:45:01 73825 dinov2 helpers.py:102] Training  [1920/7500]  eta: 0:35:13  lr: 0.0009 (0.0008)  wd: 0.0946 (0.0588)  mom: 0.9932 (0.9924)  last_layer_lr: 0.0009 (0.0008)  current_batch_size: 64.0000 (64.0000)  total_loss: 0.3271 (4.1627)  teacher_entropy_ratio: 0.0002 (0.4106)  dino_local_crops_loss: 0.0075 (3.1095)  dino_global_crops_loss: 0.0009 (0.3887)  ibot_loss: 0.3117 (0.6645)  time: 0.412696  data: 0.070755  max mem: 19472
I20260722 14:45:04 73825 dinov2 helpers.py:102] Training  [1930/7500]  eta: 0:35:09  lr: 0.0009 (0.0008)  wd: 0.0951 (0.0590)  mom: 0.9932 (0.9924)  last_layer_lr: 0.0009 (0.0008)  current_batch_size: 64.0000 (64.0000)  total_loss: 0.4425 (4.1516)  teacher_entropy_ratio: 0.0174 (0.4090)  dino_local_crops_loss: 0.1408 (3.1013)  dino_global_crops_loss: 0.0176 (0.3877)  ibot_loss: 0.3015 (0.6626)  time: 0.379228  data: 0.038143  max mem: 19472
I20260722 14:45:08 73825 dinov2 helpers.py:102] Training  [1940/7500]  eta: 0:35:04  lr: 0.0009 (0.0008)  wd: 0.0957 (0.0592)  mom: 0.9932 (0.9924)  last_layer_lr: 0.0009 (0.0008)  current_batch_size: 64.0000 (64.0000)  total_loss: 0.9471 (4.1352)  teacher_entropy_ratio: 0.0263 (0.4070)  dino_local_crops_loss: 0.5574 (3.0883)  dino_global_crops_loss: 0.0698 (0.3861)  ibot_loss: 0.3065 (0.6608)  time: 0.348051  data: 0.007996  max mem: 19472
I20260722 14:45:12 73825 dinov2 helpers.py:102] Training  [1950/7500]  eta: 0:35:02  lr: 0.0009 (0.0008)  wd: 0.0962 (0.0594)  mom: 0.9932 (0.9924)  last_layer_lr: 0.0009 (0.0008)  current_batch_size: 64.0000 (64.0000)  total_loss: 0.3809 (4.1158)  teacher_entropy_ratio: 0.0001 (0.4049)  dino_local_crops_loss: 0.0455 (3.0727)  dino_global_crops_loss: 0.0060 (0.3841)  ibot_loss: 0.3214 (0.6590)  time: 0.393914  data: 0.054731  max mem: 19472
I20260722 14:45:15 73825 dinov2 helpers.py:102] Training  [1960/7500]  eta: 0:34:57  lr: 0.0009 (0.0008)  wd: 0.0968 (0.0596)  mom: 0.9933 (0.9924)  last_layer_lr: 0.0009 (0.0008)  current_batch_size: 64.0000 (64.0000)  total_loss: 0.3408 (4.0966)  teacher_entropy_ratio: 0.0000 (0.4028)  dino_local_crops_loss: 0.0302 (3.0571)  dino_global_crops_loss: 0.0038 (0.3822)  ibot_loss: 0.3162 (0.6572)  time: 0.385357  data: 0.046943  max mem: 19472
I20260722 14:45:19 73825 dinov2 helpers.py:102] Training  [1970/7500]  eta: 0:34:52  lr: 0.0009 (0.0008)  wd: 0.0973 (0.0597)  mom: 0.9933 (0.9924)  last_layer_lr: 0.0009 (0.0008)  current_batch_size: 64.0000 (64.0000)  total_loss: 0.3369 (4.0774)  teacher_entropy_ratio: 0.0000 (0.4008)  dino_local_crops_loss: 0.0137 (3.0417)  dino_global_crops_loss: 0.0017 (0.3802)  ibot_loss: 0.3162 (0.6555)  time: 0.347648  data: 0.000418  max mem: 19472
I20260722 14:45:23 73825 dinov2 helpers.py:102] Training  [1980/7500]  eta: 0:34:48  lr: 0.0009 (0.0008)  wd: 0.0979 (0.0599)  mom: 0.9933 (0.9924)  last_layer_lr: 0.0009 (0.0008)  current_batch_size: 64.0000 (64.0000)  total_loss: 0.3227 (4.0585)  teacher_entropy_ratio: 0.0000 (0.3988)  dino_local_crops_loss: 0.0086 (3.0264)  dino_global_crops_loss: 0.0011 (0.3783)  ibot_loss: 0.3152 (0.6538)  time: 0.354974  data: 0.000573  max mem: 19472
I20260722 14:45:26 73825 dinov2 helpers.py:102] Training  [1990/7500]  eta: 0:34:44  lr: 0.0009 (0.0008)  wd: 0.0984 (0.0601)  mom: 0.9933 (0.9924)  last_layer_lr: 0.0009 (0.0008)  current_batch_size: 64.0000 (64.0000)  total_loss: 0.3123 (4.0397)  teacher_entropy_ratio: 0.0000 (0.3967)  dino_local_crops_loss: 0.0066 (3.0112)  dino_global_crops_loss: 0.0008 (0.3764)  ibot_loss: 0.3032 (0.6520)  time: 0.355631  data: 0.000564  max mem: 19472
I20260722 14:45:30 73825 dinov2 helpers.py:102] Training  [2000/7500]  eta: 0:34:39  lr: 0.0009 (0.0008)  wd: 0.0990 (0.0603)  mom: 0.9933 (0.9925)  last_layer_lr: 0.0009 (0.0008)  current_batch_size: 64.0000 (64.0000)  total_loss: 0.3124 (4.0210)  teacher_entropy_ratio: 0.0000 (0.3948)  dino_local_crops_loss: 0.0056 (2.9962)  dino_global_crops_loss: 0.0007 (0.3746)  ibot_loss: 0.3064 (0.6503)  time: 0.353460  data: 0.005134  max mem: 19472
I20260722 14:45:34 73825 dinov2 helpers.py:102] Training  [2010/7500]  eta: 0:34:36  lr: 0.0009 (0.0008)  wd: 0.0996 (0.0605)  mom: 0.9933 (0.9925)  last_layer_lr: 0.0009 (0.0008)  current_batch_size: 64.0000 (64.0000)  total_loss: 0.3156 (4.0027)  teacher_entropy_ratio: 0.0000 (0.3928)  dino_local_crops_loss: 0.0055 (2.9813)  dino_global_crops_loss: 0.0007 (0.3727)  ibot_loss: 0.3097 (0.6486)  time: 0.380964  data: 0.042704  max mem: 19472
I20260722 14:45:38 73825 dinov2 helpers.py:102] Training  [2020/7500]  eta: 0:34:33  lr: 0.0009 (0.0008)  wd: 0.1001 (0.0607)  mom: 0.9933 (0.9925)  last_layer_lr: 0.0009 (0.0008)  current_batch_size: 64.0000 (64.0000)  total_loss: 0.3416 (3.9853)  teacher_entropy_ratio: 0.0024 (0.3910)  dino_local_crops_loss: 0.0210 (2.9674)  dino_global_crops_loss: 0.0026 (0.3710)  ibot_loss: 0.3110 (0.6469)  time: 0.400273  data: 0.061832  max mem: 19472
I20260722 14:45:41 73825 dinov2 helpers.py:102] Training  [2030/7500]  eta: 0:34:28  lr: 0.0009 (0.0008)  wd: 0.1007 (0.0609)  mom: 0.9933 (0.9925)  last_layer_lr: 0.0009 (0.0008)  current_batch_size: 64.0000 (64.0000)  total_loss: 0.8524 (3.9805)  teacher_entropy_ratio: 0.0547 (0.3903)  dino_local_crops_loss: 0.4745 (2.9646)  dino_global_crops_loss: 0.0593 (0.3706)  ibot_loss: 0.3106 (0.6453)  time: 0.366434  data: 0.024101  max mem: 19472
I20260722 14:45:45 73825 dinov2 helpers.py:102] Training  [2040/7500]  eta: 0:34:25  lr: 0.0009 (0.0008)  wd: 0.1012 (0.0611)  mom: 0.9934 (0.9925)  last_layer_lr: 0.0009 (0.0008)  current_batch_size: 64.0000 (64.0000)  total_loss: 6.2039 (3.9994)  teacher_entropy_ratio: 0.5823 (0.3927)  dino_local_crops_loss: 5.2449 (2.9829)  dino_global_crops_loss: 0.6557 (0.3729)  ibot_loss: 0.3137 (0.6437)  time: 0.372506  data: 0.028032  max mem: 19472
I20260722 14:45:49 73825 dinov2 helpers.py:102] Training  [2050/7500]  eta: 0:34:20  lr: 0.0009 (0.0008)  wd: 0.1018 (0.0613)  mom: 0.9934 (0.9925)  last_layer_lr: 0.0009 (0.0008)  current_batch_size: 64.0000 (64.0000)  total_loss: 7.7763 (4.0165)  teacher_entropy_ratio: 0.8905 (0.3950)  dino_local_crops_loss: 6.6160 (2.9995)  dino_global_crops_loss: 0.8270 (0.3750)  ibot_loss: 0.3206 (0.6421)  time: 0.376527  data: 0.030885  max mem: 19472
I20260722 14:45:52 73825 dinov2 helpers.py:102] Training  [2060/7500]  eta: 0:34:16  lr: 0.0009 (0.0008)  wd: 0.1024 (0.0615)  mom: 0.9934 (0.9925)  last_layer_lr: 0.0009 (0.0008)  current_batch_size: 64.0000 (64.0000)  total_loss: 6.5930 (4.0250)  teacher_entropy_ratio: 0.7475 (0.3962)  dino_local_crops_loss: 5.5764 (3.0084)  dino_global_crops_loss: 0.6971 (0.3761)  ibot_loss: 0.3196 (0.6405)  time: 0.362634  data: 0.019194  max mem: 19472
I20260722 14:45:56 73825 dinov2 helpers.py:102] Training  [2070/7500]  eta: 0:34:12  lr: 0.0009 (0.0008)  wd: 0.1030 (0.0617)  mom: 0.9934 (0.9925)  last_layer_lr: 0.0009 (0.0008)  current_batch_size: 64.0000 (64.0000)  total_loss: 4.7305 (4.0237)  teacher_entropy_ratio: 0.5082 (0.3961)  dino_local_crops_loss: 3.9185 (3.0087)  dino_global_crops_loss: 0.4898 (0.3761)  ibot_loss: 0.3055 (0.6389)  time: 0.371316  data: 0.032893  max mem: 19472
I20260722 14:46:00 73825 dinov2 helpers.py:102] Training  [2080/7500]  eta: 0:34:08  lr: 0.0009 (0.0008)  wd: 0.1035 (0.0619)  mom: 0.9934 (0.9925)  last_layer_lr: 0.0009 (0.0008)  current_batch_size: 64.0000 (64.0000)  total_loss: 2.4105 (4.0110)  teacher_entropy_ratio: 0.2242 (0.3948)  dino_local_crops_loss: 1.9049 (2.9988)  dino_global_crops_loss: 0.2381 (0.3749)  ibot_loss: 0.3094 (0.6374)  time: 0.361430  data: 0.016822  max mem: 19472
I20260722 14:46:03 73825 dinov2 helpers.py:102] Training  [2090/7500]  eta: 0:34:03  lr: 0.0009 (0.0008)  wd: 0.1041 (0.0621)  mom: 0.9934 (0.9925)  last_layer_lr: 0.0009 (0.0008)  current_batch_size: 64.0000 (64.0000)  total_loss: 0.4695 (3.9937)  teacher_entropy_ratio: 0.0148 (0.3929)  dino_local_crops_loss: 0.1444 (2.9847)  dino_global_crops_loss: 0.0181 (0.3731)  ibot_loss: 0.3219 (0.6359)  time: 0.351014  data: 0.000420  max mem: 19472
I20260722 14:46:07 73825 dinov2 helpers.py:102] Training  [2100/7500]  eta: 0:33:59  lr: 0.0009 (0.0008)  wd: 0.1047 (0.0623)  mom: 0.9934 (0.9925)  last_layer_lr: 0.0009 (0.0008)  current_batch_size: 64.0000 (64.0000)  total_loss: 0.3313 (3.9761)  teacher_entropy_ratio: 0.0001 (0.3910)  dino_local_crops_loss: 0.0116 (2.9705)  dino_global_crops_loss: 0.0014 (0.3713)  ibot_loss: 0.3129 (0.6343)  time: 0.347011  data: 0.002689  max mem: 19472
                                                                                                                                                                                                                                                                                                                                                                                 I20260722 14:46:11 73825 dinov2 helpers.py:102] Training  [2110/7500]  eta: 0:33:56  lr: 0.0009 (0.0008)  wd: 0.1053 (0.0625)  mom: 0.9935 (0.9925)  last_layer_lr: 0.0009 (0.0008)  current_batch_size: 64.0000 (64.0000)  total_loss: 0.2972 (3.9587)  teacher_entropy_ratio: 0.0000 (0.3892)  dino_local_crops_loss: 0.0063 (2.9565)  dino_global_crops_loss: 0.0008 (0.3696)  ibot_loss: 0.2907 (0.6327)  time: 0.374528  data: 0.035162  max mem: 19472
2
I20260722 14:45:44 4140328 dinov2 helpers.py:102] Training  [2120/7500]  eta: 0:32:35  lr: 0.0009 (0.0008)  wd: 0.1058 (0.0627)  mom: 0.9935 (0.9925)  last_layer_lr: 0.0009 (0.0008)  current_batch_size: 64.0000 (64.0000)  total_loss: 0.4017 (4.0909)  teacher_entropy_ratio: 0.0000 (0.3204)  dino_local_crops_loss: 0.0062 (3.1567)  dino_global_crops_loss: 0.0008 (0.3945)  ibot_loss: 0.3798 (0.5397)  time: 0.340911  data: 0.000916  max mem: 19472
I20260722 14:45:48 4140328 dinov2 helpers.py:102] Training  [2130/7500]  eta: 0:32:31  lr: 0.0009 (0.0008)  wd: 0.1064 (0.0630)  mom: 0.9935 (0.9925)  last_layer_lr: 0.0009 (0.0008)  current_batch_size: 64.0000 (64.0000)  total_loss: 0.4161 (4.0762)  teacher_entropy_ratio: 0.0003 (0.3189)  dino_local_crops_loss: 0.0487 (3.1444)  dino_global_crops_loss: 0.0061 (0.3929)  ibot_loss: 0.3589 (0.5388)  time: 0.343551  data: 0.000652  max mem: 19472
I20260722 14:45:51 4140328 dinov2 helpers.py:102] Training  [2140/7500]  eta: 0:32:27  lr: 0.0009 (0.0008)  wd: 0.1070 (0.0632)  mom: 0.9935 (0.9925)  last_layer_lr: 0.0009 (0.0008)  current_batch_size: 64.0000 (64.0000)  total_loss: 1.7967 (4.0759)  teacher_entropy_ratio: 0.0070 (0.3175)  dino_local_crops_loss: 1.1689 (3.1447)  dino_global_crops_loss: 0.1538 (0.3930)  ibot_loss: 0.3600 (0.5381)  time: 0.345077  data: 0.000636  max mem: 19472
I20260722 14:45:55 4140328 dinov2 helpers.py:102] Training  [2150/7500]  eta: 0:32:23  lr: 0.0009 (0.0008)  wd: 0.1076 (0.0634)  mom: 0.9935 (0.9925)  last_layer_lr: 0.0009 (0.0008)  current_batch_size: 64.0000 (64.0000)  total_loss: 1.1159 (4.0602)  teacher_entropy_ratio: 0.0001 (0.3161)  dino_local_crops_loss: 0.5496 (3.1310)  dino_global_crops_loss: 0.0685 (0.3913)  ibot_loss: 0.4129 (0.5378)  time: 0.342561  data: 0.002214  max mem: 19472
I20260722 14:45:59 4140328 dinov2 helpers.py:102] Training  [2160/7500]  eta: 0:32:20  lr: 0.0009 (0.0008)  wd: 0.1082 (0.0636)  mom: 0.9935 (0.9925)  last_layer_lr: 0.0009 (0.0008)  current_batch_size: 64.0000 (64.0000)  total_loss: 0.5021 (4.0435)  teacher_entropy_ratio: 0.0000 (0.3146)  dino_local_crops_loss: 0.0558 (3.1167)  dino_global_crops_loss: 0.0070 (0.3895)  ibot_loss: 0.4349 (0.5373)  time: 0.377120  data: 0.027307  max mem: 19472
I20260722 14:46:02 4140328 dinov2 helpers.py:102] Training  [2170/7500]  eta: 0:32:16  lr: 0.0009 (0.0008)  wd: 0.1088 (0.0638)  mom: 0.9935 (0.9925)  last_layer_lr: 0.0009 (0.0008)  current_batch_size: 64.0000 (64.0000)  total_loss: 0.4526 (4.0270)  teacher_entropy_ratio: 0.0000 (0.3131)  dino_local_crops_loss: 0.0252 (3.1025)  dino_global_crops_loss: 0.0032 (0.3877)  ibot_loss: 0.4064 (0.5368)  time: 0.379795  data: 0.025722  max mem: 19472
I20260722 14:46:06 4140328 dinov2 helpers.py:102] Training  [2180/7500]  eta: 0:32:12  lr: 0.0009 (0.0008)  wd: 0.1094 (0.0640)  mom: 0.9935 (0.9925)  last_layer_lr: 0.0009 (0.0008)  current_batch_size: 64.0000 (64.0000)  total_loss: 0.4806 (4.0107)  teacher_entropy_ratio: 0.0000 (0.3117)  dino_local_crops_loss: 0.0163 (3.0883)  dino_global_crops_loss: 0.0021 (0.3860)  ibot_loss: 0.4645 (0.5365)  time: 0.342956  data: 0.000606  max mem: 19472
I20260722 14:46:09 4140328 dinov2 helpers.py:102] Training  [2190/7500]  eta: 0:32:08  lr: 0.0009 (0.0008)  wd: 0.1100 (0.0642)  mom: 0.9936 (0.9925)  last_layer_lr: 0.0009 (0.0008)  current_batch_size: 64.0000 (64.0000)  total_loss: 0.4403 (3.9944)  teacher_entropy_ratio: 0.0000 (0.3103)  dino_local_crops_loss: 0.0098 (3.0742)  dino_global_crops_loss: 0.0012 (0.3842)  ibot_loss: 0.4293 (0.5359)  time: 0.349943  data: 0.005079  max mem: 19472
I20260722 14:46:13 4140328 dinov2 helpers.py:102] Training  [2200/7500]  eta: 0:32:05  lr: 0.0009 (0.0008)  wd: 0.1106 (0.0644)  mom: 0.9936 (0.9925)  last_layer_lr: 0.0009 (0.0008)  current_batch_size: 64.0000 (64.0000)  total_loss: 0.4369 (3.9783)  teacher_entropy_ratio: 0.0000 (0.3089)  dino_local_crops_loss: 0.0100 (3.0603)  dino_global_crops_loss: 0.0013 (0.3825)  ibot_loss: 0.4240 (0.5355)  time: 0.363678  data: 0.009127  max mem: 19472
I20260722 14:46:16 4140328 dinov2 helpers.py:102] Training  [2210/7500]  eta: 0:32:01  lr: 0.0009 (0.0008)  wd: 0.1112 (0.0646)  mom: 0.9936 (0.9925)  last_layer_lr: 0.0009 (0.0008)  current_batch_size: 64.0000 (64.0000)  total_loss: 0.4314 (3.9622)  teacher_entropy_ratio: 0.0000 (0.3075)  dino_local_crops_loss: 0.0117 (3.0465)  dino_global_crops_loss: 0.0015 (0.3807)  ibot_loss: 0.4205 (0.5349)  time: 0.359539  data: 0.007896  max mem: 19472
I20260722 14:46:20 4140328 dinov2 helpers.py:102] Training  [2220/7500]  eta: 0:31:57  lr: 0.0009 (0.0008)  wd: 0.1118 (0.0648)  mom: 0.9936 (0.9926)  last_layer_lr: 0.0009 (0.0008)  current_batch_size: 64.0000 (64.0000)  total_loss: 0.4258 (3.9463)  teacher_entropy_ratio: 0.0000 (0.3061)  dino_local_crops_loss: 0.0101 (3.0329)  dino_global_crops_loss: 0.0013 (0.3790)  ibot_loss: 0.4084 (0.5344)  time: 0.350256  data: 0.003882  max mem: 19472
I20260722 14:46:23 4140328 dinov2 helpers.py:102] Training  [2230/7500]  eta: 0:31:53  lr: 0.0009 (0.0008)  wd: 0.1124 (0.0651)  mom: 0.9936 (0.9926)  last_layer_lr: 0.0009 (0.0008)  current_batch_size: 64.0000 (64.0000)  total_loss: 0.4403 (3.9307)  teacher_entropy_ratio: 0.0000 (0.3047)  dino_local_crops_loss: 0.0101 (3.0196)  dino_global_crops_loss: 0.0013 (0.3774)  ibot_loss: 0.4056 (0.5338)  time: 0.350207  data: 0.000786  max mem: 19472
I20260722 14:46:27 4140328 dinov2 helpers.py:102] Training  [2240/7500]  eta: 0:31:49  lr: 0.0009 (0.0008)  wd: 0.1130 (0.0653)  mom: 0.9936 (0.9926)  last_layer_lr: 0.0009 (0.0008)  current_batch_size: 64.0000 (64.0000)  total_loss: 0.5591 (3.9245)  teacher_entropy_ratio: 0.0031 (0.3034)  dino_local_crops_loss: 0.1280 (3.0144)  dino_global_crops_loss: 0.0160 (0.3767)  ibot_loss: 0.4079 (0.5333)  time: 0.349967  data: 0.000776  max mem: 19472
I20260722 14:46:30 4140328 fvcore.common.checkpoint __init__.py:109] Saving checkpoint to /sci/labs/arieljaffe/dan.abergel1/runs/brain/samesl_t005/model_0002249.rank_0.pth
I20260722 14:46:31 4140328 dinov2 helpers.py:102] Training  [2250/7500]  eta: 0:31:47  lr: 0.0009 (0.0008)  wd: 0.1136 (0.0655)  mom: 0.9936 (0.9926)  last_layer_lr: 0.0009 (0.0008)  current_batch_size: 64.0000 (64.0000)  total_loss: 1.2070 (3.9129)  teacher_entropy_ratio: 0.0061 (0.3021)  dino_local_crops_loss: 0.6935 (3.0044)  dino_global_crops_loss: 0.0874 (0.3755)  ibot_lo (0.0640)  mom: 0.9935 (0.9925)  last_layer_lr: 0.0009 (0.0008)  current_batch_size: 64.0000 (64.0000)  total_loss: 4.8263 (3.8842)  teacher_entropy_ratio: 0.4820 (0.3817)  dino_local_crops_loss: 4.0459 (2.9007)  dino_global_crops_loss: 0.5057 (0.3626)  ibot_loss: 0.2632 (0.6209)  time: 0.345735  data: 0.000552  max mem: 19472
I20260722 14:46:39 73825 dinov2 helpers.py:102] Training  [2190/7500]  eta: 0:33:21  lr: 0.0009 (0.0008)  wd: 0.1100 (0.0642)  mom: 0.9936 (0.9925)  last_layer_lr: 0.0009 (0.0008)  current_batch_size: 64.0000 (64.0000)  total_loss: 7.9721 (3.9028)  teacher_entropy_ratio: 0.9255 (0.3842)  dino_local_crops_loss: 6.8505 (2.9187)  dino_global_crops_loss: 0.8563 (0.3649)  ibot_loss: 0.2585 (0.6192)  time: 0.348407  data: 0.000414  max mem: 19472
I20260722 14:46:43 73825 dinov2 helpers.py:102] Training  [2200/7500]  eta: 0:33:17  lr: 0.0009 (0.0008)  wd: 0.1106 (0.0644)  mom: 0.9936 (0.9925)  last_layer_lr: 0.0009 (0.0008)  current_batch_size: 64.0000 (64.0000)  total_loss: 7.4785 (3.9154)  teacher_entropy_ratio: 0.8667 (0.3860)  dino_local_crops_loss: 6.4139 (2.9313)  dino_global_crops_loss: 0.8017 (0.3664)  ibot_loss: 0.2600 (0.6177)  time: 0.345915  data: 0.000414  max mem: 19472
I20260722 14:46:46 73825 dinov2 helpers.py:102] Training  [2210/7500]  eta: 0:33:12  lr: 0.0009 (0.0008)  wd: 0.1112 (0.0646)  mom: 0.9936 (0.9925)  last_layer_lr: 0.0009 (0.0008)  current_batch_size: 64.0000 (64.0000)  total_loss: 5.5328 (3.9172)  teacher_entropy_ratio: 0.6105 (0.3863)  dino_local_crops_loss: 4.5959 (2.9339)  dino_global_crops_loss: 0.5745 (0.3668)  ibot_loss: 0.3085 (0.6165)  time: 0.342883  data: 0.000416  max mem: 19472
I20260722 14:46:50 73825 dinov2 helpers.py:102] Training  [2220/7500]  eta: 0:33:08  lr: 0.0009 (0.0008)  wd: 0.1118 (0.0648)  mom: 0.9936 (0.9926)  last_layer_lr: 0.0009 (0.0008)  current_batch_size: 64.0000 (64.0000)  total_loss: 2.7196 (3.9091)  teacher_entropy_ratio: 0.2788 (0.3855)  dino_local_crops_loss: 2.1935 (2.9279)  dino_global_crops_loss: 0.2742 (0.3660)  ibot_loss: 0.3370 (0.6151)  time: 0.352362  data: 0.005998  max mem: 19472
I20260722 14:46:53 73825 dinov2 helpers.py:102] Training  [2230/7500]  eta: 0:33:04  lr: 0.0009 (0.0008)  wd: 0.1124 (0.0651)  mom: 0.9936 (0.9926)  last_layer_lr: 0.0009 (0.0008)  current_batch_size: 64.0000 (64.0000)  total_loss: 1.5721 (3.8971)  teacher_entropy_ratio: 0.1415 (0.3842)  dino_local_crops_loss: 1.1012 (2.9184)  dino_global_crops_loss: 0.1376 (0.3648)  ibot_loss: 0.3169 (0.6138)  time: 0.355199  data: 0.007773  max mem: 19472
I20260722 14:46:57 73825 dinov2 helpers.py:102] Training  [2240/7500]  eta: 0:33:01  lr: 0.0009 (0.0008)  wd: 0.1130 (0.0653)  mom: 0.9936 (0.9926)  last_layer_lr: 0.0009 (0.0008)  current_batch_size: 64.0000 (64.0000)  total_loss: 0.8716 (3.8822)  teacher_entropy_ratio: 0.0539 (0.3826)  dino_local_crops_loss: 0.4454 (2.9063)  dino_global_crops_loss: 0.0557 (0.3633)  ibot_loss: 0.3282 (0.6125)  time: 0.374898  data: 0.024984  max mem: 19472
I20260722 14:47:00 73825 fvcore.common.checkpoint __init__.py:109] Saving checkpoint to /sci/labs/arieljaffe/dan.abergel1/runs/brain/samesl_t005/model_0002249.rank_0.pth
I20260722 14:47:02 73825 dinov2 helpers.py:102] Training  [2250/7500]  eta: 0:32:59  lr: 0.0009 (0.0008)  wd: 0.1136 (0.0655)  mom: 0.9936 (0.9926)  last_layer_lr: 0.0009 (0.0008)  current_batch_size: 64.0000 (64.0000)  total_loss: 0.3403 (3.8663)  teacher_entropy_ratio: 0.0030 (0.3809)  dino_local_crops_loss: 0.0395 (2.8935)  dino_global_crops_loss: 0.0049 (0.3617)  ibot_loss: 0.2981 (0.6111)  time: 0.437212  data: 0.037386  max mem: 19472
I20260722 14:47:05 73825 dinov2 helpers.py:102] Training  [2260/7500]  eta: 0:32:55  lr: 0.0009 (0.0008)  wd: 0.1142 (0.0657)  mom: 0.9936 (0.9926)  last_layer_lr: 0.0009 (0.0008)  current_batch_size: 64.0000 (64.0000)  total_loss: 0.3071 (3.8506)  teacher_entropy_ratio: 0.0001 (0.3792)  dino_local_crops_loss: 0.0109 (2.8807)  dino_global_crops_loss: 0.0014 (0.3601)  ibot_loss: 0.2849 (0.6097)  time: 0.411296  data: 0.014814  max mem: 19472
I20260722 14:47:09 73825 dinov2 helpers.py:102] Training  [2270/7500]  eta: 0:32:50  lr: 0.0009 (0.0008)  wd: 0.1148 (0.0659)  mom: 0.9937 (0.9926)  last_layer_lr: 0.0009 (0.0008)  current_batch_size: 64.0000 (64.0000)  total_loss: 0.2865 (3.8348)  teacher_entropy_ratio: 0.0000 (0.3775)  dino_local_crops_loss: 0.0080 (2.8681)  dino_global_crops_loss: 0.0010 (0.3585)  ibot_loss: 0.2764 (0.6082)  time: 0.347583  data: 0.000669  max mem: 19472
I20260722 14:47:12 73825 dinov2 helpers.py:102] Training  [2280/7500]  eta: 0:32:46  lr: 0.0009 (0.0008)  wd: 0.1154 (0.0661)  mom: 0.9937 (0.9926)  last_layer_lr: 0.0009 (0.0008)  current_batch_size: 64.0000 (64.0000)  total_loss: 0.2691 (3.8192)  teacher_entropy_ratio: 0.0000 (0.3759)  dino_local_crops_loss: 0.0066 (2.8555)  dino_global_crops_loss: 0.0008 (0.3570)  ibot_loss: 0.2611 (0.6067)  time: 0.343880  data: 0.000450  max mem: 19472
I20260722 14:47:16 73825 dinov2 helpers.py:102] Training  [2290/7500]  eta: 0:32:41  lr: 0.0009 (0.0008)  wd: 0.1160 (0.0664)  mom: 0.9937 (0.9926)  last_layer_lr: 0.0009 (0.0008)  current_batch_size: 64.0000 (64.0000)  total_loss: 0.2666 (3.8037)  teacher_entropy_ratio: 0.0002 (0.3742)  dino_local_crops_loss: 0.0068 (2.8431)  dino_global_crops_loss: 0.0009 (0.3554)  ibot_loss: 0.2586 (0.6051)  time: 0.341227  data: 0.000439  max mem: 19472
I20260722 14:47:19 73825 dinov2 helpers.py:102] Training  [2300/7500]  eta: 0:32:37  lr: 0.0009 (0.0008)  wd: 0.1167 (0.0666)  mom: 0.9937 (0.9926)  last_layer_lr: 0.0009 (0.0008)  current_batch_size: 64.0000 (64.0000)  total_loss: 0.2891 (3.7888)  teacher_entropy_ratio: 0.0027 (0.3727)  dino_local_crops_loss: 0.0221 (2.8312)  dino_global_crops_loss: 0.0028 (0.3539)  ibot_loss: 0.2594 (0.6037)  time: 0.345255  data: 0.000434  max mem: 19472
I20260722 14:47:23 73825 dinov2 helpers.py:102] Training  [2310/7500]  eta: 0:32:34  lr: 0.0009 (0.0008)  wd: 0.1173 (0.0668)  mom: 0.9937 (0.9926)  last_layer_lr: 0.0009 (0.0008)  current_batch_size: 64.0000 (64.0000)  total_loss: 0.5170 (3.7778)  teacher_entropy_ratio: 0.0279 (0.3715)  dino_local_crops_loss: 0.2176 (2.8228)  dino_global_crops_loss: 0.0272 (0.3529)  ibot_loss: 0.2572 (0.6022)  time: 0.384602  data: 0.038488  max mem: 19472
I20260722 14:47:27 73825 dinov2 helpers.py:102] Training  [2320/7500]  eta: 0:32:29  lr: 0.0009 (0.0008)  wd: 0.1179 (0.0670)  mom: 0.9937 (0.9926)  last_layer_lr: 0.0009 (0.0008)  current_batch_size: 64.0000 (64.0000)  total_loss: 2.4002 (3.7844)  teacher_entropy_ratio: 0.2169 (0.3723)  dino_local_crops_loss: 1.9081 (2.8299)  dino_global_crops_loss: 0.2385 (0.3538)  ibot_loss: 0.2602 (0.6007)  time: 0.380325  data: 0.038502  max mem: 19472
I20260722 14:47:30 73825 dinov2 helpers.py:102] Training  [2330/7500]  eta: 0:32:25  lr: 0.0009 (0.0008)  wd: 0.1185 (0.0673)  mom: 0.9937 (0.9926)  last_layer_lr: 0.0009 (0.0008)  current_batch_size: 64.0000 (64.0000)  total_loss: 7.6516 (3.8042)  teacher_entropy_ratio: 0.8810 (0.3749)  dino_local_crops_loss: 6.5619 (2.8488)  dino_global_crops_loss: 0.8202 (0.3561)  ibot_loss: 0.2660 (0.5993)  time: 0.345261  data: 0.000554  max mem: 19472
I20260722 14:47:34 73825 dinov2 helpers.py:102] Training  [2340/7500]  eta: 0:32:20  lr: 0.0009 (0.0008)  wd: 0.1191 (0.0675)  mom: 0.9938 (0.9926)  last_layer_lr: 0.0009 (0.0008)  current_batch_size: 64.0000 (64.0000)  total_loss: 8.3936 (3.8236)  teacher_entropy_ratio: 0.9747 (0.3774)  dino_local_crops_loss: 7.2139 (2.8673)  dino_global_crops_loss: 0.9017 (0.3584)  ibot_loss: 0.2664 (0.5979)  time: 0.345102  data: 0.000919  max mem: 19472
I20260722 14:47:37 73825 dinov2 helpers.py:102] Training  [2350/7500]  eta: 0:32:16  lr: 0.0009 (0.0008)  wd: 0.1198 (0.0677)  mom: 0.9938 (0.9926)  last_layer_lr: 0.0009 (0.0008)  current_batch_size: 64.0000 (64.0000)  total_loss: 8.2218 (3.8420)  teacher_entropy_ratio: 0.9569 (0.3798)  dino_local_crops_loss: 7.0805 (2.8846)  dino_global_crops_loss: 0.8851 (0.3606)  ibot_loss: 0.2826 (0.5967)  time: 0.344419  data: 0.005904  max mem: 19472
I20260722 14:47:41 73825 dinov2 helpers.py:102] Training  [2360/7500]  eta: 0:32:12  lr: 0.0009 (0.0008)  wd: 0.1204 (0.0679)  mom: 0.9938 (0.9926)  last_layer_lr: 0.0009 (0.0008)  current_batch_size: 64.0000 (64.0000)  total_loss: 7.9720 (3.8583)  teacher_entropy_ratio: 0.9111 (0.3819)  dino_local_crops_loss: 6.7404 (2.9000)  dino_global_crops_loss: 0.8426 (0.3625)  ibot_loss: 0.3625 (0.5958)  time: 0.351860  data: 0.008690  max mem: 19472
I20260722 14:47:45 73825 dinov2 helpers.py:102] Training  [2370/7500]  eta: 0:32:08  lr: 0.0009 (0.0008)  wd: 0.1210 (0.0681)  mom: 0.9938 (0.9926)  last_layer_lr: 0.0009 (0.0008)  current_batch_size: 64.0000 (64.0000)  total_loss: 7.3197 (3.8705)  teacher_entropy_ratio: 0.8346 (0.3836)  dino_local_crops_loss: 6.1731 (2.9119)  dino_global_crops_loss: 0.7717 (0.3640)  ibot_loss: 0.3440 (0.5947)  time: 0.370581  data: 0.025804  max mem: 19472
I20260722 14:47:48 73825 dinov2 helpers.py:102] Training  [2380/7500]  eta: 0:32:04  lr: 0.0009 (0.0008)  wd: 0.1216 (0.0684)  mom: 0.9938 (0.9926)  last_layer_lr: 0.0009 (0.0008)  current_batch_size: 64.0000 (64.0000)  total_loss: 5.7320 (3.8723)  teacher_entropy_ratio: 0.6520 (0.3839)  dino_local_crops_loss: 4.8636 (2.9146)  dino_global_crops_loss: 0.6079 (0.3644)  ibot_loss: 0.3026 (0.5933)  time: 0.367250  data: 0.022871  max mem: 19472
I20260722 14:47:52 73825 dinov2 helpers.py:102] Training  [2390/7500]  eta: 0:32:00  lr: 0.0009 (0.0008)  wd: 0.1223 (0.0686)  mom: 0.9938 (0.9926)  last_layer_lr: 0.0009 (0.0008)  current_batch_size: 64.0000 (64.0000)  total_loss: 2.2397 (3.8624)  teacher_entropy_ratio: 0.2109 (0.3828)  dino_local_crops_loss: 1.7325 (2.9067)  dino_global_crops_loss: 0.2166 (0.3634)  ibot_loss: 0.3056 (0.5923)  time: 0.356863  data: 0.015549  max mem: 19472
I20260722 14:47:56 73825 dinov2 helpers.py:102] Training  [2400/7500]  eta: 0:31:58  lr: 0.0009 (0.0008)  wd: 0.1229 (0.0688)  mom: 0.9938 (0.9926)  last_layer_lr: 0.0009 (0.0008)  current_batch_size: 64.0000 (64.0000)  total_loss: 1.1457 (3.8507)  teacher_entropy_ratio: 0.0857 (0.3816)  dino_local_crops_loss: 0.6962 (2.8974)  dino_global_crops_loss: 0.0870 (0.3622)  ibot_loss: 0.3227 (0.5911)  time: 0.406781  data: 0.068006  max mem: 19472
I20260722 14:48:00 73825 dinov2 helpers.py:102] Training  [2410/7500]  eta: 0:31:53  lr: 0.0009 (0.0008)  wd: 0.1236 (0.0691)  mom: 0.9939 (0.9926)  last_layer_lr: 0.0009 (0.0008)  current_batch_size: 64.0000 (64.0000)  total_loss: 1.0085 (3.8386)  teacher_entropy_ratio: 0.0817 (0.3803)  dino_local_crops_loss: 0.6294 (2.8877)  dino_global_crops_loss: 0.0787 (0.3610)  ibot_loss: 0.3019 (0.5899)  time: 0.394014  data: 0.053119  max mem: 19472
I20260722 14:48:04 73825 dinov2 helpers.py:102] Training  [2420/7500]  eta: 0:31:51  lr: 0.0009 (0.0008)  wd: 0.1242 (0.0693)  mom: 0.9939 (0.9927)  last_layer_lr: 0.0009 (0.0008)  current_batch_size: 64.0000 (64.0000)  total_loss: 0.7592 (3.8250)  teacher_entropy_ratio: 0.0517 (0.3789)  dino_local_crops_loss: 0.3986 (2.8767)  dino_global_crops_loss: 0.0498 (0.3596)  ibot_loss: 0.2811 (0.5886)  time: 0.395361  data: 0.055774  max mem: 19472
I20260722 14:48:08 73825 dinov2 helpers.py:102] Training  [2430/7500]  eta: 0:31:47  lr: 0.0009 (0.0008)  wd: 0.1248 (0.0695)  mom: 0.9939 (0.9927)  last_layer_lr: 0.0009 (0.0008)  current_batch_size: 64.0000 (64.0000)  total_loss: 0.3531 (3.8105)  teacher_entropy_ratio: 0.0109 (0.3773)  dino_local_crops_loss: 0.0919 (2.8651)  dino_global_crops_loss: 0.0115 (0.3582)  ibot_loss: 0.2572 (0.5872)  time: 0.400000  data: 0.057103  max mem: 19472
I20260722 14:48:11 73825 dinov2 helpers.py:102] Training  [2440/7500]  eta: 0:31:42  lr: 0.0009 (0.0008)  wd: 0.1255 (0.0697)  mom: 0.9939 (0.9927)  last_layer_lr: 0.0009 (0.0008)  current_batch_size: 64.0000 (64.0000)  total_loss: 0.2719 (3.7959)  teacher_entropy_ratio: 0.0008 (0.3758)  dino_local_crops_loss: 0.0146 (2.8534)  dino_global_crops_loss: 0.0018 (0.3567)  ibot_loss: 0.2497 (0.5858)  time: 0.345649  data: 0.001986  max mem: 19472
I20260722 14:48:14 73825 dinov2 helpers.py:102] Training  [2450/7500]  eta: 0:31:38  lr: 0.0009 (0.0008)  wd: 0.1261 (0.0700)  mom: 0.9939 (0.9927)  last_layer_lr: 0.0009 (0.0008)  current_batch_size: 64.0000 (64.0000)  total_loss: 0.2559 (3.7814)  teacher_entropy_ratio: 0.0003 (0.3743)  dino_local_crops_loss: 0.0080 (2.8418)  dino_global_crops_loss: 0.0010 (0.3552)  ibot_loss: 0.2472 (0.5844)  time: 0.341703  data: 0.000958  max mem: 19472
I20260722 14:48:18 73825 dinov2 helpers.py:102] Training  [2460/7500]  eta: 0:31:33  lr: 0.0009 (0.0008)  wd: 0.1268 (0.0702)  mom: 0.9939 (0.9927)  last_layer_lr: 0.0009 (0.0008)  current_batch_size: 64.0000 (64.0000)  total_loss: 0.2655 (3.7672)  teacher_entropy_ratio: 0.0006 (0.3727)  dino_local_crops_loss: 0.0090 (2.8303)  dino_global_crops_loss: 0.0011 (0.3538)  ibot_loss: 0.2458 (0.5831)  time: 0.339776  data: 0.000919  max mem: 19472
I20260722 14:48:21 73825 dinov2 helpers.py:102] Training  [2470/7500]  eta: 0:31:29  lr: 0.0008 (0.0008)  wd: 0.1274 (0.0704)  mom: 0.9939 (0.9927)  last_layer_lr: 0.0008 (0.0008)  current_batch_size: 64.0000 (64.0000)  total_loss: 0.2889 (3.7533)  teacher_entropy_ratio: 0.0037 (0.3713)  dino_local_crops_loss: 0.0291 (2.8192)  dino_global_crops_loss: 0.0036 (0.3524)  ibot_loss: 0.2439 (0.5817)  time: 0.340355  data: 0.000427  max mem: 19472
I20260722 14:48:25 73825 dinov2 helpers.py:102] Training  [2480/7500]  eta: 0:31:24  lr: 0.0008 (0.0008)  wd: 0.1280 (0.0707)  mom: 0.9940 (0.9927)  last_layer_lr: 0.0008 (0.0008)  current_batch_size: 64.0000 (64.0000)  total_loss: 0.4339 (3.7414)  teacher_entropy_ratio: 0.0229 (0.3700)  dino_local_crops_loss: 0.1763 (2.8099)  dino_global_crops_loss: 0.0220 (0.3513)  ibot_loss: 0.2417 (0.5803)  time: 0.343037  data: 0.000478  max mem: 19472
I20260722 14:48:28 73825 dinov2 helpers.py:102] Training  [2490/7500]  eta: 0:31:20  lr: 0.0008 (0.0008)  wd: 0.1287 (0.0709)  mom: 0.9940 (0.9927)  last_layer_lr: 0.0008 (0.0008)  current_batch_size: 64.0000 (64.0000)  total_loss: 1.2555 (3.7378)  teacher_entropy_ratio: 0.1071 (0.3697)  dino_local_crops_loss: 0.8957 (2.8079)  dino_global_crops_loss: 0.1120 (0.3510)  ibot_loss: 0.2479 (0.5790)  time: 0.347371  data: 0.000631  max mem: 19472
I20260722 14:48:32 73825 dinov2 helpers.py:102] Training  [2500/7500]  eta: 0:31:16  lr: 0.0008 (0.0008)  wd: 0.1293 (0.0711)  mom: 0.9940 (0.9927)  last_layer_lr: 0.0008 (0.0008)  current_batch_size: 64.0000 (64.0000)  total_loss: 4.6535 (3.7517)  teacher_entropy_ratio: 0.5130 (0.3715)  dino_local_crops_loss: 3.9280 (2.8214)  dino_global_crops_loss: 0.4910 (0.3527)  ibot_loss: 0.2442 (0.5776)  time: 0.354186  data: 0.003342  max mem: 19472
I20260722 14:48:36 73825 dinov2 helpers.py:102] Training  [2510/7500]  eta: 0:31:12  lr: 0.0008 (0.0008)  wd: 0.1300 (0.0714)  mom: 0.9940 (0.9927)  last_layer_lr: 0.0008 (0.0008)  current_batch_size: 64.0000 (64.0000)  total_loss: 8.2669 (3.7700)  teacher_entropy_ratio: 0.9610 (0.3739)  dino_local_crops_loss: 7.1213 (2.8388)  dino_global_crops_loss: 0.8902 (0.3549)  ibot_loss: 0.2460 (0.5763)  time: 0.372677  data: 0.022195  max mem: 19472
I20260722 14:48:40 73825 dinov2 helpers.py:102] Training  [2520/7500]  eta: 0:31:10  lr: 0.0008 (0.0008)  wd: 0.1307 (0.0716)  mom: 0.9940 (0.9927)  last_layer_lr: 0.0008 (0.0008)  current_batch_size: 64.0000 (64.0000)  total_loss: 8.2101 (3.7871)  teacher_entropy_ratio: 0.9581 (0.3762)  dino_local_crops_loss: 7.0969 (2.8552)  dino_global_crops_loss: 0.8871 (0.3569)  ibot_loss: 0.2493 (0.5750)  time: 0.403061  data: 0.056797  max mem: 19472
I20260722 14:48:44 73825 dinov2 helpers.py:102] Training  [2530/7500]  eta: 0:31:06  lr: 0.0008 (0.0008)  wd: 0.1313 (0.0719)  mom: 0.9940 (0.9927)  last_layer_lr: 0.0008 (0.0008)  current_batch_size: 64.0000 (64.0000)  total_loss: 8.2101 (3.8052)  teacher_entropy_ratio: 0.9183 (0.3782)  dino_local_crops_loss: 7.0969 (2.8724)  dino_global_crops_loss: 0.8847 (0.3591)  ibot_loss: 0.2414 (0.5737)  time: 0.411209  data: 0.066497  max mem: 19472
I20260722 14:48:48 73825 dinov2 helpers.py:102] Training  [2540/7500]  eta: 0:31:02  lr: 0.0008 (0.0008)  wd: 0.1320 (0.0721)  mom: 0.9940 (0.9927)  last_layer_lr: 0.0008 (0.0008)  current_batch_size: 64.0000 (64.0000)  total_loss: 8.3803 (3.8232)  teacher_entropy_ratio: 0.8582 (0.3800)  dino_local_crops_loss: 7.2313 (2.8896)  dino_global_crops_loss: 0.9029 (0.3612)  ibot_loss: 0.2414 (0.5724)  time: 0.382721  data: 0.040952  max mem: 19472
I20260722 14:48:51 73825 dinov2 helpers.py:102] Training  [2550/7500]  eta: 0:30:58  lr: 0.0008 (0.0008)  wd: 0.1326 (0.0723)  mom: 0.9941 (0.9927)  last_layer_lr: 0.0008 (0.0008)  current_batch_size: 64.0000 (64.0000)  total_loss: 8.3587 (3.8406)  teacher_entropy_ratio: 0.7603 (0.3811)  dino_local_crops_loss: 7.1996 (2.9062)  dino_global_crops_loss: 0.8987 (0.3633)  ibot_loss: 0.2372 (0.5711)  time: 0.351898  data: 0.012440  max mem: 19472
I20260722 14:48:54 73825 dinov2 helpers.py:102] Training  [2560/7500]  eta: 0:30:53  lr: 0.0008 (0.0008)  wd: 0.1333 (0.0726)  mom: 0.9941 (0.9927)  last_layer_lr: 0.0008 (0.0008)  current_batch_size: 64.0000 (64.0000)  total_loss: 8.1537 (3.8571)  teacher_entropy_ratio: 0.5662 (0.3814)  dino_local_crops_loss: 7.0271 (2.9219)  dino_global_crops_loss: 0.8745 (0.3652)  ibot_loss: 0.2552 (0.5700)  time: 0.339054  data: 0.000639  max mem: 19472
I20260722 14:48:58 73825 dinov2 helpers.py:102] Training  [2570/7500]  eta: 0:30:49  lr: 0.0008 (0.0008)  wd: 0.1339 (0.0728)  mom: 0.9941 (0.9927)  last_layer_lr: 0.0008 (0.0008)  current_batch_size: 64.0000 (64.0000)  total_loss: 7.9608 (3.8726)  teacher_entropy_ratio: 0.2824 (0.3806)  dino_local_crops_loss: 6.7811 (2.9364)  dino_global_crops_loss: 0.8444 (0.3670)  ibot_loss: 0.3156 (0.5691)  time: 0.338415  data: 0.000429  max mem: 19472
I20260722 14:49:01 73825 dinov2 helpers.py:102] Training  [2580/7500]  eta: 0:30:45  lr: 0.0008 (0.0008)  wd: 0.1346 (0.0731)  mom: 0.9941 (0.9927)  last_layer_lr: 0.0008 (0.0008)  current_batch_size: 64.0000 (64.0000)  total_loss: 7.6376 (3.8865)  teacher_entropy_ratio: 0.0928 (0.3794)  dino_local_crops_loss: 6.5043 (2.9498)  dino_global_crops_loss: 0.8067 (0.3686)  ibot_loss: 0.3165 (0.5681)  time: 0.351964  data: 0.000402  max mem: 19472
I20260722 14:49:05 73825 dinov2 helpers.py:102] Training  [2590/7500]  eta: 0:30:41  lr: 0.0008 (0.0008)  wd: 0.1353 (0.0733)  mom: 0.9941 (0.9927)  last_layer_lr: 0.0008 (0.0008)  current_batch_size: 64.0000 (64.0000)  total_loss: 7.3489 (3.8993)  teacher_entropy_ratio: 0.0391 (0.3780)  dino_local_crops_loss: 6.3336 (2.9623)  dino_global_crops_loss: 0.7707 (0.3701)  ibot_loss: 0.2849 (0.5669)  time: 0.365721  data: 0.012412  max mem: 19472
I20260722 14:49:09 73825 dinov2 helpers.py:102] Training  [2600/7500]  eta: 0:30:38  lr: 0.0008 (0.0008)  wd: 0.1359 (0.0735)  mom: 0.9941 (0.9927)  last_layer_lr: 0.0008 (0.0008)  current_batch_size: 64.0000 (64.0000)  total_loss: 6.9545 (3.9107)  teacher_entropy_ratio: 0.0068 (0.3766)  dino_local_crops_loss: 5.9967 (2.9736)  dino_global_crops_loss: 0.7320 (0.3714)  ibot_loss: 0.2503 (0.5657)  time: 0.378366  data: 0.037246  max mem: 19472
I20260722 14:49:13 73825 dinov2 helpers.py:102] Training  [2610/7500]  eta: 0:30:34  lr: 0.0008 (0.0008)  wd: 0.1366 (0.0738)  mom: 0.9941 (0.9928)  last_layer_lr: 0.0008 (0.0008)  current_batch_size: 64.0000 (64.0000)  total_loss: 6.6267 (3.9196)  teacher_entropy_ratio: 0.0008 (0.3751)  dino_local_crops_loss: 5.7311 (2.9828)  dino_global_crops_loss: 0.6660 (0.3724)  ibot_loss: 0.2343 (0.5644)  time: 0.383813  data: 0.046777  max mem: 19472
I20260722 14:49:17 73825 dinov2 helpers.py:102] Training  [2620/7500]  eta: 0:30:31  lr: 0.0008 (0.0008)  wd: 0.1373 (0.0740)  mom: 0.9942 (0.9928)  last_layer_lr: 0.0008 (0.0008)  current_batch_size: 64.0000 (64.0000)  total_loss: 5.8681 (3.9217)  teacher_entropy_ratio: 0.0005 (0.3737)  dino_local_crops_loss: 5.0376 (2.9860)  dino_global_crops_loss: 0.5793 (0.3726)  ibot_loss: 0.2256 (0.5631)  time: 0.387537  data: 0.046591  max mem: 19472
I20260722 14:49:20 73825 dinov2 helpers.py:102] Training  [2630/7500]  eta: 0:30:26  lr: 0.0008 (0.0008)  wd: 0.1379 (0.0743)  mom: 0.9942 (0.9928)  last_layer_lr: 0.0008 (0.0008)  current_batch_size: 64.0000 (64.0000)  total_loss: 4.5365 (3.9210)  teacher_entropy_ratio: 0.0008 (0.3723)  dino_local_crops_loss: 3.8844 (2.9867)  dino_global_crops_loss: 0.3848 (0.3725)  ibot_loss: 0.2296 (0.5618)  time: 0.371698  data: 0.025272  max mem: 19472
I20260722 14:49:24 73825 dinov2 helpers.py:102] Training  [2640/7500]  eta: 0:30:23  lr: 0.0008 (0.0008)  wd: 0.1386 (0.0745)  mom: 0.9942 (0.9928)  last_layer_lr: 0.0008 (0.0008)  current_batch_size: 64.0000 (64.0000)  total_loss: 5.6336 (3.9295)  teacher_entropy_ratio: 0.0030 (0.3709)  dino_local_crops_loss: 4.8506 (2.9955)  dino_global_crops_loss: 0.5650 (0.3734)  ibot_loss: 0.2317 (0.5605)  time: 0.375331  data: 0.029111  max mem: 19472
I20260722 14:49:28 73825 dinov2 helpers.py:102] Training  [2650/7500]  eta: 0:30:19  lr: 0.0008 (0.0008)  wd: 0.1393 (0.0748)  mom: 0.9942 (0.9928)  last_layer_lr: 0.0008 (0.0008)  current_batch_size: 64.0000 (64.0000)  total_loss: 6.3163 (3.9386)  teacher_entropy_ratio: 0.0123 (0.3696)  dino_local_crops_loss: 5.4316 (3.0048)  dino_global_crops_loss: 0.6321 (0.3745)  ibot_loss: 0.2304 (0.5593)  time: 0.374192  data: 0.029105  max mem: 19472
I20260722 14:49:31 73825 dinov2 helpers.py:102] Training  [2660/7500]  eta: 0:30:15  lr: 0.0008 (0.0008)  wd: 0.1400 (0.0750)  mom: 0.9942 (0.9928)  last_layer_lr: 0.0008 (0.0008)  current_batch_size: 64.0000 (64.0000)  total_loss: 6.2895 (3.9443)  teacher_entropy_ratio: 0.0515 (0.3686)  dino_local_crops_loss: 5.3906 (3.0112)  dino_global_crops_loss: 0.6294 (0.3751)  ibot_loss: 0.2272 (0.5580)  time: 0.346159  data: 0.004916  max mem: 19472
I20260722 14:49:35 73825 dinov2 helpers.py:102] Training  [2670/7500]  eta: 0:30:11  lr: 0.0008 (0.0008)  wd: 0.1406 (0.0753)  mom: 0.9942 (0.9928)  last_layer_lr: 0.0008 (0.0008)  current_batch_size: 64.0000 (64.0000)  total_loss: 4.6425 (3.9438)  teacher_entropy_ratio: 0.1783 (0.3687)  dino_local_crops_loss: 3.8983 (3.0117)  dino_global_crops_loss: 0.4753 (0.3752)  ibot_loss: 0.2285 (0.5569)  time: 0.353902  data: 0.004690  max mem: 19472
I20260722 14:49:38 73825 dinov2 helpers.py:102] Training  [2680/7500]  eta: 0:30:06  lr: 0.0008 (0.0008)  wd: 0.1413 (0.0755)  mom: 0.9943 (0.9928)  last_layer_lr: 0.0008 (0.0008)  current_batch_size: 64.0000 (64.0000)  total_loss: 5.6338 (3.9573)  teacher_entropy_ratio: 0.6338 (0.3706)  dino_local_crops_loss: 4.7802 (3.0249)  dino_global_crops_loss: 0.5975 (0.3769)  ibot_loss: 0.2332 (0.5556)  time: 0.350117  data: 0.000413  max mem: 19472
I20260722 14:49:42 73825 dinov2 helpers.py:102] Training  [2690/7500]  eta: 0:30:02  lr: 0.0008 (0.0008)  wd: 0.1420 (0.0757)  mom: 0.9943 (0.9928)  last_layer_lr: 0.0008 (0.0008)  current_batch_size: 64.0000 (64.0000)  total_loss: 8.2953 (3.9738)  teacher_entropy_ratio: 0.9694 (0.3729)  dino_local_crops_loss: 7.1853 (3.0406)  dino_global_crops_loss: 0.8982 (0.3788)  ibot_loss: 0.2295 (0.5544)  time: 0.341577  data: 0.000430  max mem: 19472
I20260722 14:49:45 73825 fvcore.common.checkpoint __init__.py:109] Saving checkpoint to /sci/labs/arieljaffe/dan.abergel1/runs/brain/samesl_t005/model_0002699.rank_0.pth
I20260722 14:49:47 73825 dinov2 helpers.py:102] Training  [2700/7500]  eta: 0:30:00  lr: 0.0008 (0.0008)  wd: 0.1427 (0.0760)  mom: 0.9943 (0.9928)  last_layer_lr: 0.0008 (0.0008)  current_batch_size: 64.0000 (64.0000)  total_loss: 8.2525 (3.9892)  teacher_entropy_ratio: 0.9661 (0.3750)  dino_local_crops_loss: 7.1603 (3.0554)  dino_global_crops_loss: 0.8950 (0.3807)  ibot_loss: 0.2266 (0.5532)  time: 0.425358  data: 0.024740  max mem: 19472
I20260722 14:49:50 73825 dinov2 helpers.py:102] Training  [2710/7500]  eta: 0:29:56  lr: 0.0008 (0.0008)  wd: 0.1434 (0.0762)  mom: 0.9943 (0.9928)  last_layer_lr: 0.0008 (0.0008)  current_batch_size: 64.0000 (64.0000)  total_loss: 7.9357 (4.0031)  teacher_entropy_ratio: 0.9271 (0.3770)  dino_local_crops_loss: 6.8665 (3.0688)  dino_global_crops_loss: 0.8583 (0.3824)  ibot_loss: 0.2180 (0.5519)  time: 0.422808  data: 0.024911  max mem: 19472
I20260722 14:49:54 73825 dinov2 helpers.py:102] Training  [2720/7500]  eta: 0:29:52  lr: 0.0008 (0.0008)  wd: 0.1440 (0.0765)  mom: 0.9943 (0.9928)  last_layer_lr: 0.0008 (0.0008)  current_batch_size: 64.0000 (64.0000)  total_loss: 7.8799 (4.0184)  teacher_entropy_ratio: 0.8772 (0.3787)  dino_local_crops_loss: 6.7985 (3.0835)  dino_global_crops_loss: 0.8498 (0.3842)  ibot_loss: 0.2183 (0.5507)  time: 0.342877  data: 0.000374  max mem: 19472
I20260722 14:49:57 73825 dinov2 helpers.py:102] Training  [2730/7500]  eta: 0:29:47  lr: 0.0008 (0.0008)  wd: 0.1447 (0.0767)  mom: 0.9943 (0.9928)  last_layer_lr: 0.0008 (0.0008)  current_batch_size: 64.0000 (64.0000)  total_loss: 8.3197 (4.0342)  teacher_entropy_ratio: 0.8152 (0.3802)  dino_local_crops_loss: 7.2161 (3.0986)  dino_global_crops_loss: 0.9017 (0.3861)  ibot_loss: 0.2186 (0.5495)  time: 0.343641  data: 0.000355  max mem: 19472
I20260722 14:50:00 73825 dinov2 helpers.py:102] Training  [2740/7500]  eta: 0:29:43  lr: 0.0008 (0.0008)  wd: 0.1454 (0.0770)  mom: 0.9943 (0.9928)  last_layer_lr: 0.0008 (0.0008)  current_batch_size: 64.0000 (64.0000)  total_loss: 8.3114 (4.0497)  teacher_entropy_ratio: 0.7377 (0.3813)  dino_local_crops_loss: 7.1963 (3.1135)  dino_global_crops_loss: 0.8990 (0.3880)  ibot_loss: 0.2201 (0.5483)  time: 0.347508  data: 0.007868  max mem: 19472
I20260722 14:50:05 73825 dinov2 helpers.py:102] Training  [2750/7500]  eta: 0:29:42  lr: 0.0008 (0.0008)  wd: 0.1461 (0.0773)  mom: 0.9944 (0.9928)  last_layer_lr: 0.0008 (0.0008)  current_batch_size: 64.0000 (64.0000)  total_loss: 8.1911 (4.0647)  teacher_entropy_ratio: 0.6137 (0.3818)  dino_local_crops_loss: 7.0957 (3.1277)  dino_global_crops_loss: 0.8883 (0.3897)  ibot_loss: 0.2260 (0.5472)  time: 0.420812  data: 0.076902  max mem: 19472
I20260722 14:50:09 73825 dinov2 helpers.py:102] Training  [2760/7500]  eta: 0:29:37  lr: 0.0008 (0.0008)  wd: 0.1468 (0.0775)  mom: 0.9944 (0.9928)  last_layer_lr: 0.0008 (0.0008)  current_batch_size: 64.0000 (64.0000)  total_loss: 8.1371 (4.0792)  teacher_entropy_ratio: 0.4230 (0.3816)  dino_local_crops_loss: 6.9680 (3.1415)  dino_global_crops_loss: 0.8696 (0.3915)  ibot_loss: 0.2803 (0.5463)  time: 0.412466  data: 0.069396  max mem: 19472
I20260722 14:50:12 73825 dinov2 helpers.py:102] Training  [2770/7500]  eta: 0:29:33  lr: 0.0008 (0.0008)  wd: 0.1475 (0.0778)  mom: 0.9944 (0.9928)  last_layer_lr: 0.0008 (0.0008)  current_batch_size: 64.0000 (64.0000)  total_loss: 7.9539 (4.0928)  teacher_entropy_ratio: 0.1524 (0.3804)  dino_local_crops_loss: 6.8251 (3.1544)  dino_global_crops_loss: 0.8531 (0.3931)  ibot_loss: 0.2863 (0.5453)  time: 0.342892  data: 0.000522  max mem: 19472
I20260722 14:50:16 73825 dinov2 helpers.py:102] Training  [2780/7500]  eta: 0:29:29  lr: 0.0008 (0.0008)  wd: 0.1482 (0.0780)  mom: 0.9944 (0.9928)  last_layer_lr: 0.0008 (0.0008)  current_batch_size: 64.0000 (64.0000)  total_loss: 7.7847 (4.1060)  teacher_entropy_ratio: 0.0133 (0.3791)  dino_local_crops_loss: 6.6767 (3.1670)  dino_global_crops_loss: 0.8338 (0.3947)  ibot_loss: 0.2780 (0.5443)  time: 0.343985  data: 0.000737  max mem: 19472
I20260722 14:50:19 73825 dinov2 helpers.py:102] Training  [2790/7500]  eta: 0:29:24  lr: 0.0008 (0.0008)  wd: 0.1489 (0.0783)  mom: 0.9944 (0.9929)  last_layer_lr: 0.0008 (0.0008)  current_batch_size: 64.0000 (64.0000)  total_loss: 7.7279 (4.1190)  teacher_entropy_ratio: 0.0015 (0.3777)  dino_local_crops_loss: 6.6437 (3.1795)  dino_global_crops_loss: 0.8318 (0.3962)  ibot_loss: 0.2564 (0.5433)  time: 0.341629  data: 0.000841  max mem: 19472
I20260722 14:50:23 73825 dinov2 helpers.py:102] Training  [2800/7500]  eta: 0:29:20  lr: 0.0008 (0.0008)  wd: 0.1496 (0.0785)  mom: 0.9944 (0.9929)  last_layer_lr: 0.0008 (0.0008)  current_batch_size: 64.0000 (64.0000)  total_loss: 7.6988 (4.1317)  teacher_entropy_ratio: 0.0006 (0.3764)  dino_local_crops_loss: 6.6398 (3.1918)  dino_global_crops_loss: 0.8253 (0.3977)  ibot_loss: 0.2328 (0.5421)  time: 0.348478  data: 0.000829  max mem: 19472
I20260722 14:50:26 73825 dinov2 helpers.py:102] Training  [2810/7500]  eta: 0:29:16  lr: 0.0008 (0.0008)  wd: 0.1502 (0.0788)  mom: 0.9944 (0.9929)  last_layer_lr: 0.0008 (0.0008)  current_batch_size: 64.0000 (64.0000)  total_loss: 7.6735 (4.1442)  teacher_entropy_ratio: 0.0006 (0.3751)  dino_local_crops_loss: 6.6226 (3.2039)  dino_global_crops_loss: 0.8244 (0.3993)  ibot_loss: 0.2188 (0.5410)  time: 0.351959 o: 0.0086 (0.2555)  dino_local_crops_loss: 1.2669 (3.2399)  dino_global_crops_loss: 0.1584 (0.4053)  ibot_loss: 0.3166 (0.5098)  time: 0.343820  data: 0.000603  max mem: 19472
I20260722 14:50:18 4140328 dinov2 helpers.py:102] Training  [2900/7500]  eta: 0:27:36  lr: 0.0008 (0.0008)  wd: 0.1566 (0.0811)  mom: 0.9946 (0.9929)  last_layer_lr: 0.0008 (0.0008)  current_batch_size: 64.0000 (64.0000)  total_loss: 1.6940 (4.1464)  teacher_entropy_ratio: 0.0059 (0.2546)  dino_local_crops_loss: 1.1919 (3.2328)  dino_global_crops_loss: 0.1487 (0.4044)  ibot_loss: 0.3233 (0.5092)  time: 0.341002  data: 0.000913  max mem: 19472
I20260722 14:50:22 4140328 dinov2 helpers.py:102] Training  [2910/7500]  eta: 0:27:32  lr: 0.0008 (0.0008)  wd: 0.1573 (0.0814)  mom: 0.9946 (0.9929)  last_layer_lr: 0.0008 (0.0008)  current_batch_size: 64.0000 (64.0000)  total_loss: 1.6081 (4.1376)  teacher_entropy_ratio: 0.0059 (0.2538)  dino_local_crops_loss: 1.1754 (3.2258)  dino_global_crops_loss: 0.1471 (0.4035)  ibot_loss: 0.2934 (0.5083)  time: 0.349080  data: 0.008350  max mem: 19472
I20260722 14:50:25 4140328 dinov2 helpers.py:102] Training  [2920/7500]  eta: 0:27:28  lr: 0.0008 (0.0008)  wd: 0.1580 (0.0816)  mom: 0.9946 (0.9929)  last_layer_lr: 0.0008 (0.0008)  current_batch_size: 64.0000 (64.0000)  total_loss: 1.4949 (4.1281)  teacher_entropy_ratio: 0.0074 (0.2529)  dino_local_crops_loss: 1.1094 (3.2182)  dino_global_crops_loss: 0.1388 (0.4026)  ibot_loss: 0.2480 (0.5074)  time: 0.347285  data: 0.007869  max mem: 19472
I20260722 14:50:29 4140328 dinov2 helpers.py:102] Training  [2930/7500]  eta: 0:27:25  lr: 0.0008 (0.0008)  wd: 0.1587 (0.0819)  mom: 0.9946 (0.9929)  last_layer_lr: 0.0008 (0.0008)  current_batch_size: 64.0000 (64.0000)  total_loss: 1.1303 (4.1174)  teacher_entropy_ratio: 0.0056 (0.2521)  dino_local_crops_loss: 0.8070 (3.2094)  dino_global_crops_loss: 0.1009 (0.4015)  ibot_loss: 0.2391 (0.5066)  time: 0.362847  data: 0.024079  max mem: 19472
I20260722 14:50:33 4140328 dinov2 helpers.py:102] Training  [2940/7500]  eta: 0:27:21  lr: 0.0008 (0.0008)  wd: 0.1594 (0.0822)  mom: 0.9947 (0.9929)  last_layer_lr: 0.0008 (0.0008)  current_batch_size: 64.0000 (64.0000)  total_loss: 0.8185 (4.1060)  teacher_entropy_ratio: 0.0031 (0.2513)  dino_local_crops_loss: 0.4827 (3.1999)  dino_global_crops_loss: 0.0603 (0.4003)  ibot_loss: 0.2647 (0.5058)  time: 0.369026  data: 0.024174  max mem: 19472
I20260722 14:50:36 4140328 dinov2 helpers.py:102] Training  [2950/7500]  eta: 0:27:18  lr: 0.0008 (0.0008)  wd: 0.1601 (0.0824)  mom: 0.9947 (0.9929)  last_layer_lr: 0.0008 (0.0008)  current_batch_size: 64.0000 (64.0000)  total_loss: 0.6469 (4.0939)  teacher_entropy_ratio: 0.0027 (0.2504)  dino_local_crops_loss: 0.3729 (3.1901)  dino_global_crops_loss: 0.0469 (0.3991)  ibot_loss: 0.2310 (0.5048)  time: 0.347619  data: 0.000691  max mem: 19472
I20260722 14:50:40 4140328 dinov2 helpers.py:102] Training  [2960/7500]  eta: 0:27:14  lr: 0.0008 (0.0008)  wd: 0.1608 (0.0827)  mom: 0.9947 (0.9929)  last_layer_lr: 0.0008 (0.0008)  current_batch_size: 64.0000 (64.0000)  total_loss: 0.5218 (4.0817)  teacher_entropy_ratio: 0.0017 (0.2496)  dino_local_crops_loss: 0.2576 (3.1801)  dino_global_crops_loss: 0.0322 (0.3978)  ibot_loss: 0.2102 (0.5038)  time: 0.348450  data: 0.002502  max mem: 19472
I20260722 14:50:43 4140328 dinov2 helpers.py:102] Training  [2970/7500]  eta: 0:27:10  lr: 0.0008 (0.0008)  wd: 0.1615 (0.0830)  mom: 0.9947 (0.9930)  last_layer_lr: 0.0008 (0.0008)  current_batch_size: 64.0000 (64.0000)  total_loss: 0.5226 (4.0698)  teacher_entropy_ratio: 0.0016 (0.2487)  dino_local_crops_loss: 0.2333 (3.1702)  dino_global_crops_loss: 0.0289 (0.3966)  ibot_loss: 0.2400 (0.5031)  time: 0.354625  data: 0.006098  max mem: 19472
I20260722 14:50:47 4140328 dinov2 helpers.py:102] Training  [2980/7500]  eta: 0:27:06  lr: 0.0008 (0.0008)  wd: 0.1622 (0.0832)  mom: 0.9947 (0.9930)  last_layer_lr: 0.0008 (0.0008)  current_batch_size: 64.0000 (64.0000)  total_loss: 0.5332 (4.0580)  teacher_entropy_ratio: 0.0015 (0.2479)  dino_local_crops_loss: 0.2192 (3.1603)  dino_global_crops_loss: 0.0275 (0.3953)  ibot_loss: 0.3007 (0.5024)  time: 0.352206  data: 0.004026  max mem: 19472
I20260722 14:50:50 4140328 dinov2 helpers.py:102] Training  [2990/7500]  eta: 0:27:03  lr: 0.0008 (0.0008)  wd: 0.1629 (0.0835)  mom: 0.9947 (0.9930)  last_layer_lr: 0.0008 (0.0008)  current_batch_size: 64.0000 (64.0000)  total_loss: 0.5806 (4.0467)  teacher_entropy_ratio: 0.0018 (0.2471)  dino_local_crops_loss: 0.2455 (3.1508)  dino_global_crops_loss: 0.0307 (0.3941)  ibot_loss: 0.3042 (0.5017)  time: 0.347735  data: 0.000613  max mem: 19472
I20260722 14:50:54 4140328 dinov2 helpers.py:102] Training  [3000/7500]  eta: 0:26:59  lr: 0.0008 (0.0008)  wd: 0.1637 (0.0838)  mom: 0.9947 (0.9930)  last_layer_lr: 0.0008 (0.0008)  current_batch_size: 64.0000 (64.0000)  total_loss: 0.7478 (4.0358)  teacher_entropy_ratio: 0.0031 (0.2463)  dino_local_crops_loss: 0.3686 (3.1418)  dino_global_crops_loss: 0.0466 (0.3930)  ibot_loss: 0.3030 (0.5011)  time: 0.346888  data: 0.000961  max mem: 19472
I20260722 14:50:57 4140328 dinov2 helpers.py:102] Training  [3010/7500]  eta: 0:26:55  lr: 0.0008 (0.0008)  wd: 0.1644 (0.0840)  mom: 0.9948 (0.9930)  last_layer_lr: 0.0008 (0.0008)  current_batch_size: 64.0000 (64.0000)  total_loss: 1.0180 (4.0322)  teacher_entropy_ratio: 0.0068 (0.2456)  dino_local_crops_loss: 0.6359 (3.1390)  dino_global_crops_loss: 0.0796 (0.3927)  ibot_loss: 0.3087 (0.5005)  time: 0.350771  data: 0.009649  max mem: 19472
I20260722 14:51:01 4140328 dinov2 helpers.py:102] Training  [3020/7500]  eta: 0:26:51  lr: 0.0007 (0.0008)  wd: 0.1651 (0.0843)  mom: 0.9948 (0.9930)  last_layer_lr: 0.0007 (0.0008)  current_batch_size: 64.0000 (64.0000)  total_loss: 2.0440 (4.0272)  teacher_entropy_ratio: 0.0257 (0.2448)  dino_local_crops_loss: 1.5588 (3.1352)  dino_global_crops_loss: 0.1948 (0.3922)  ibot_loss: 0.3251 (0.4999)  time: 0.352761  data: 0.009685  max mem: 19472
I20260722 14:51:04 4140328 dinov2 helpers.py:102] Training  [3030/7500]  eta: 0:26:48  lr: 0.0007 (0.0008)  wd: 0.1658 (0.0846)  mom: 0.9948 (0.9930)  last_layer_lr: 0.0007 (0.0008)  current_batch_size: 64.0000 (64.0000)  total_loss: 0.9411 (4.0159)  teacher_entropy_ratio: 0.0040 (0.2440)  dino_local_crops_loss: 0.5425 (3.1256)  dino_global_crops_loss: 0.0683 (0.3910)  ibot_loss: 0.3149 (0.4993)  time: 0.349681  data: 0.000635  max mem: 19472
I20260722 14:51:08 4140328 dinov2 helpers.py:102] Training  [3040/7500]  eta: 0:26:44  lr: 0.0007 (0.0008)  wd: 0.1665 (0.0849)  mom: 0.9948 (0.9930)  last_layer_lr: 0.0007 (0.0008)  current_batch_size: 64.0000 (64.0000)  total_loss: 0.3977 (4.0038)  teacher_entropy_ratio: 0.0000 (0.2432)  dino_local_crops_loss: 0.0797 (3.1155)  dino_global_crops_loss: 0.0100 (0.3897)  ibot_loss: 0.2958 (0.4986)  time: 0.345624  data: 0.000606  max mem: 19472
I20260722 14:51:11 4140328 dinov2 helpers.py:102] Training  [3050/7500]  eta: 0:26:40  lr: 0.0007 (0.0008)  wd: 0.1673 (0.0851)  mom: 0.9948 (0.9930)  last_layer_lr: 0.0007 (0.0008)  current_batch_size: 64.0000 (64.0000)  total_loss: 0.2531 (3.9914)  teacher_entropy_ratio: 0.0000 (0.2424)  dino_local_crops_loss: 0.0378 (3.1054)  dino_global_crops_loss: 0.0047 (0.3885)  ibot_loss: 0.2144 (0.4976)  time: 0.350589  data: 0.001089  max mem: 19472
I20260722 14:51:15 4140328 dinov2 helpers.py:102] Training  [3060/7500]  eta: 0:26:36  lr: 0.0007 (0.0008)  wd: 0.1680 (0.0854)  mom: 0.9948 (0.9930)  last_layer_lr: 0.0007 (0.0008)  current_batch_size: 64.0000 (64.0000)  total_loss: 0.2034 (3.9790)  teacher_entropy_ratio: 0.0000 (0.2416)  dino_local_crops_loss: 0.0301 (3.0953)  dino_global_crops_loss: 0.0038 (0.3872)  ibot_loss: 0.1702 (0.4964)  time: 0.349452  data: 0.000725  max mem: 19472
I20260722 14:51:18 4140328 dinov2 helpers.py:102] Training  [3070/7500]  eta: 0:26:33  lr: 0.0007 (0.0008)  wd: 0.1687 (0.0857)  mom: 0.9949 (0.9930)  last_layer_lr: 0.0007 (0.0008)  current_batch_size: 64.0000 (64.0000)  total_loss: 0.1964 (3.9667)  teacher_entropy_ratio: 0.0000 (0.2408)  dino_local_crops_loss: 0.0212 (3.0853)  dino_global_crops_loss: 0.0027 (0.3859)  ibot_loss: 0.1678 (0.4954)  time: 0.343697  data: 0.000443  max mem: 19472
I20260722 14:51:22 4140328 dinov2 helpers.py:102] Training  [3080/7500]  eta: 0:26:29  lr: 0.0007 (0.0008)  wd: 0.1694 (0.0859)  mom: 0.9949 (0.9930)  last_layer_lr: 0.0007 (0.0008)  current_batch_size: 64.0000 (64.0000)  total_loss: 0.1882 (3.9544)  teacher_entropy_ratio: 0.0000 (0.2401)  dino_local_crops_loss: 0.0159 (3.0753)  dino_global_crops_loss: 0.0020 (0.3847)  ibot_loss: 0.1678 (0.4944)  time: 0.346274  data: 0.000417  max mem: 19472
I20260722 14:51:25 4140328 dinov2 helpers.py:102] Training  [3090/7500]  eta: 0:26:25  lr: 0.0007 (0.0008)  wd: 0.1701 (0.0862)  mom: 0.9949 (0.9930)  last_layer_lr: 0.0007 (0.0008)  current_batch_size: 64.0000 (64.0000)  total_loss: 0.1749 (3.9422)  teacher_entropy_ratio: 0.0000 (0.2393)  dino_local_crops_loss: 0.0170 (3.0655)  dino_global_crops_loss: 0.0021 (0.3835)  ibot_loss: 0.1558 (0.4933)  time: 0.344172  data: 0.000577  max mem: 19472
I20260722 14:51:29 4140328 dinov2 helpers.py:102] Training  [3100/7500]  eta: 0:26:21  lr: 0.0007 (0.0008)  wd: 0.1709 (0.0865)  mom: 0.9949 (0.9930)  last_layer_lr: 0.0007 (0.0008)  current_batch_size: 64.0000 (64.0000)  total_loss: 0.1665 (3.9300)  teacher_entropy_ratio: 0.0000 (0.2385)  dino_local_crops_loss: 0.0174 (3.0556)  dino_global_crops_loss: 0.0022 (0.3822)  ibot_loss: 0.1460 (0.4921)  time: 0.349199  data: 0.009023  max mem: 19472
I20260722 14:51:32 4140328 dinov2 helpers.py:102] Training  [3110/7500]  eta: 0:26:18  lr: 0.0007 (0.0008)  wd: 0.1716 (0.0868)  mom: 0.9949 (0.9930)  last_layer_lr: 0.0007 (0.0008)  current_batch_size: 64.0000 (64.0000)  total_loss: 0.1856 (3.9182)  teacher_entropy_ratio: 0.0000 (0.2378)  dino_local_crops_loss: 0.0148 (3.0459)  dino_global_crops_loss: 0.0018 (0.3810)  ibot_loss: 0.1701 (0.4913)  time: 0.353135  data: 0.008642  max mem: 19472
I20260722 14:51:36 4140328 dinov2 helpers.py:102] Training  [3120/7500]  eta: 0:26:14  lr: 0.0007 (0.0008)  wd: 0.1723 (0.0870)  mom: 0.9949 (0.9930)  last_layer_lr: 0.0007 (0.0008)  current_batch_size: 64.0000 (64.0000)  total_loss: 0.2545 (3.9065)  teacher_entropy_ratio: 0.0011 (0.2370)  dino_local_crops_loss: 0.0317 (3.0364)  dino_global_crops_loss: 0.0040 (0.3798)  ibot_loss: 0.2032 (0.4903)  time: 0.347921  data: 0.000418  max mem: 19472
I20260722 14:51:39 4140328 dinov2 helpers.py:102] Training  [3130/7500]  eta: 0:26:10  lr: 0.0007 (0.0008)  wd: 0.1730 (0.0873)  mom: 0.9950 (0.9931)  last_layer_lr: 0.0007 (0.0008)  current_batch_size: 64.0000 (64.0000)  total_loss: 0.3263 (3.8990)  teacher_entropy_ratio: 0.0045 (0.2364)  dino_local_crops_loss: 0.1088 (3.0305)  dino_global_crops_loss: 0.0136 (0.3791)  ibot_loss: 0.1969 (0.4894)  time: 0.356868  data: 0.009332  max mem: 19472
I20260722 14:51:43 4140328 dinov2 helpers.py:102] Training  [3140/7500]  eta: 0:26:06  lr: 0.0007 (0.0008)  wd: 0.1738 (0.0876)  mom: 0.9950 (0.9931)  last_layer_lr: 0.0007 (0.0008)  current_batch_size: 64.0000 (64.0000)  total_loss: 1.8201 (3.8956)  teacher_entropy_ratio: 0.0433 (0.2357)  dino_local_crops_loss: 1.3605 (3.0282)  dino_global_crops_loss: 0.1705 (0.3788)  ibot_loss: 0.2169 (0.4886)  time: 0.353813  data: 0.009328  max mem: 19472
I20260722 14:51:46 4140328 fvcore.common.checkpoint __init__.py:109] Saving checkpoint to /sci/labs/arieljaffe/dan.abergel1/runs/brain/samesl_t005/model_0003149.rank_0.pth
I20260722 14:51:47 4140328 dinov2 helpers.py:102] Training  [3150/7500]  eta: 0:26:04  lr: 0.0007 (0.0008)  wd: 0.1745 (0.0879)  mom: 0.9950 (0.9931)  last_layer_lr: 0.0007 (0.0008)  current_batch_size: 64.0000 (64.0000)  total_loss: 1.1966 (3.8859)  teacher_entropy_ratio: 0.0370 (0.2351)  dino_local_crops_loss: 0.7946 (3.0201)  dino_global_crops_loss: 0.0996 (0.3778)  ibot_loss: 0.2525 (0.4881)  time: 0.409238  data: 0.011571  max mem: 19472
I20260722 14:51:51 4140328 dinov2 helpers.py:102] Training  [3160/7500]  eta: 0:26:01  lr: 0.0007 (0.0008)  wd: 0.1752 (0.0882)  mom: 0.9950 (0.9931)  last_layer_lr: 0.0007 (0.0008)  current_batch_size: 64.0000 (64.0000)  total_loss: 0.4943 (3.8747)  teacher_entropy_ratio: 0.0078 (0.2343)  dino_local_crops_loss: 0.2127 (3.0109)  dino_global_crops_loss: 0.0277 (0.3766)  ibot_loss: 0.2407 (0.4872)  time: 0.407215  data: 0.011577  max mem: 19472
I20260722 14:51:54 4140328 dinov2 helpers.py:102] Training  [3170/7500]  eta: 0:25:57  lr: 0.0007 (0.0008)  wd: 0.1760 (0.0884)  mom: 0.9950 (0.9931)  last_layer_lr: 0.0007 (0.0008)  current_batch_size: 64.0000 (64.0000)  total_loss: 0.2376 (3.8632)  teacher_entropy_ratio: 0.0005 (0.2336)  dino_local_crops_loss: 0.0341 (3.0015)  dino_global_crops_loss: 0.0045 (0.3755)  ibot_loss: 0.1877 (0.4862)  time: 0.340662  data: 0.000650  max mem: 19472
I20260722 14:51:58 4140328 dinov2 helpers.py:102] Training  [3180/7500]  eta: 0:25:53  lr: 0.0007 (0.0008)  wd: 0.1767 (0.0887)  mom: 0.9950 (0.9931)  last_layer_lr: 0.0007 (0.0008)  current_batch_size: 64.0000 (64.0000)  total_loss: 0.2075 (3.8517)  teacher_entropy_ratio: 0.0000 (0.2329)  dino_local_crops_loss: 0.0240 (2.9921)  dino_global_crops_loss: 0.0032 (0.3743)  ibot_loss: 0.1797 (0.4852)  time: 0.348364  data: 0.000492  max mem: 19472
I20260722 14:52:01 4140328 dinov2 helpers.py:102] Training  [3190/7500]  eta: 0:25:49  lr: 0.0007 (0.0008)  wd: 0.1774 (0.0890)  mom: 0.9951 (0.9931)  last_layer_lr: 0.0007 (0.0008)  current_batch_size: 64.0000 (64.0000)  total_loss: 0.2125 (3.8403)  teacher_entropy_ratio: 0.0000 (0.2321)  dino_local_crops_loss: 0.0217 (2.9828)  dino_global_crops_loss: 0.0029 (0.3731)  ibot_loss: 0.1888 (0.4844)  time: 0.347707  data: 0.000658  max mem: 19472
I20260722 14:52:05 4140328 dinov2 helpers.py:102] Training  [3200/7500]  eta: 0:25:45  lr: 0.0007 (0.0008)  wd: 0.1782 (0.0893)  mom: 0.9951 (0.9931)  last_layer_lr: 0.0007 (0.0008)  current_batch_size: 64.0000 (64.0000)  total_loss: 0.2450 (3.8293)  teacher_entropy_ratio: 0.0000 (0.2314)  dino_local_crops_loss: 0.0196 (2.9738)  dino_global_crops_loss: 0.0026 (0.3720)  ibot_loss: 0.2096 (0.4835)  time: 0.343040  data: 0.000615  max mem: 19472
I20260722 14:52:08 4140328 dinov2 helpers.py:102] Training  [3210/7500]  eta: 0:25:42  lr: 0.0007 (0.0008)  wd: 0.1789 (0.0895)  mom: 0.9951 (0.9931)  last_layer_lr: 0.0007 (0.0008)  current_batch_size: 64.0000 (64.0000)  total_loss: 0.3777 (3.8190)  teacher_entropy_ratio: 0.0006 (0.2307)  dino_local_crops_loss: 0.1328 (2.9653)  dino_global_crops_loss: 0.0169 (0.3709)  ibot_loss: 0.2101 (0.4827)  time: 0.344828  data: 0.000404  max mem: 19472
I20260722 14:52:12 4140328 dinov2 helpers.py:102] Training  [3220/7500]  eta: 0:25:38  lr: 0.0007 (0.0008)  wd: 0.1796 (0.0898)  mom: 0.9951 (0.9931)  last_layer_lr: 0.0007 (0.0008)  current_batch_size: 64.0000 (64.0000)  total_loss: 0.6229 (3.8102)  teacher_entropy_ratio: 0.0022 (0.2300)  dino_local_crops_loss: 0.3520 (2.9582)  dino_global_crops_loss: 0.0435 (0.3701)  ibot_loss: 0.2271 (0.4819)  time: 0.352406  data: 0.000930  max mem: 19472
I20260722 14:52:15 4140328 dinov2 helpers.py:102] Training  [3230/7500]  eta: 0:25:34  lr: 0.0007 (0.0008)  wd: 0.1804 (0.0901)  mom: 0.9951 (0.9931)  last_layer_lr: 0.0007 (0.0008)  current_batch_size: 64.0000 (64.0000)  total_loss: 1.3556 (3.8041)  teacher_entropy_ratio: 0.0067 (0.2293)  dino_local_crops_loss: 1.0012 (2.9533)  dino_global_crops_loss: 0.1230 (0.3694)  ibot_loss: 0.2504 (0.4813)  time: 0.349573  data: 0.000779  max mem: 19472
I20260722 14:52:19 4140328 dinov2 helpers.py:102] Training  [3240/7500]  eta: 0:25:30  lr: 0.0007 (0.0008)  wd: 0.1811 (0.0904)  mom: 0.9951 (0.9931)  last_layer_lr: 0.0007 (0.0008)  current_batch_size: 64.0000 (64.0000)  total_loss: 1.9782 (3.7985)  teacher_entropy_ratio: 0.0084 (0.2286)  dino_local_crops_loss: 1.4953 (2.9488)  dino_global_crops_loss: 0.1864 (0.3689)  ibot_loss: 0.2965 (0.4808)  time: 0.341365  data: 0.000448  max mem: 19472
I20260722 14:52:22 4140328 dinov2 helpers.py:102] Training  [3250/7500]  eta: 0:25:27  lr: 0.0007 (0.0008)  wd: 0.1818 (0.0907)  mom: 0.9952 (0.9931)  last_layer_lr: 0.0007 (0.0008)  current_batch_size: 64.0000 (64.0000)  total_loss: 1.6874 (3.7919)  teacher_entropy_ratio: 0.0050 (0.2279)  dino_local_crops_loss: 1.2301 (2.9434)  dino_global_crops_loss: 0.1538 (0.3682)  ibot_loss: 0.3243 (: 0.0007 (0.0008)  current_batch_size: 64.0000 (64.0000)  total_loss: 7.4789 (4.5656)  teacher_entropy_ratio: 0.0178 (0.3686)  dino_local_crops_loss: 6.4828 (3.6099)  dino_global_crops_loss: 0.8057 (0.4498)  ibot_loss: 0.1818 (0.5060)  time: 0.343058  data: 0.000560  max mem: 19472
I20260722 14:52:45 73825 dinov2 helpers.py:102] Training  [3190/7500]  eta: 0:26:49  lr: 0.0007 (0.0008)  wd: 0.1774 (0.0890)  mom: 0.9951 (0.9931)  last_layer_lr: 0.0007 (0.0008)  current_batch_size: 64.0000 (64.0000)  total_loss: 7.2513 (4.5738)  teacher_entropy_ratio: 0.0327 (0.3676)  dino_local_crops_loss: 6.2888 (3.6180)  dino_global_crops_loss: 0.7853 (0.4508)  ibot_loss: 0.1890 (0.5050)  time: 0.339896  data: 0.000487  max mem: 19472
I20260722 14:52:49 73825 dinov2 helpers.py:102] Training  [3200/7500]  eta: 0:26:46  lr: 0.0007 (0.0008)  wd: 0.1782 (0.0893)  mom: 0.9951 (0.9931)  last_layer_lr: 0.0007 (0.0008)  current_batch_size: 64.0000 (64.0000)  total_loss: 7.1504 (4.5817)  teacher_entropy_ratio: 0.0629 (0.3667)  dino_local_crops_loss: 6.1458 (3.6259)  dino_global_crops_loss: 0.7692 (0.4518)  ibot_loss: 0.2005 (0.5041)  time: 0.350131  data: 0.009338  max mem: 19472
I20260722 14:52:53 73825 dinov2 helpers.py:102] Training  [3210/7500]  eta: 0:26:42  lr: 0.0007 (0.0008)  wd: 0.1789 (0.0895)  mom: 0.9951 (0.9931)  last_layer_lr: 0.0007 (0.0008)  current_batch_size: 64.0000 (64.0000)  total_loss: 7.1568 (4.5904)  teacher_entropy_ratio: 0.1204 (0.3661)  dino_local_crops_loss: 6.1702 (3.6340)  dino_global_crops_loss: 0.7671 (0.4528)  ibot_loss: 0.2513 (0.5035)  time: 0.357253  data: 0.015735  max mem: 19472
I20260722 14:52:57 73825 dinov2 helpers.py:102] Training  [3220/7500]  eta: 0:26:38  lr: 0.0007 (0.0008)  wd: 0.1796 (0.0898)  mom: 0.9951 (0.9931)  last_layer_lr: 0.0007 (0.0008)  current_batch_size: 64.0000 (64.0000)  total_loss: 7.3413 (4.5989)  teacher_entropy_ratio: 0.2084 (0.3658)  dino_local_crops_loss: 6.2652 (3.6423)  dino_global_crops_loss: 0.7784 (0.4538)  ibot_loss: 0.2545 (0.5027)  time: 0.384293  data: 0.044487  max mem: 19472
I20260722 14:53:00 73825 dinov2 helpers.py:102] Training  [3230/7500]  eta: 0:26:34  lr: 0.0007 (0.0008)  wd: 0.1804 (0.0901)  mom: 0.9951 (0.9931)  last_layer_lr: 0.0007 (0.0008)  current_batch_size: 64.0000 (64.0000)  total_loss: 7.2742 (4.6056)  teacher_entropy_ratio: 0.3071 (0.3659)  dino_local_crops_loss: 6.2586 (3.6491)  dino_global_crops_loss: 0.7727 (0.4546)  ibot_loss: 0.2360 (0.5019)  time: 0.387450  data: 0.042878  max mem: 19472
I20260722 14:53:04 73825 dinov2 helpers.py:102] Training  [3240/7500]  eta: 0:26:30  lr: 0.0007 (0.0008)  wd: 0.1811 (0.0904)  mom: 0.9951 (0.9931)  last_layer_lr: 0.0007 (0.0008)  current_batch_size: 64.0000 (64.0000)  total_loss: 6.2591 (4.6088)  teacher_entropy_ratio: 0.4849 (0.3667)  dino_local_crops_loss: 5.3476 (3.6527)  dino_global_crops_loss: 0.6481 (0.4550)  ibot_loss: 0.2225 (0.5010)  time: 0.352509  data: 0.009265  max mem: 19472
I20260722 14:53:07 73825 dinov2 helpers.py:102] Training  [3250/7500]  eta: 0:26:26  lr: 0.0007 (0.0008)  wd: 0.1818 (0.0907)  mom: 0.9952 (0.9931)  last_layer_lr: 0.0007 (0.0008)  current_batch_size: 64.0000 (64.0000)  total_loss: 6.6434 (4.6176)  teacher_entropy_ratio: 0.7659 (0.3683)  dino_local_crops_loss: 5.6940 (3.6613)  dino_global_crops_loss: 0.7118 (0.4561)  ibot_loss: 0.2239 (0.5002)  time: 0.344398  data: 0.004265  max mem: 19472
I20260722 14:53:11 73825 dinov2 helpers.py:102] Training  [3260/7500]  eta: 0:26:23  lr: 0.0007 (0.0008)  wd: 0.1826 (0.0910)  mom: 0.9952 (0.9931)  last_layer_lr: 0.0007 (0.0008)  current_batch_size: 64.0000 (64.0000)  total_loss: 7.8856 (4.6280)  teacher_entropy_ratio: 0.9189 (0.3700)  dino_local_crops_loss: 6.8096 (3.6713)  dino_global_crops_loss: 0.8512 (0.4574)  ibot_loss: 0.2217 (0.4993)  time: 0.362434  data: 0.014149  max mem: 19472
I20260722 14:53:15 73825 dinov2 helpers.py:102] Training  [3270/7500]  eta: 0:26:19  lr: 0.0007 (0.0008)  wd: 0.1833 (0.0912)  mom: 0.9952 (0.9931)  last_layer_lr: 0.0007 (0.0008)  current_batch_size: 64.0000 (64.0000)  total_loss: 8.0595 (4.6386)  teacher_entropy_ratio: 0.9427 (0.3718)  dino_local_crops_loss: 6.9776 (3.6814)  dino_global_crops_loss: 0.8722 (0.4586)  ibot_loss: 0.2217 (0.4985)  time: 0.385591  data: 0.037519  max mem: 19472
I20260722 14:53:18 73825 dinov2 helpers.py:102] Training  [3280/7500]  eta: 0:26:15  lr: 0.0007 (0.0008)  wd: 0.1841 (0.0915)  mom: 0.9952 (0.9931)  last_layer_lr: 0.0007 (0.0008)  current_batch_size: 64.0000 (64.0000)  total_loss: 8.0393 (4.6488)  teacher_entropy_ratio: 0.9381 (0.3735)  dino_local_crops_loss: 6.9386 (3.6913)  dino_global_crops_loss: 0.8673 (0.4599)  ibot_loss: 0.2244 (0.4976)  time: 0.362470  data: 0.023618  max mem: 19472
I20260722 14:53:22 73825 dinov2 helpers.py:102] Training  [3290/7500]  eta: 0:26:11  lr: 0.0007 (0.0008)  wd: 0.1848 (0.0918)  mom: 0.9952 (0.9932)  last_layer_lr: 0.0007 (0.0008)  current_batch_size: 64.0000 (64.0000)  total_loss: 7.9309 (4.6586)  teacher_entropy_ratio: 0.9272 (0.3752)  dino_local_crops_loss: 6.8579 (3.7008)  dino_global_crops_loss: 0.8572 (0.4611)  ibot_loss: 0.2160 (0.4968)  time: 0.364128  data: 0.024465  max mem: 19472
I20260722 14:53:26 73825 dinov2 helpers.py:102] Training  [3300/7500]  eta: 0:26:08  lr: 0.0007 (0.0008)  wd: 0.1855 (0.0921)  mom: 0.9952 (0.9932)  last_layer_lr: 0.0007 (0.0008)  current_batch_size: 64.0000 (64.0000)  total_loss: 7.8778 (4.6684)  teacher_entropy_ratio: 0.9198 (0.3768)  dino_local_crops_loss: 6.8033 (3.7102)  dino_global_crops_loss: 0.8504 (0.4623)  ibot_loss: 0.2214 (0.4960)  time: 0.385833  data: 0.041672  max mem: 19472
I20260722 14:53:29 73825 dinov2 helpers.py:102] Training  [3310/7500]  eta: 0:26:03  lr: 0.0007 (0.0008)  wd: 0.1863 (0.0924)  mom: 0.9953 (0.9932)  last_layer_lr: 0.0007 (0.0008)  current_batch_size: 64.0000 (64.0000)  total_loss: 7.8517 (4.6780)  teacher_entropy_ratio: 0.9176 (0.3784)  dino_local_crops_loss: 6.7863 (3.7194)  dino_global_crops_loss: 0.8483 (0.4634)  ibot_loss: 0.2164 (0.4951)  time: 0.358162  data: 0.017657  max mem: 19472
I20260722 14:53:34 73825 dinov2 helpers.py:102] Training  [3320/7500]  eta: 0:26:00  lr: 0.0007 (0.0008)  wd: 0.1870 (0.0927)  mom: 0.9953 (0.9932)  last_layer_lr: 0.0007 (0.0008)  current_batch_size: 64.0000 (64.0000)  total_loss: 7.8554 (4.6876)  teacher_entropy_ratio: 0.9184 (0.3801)  dino_local_crops_loss: 6.7923 (3.7288)  dino_global_crops_loss: 0.8490 (0.4646)  ibot_loss: 0.2083 (0.4943)  time: 0.379821  data: 0.036955  max mem: 19472
I20260722 14:53:37 73825 dinov2 helpers.py:102] Training  [3330/7500]  eta: 0:25:56  lr: 0.0007 (0.0008)  wd: 0.1878 (0.0930)  mom: 0.9953 (0.9932)  last_layer_lr: 0.0007 (0.0008)  current_batch_size: 64.0000 (64.0000)  total_loss: 7.9058 (4.6973)  teacher_entropy_ratio: 0.9233 (0.3817)  dino_local_crops_loss: 6.8288 (3.7382)  dino_global_crops_loss: 0.8536 (0.4658)  ibot_loss: 0.2090 (0.4934)  time: 0.388057  data: 0.036753  max mem: 19472
I20260722 14:53:41 73825 dinov2 helpers.py:102] Training  [3340/7500]  eta: 0:25:52  lr: 0.0007 (0.0008)  wd: 0.1885 (0.0932)  mom: 0.9953 (0.9932)  last_layer_lr: 0.0007 (0.0008)  current_batch_size: 64.0000 (64.0000)  total_loss: 7.9636 (4.7073)  teacher_entropy_ratio: 0.9314 (0.3834)  dino_local_crops_loss: 6.8886 (3.7477)  dino_global_crops_loss: 0.8611 (0.4670)  ibot_loss: 0.2139 (0.4926)  time: 0.354324  data: 0.000411  max mem: 19472
I20260722 14:53:44 73825 dinov2 helpers.py:102] Training  [3350/7500]  eta: 0:25:48  lr: 0.0007 (0.0008)  wd: 0.1892 (0.0935)  mom: 0.9953 (0.9932)  last_layer_lr: 0.0007 (0.0008)  current_batch_size: 64.0000 (64.0000)  total_loss: 8.0512 (4.7174)  teacher_entropy_ratio: 0.9417 (0.3851)  dino_local_crops_loss: 6.9653 (3.7574)  dino_global_crops_loss: 0.8707 (0.4682)  ibot_loss: 0.2208 (0.4918)  time: 0.353002  data: 0.000426  max mem: 19472
I20260722 14:53:48 73825 dinov2 helpers.py:102] Training  [3360/7500]  eta: 0:25:44  lr: 0.0007 (0.0008)  wd: 0.1900 (0.0938)  mom: 0.9953 (0.9932)  last_layer_lr: 0.0007 (0.0008)  current_batch_size: 64.0000 (64.0000)  total_loss: 8.1699 (4.7278)  teacher_entropy_ratio: 0.9535 (0.3868)  dino_local_crops_loss: 7.0521 (3.7674)  dino_global_crops_loss: 0.8815 (0.4694)  ibot_loss: 0.2209 (0.4910)  time: 0.343954  data: 0.000423  max mem: 19472
I20260722 14:53:51 73825 dinov2 helpers.py:102] Training  [3370/7500]  eta: 0:25:40  lr: 0.0007 (0.0008)  wd: 0.1907 (0.0941)  mom: 0.9953 (0.9932)  last_layer_lr: 0.0007 (0.0008)  current_batch_size: 64.0000 (64.0000)  total_loss: 8.2425 (4.7384)  teacher_entropy_ratio: 0.9654 (0.3885)  dino_local_crops_loss: 7.1406 (3.7775)  dino_global_crops_loss: 0.8926 (0.4707)  ibot_loss: 0.2165 (0.4902)  time: 0.338913  data: 0.000425  max mem: 19472
I20260722 14:53:55 73825 dinov2 helpers.py:102] Training  [3380/7500]  eta: 0:25:36  lr: 0.0007 (0.0008)  wd: 0.1915 (0.0944)  mom: 0.9954 (0.9932)  last_layer_lr: 0.0007 (0.0008)  current_batch_size: 64.0000 (64.0000)  total_loss: 8.3410 (4.7494)  teacher_entropy_ratio: 0.9764 (0.3903)  dino_local_crops_loss: 7.2219 (3.7878)  dino_global_crops_loss: 0.9027 (0.4720)  ibot_loss: 0.2380 (0.4895)  time: 0.353585  data: 0.003178  max mem: 19472
I20260722 14:53:58 73825 dinov2 helpers.py:102] Training  [3390/7500]  eta: 0:25:32  lr: 0.0007 (0.0008)  wd: 0.1922 (0.0947)  mom: 0.9954 (0.9932)  last_layer_lr: 0.0007 (0.0008)  current_batch_size: 64.0000 (64.0000)  total_loss: 8.5513 (4.7607)  teacher_entropy_ratio: 0.9853 (0.3920)  dino_local_crops_loss: 7.2873 (3.7982)  dino_global_crops_loss: 0.9109 (0.4733)  ibot_loss: 0.3385 (0.4892)  time: 0.355190  data: 0.003363  max mem: 19472
I20260722 14:54:02 73825 dinov2 helpers.py:102] Training  [3400/7500]  eta: 0:25:29  lr: 0.0007 (0.0008)  wd: 0.1930 (0.0950)  mom: 0.9954 (0.9932)  last_layer_lr: 0.0007 (0.0008)  current_batch_size: 64.0000 (64.0000)  total_loss: 8.5513 (4.7712)  teacher_entropy_ratio: 0.9859 (0.3937)  dino_local_crops_loss: 7.2922 (3.8080)  dino_global_crops_loss: 0.9115 (0.4745)  ibot_loss: 0.3438 (0.4887)  time: 0.365922  data: 0.024125  max mem: 19472
I20260722 14:54:06 73825 dinov2 helpers.py:102] Training  [3410/7500]  eta: 0:25:25  lr: 0.0007 (0.0008)  wd: 0.1937 (0.0953)  mom: 0.9954 (0.9932)  last_layer_lr: 0.0007 (0.0008)  current_batch_size: 64.0000 (64.0000)  total_loss: 7.6598 (4.7741)  teacher_entropy_ratio: 0.8658 (0.3944)  dino_local_crops_loss: 6.5109 (3.8110)  dino_global_crops_loss: 0.8139 (0.4749)  ibot_loss: 0.3264 (0.4882)  time: 0.382261  data: 0.040203  max mem: 19472
I20260722 14:54:09 73825 dinov2 helpers.py:102] Training  [3420/7500]  eta: 0:25:21  lr: 0.0007 (0.0008)  wd: 0.1945 (0.0956)  mom: 0.9954 (0.9932)  last_layer_lr: 0.0007 (0.0008)  current_batch_size: 64.0000 (64.0000)  total_loss: 3.3585 (4.7673)  teacher_entropy_ratio: 0.3559 (0.3940)  dino_local_crops_loss: 2.7167 (3.8054)  dino_global_crops_loss: 0.3396 (0.4742)  ibot_loss: 0.3237 (0.4877)  time: 0.366984  data: 0.022692  max mem: 19472
I20260722 14:54:13 73825 dinov2 helpers.py:102] Training  [3430/7500]  eta: 0:25:17  lr: 0.0007 (0.0008)  wd: 0.1952 (0.0958)  mom: 0.9954 (0.9932)  last_layer_lr: 0.0007 (0.0008)  current_batch_size: 64.0000 (64.0000)  total_loss: 1.7999 (4.7580)  teacher_entropy_ratio: 0.1716 (0.3933)  dino_local_crops_loss: 1.3161 (3.7976)  dino_global_crops_loss: 0.1645 (0.4732)  ibot_loss: 0.3081 (0.4872)  time: 0.358238  data: 0.006653  max mem: 19472
I20260722 14:54:17 73825 dinov2 helpers.py:102] Training  [3440/7500]  eta: 0:25:13  lr: 0.0007 (0.0008)  wd: 0.1959 (0.0961)  mom: 0.9955 (0.9932)  last_layer_lr: 0.0007 (0.0008)  current_batch_size: 64.0000 (64.0000)  total_loss: 1.3629 (4.7478)  teacher_entropy_ratio: 0.1241 (0.3924)  dino_local_crops_loss: 0.9521 (3.7891)  dino_global_crops_loss: 0.1190 (0.4722)  ibot_loss: 0.2900 (0.4866)  time: 0.365005  data: 0.017532  max mem: 19472
I20260722 14:54:20 73825 dinov2 helpers.py:102] Training  [3450/7500]  eta: 0:25:10  lr: 0.0007 (0.0008)  wd: 0.1967 (0.0964)  mom: 0.9955 (0.9933)  last_layer_lr: 0.0007 (0.0008)  current_batch_size: 64.0000 (64.0000)  total_loss: 1.1036 (4.7370)  teacher_entropy_ratio: 0.0989 (0.3916)  dino_local_crops_loss: 0.7555 (3.7801)  dino_global_crops_loss: 0.0944 (0.4711)  ibot_loss: 0.2636 (0.4859)  time: 0.364721  data: 0.024861  max mem: 19472
I20260722 14:54:24 73825 dinov2 helpers.py:102] Training  [3460/7500]  eta: 0:25:06  lr: 0.0007 (0.0008)  wd: 0.1974 (0.0967)  mom: 0.9955 (0.9933)  last_layer_lr: 0.0007 (0.0008)  current_batch_size: 64.0000 (64.0000)  total_loss: 0.9336 (4.7259)  teacher_entropy_ratio: 0.0791 (0.3907)  dino_local_crops_loss: 0.5999 (3.7708)  dino_global_crops_loss: 0.0750 (0.4699)  ibot_loss: 0.2435 (0.4852)  time: 0.390764  data: 0.046596  max mem: 19472
I20260722 14:54:28 73825 dinov2 helpers.py:102] Training  [3470/7500]  eta: 0:25:02  lr: 0.0007 (0.0008)  wd: 0.1982 (0.0970)  mom: 0.9955 (0.9933)  last_layer_lr: 0.0007 (0.0008)  current_batch_size: 64.0000 (64.0000)  total_loss: 0.8951 (4.7255)  teacher_entropy_ratio: 0.0735 (0.3897)  dino_local_crops_loss: 0.5830 (3.7711)  dino_global_crops_loss: 0.0729 (0.4700)  ibot_loss: 0.2410 (0.4845)  time: 0.381453  data: 0.039015  max mem: 19472
I20260722 14:54:31 73825 dinov2 helpers.py:102] Training  [3480/7500]  eta: 0:24:58  lr: 0.0007 (0.0008)  wd: 0.1989 (0.0973)  mom: 0.9955 (0.9933)  last_layer_lr: 0.0007 (0.0008)  current_batch_size: 64.0000 (64.0000)  total_loss: 7.2792 (4.7339)  teacher_entropy_ratio: 0.0762 (0.3889)  dino_local_crops_loss: 6.2359 (3.7792)  dino_global_crops_loss: 0.7978 (0.4710)  ibot_loss: 0.2405 (0.4838)  time: 0.338699  data: 0.000723  max mem: 19472
I20260722 14:54:35 73825 dinov2 helpers.py:102] Training  [3490/7500]  eta: 0:24:54  lr: 0.0006 (0.0008)  wd: 0.1997 (0.0976)  mom: 0.9955 (0.9933)  last_layer_lr: 0.0006 (0.0008)  current_batch_size: 64.0000 (64.0000)  total_loss: 7.7325 (4.7426)  teacher_entropy_ratio: 0.1102 (0.3882)  dino_local_crops_loss: 6.6510 (3.7876)  dino_global_crops_loss: 0.8298 (0.4720)  ibot_loss: 0.2298 (0.4830)  time: 0.350541  data: 0.012715  max mem: 19472
I20260722 14:54:39 73825 dinov2 helpers.py:102] Training  [3500/7500]  eta: 0:24:51  lr: 0.0006 (0.0008)  wd: 0.2004 (0.0979)  mom: 0.9956 (0.9933)  last_layer_lr: 0.0006 (0.0008)  current_batch_size: 64.0000 (64.0000)  total_loss: 7.7997 (4.7517)  teacher_entropy_ratio: 0.1937 (0.3879)  dino_local_crops_loss: 6.7352 (3.7963)  dino_global_crops_loss: 0.8448 (0.4731)  ibot_loss: 0.2272 (0.4823)  time: 0.390950  data: 0.053071  max mem: 19472
I20260722 14:54:42 73825 dinov2 helpers.py:102] Training  [3510/7500]  eta: 0:24:47  lr: 0.0006 (0.0008)  wd: 0.2012 (0.0982)  mom: 0.9956 (0.9933)  last_layer_lr: 0.0006 (0.0008)  current_batch_size: 64.0000 (64.0000)  total_loss: 8.0159 (4.7614)  teacher_entropy_ratio: 0.3591 (0.3882)  dino_local_crops_loss: 6.9102 (3.8055)  dino_global_crops_loss: 0.8668 (0.4743)  ibot_loss: 0.2300 (0.4816)  time: 0.382989  data: 0.041298  max mem: 19472
I20260722 14:54:46 73825 dinov2 helpers.py:102] Training  [3520/7500]  eta: 0:24:43  lr: 0.0006 (0.0008)  wd: 0.2019 (0.0985)  mom: 0.9956 (0.9933)  last_layer_lr: 0.0006 (0.0008)  current_batch_size: 64.0000 (64.0000)  total_loss: 8.3220 (4.7718)  teacher_entropy_ratio: 0.5980 (0.3891)  dino_local_crops_loss: 7.1726 (3.8154)  dino_global_crops_loss: 0.8976 (0.4755)  ibot_loss: 0.2343 (0.4809)  time: 0.344209  data: 0.000590  max mem: 19472
I20260722 14:54:49 73825 dinov2 helpers.py:102] Training  [3530/7500]  eta: 0:24:39  lr: 0.0006 (0.0008)  wd: 0.2027 (0.0988)  mom: 0.9956 (0.9933)  last_layer_lr: 0.0006 (0.0008)  current_batch_size: 64.0000 (64.0000)  total_loss: 8.5581 (4.7827)  teacher_entropy_ratio: 0.8183 (0.3906)  dino_local_crops_loss: 7.3853 (3.8257)  dino_global_crops_loss: 0.9231 (0.4768)  ibot_loss: 0.2426 (0.4803)  time: 0.343425  data: 0.000632  max mem: 19472
I20260722 14:54:53 73825 dinov2 helpers.py:102] Training  [3540/7500]  eta: 0:24:36  lr: 0.0006 (0.0008)  wd: 0.2034 (0.0991)  mom: 0.9956 (0.9933)  last_layer_lr: 0.0006 (0.0008)  current_batch_size: 64.0000 (64.0000)  total_loss: 8.6304 (4.7936)  teacher_entropy_ratio: 0.9535 (0.3922)  dino_local_crops_loss: 7.4314 (3.8358)  dino_global_crops_loss: 0.9286 (0.4781)  ibot_loss: 0.2616 (0.4797)  time: 0.372838  data: 0.026862  max mem: 19472
I20260722 14:54:57 73825 dinov2 helpers.py:102] Training  [3550/7500]  eta: 0:24:31  lr: 0.0006 (0.0008)  wd: 0.2042 (0.0994)  mom: 0.9956 (0.9933)  last_layer_lr: 0.0006 (0.0008)  current_batch_size: 64.0000 (64.0000)  total_loss: 8.6254 (4.8044)  teacher_entropy_ratio: 0.9875 (0.3939)  dino_local_crops_loss: 7.4222 (3.8459)  dino_global_crops_loss: 0.9276 (0.4793)  ibot_loss: 0.2760 (0.4791)  time: 0.369064  data: 0.026606  max mem: 19472
I20260722 14:55:00 73825 dinov2 helpers.py:102] Training  [3560/7500]  eta: 0:24:28  lr: 0.0006 (0.0008)  wd: 0.2049 (0.0997)  mom: 0.9957 (0.9933)  last_layer_lr: 0.0006 (0.0008)  current_batch_size: 64.0000 (64.0000)  total_loss: 8.6233 (4.8151)  teacher_entropy_ratio: 0.9903 (0.3956)  dino_local_crops_loss: 7.4083 (3.8559)  dino_global_crops_loss: 0.9261 (0.4806)  ibot_loss: 0.2787 (0.4786)  time: 0.348436  data: 0.006770  max mem: 19472
I20260722 14:55:04 73825 dinov2 helpers.py:102] Training  [3570/7500]  eta: 0:24:23  lr: 0.0006 (0.0008)  wd: 0.2057 (0.1000)  mom: 0.9957 (0.9933)  last_layer_lr: 0.0006 (0.0008)  current_batch_size: 64.0000 (64.0000)  total_loss: 8.6302 (4.8258)  teacher_entropy_ratio: 0.9896 (0.3972)  dino_local_crops_loss: 7.4076 (3.8659)  dino_global_crops_loss: 0.9259 (0.4818)  ibot_loss: 0.2965 (0.4781)  time: 0.346774  data: 0.006797  max mem: 19472
I20260722 14:55:07 73825 dinov2 helpers.py:102] Training  [3580/7500]  eta: 0:24:19  lr: 0.0006 (0.0008)  wd: 0.2064 (0.1003)  mom: 0.9957 (0.9933)  last_layer_lr: 0.0006 (0.0008)  current_batch_size: 64.0000 (64.0000)  total_loss: 8.6135 (4.8364)  teacher_entropy_ratio: 0.9887 (0.3989)  dino_local_crops_loss: 7.4084 (3.8758)  dino_global_crops_loss: 0.9262 (0.4831)  ibot_loss: 0.2781 (0.4775)  time: 0.337744  data: 0.000452  max mem: 19472
I20260722 14:55:11 73825 dinov2 helpers.py:102] Training  [3590/7500]  eta: 0:24:15  lr: 0.0006 (0.0008)  wd: 0.2072 (0.1006)  mom: 0.9957 (0.9933)  last_layer_lr: 0.0006 (0.0008)  current_batch_size: 64.0000 (64.0000)  total_loss: 8.5882 (4.8468)  teacher_entropy_ratio: 0.9876 (0.4005)  dino_local_crops_loss: 7.3978 (3.8855)  dino_global_crops_loss: 0.9248 (0.4843)  ibot_loss: 0.2676 (0.4769)  time: 0.342953  data: 0.002710  max mem: 19472
I20260722 14:55:15 73825 fvcore.common.checkpoint __init__.py:109] Saving checkpoint to /sci/labs/arieljaffe/dan.abergel1/runs/brain/samesl_t005/model_0003599.rank_0.pth
I20260722 14:55:17 73825 dinov2 helpers.py:102] Training  [3600/7500]  eta: 0:24:14  lr: 0.0006 (0.0008)  wd: 0.2079 (0.1009)  mom: 0.9957 (0.9934)  last_layer_lr: 0.0006 (0.0008)  current_batch_size: 64.0000 (64.0000)  total_loss: 8.5396 (4.8570)  teacher_entropy_ratio: 0.9873 (0.4022)  dino_local_crops_loss: 7.3751 (3.8951)  dino_global_crops_loss: 0.9219 (0.4855)  ibot_loss: 0.2566 (0.4763)  time: 0.479726  data: 0.083621  max mem: 19472
I20260722 14:55:20 73825 dinov2 helpers.py:102] Training  [3610/7500]  eta: 0:24:10  lr: 0.0006 (0.0008)  wd: 0.2087 (0.1012)  mom: 0.9957 (0.9934)  last_layer_lr: 0.0006 (0.0008)  current_batch_size: 64.0000 (64.0000)  total_loss: 8.4972 (4.8670)  teacher_entropy_ratio: 0.9880 (0.4038)  dino_local_crops_loss: 7.3237 (3.9046)  dino_global_crops_loss: 0.9155 (0.4867)  ibot_loss: 0.2542 (0.4757)  time: 0.479993  data: 0.081538  max mem: 19472
I20260722 14:55:24 73825 dinov2 helpers.py:102] Training  [3620/7500]  eta: 0:24:06  lr: 0.0006 (0.0008)  wd: 0.2095 (0.1015)  mom: 0.9958 (0.9934)  last_layer_lr: 0.0006 (0.0008)  current_batch_size: 64.0000 (64.0000)  total_loss: 8.4886 (4.8770)  teacher_entropy_ratio: 0.9898 (0.4054)  dino_local_crops_loss: 7.3253 (3.9141)  dino_global_crops_loss: 0.9157 (0.4879)  ibot_loss: 0.2439 (0.4750)  time: 0.344126  data: 0.000376  max mem: 19472
I20260722 14:55:27 73825 dinov2 helpers.py:102] Training  [3630/7500]  eta: 0:24:02  lr: 0.0006 (0.0008)  wd: 0.2102 (0.1018)  mom: 0.9958 (0.9934)  last_layer_lr: 0.0006 (0.0008)  current_batch_size: 64.0000 (64.0000)  total_loss: 8.4886 (4.8870)  teacher_entropy_ratio: 0.9917 (0.4070)  dino_local_crops_loss: 7.3366 (3.9235)  dino_global_crops_loss: 0.9171 (0.4891)  ibot_loss: 0.2399 (0.4744)  time: 0.342986  data: 0.000390  max mem: 19472
I20260722 14:55:31 73825 dinov2 helpers.py:102] Training  [3640/7500]  eta: 0:23:58  lr: 0.0006 (0.0008)  wd: 0.2110 (0.1021)  mom: 0.9958 (0.9934)  last_layer_lr: 0.0006 (0.0008)  current_batch_size: 64.0000 (64.0000)  total_loss: 8.5055 (4.8970)  teacher_entropy_ratio: 0.9932 (0.4086)  dino_local_crops_loss: 7.3473 (3.9329)  dino_global_crops_loss: 0.9184 (0.4903)  ibot_loss: 0.2378 (0.4738)  time: 0.347946  data: 0.000450  max mem: 19472
I20260722 14:55:34 73825 dinov2 helpers.py:102] Training  [3650/7500]  eta: 0:23:54  lr: 0.0006 (0.0008)  wd: 0.2117 (0.1024)  mom: 0.9958 (0.9934)  last_layer_lr: 0.0006 (0.0008)  current_batch_size: 64.0000 (64.0000)  total_loss: 8.5057 (4.9068)  teacher_entropy_ratio: 0.9945 (0.4102)  dino_local_crops_loss: 7.3558 (3.9423)  dino_global_crops_loss: 0.9195 (0.4914)  ibot_loss: 0.2260 (0.4731)  time: 0.344943  data: 0.000447  max mem: 19472
I20260722 14:55:37 73825 dinov2 helpers.py:102] Training  [3660/7500]  eta: 0:23:50  lr: 0.0006 (0.0008)  wd: 0.2125 (0.1027)  mom: 0.9958 (0.9934)  last_layer_lr: 0.0006 (0.0008)  current_batch_size: 64.0000 (64.0000)  total_loss: 8.5105 (4.9167)  teacher_entropy_ratio: 0.9954 (0.4118)  dino_local_crops_loss: 7.3622 (3.9517)  dino_global_crops_loss: 0.9203 (0.4926)  ibot_loss: 0.2260 (0.4724)  time: 0.338518  data: 0.000610  max mem: 19472
I20260722 14:55:41 73825 dinov2 helpers.py:102] Training  [3670/7500]  eta: 0:23:46  lr: 0.0006 (0.0008)  wd: 0.2132 (0.1030)  mom: 0.9958 (0.9934)  last_layer_lr: 0.0006 (0.0008)  current_batch_size: 64.0000 (64.0000)  total_loss: 8.5188 (4.9265)  teacher_entropy_ratio: 0.9960 (0.4134)  dino_local_crops_loss: 7.3668 (3.9610)  dino_global_crops_loss: 0.9209 (0.4938)  ibot_loss: 0.2290 (0.4718)  time: 0.341193  data: 0.000416  max mem: 19472
I20260722 14:55:45 73825 dinov2 helpers.py:102] Training  [3680/7500]  eta: 0:23:43  lr: 0.0006 (0.0008)  wd: 0.2140 (0.1033)  mom: 0.9959 (0.9934)  last_layer_lr: 0.0006 (0.0008)  current_batch_size: 64.0000 (64.0000)  total_loss: 8.5190 (4.9363)  teacher_entropy_ratio: 0.9965 (0.4150)  dino_local_crops_loss: 7.3703 (3.9703)  dino_global_crops_loss: 0.9213 (0.4949)  ibot_loss: 0.2271 (0.4711)  time: 0.395418  data: 0.055459  max mem: 19472
                                                                                                                                                                                                                                                                                                                                  I20260722 14:55:49 73825 dinov2 helpers.py:102] Training  [3690/7500]  eta: 0:23:39  lr: 0.0006 (0.0008)  wd: 0.2147 (0.1036)  mom: 0.9959 (0.9934)  last_layer_lr: 0.0006 (0.0008)  current_batch_size: 64.0000 (64.0000)  total_loss: 8.5190 (4.9460)  teacher_entropy_ratio: 0.9969 (0.4166)  dino_local_crops_loss: 7.3729 (3.9795)  dino_global_crops_loss: 0.9216 (0.4961)  ibot_loss: 0.2248 (0.4704)  time: 0.399199  data: 0.055645  max mem: 19472
I20260722 14:55:52 73825 dinov2 helpers.py:102] Training  [3700/7500]  eta: 0:23:35  lr: 0.0006 (0.0008)  wd: 0.2155 (0.1039)  mom: 0.9959 (0.9934)  last_layer_lr: 0.0006 (0.0008)  current_batch_size: 64.0000 (64.0000)  total_loss: 8.5223 (4.9557)  teacher_entropy_ratio: 0.9972 (0.4182)  dino_local_crops_loss: 7.3750 (3.9887)  dino_global_crops_loss: 0.9219 (0.4972)  ibot_loss: 0.2234 (0.4698)  time: 0.350647  data: 0.000631  max mem: 19472
I20260722 14:55:56 73825 dinov2 helpers.py:102] Training  [3710/7500]  eta: 0:23:31  lr: 0.0006 (0.0008)  wd: 0.2162 (0.1042)  mom: 0.9959 (0.9934)  last_layer_lr: 0.0006 (0.0008)  current_batch_size: 64.0000 (64.0000)  total_loss: 8.5252 (4.9653)  teacher_entropy_ratio: 0.9975 (0.4197)  dino_local_crops_loss: 7.3768 (3.9978)  dino_global_crops_loss: 0.9221 (0.4984)  ibot_loss: 0.2245 (0.4691)  time: 0.352932  data: 0.000616  max mem: 19472
I20260722 14:55:59 73825 dinov2 helpers.py:102] Training  [3720/7500]  eta: 0:23:27  lr: 0.0006 (0.0008)  wd: 0.2170 (0.1045)  mom: 0.9959 (0.9934)  last_layer_lr: 0.0006 (0.0008)  current_batch_size: 64.0000 (64.0000)  total_loss: 8.5261 (4.9749)  teacher_entropy_ratio: 0.9977 (0.4213)  dino_local_crops_loss: 7.3784 (4.0069)  dino_global_crops_loss: 0.9223 (0.4995)  ibot_loss: 0.2265 (0.4685)  time: 0.355940  data: 0.000410  max mem: 19472
I20260722 14:56:03 73825 dinov2 helpers.py:102] Training  [3730/7500]  eta: 0:23:23  lr: 0.0006 (0.0008)  wd: 0.2177 (0.1048)  mom: 0.9959 (0.9934)  last_layer_lr: 0.0006 (0.0008)  current_batch_size: 64.0000 (64.0000)  total_loss: 8.5332 (4.9844)  teacher_entropy_ratio: 0.9979 (0.4228)  dino_local_crops_loss: 7.3798 (4.0159)  dino_global_crops_loss: 0.9225 (0.5007)  ibot_loss: 0.2303 (0.4679)  time: 0.359261  data: 0.000491  max mem: 19472
I20260722 14:56:07 73825 dinov2 helpers.py:102] Training  [3740/7500]  eta: 0:23:20  lr: 0.0006 (0.0008)  wd: 0.2185 (0.1051)  mom: 0.9960 (0.9934)  last_layer_lr: 0.0006 (0.0008)  current_batch_size: 64.0000 (64.0000)  total_loss: 8.5271 (4.9939)  teacher_entropy_ratio: 0.9981 (0.4244)  dino_local_crops_loss: 7.3812 (4.0249)  dino_global_crops_loss: 0.9227 (0.5018)  ibot_loss: 0.2233 (0.4672)  time: 0.376066  data: 0.024044  max mem: 19472
I20260722 14:56:11 73825 dinov2 helpers.py:102] Training  [3750/7500]  eta: 0:23:16  lr: 0.0006 (0.0008)  wd: 0.2192 (0.1054)  mom: 0.9960 (0.9935)  last_layer_lr: 0.0006 (0.0008)  current_batch_size: 64.0000 (64.0000)  total_loss: 8.5457 (5.0035)  teacher_entropy_ratio: 0.9983 (0.4259)  dino_local_crops_loss: 7.3825 (4.0339)  dino_global_crops_loss: 0.9228 (0.5029)  ibot_loss: 0.2402 (0.4668)  time: 0.378084  data: 0.031973  max mem: 19472
I20260722 14:56:14 73825 dinov2 helpers.py:102] Training  [3760/7500]  eta: 0:23:12  lr: 0.0006 (0.0008)  wd: 0.2200 (0.1057)  mom: 0.9960 (0.9935)  last_layer_lr: 0.0006 (0.0008)  current_batch_size: 64.0000 (64.0000)  total_loss: 8.6206 (5.0133)  teacher_entropy_ratio: 0.9985 (0.4274)  dino_local_crops_loss: 7.3840 (4.0428)  dino_global_crops_loss: 0.9230 (0.5040)  ibot_loss: 0.3144 (0.4665)  time: 0.372066  data: 0.025096  max mem: 19472
I20260722 14:56:18 73825 dinov2 helpers.py:102] Training  [3770/7500]  eta: 0:23:08  lr: 0.0006 (0.0008)  wd: 0.2208 (0.1060)  mom: 0.9960 (0.9935)  last_layer_lr: 0.0006 (0.0008)  current_batch_size: 64.0000 (64.0000)  total_loss: 8.7010 (5.0231)  teacher_entropy_ratio: 0.9986 (0.4289)  dino_local_crops_loss: 7.3849 (4.0516)  dino_global_crops_loss: 0.9231 (0.5051)  ibot_loss: 0.3934 (0.4664)  time: 0.361057  data: 0.017119  max mem: 19472
                                                                                                                                                                                                                                                                                                                                                                                                                                                                                 I20260722 14:56:21 73825 dinov2 helpers.py:102] Training  [3780/7500]  eta: 0:23:05  lr: 0.0006 (0.0008)  wd: 0.2215 (0.1063)  mom: 0.9960 (0.9935)  last_layer_lr: 0.0006 (0.0008)  current_batch_size: 64.0000 (64.0000)  total_loss: 8.7086 (5.0328)  teacher_entropy_ratio: 0.9982 (0.4304)  dino_local_crops_loss: 7.3819 (4.0604)  dino_global_crops_loss: 0.9227 (0.5062)  ibot_loss: 0.4039 (0.4662)  time: 0.349464  data: 0.010558  max mem: 19472
I20260722 14:56:25 73825 dinov2 helpers.py:102] Training  [3790/7500]  eta: 0:23:01  lr: 0.0006 (0.0008)  wd: 0.2223 (0.1066)  mom: 0.9961 (0.9935)  last_layer_lr: 0.0006 (0.0008)  current_batch_size: 64.0000 (64.0000)  total_loss: 8.6140 (5.0421)  teacher_entropy_ratio: 0.9930 (0.4319)  dino_local_crops_loss: 7.3454 (4.0689)  dino_global_crops_loss: 0.9182 (0.5073)  ibot_loss: 0.3771 (0.4659)  time: 0.350710  data: 0.010466  max mem: 19472
I20260722 14:56:28 73825 dinov2 helpers.py:102] Training  [3800/7500]  eta: 0:22:57  lr: 0.0006 (0.0008)  wd: 0.2230 (0.1069)  mom: 0.9961 (0.9935)  last_layer_lr: 0.0006 (0.0008)  current_batch_size: 64.0000 (64.0000)  total_loss: 8.3584 (5.0492)  teacher_entropy_ratio: 0.9564 (0.4331)  dino_local_crops_loss: 7.0813 (4.0754)  dino_global_crops_loss: 0.8852 (0.5081)  ibot_loss: 0.3505 (0.4656)  time: 0.351173  data: 0.000659  max mem: 19472
I20260722 14:56:32 73825 dinov2 helpers.py:102] Training  [3810/7500]  eta: 0:22:53  lr: 0.0006 (0.0008)  wd: 0.2238 (0.1073)  mom: 0.9961 (0.9935)  last_layer_lr: 0.0006 (0.0008)  current_batch_size: 64.0000 (64.0000)  total_loss: 6.5266 (5.0492)  teacher_entropy_ratio: 0.7448 (0.4334)  dino_local_crops_loss: 5.5224 (4.0758)  dino_global_crops_loss: 0.6903 (0.5082)  ibot_loss: 0.3317 (0.4652)  time: 0.347904  data: 0.000576  max mem: 19472
I20260722 14:56:35 73825 dinov2 helpers.py:102] Training  [3820/7500]  eta: 0:22:49  lr: 0.0006 (0.0008)  wd: 0.2245 (0.1076)  mom: 0.9961 (0.9935)  last_layer_lr: 0.0006 (0.0008)  current_batch_size: 64.0000 (64.0000)  total_loss: 3.4462 (5.0428)  teacher_entropy_ratio: 0.3704 (0.4330)  dino_local_crops_loss: 2.7592 (4.0705)  dino_global_crops_loss: 0.3449 (0.5075)  ibot_loss: 0.3072 (0.4648)  time: 0.347615  data: 0.008378  max mem: 19472
I20260722 14:56:39 73825 dinov2 helpers.py:102] Training  [3830/7500]  eta: 0:22:45  lr: 0.0006 (0.0008)  wd: 0.2253 (0.1079)  mom: 0.9961 (0.9935)  last_layer_lr: 0.0006 (0.0008)  current_batch_size: 64.0000 (64.0000)  total_loss: 1.8404 (5.0334)  teacher_entropy_ratio: 0.1864 (0.4323)  dino_local_crops_loss: 1.3956 (4.0626)  dino_global_crops_loss: 0.1744 (0.5065)  ibot_loss: 0.2703 (0.4642)  time: 0.362286  data: 0.023516  max mem: 19472
I20260722 14:56:43 73825 dinov2 helpers.py:102] Training  [3840/7500]  eta: 0:22:42  lr: 0.0006 (0.0008)  wd: 0.2260 (0.1082)  mom: 0.9961 (0.9935)  last_layer_lr: 0.0006 (0.0008)  current_batch_size: 64.0000 (64.0000)  total_loss: 1.1020 (5.0228)  teacher_entropy_ratio: 0.1022 (0.4314)  dino_local_crops_loss: 0.7691 (4.0537)  dino_global_crops_loss: 0.0961 (0.5054)  ibot_loss: 0.2439 (0.4637)  time: 0.380573  data: 0.037308  max mem: 19472
I20260722 14:56:46 73825 dinov2 helpers.py:102] Training  [3850/7500]  eta: 0:22:37  lr: 0.0006 (0.0008)  wd: 0.2268 (0.1085)  mom: 0.9962 (0.9935)  last_layer_lr: 0.0006 (0.0008)  current_batch_size: 64.0000 (64.0000)  total_loss: 0.7785 (5.0115)  teacher_entropy_ratio: 0.0636 (0.4304)  dino_local_crops_loss: 0.4820 (4.0442)  dino_global_crops_loss: 0.0603 (0.5042)  ibot_loss: 0.2356 (0.4631)  time: 0.365940  data: 0.022365  max mem: 19472
                                                                                                                                                                                                                                                                                                                                                                                                                                                                               I20260722 14:56:50 73825 dinov2 helpers.py:102] Training  [3860/7500]  eta: 0:22:34  lr: 0.0006 (0.0008)  wd: 0.2275 (0.1088)  mom: 0.9962 (0.9935)  last_layer_lr: 0.0006 (0.0008)  current_batch_size: 64.0000 (64.0000)  total_loss: 0.6004 (5.0000)  teacher_entropy_ratio: 0.0448 (0.4294)  dino_local_crops_loss: 0.3400 (4.0346)  dino_global_crops_loss: 0.0425 (0.5030)  ibot_loss: 0.2204 (0.4624)  time: 0.358630  data: 0.020132  max mem: 19472
I20260722 14:56:54 73825 dinov2 helpers.py:102] Training  [3870/7500]  eta: 0:22:30  lr: 0.0006 (0.0008)  wd: 0.2283 (0.1091)  mom: 0.9962 (0.9935)  last_layer_lr: 0.0006 (0.0008)  current_batch_size: 64.0000 (64.0000)  total_loss: 0.5829 (4.9887)  teacher_entropy_ratio: 0.0435 (0.4284)  dino_local_crops_loss: 0.3295 (4.0251)  dino_global_crops_loss: 0.0411 (0.5019)  ibot_loss: 0.2115 (0.4618)  time: 0.374929  data: 0.034820  max mem: 19472
I20260722 14:56:58 73825 dinov2 helpers.py:102] Training  [3880/7500]  eta: 0:22:27  lr: 0.0006 (0.0008)  wd: 0.2290 (0.1094)  mom: 0.9962 (0.9935)  last_layer_lr: 0.0006 (0.0008)  current_batch_size: 64.0000 (64.0000)  total_loss: 0.6984 (4.9781)  teacher_entropy_ratio: 0.0554 (0.4275)  dino_local_crops_loss: 0.4174 (4.0162)  dino_global_crops_loss: 0.0522 (0.5007)  ibot_loss: 0.2188 (0.4612)  time: 0.413777  data: 0.070545  max mem: 19472
I20260722 14:57:02 73825 dinov2 helpers.py:102] Training  [3890/7500]  eta: 0:22:23  lr: 0.0006 (0.0008)  wd: 0.2298 (0.1097)  mom: 0.9962 (0.9935)  last_layer_lr: 0.0006 (0.0008)  current_batch_size: 64.0000 (64.0000)  total_loss: 1.0523 (4.9692)  teacher_entropy_ratio: 0.0978 (0.4268)  dino_local_crops_loss: 0.7394 (4.0088)  dino_global_crops_loss: 0.0924 (0.4998)  ibot_loss: 0.2159 (0.4605)  time: 0.399608  data: 0.055624  max mem: 19472
I20260722 14:57:05 73825 dinov2 helpers.py:102] Training  [3900/7500]  eta: 0:22:19  lr: 0.0006 (0.0008)  wd: 0.2305 (0.1100)  mom: 0.9962 (0.9936)  last_layer_lr: 0.0006 (0.0008)  current_batch_size: 64.0000 (64.0000)  total_loss: 2.0494 (4.9650)  teacher_entropy_ratio: 0.2226 (0.4266)  dino_local_crops_loss: 1.6767 (4.0057)  dino_global_crops_loss: 0.2096 (0.4994)  ibot_loss: 0.2107 (0.4598)  time: 0.349725  data: 0.000580  max mem: 19472
I20260722 14:57:09 73825 dinov2 helpers.py:102] Training  [3910/7500]  eta: 0:22:15  lr: 0.0006 (0.0008)  wd: 0.2313 (0.1104)  mom: 0.9963 (0.9936)  last_layer_lr: 0.0006 (0.0008)  current_batch_size: 64.0000 (64.0000)  total_loss: 4.7031 (4.9688)  teacher_entropy_ratio: 0.5383 (0.4275)  dino_local_crops_loss: 3.9927 (4.0097)  dino_global_crops_loss: 0.4991 (0.4999)  ibot_loss: 0.2059 (0.4592)  time: 0.356187  data: 0.000607  max mem: 19472
I20260722 14:57:13 73825 dinov2 helpers.py:102] Training  [3920/7500]  eta: 0:22:12  lr: 0.0006 (0.0008)  wd: 0.2321 (0.1107)  mom: 0.9963 (0.9936)  last_layer_lr: 0.0006 (0.0008)  current_batch_size: 64.0000 (64.0000)  total_loss: 7.4709 (4.9767)  teacher_entropy_ratio: 0.8752 (0.4288)  dino_local_crops_loss: 6.4801 (4.0173)  dino_global_crops_loss: 0.8100 (0.5009)  ibot_loss: 0.1982 (0.4585)  time: 0.399997  data: 0.047250  max mem: 19472
I20260722 14:57:17 73825 dinov2 helpers.py:102] Training  [3930/7500]  eta: 0:22:08  lr: 0.0005 (0.0008)  wd: 0.2328 (0.1110)  mom: 0.9963 (0.9936)  last_layer_lr: 0.0005 (0.0008)  current_batch_size: 64.0000 (64.0000)  total_loss: 8.3622 (4.9855)  teacher_entropy_ratio: 0.9794 (0.4302)  dino_local_crops_loss: 7.2475 (4.0258)  dino_global_crops_loss: 0.9059 (0.5020)  ibot_loss: 0.1896 (0.4578)  time: 0.393364  data: 0.047571  max mem: 19472
I20260722 14:57:20 73825 dinov2 helpers.py:102] Training  [3940/7500]  eta: 0:22:04  lr: 0.0005 (0.0008)  wd: 0.2336 (0.1113)  mom: 0.9963 (0.9936)  last_layer_lr: 0.0005 (0.0008)  current_batch_size: 64.0000 (64.0000)  total_loss: 8.4798 (4.9945)  teacher_entropy_ratio: 0.9965 (0.4317)  dino_local_crops_loss: 7.3732 (4.0343)  dino_global_crops_loss: 0.9217 (0.5030)  ibot_loss: 0.1907 (0.4572)  time: 0.339445  data: 0.000573  max mem: 19472
I20260722 14:57:24 73825 dinov2 helpers.py:102] Training  [3950/7500]  eta: 0:22:00  lr: 0.0005 (0.0008)  wd: 0.2343 (0.1116)  mom: 0.9963 (0.9936)  last_layer_lr: 0.0005 (0.0008)  current_batch_size: 64.0000 (64.0000)  total_loss: 8.4998 (5.0033)  teacher_entropy_ratio: 0.9985 (0.4331)  dino_local_crops_loss: 7.3874 (4.0428)  dino_global_crops_loss: 0.9234 (0.5041)  ibot_loss: 0.1907 (0.4565)  time: 0.337653  data: 0.000585  max mem: 19472
I20260722 14:57:28 73825 dinov2 helpers.py:102] Training  [3960/7500]  eta: 0:21:57  lr: 0.0005 (0.0008)  wd: 0.2351 (0.1119)  mom: 0.9963 (0.9936)  last_layer_lr: 0.0005 (0.0008)  current_batch_size: 64.0000 (64.0000)  total_loss: 8.5023 (5.0122)  teacher_entropy_ratio: 0.9988 (0.4345)  dino_local_crops_loss: 7.3884 (4.0512)  dino_global_crops_loss: 0.9236 (0.5051)  ibot_loss: 0.1903 (0.4558)  time: 0.373851  data: 0.032206  max mem: 19472
I20260722 14:57:31 73825 dinov2 helpers.py:102] Training  [3970/7500]  eta: 0:21:53  lr: 0.0005 (0.0008)  wd: 0.2358 (0.1122)  mom: 0.9964 (0.9936)  last_layer_lr: 0.0005 (0.0008)  current_batch_size: 64.0000 (64.0000)  total_loss: 8.5023 (5.0210)  teacher_entropy_ratio: 0.9988 (0.4359)  dino_local_crops_loss: 7.3883 (4.0596)  dino_global_crops_loss: 0.9235 (0.5062)  ibot_loss: 0.1903 (0.4552)  time: 0.375278  data: 0.032060  max mem: 19472
I20260722 14:57:35 73825 dinov2 helpers.py:102] Training  [3980/7500]  eta: 0:21:50  lr: 0.0005 (0.0008)  wd: 0.2366 (0.1125)  mom: 0.9964 (0.9936)  last_layer_lr: 0.0005 (0.0008)  current_batch_size: 64.0000 (64.0000)  total_loss: 8.5111 (5.0298)  teacher_entropy_ratio: 0.9987 (0.4374)  dino_local_crops_loss: 7.3878 (4.0680)  dino_global_crops_loss: 0.9235 (0.5072)  ibot_loss: 0.1993 (0.4546)  time: 0.377217  data: 0.037837  max mem: 19472
I20260722 14:57:39 73825 dinov2 helpers.py:102] Training  [3990/7500]  eta: 0:21:46  lr: 0.0005 (0.0008)  wd: 0.2373 (0.1129)  mom: 0.9964 (0.9936)  last_layer_lr: 0.0005 (0.0008)  current_batch_size: 64.0000 (64.0000)  total_loss: 8.5465 (5.0386)  teacher_entropy_ratio: 0.9987 (0.4388)  dino_local_crops_loss: 7.3875 (4.0763)  dino_global_crops_loss: 0.9234 (0.5083)  ibot_loss: 0.2356 (0.4540)  time: 0.378655  data: 0.037819  max mem: 19472
I20260722 14:57:43 73825 dinov2 helpers.py:102] Training  [4000/7500]  eta: 0:21:43  lr: 0.0005 (0.0008)  wd: 0.2381 (0.1132)  mom: 0.9964 (0.9936)  last_layer_lr: 0.0005 (0.0008)  current_batch_size: 64.0000 (64.0000)  total_loss: 8.5847 (5.0475)  teacher_entropy_ratio: 0.9987 (0.4402)  dino_local_crops_loss: 7.3875 (4.0846)  dino_global_crops_loss: 0.9234 (0.5093)  ibot_loss: 0.2736 (0.4536)  time: 0.404849  data: 0.064235  max mem: 19472
I20260722 14:57:47 73825 dinov2 helpers.py:102] Training  [4010/7500]  eta: 0:21:39  lr: 0.0005 (0.0008)  wd: 0.2388 (0.1135)  mom: 0.9964 (0.9936)  last_layer_lr: 0.0005 (0.0008)  current_batch_size: 64.0000 (64.0000)  total_loss: 8.6118 (5.0564)  teacher_entropy_ratio: 0.9988 (0.4416)  dino_local_crops_loss: 7.3883 (4.0928)  dino_global_crops_loss: 0.9235 (0.5104)  ibot_loss: 0.2989 (0.4533)  time: 0.401254  data: 0.064051  max mem: 19472
I20260722 14:57:50 73825 dinov2 helpers.py:102] Training  [4020/7500]  eta: 0:21:35  lr: 0.0005 (0.0008)  wd: 0.2396 (0.1138)  mom: 0.9964 (0.9936)  last_layer_lr: 0.0005 (0.0008)  current_batch_size: 64.0000 (64.0000)  total_loss: 8.5918 (5.0652)  teacher_entropy_ratio: 0.9990 (0.4429)  dino_local_crops_loss: 7.3917 (4.1010)  dino_global_crops_loss: 0.9240 (0.5114)  ibot_loss: 0.2767 (0.4528)  time: 0.341924  data: 0.000429  max mem: 19472
                                                                                                                                                                                                              I20260722 14:57:54 73825 dinov2 helpers.py:102] Training  [4030/7500]  eta: 0:21:31  lr: 0.0005 (0.0008)  wd: 0.2403 (0.1141)  mom: 0.9965 (0.9936)  last_layer_lr: 0.0005 (0.0008)  current_batch_size: 64.0000 (64.0000)  total_loss: 8.5597 (5.0739)  teacher_entropy_ratio: 0.9991 (0.4443)  dino_local_crops_loss: 7.3930 (4.1092)  dino_global_crops_loss: 0.9241 (0.5124)  ibot_loss: 0.2426 (0.4523)  time: 0.344983  data: 0.000420  max mem: 19472
I20260722 14:57:58 73825 dinov2 helpers.py:102] Training  [4040/7500]  eta: 0:21:27  lr: 0.0005 (0.0008)  wd: 0.2411 (0.1144)  mom: 0.9965 (0.9937)  last_layer_lr: 0.0005 (0.0008)  current_batch_size: 64.0000 (64.0000)  total_loss: 8.5417 (5.0824)  teacher_entropy_ratio: 0.9989 (0.4457)  dino_local_crops_loss: 7.3896 (4.1173)  dino_global_crops_loss: 0.9237 (0.5134)  ibot_loss: 0.2284 (0.4517)  time: 0.383002  data: 0.042729  max mem: 19472
I20260722 14:58:01 73825 fvcore.common.checkpoint __init__.py:109] Saving checkpoint to /sci/labs/arieljaffe/dan.abergel1/runs/brain/samesl_t005/model_0004049.rank_0.pth
I20260722 14:58:03 73825 dinov2 helpers.py:102] Training  [4050/7500]  eta: 0:21:25  lr: 0.0005 (0.0008)  wd: 0.2418 (0.1147)  mom: 0.9965 (0.9937)  last_layer_lr: 0.0005 (0.0008)  current_batch_size: 64.0000 (64.0000)  total_loss: 8.5357 (5.0909)  teacher_entropy_ratio: 0.9988 (0.4471)  dino_local_crops_loss: 7.3878 (4.1254)  dino_global_crops_loss: 0.9235 (0.5144)  ibot_loss: 0.2239 (0.4511)  time: 0.458211  data: 0.053492  max mem: 19472
I20260722 14:58:06 73825 dinov2 helpers.py:102] Training  [4060/7500]  eta: 0:21:21  lr: 0.0005 (0.0008)  wd: 0.2426 (0.1151)  mom: 0.9965 (0.9937)  last_layer_lr: 0.0005 (0.0008)  current_batch_size: 64.0000 (64.0000)  total_loss: 8.5238 (5.0994)  teacher_entropy_ratio: 0.9988 (0.4484)  dino_local_crops_loss: 7.3878 (4.1334)  dino_global_crops_loss: 0.9235 (0.5155)  ibot_loss: 0.2125 (0.4505)  time: 0.416037  data: 0.010963  max mem: 19472
I20260722 14:58:10 73825 dinov2 helpers.py:102] Training  [4070/7500]  eta: 0:21:17  lr: 0.0005 (0.0008)  wd: 0.2433 (0.1154)  mom: 0.9965 (0.9937)  last_layer_lr: 0.0005 (0.0008)  current_batch_size: 64.0000 (64.0000)  total_loss: 8.5217 (5.1078)  teacher_entropy_ratio: 0.9989 (0.4498)  dino_local_crops_loss: 7.3887 (4.1414)  dino_global_crops_loss: 0.9236 (0.5165)  ibot_loss: 0.2094 (0.4499)  time: 0.340311  data: 0.000393  max mem: 19472
I20260722 14:58:13 73825 dinov2 helpers.py:102] Training  [4080/7500]  eta: 0:21:13  lr: 0.0005 (0.0008)  wd: 0.2441 (0.1157)  mom: 0.9965 (0.9937)  last_layer_lr: 0.0005 (0.0008)  current_batch_size: 64.0000 (64.0000)  total_loss: 8.5269 (5.1162)  teacher_entropy_ratio: 0.9991 (0.4511)  dino_local_crops_loss: 7.3900 (4.1494)  dino_global_crops_loss: 0.9237 (0.5175)  ibot_loss: 0.2128 (0.4493)  time: 0.351784  data: 0.000539  max mem: 19472
I20260722 14:58:17 73825 dinov2 helpers.py:102] Training  [4090/7500]  eta: 0:21:09  lr: 0.0005 (0.0008)  wd: 0.2448 (0.1160)  mom: 0.9966 (0.9937)  last_layer_lr: 0.0005 (0.0008)  current_batch_size: 64.0000 (64.0000)  total_loss: 8.5233 (5.1245)  teacher_entropy_ratio: 0.9993 (0.4525)  dino_local_crops_loss: 7.3915 (4.1573)  dino_global_crops_loss: 0.9239 (0.5184)  ibot_loss: 0.2077 (0.4487)  time: 0.349577  data: 0.000567  max mem: 19472
I20260722 14:58:20 73825 dinov2 helpers.py:102] Training  [4100/7500]  eta: 0:21:05  lr: 0.0005 (0.0008)  wd: 0.2455 (0.1163)  mom: 0.9966 (0.9937)  last_layer_lr: 0.0005 (0.0008)  current_batch_size: 64.0000 (64.0000)  total_loss: 8.5156 (5.1327)  teacher_entropy_ratio: 0.9994 (0.4538)  dino_local_crops_loss: 7.3925 (4.1652)  dino_global_crops_loss: 0.9241 (0.5194)  ibot_loss: 0.1992 (0.4481)  time: 0.339846  data: 0.000639  max mem: 19472
                                                                                                                                                                                                                                                                                                     I20260722 14:58:23 73825 dinov2 helpers.py:102] Training  [4110/7500]  eta: 0:21:01  lr: 0.0005 (0.0008)  wd: 0.2463 (0.1166)  mom: 0.9966 (0.9937)  last_layer_lr: 0.0005 (0.0008)  current_batch_size: 64.0000 (64.0000)  total_loss: 8.5193 (5.1410)  teacher_entropy_ratio: 0.9995 (0.4551)  dino_local_crops_loss: 7.3931 (4.1730)  dino_global_crops_loss: 0.9241 (0.5204)  ibot_loss: 0.2015 (0.4475)  time: 0.340226  data: 0.000423  max mem: 19472
I20260722 14:58:27 73825 dinov2 helpers.py:102] Training  [4120/7500]  eta: 0:20:57  lr: 0.0005 (0.0008)  wd: 0.2470 (0.1170)  mom: 0.9966 (0.9937)  last_layer_lr: 0.0005 (0.0008)  current_batch_size: 64.0000 (64.0000)  total_loss: 8.5251 (5.1492)  teacher_entropy_ratio: 0.9996 (0.4564)  dino_local_crops_loss: 7.3937 (4.1808)  dino_global_crops_loss: 0.9242 (0.5214)  ibot_loss: 0.2068 (0.4470)  time: 0.357901  data: 0.014095  max mem: 19472
I20260722 14:58:31 73825 dinov2 helpers.py:102] Training  [4130/7500]  eta: 0:20:54  lr: 0.0005 (0.0008)  wd: 0.2478 (0.1173)  mom: 0.9966 (0.9937)  last_layer_lr: 0.0005 (0.0008)  current_batch_size: 64.0000 (64.0000)  total_loss: 8.5268 (5.1574)  teacher_entropy_ratio: 0.9996 (0.4578)  dino_local_crops_loss: 7.3941 (4.1886)  dino_global_crops_loss: 0.9243 (0.5224)  ibot_loss: 0.2083 (0.4464)  time: 0.373235  data: 0.030257  max mem: 19472
I20260722 14:58:34 73825 dinov2 helpers.py:102] Training  [4140/7500]  eta: 0:20:50  lr: 0.0005 (0.0008)  wd: 0.2485 (0.1176)  mom: 0.9966 (0.9937)  last_layer_lr: 0.0005 (0.0008)  current_batch_size: 64.0000 (64.0000)  total_loss: 8.5493 (5.1657)  teacher_entropy_ratio: 0.9997 (0.4591)  dino_local_crops_loss: 7.3944 (4.1964)  dino_global_crops_loss: 0.9243 (0.5233)  ibot_loss: 0.2304 (0.4460)  time: 0.357025  data: 0.016585  max mem: 19472
I20260722 14:58:38 73825 dinov2 helpers.py:102] Training  [4150/7500]  eta: 0:20:46  lr: 0.0005 (0.0008)  wd: 0.2493 (0.1179)  mom: 0.9967 (0.9937)  last_layer_lr: 0.0005 (0.0008)  current_batch_size: 64.0000 (64.0000)  total_loss: 8.6322 (5.1742)  teacher_entropy_ratio: 0.9997 (0.4604)  dino_local_crops_loss: 7.3944 (4.2041)  dino_global_crops_loss: 0.9243 (0.5243)  ibot_loss: 0.3134 (0.4458)  time: 0.369025  data: 0.027009  max mem: 19472
I20260722 14:58:42 73825 dinov2 helpers.py:102] Training  [4160/7500]  eta: 0:20:42  lr: 0.0005 (0.0008)  wd: 0.2500 (0.1182)  mom: 0.9967 (0.9937)  last_layer_lr: 0.0005 (0.0008)  current_batch_size: 64.0000 (64.0000)  total_loss: 8.7406 (5.1829)  teacher_entropy_ratio: 0.9996 (0.4617)  dino_local_crops_loss: 7.3940 (4.2117)  dino_global_crops_loss: 0.9243 (0.5253)  ibot_loss: 0.4223 (0.4459)  time: 0.377199  data: 0.027021  max mem: 19472
I20260722 14:58:46 73825 dinov2 helpers.py:102] Training  [4170/7500]  eta: 0:20:39  lr: 0.0005 (0.0008)  wd: 0.2508 (0.1185)  mom: 0.9967 (0.9937)  last_layer_lr: 0.0005 (0.0008)  current_batch_size: 64.0000 (64.0000)  total_loss: 8.7805 (5.1916)  teacher_entropy_ratio: 0.9991 (0.4629)  dino_local_crops_loss: 7.3899 (4.2193)  dino_global_crops_loss: 0.9237 (0.5262)  ibot_loss: 0.4725 (0.4460)  time: 0.381438  data: 0.028978  max mem: 19472
I20260722 14:58:50 73825 dinov2 helpers.py:102] Training  [4180/7500]  eta: 0:20:35  lr: 0.0005 (0.0008)  wd: 0.2515 (0.1189)  mom: 0.9967 (0.9938)  last_layer_lr: 0.0005 (0.0008)  current_batch_size: 64.0000 (64.0000)  total_loss: 8.8141 (5.2002)  teacher_entropy_ratio: 0.9974 (0.4642)  dino_local_crops_loss: 7.3771 (4.2269)  dino_global_crops_loss: 0.9221 (0.5272)  ibot_loss: 0.5023 (0.4462)  time: 0.386952  data: 0.042992  max mem: 19472
                I20260722 14:58:53 73825 dinov2 helpers.py:102] Training  [4190/7500]  eta: 0:20:31  lr: 0.0005 (0.0008)  wd: 0.2522 (0.1192)  mom: 0.9967 (0.9938)  last_layer_lr: 0.0005 (0.0008)  current_batch_size: 64.0000 (64.0000)  total_loss: 8.7668 (5.2087)  teacher_entropy_ratio: 0.9940 (0.4655)  dino_local_crops_loss: 7.3514 (4.2343)  dino_global_crops_loss: 0.9189 (0.5281)  ibot_loss: 0.5018 (0.4463)  time: 0.357180  data: 0.014800  max mem: 19472
I20260722 14:58:57 73825 dinov2 helpers.py:102] Training  [4200/7500]  eta: 0:20:27  lr: 0.0005 (0.0008)  wd: 0.2530 (0.1195)  mom: 0.9967 (0.9938)  last_layer_lr: 0.0005 (0.0008)  current_batch_size: 64.0000 (64.0000)  total_loss: 8.7084 (5.2170)  teacher_entropy_ratio: 0.9885 (0.4667)  dino_local_crops_loss: 7.3109 (4.2416)  dino_global_crops_loss: 0.9139 (0.5290)  ibot_loss: 0.4923 (0.4464)  time: 0.360448  data: 0.019148  max mem: 19472
I20260722 14:59:01 73825 dinov2 helpers.py:102] Training  [4210/7500]  eta: 0:20:24  lr: 0.0005 (0.0008)  wd: 0.2537 (0.1198)  mom: 0.9967 (0.9938)  last_layer_lr: 0.0005 (0.0008)  current_batch_size: 64.0000 (64.0000)  total_loss: 8.6345 (5.2249)  teacher_entropy_ratio: 0.9811 (0.4679)  dino_local_crops_loss: 7.2565 (4.2486)  dino_global_crops_loss: 0.9071 (0.5299)  ibot_loss: 0.4591 (0.4464)  time: 0.397042  data: 0.059200  max mem: 19472
I20260722 14:59:04 73825 dinov2 helpers.py:102] Training  [4220/7500]  eta: 0:20:20  lr: 0.0005 (0.0008)  wd: 0.2545 (0.1201)  mom: 0.9968 (0.9938)  last_layer_lr: 0.0005 (0.0008)  current_batch_size: 64.0000 (64.0000)  total_loss: 8.4273 (5.2323)  teacher_entropy_ratio: 0.9703 (0.4691)  dino_local_crops_loss: 7.1773 (4.2554)  dino_global_crops_loss: 0.8972 (0.5308)  ibot_loss: 0.3604 (0.4461)  time: 0.381113  data: 0.040810  max mem: 19472
I20260722 14:59:08 73825 dinov2 helpers.py:102] Training  [4230/7500]  eta: 0:20:16  lr: 0.0005 (0.0008)  wd: 0.2552 (0.1205)  mom: 0.9968 (0.9938)  last_layer_lr: 0.0005 (0.0008)  current_batch_size: 64.0000 (64.0000)  total_loss: 8.1974 (5.2390)  teacher_entropy_ratio: 0.9521 (0.4702)  dino_local_crops_loss: 7.0435 (4.2617)  dino_global_crops_loss: 0.8804 (0.5315)  ibot_loss: 0.2871 (0.4457)  time: 0.350055  data: 0.000392  max mem: 19472
I20260722 14:59:12 73825 dinov2 helpers.py:102] Training  [4240/7500]  eta: 0:20:12  lr: 0.0005 (0.0008)  wd: 0.2559 (0.1208)  mom: 0.9968 (0.9938)  last_layer_lr: 0.0005 (0.0007)  current_batch_size: 64.0000 (64.0000)  total_loss: 7.7770 (5.2439)  teacher_entropy_ratio: 0.9053 (0.4711)  dino_local_crops_loss: 6.6975 (4.2666)  dino_global_crops_loss: 0.8372 (0.5321)  ibot_loss: 0.2424 (0.4452)  time: 0.354794  data: 0.000436  max mem: 19472
I20260722 14:59:15 73825 dinov2 helpers.py:102] Training  [4250/7500]  eta: 0:20:08  lr: 0.0005 (0.0008)  wd: 0.2567 (0.1211)  mom: 0.9968 (0.9938)  last_layer_lr: 0.0005 (0.0007)  current_batch_size: 64.0000 (64.0000)  total_loss: 6.6380 (5.2453)  teacher_entropy_ratio: 0.7713 (0.4716)  dino_local_crops_loss: 5.7075 (4.2683)  dino_global_crops_loss: 0.7134 (0.5324)  ibot_loss: 0.2249 (0.4446)  time: 0.348721  data: 0.000803  max mem: 19472
I20260722 14:59:18 73825 dinov2 helpers.py:102] Training  [4260/7500]  eta: 0:20:05  lr: 0.0005 (0.0008)  wd: 0.2574 (0.1214)  mom: 0.9968 (0.9938)  last_layer_lr: 0.0005 (0.0007)  current_batch_size: 64.0000 (64.0000)  total_loss: 4.9236 (5.2430)  teacher_entropy_ratio: 0.5629 (0.4716)  dino_local_crops_loss: 4.1665 (4.2667)  dino_global_crops_loss: 0.5208 (0.5322)  ibot_loss: 0.2149 (0.4441)  time: 0.342870  data: 0.000795  max mem: 19472
I20260722 14:59:22 73825 dinov2 helpers.py:102] Training  [4270/7500]  eta: 0:20:01  lr: 0.0005 (0.0008)  wd: 0.2582 (0.1217)  mom: 0.9968 (0.9938)  last_layer_lr: 0.0005 (0.0007)  current_batch_size: 64.0000 (64.0000)  total_loss: 3.5668 (5.2382)  teacher_entropy_ratio: 0.4014 (0.4714)  dino_local_crops_loss: 2.9716 (4.2629)  dino_global_crops_loss: 0.3714 (0.5317)  ibot_loss: 0.2108 (0.4435)  time: 0.340967  data: 0.000649  max mem: 19472
                  I20260722 14:59:26 73825 dinov2 helpers.py:102] Training  [4280/7500]  eta: 0:19:57  lr: 0.0005 (0.0008)  wd: 0.2589 (0.1221)  mom: 0.9969 (0.9938)  last_layer_lr: 0.0005 (0.0007)  current_batch_size: 64.0000 (64.0000)  total_loss: 2.9100 (5.2326)  teacher_entropy_ratio: 0.3262 (0.4710)  dino_local_crops_loss: 2.4148 (4.2585)  dino_global_crops_loss: 0.3018 (0.5312)  ibot_loss: 0.2002 (0.4429)  time: 0.352470  data: 0.012406  max mem: 19472
I20260722 14:59:29 73825 dinov2 helpers.py:102] Training  [4290/7500]  eta: 0:19:53  lr: 0.0005 (0.0007)  wd: 0.2596 (0.1224)  mom: 0.9969 (0.9938)  last_layer_lr: 0.0005 (0.0007)  current_batch_size: 64.0000 (64.0000)  total_loss: 2.9100 (5.2278)  teacher_entropy_ratio: 0.3263 (0.4707)  dino_local_crops_loss: 2.4160 (4.2548)  dino_global_crops_loss: 0.3020 (0.5307)  ibot_loss: 0.1858 (0.4424)  time: 0.380139  data: 0.026750  max mem: 19472
I20260722 14:59:33 73825 dinov2 helpers.py:102] Training  [4300/7500]  eta: 0:19:49  lr: 0.0005 (0.0007)  wd: 0.2604 (0.1227)  mom: 0.9969 (0.9938)  last_layer_lr: 0.0005 (0.0007)  current_batch_size: 64.0000 (64.0000)  total_loss: 3.4318 (5.2250)  teacher_entropy_ratio: 0.3901 (0.4707)  dino_local_crops_loss: 2.8870 (4.2528)  dino_global_crops_loss: 0.3609 (0.5304)  ibot_loss: 0.1839 (0.4418)  time: 0.366195  data: 0.014805  max mem: 19472
I20260722 14:59:36 73825 dinov2 helpers.py:102] Training  [4310/7500]  eta: 0:19:45  lr: 0.0005 (0.0007)  wd: 0.2611 (0.1230)  mom: 0.9969 (0.9938)  last_layer_lr: 0.0005 (0.0007)  current_batch_size: 64.0000 (64.0000)  total_loss: 4.5487 (5.2254)  teacher_entropy_ratio: 0.5240 (0.4711)  dino_local_crops_loss: 3.8769 (4.2537)  dino_global_crops_loss: 0.4846 (0.5306)  ibot_loss: 0.1880 (0.4412)  time: 0.341164  data: 0.000461  max mem: 19472
I20260722 14:59:40 73825 dinov2 helpers.py:102] Training  [4320/7500]  eta: 0:19:42  lr: 0.0005 (0.0007)  wd: 0.2618 (0.1234)  mom: 0.9969 (0.9939)  last_layer_lr: 0.0005 (0.0007)  current_batch_size: 64.0000 (64.0000)  total_loss: 6.0517 (5.2292)  teacher_entropy_ratio: 0.7054 (0.4718)  dino_local_crops_loss: 5.2179 (4.2575)  dino_global_crops_loss: 0.6522 (0.5310)  ibot_loss: 0.1896 (0.4406)  time: 0.352359  data: 0.011192  max mem: 19472
I20260722 14:59:43 73825 dinov2 helpers.py:102] Training  [4330/7500]  eta: 0:19:38  lr: 0.0005 (0.0007)  wd: 0.2626 (0.1237)  mom: 0.9969 (0.9939)  last_layer_lr: 0.0005 (0.0007)  current_batch_size: 64.0000 (64.0000)  total_loss: 7.4088 (5.2351)  teacher_entropy_ratio: 0.8656 (0.4729)  dino_local_crops_loss: 6.4031 (4.2633)  dino_global_crops_loss: 0.8004 (0.5318)  ibot_loss: 0.1840 (0.4400)  time: 0.356376  data: 0.018193  max mem: 19472
I20260722 14:59:47 73825 dinov2 helpers.py:102] Training  [4340/7500]  eta: 0:19:34  lr: 0.0005 (0.0007)  wd: 0.2633 (0.1240)  mom: 0.9970 (0.9939)  last_layer_lr: 0.0005 (0.0007)  current_batch_size: 64.0000 (64.0000)  total_loss: 8.0624 (5.2420)  teacher_entropy_ratio: 0.9469 (0.4740)  dino_local_crops_loss: 7.0033 (4.2700)  dino_global_crops_loss: 0.8754 (0.5326)  ibot_loss: 0.1816 (0.4394)  time: 0.369340  data: 0.028409  max mem: 19472
I20260722 14:59:51 73825 dinov2 helpers.py:102] Training  [4350/7500]  eta: 0:19:30  lr: 0.0005 (0.0007)  wd: 0.2640 (0.1243)  mom: 0.9970 (0.9939)  last_layer_lr: 0.0005 (0.0007)  current_batch_size: 64.0000 (64.0000)  total_loss: 8.3494 (5.2493)  teacher_entropy_ratio: 0.9816 (0.4752)  dino_local_crops_loss: 7.2603 (4.2770)  dino_global_crops_loss: 0.9075 (0.5335)  ibot_loss: 0.1816 (0.4388)  time: 0.369978  data: 0.027825  max mem: 19472
                                                                                                                                                                                                                                                                                                                                                                                                                                                                               I20260722 14:59:55 73825 dinov2 helpers.py:102] Training  [4360/7500]  eta: 0:19:27  lr: 0.0004 (0.0007)  wd: 0.2648 (0.1246)  mom: 0.9970 (0.9939)  last_layer_lr: 0.0004 (0.0007)  current_batch_size: 64.0000 (64.0000)  total_loss: 8.4451 (5.2567)  teacher_entropy_ratio: 0.9938 (0.4764)  dino_local_crops_loss: 7.3504 (4.2841)  dino_global_crops_loss: 0.9188 (0.5344)  ibot_loss: 0.1805 (0.4382)  time: 0.405465  data: 0.060767  max mem: 19472
I20260722 14:59:59 73825 dinov2 helpers.py:102] Training  [4370/7500]  eta: 0:19:23  lr: 0.0004 (0.0007)  wd: 0.2655 (0.1250)  mom: 0.9970 (0.9939)  last_layer_lr: 0.0004 (0.0007)  current_batch_size: 64.0000 (64.0000)  total_loss: 8.4800 (5.2641)  teacher_entropy_ratio: 0.9978 (0.4776)  dino_local_crops_loss: 7.3803 (4.2912)  dino_global_crops_loss: 0.9225 (0.5353)  ibot_loss: 0.1787 (0.4376)  time: 0.415038  data: 0.070823  max mem: 19472
I20260722 15:00:03 73825 dinov2 helpers.py:102] Training  [4380/7500]  eta: 0:19:20  lr: 0.0004 (0.0007)  wd: 0.2662 (0.1253)  mom: 0.9970 (0.9939)  last_layer_lr: 0.0004 (0.0007)  current_batch_size: 64.0000 (64.0000)  total_loss: 8.4937 (5.2715)  teacher_entropy_ratio: 0.9991 (0.4788)  dino_local_crops_loss: 7.3899 (4.2983)  dino_global_crops_loss: 0.9238 (0.5362)  ibot_loss: 0.1847 (0.4371)  time: 0.361034  data: 0.018271  max mem: 19472
I20260722 15:00:06 73825 dinov2 helpers.py:102] Training  [4390/7500]  eta: 0:19:16  lr: 0.0004 (0.0007)  wd: 0.2670 (0.1256)  mom: 0.9970 (0.9939)  last_layer_lr: 0.0004 (0.0007)  current_batch_size: 64.0000 (64.0000)  total_loss: 8.5020 (5.2789)  teacher_entropy_ratio: 0.9995 (0.4800)  dino_local_crops_loss: 7.3930 (4.3054)  dino_global_crops_loss: 0.9241 (0.5370)  ibot_loss: 0.1853 (0.4365)  time: 0.353799  data: 0.001783  max mem: 19472
I20260722 15:00:10 73825 dinov2 helpers.py:102] Training  [4400/7500]  eta: 0:19:12  lr: 0.0004 (0.0007)  wd: 0.2677 (0.1259)  mom: 0.9971 (0.9939)  last_layer_lr: 0.0004 (0.0007)  current_batch_size: 64.0000 (64.0000)  total_loss: 8.5046 (5.2862)  teacher_entropy_ratio: 0.9996 (0.4811)  dino_local_crops_loss: 7.3941 (4.3124)  dino_global_crops_loss: 0.9243 (0.5379)  ibot_loss: 0.1866 (0.4359)  time: 0.351580  data: 0.000428  max mem: 19472
I20260722 15:00:13 73825 dinov2 helpers.py:102] Training  [4410/7500]  eta: 0:19:08  lr: 0.0004 (0.0007)  wd: 0.2684 (0.1263)  mom: 0.9971 (0.9939)  last_layer_lr: 0.0004 (0.0007)  current_batch_size: 64.0000 (64.0000)  total_loss: 8.5088 (5.2935)  teacher_entropy_ratio: 0.9997 (0.4823)  dino_local_crops_loss: 7.3947 (4.3194)  dino_global_crops_loss: 0.9243 (0.5388)  ibot_loss: 0.1902 (0.4354)  time: 0.353203  data: 0.006688  max mem: 19472
I20260722 15:00:17 73825 dinov2 helpers.py:102] Training  [4420/7500]  eta: 0:19:04  lr: 0.0004 (0.0007)  wd: 0.2691 (0.1266)  mom: 0.9971 (0.9939)  last_layer_lr: 0.0004 (0.0007)  current_batch_size: 64.0000 (64.0000)  total_loss: 8.5038 (5.3008)  teacher_entropy_ratio: 0.9997 (0.4835)  dino_local_crops_loss: 7.3948 (4.3263)  dino_global_crops_loss: 0.9244 (0.5397)  ibot_loss: 0.1846 (0.4348)  time: 0.354946  data: 0.006694  max mem: 19472
I20260722 15:00:21 73825 dinov2 helpers.py:102] Training  [4430/7500]  eta: 0:19:01  lr: 0.0004 (0.0007)  wd: 0.2699 (0.1269)  mom: 0.9971 (0.9939)  last_layer_lr: 0.0004 (0.0007)  current_batch_size: 64.0000 (64.0000)  total_loss: 8.4969 (5.3080)  teacher_entropy_ratio: 0.9997 (0.4846)  dino_local_crops_loss: 7.3949 (4.3332)  dino_global_crops_loss: 0.9244 (0.5405)  ibot_loss: 0.1777 (0.4342)  time: 0.398785  data: 0.053366  max mem: 19472
                                                                                                                                                                                                                                                                                                                                                                                                                                                                                                                                                                                                                                                           I20260722 15:00:25 73825 dinov2 helpers.py:102] Training  [4440/7500]  eta: 0:18:57  lr: 0.0004 (0.0007)  wd: 0.2706 (0.1272)  mom: 0.9971 (0.9939)  last_layer_lr: 0.0004 (0.0007)  current_batch_size: 64.0000 (64.0000)  total_loss: 8.5118 (5.3152)  teacher_entropy_ratio: 0.9997 (0.4858)  dino_local_crops_loss: 7.3950 (4.3401)  dino_global_crops_loss: 0.9244 (0.5414)  ibot_loss: 0.1924 (0.4337)  time: 0.404647  data: 0.060723  max mem: 19472
I20260722 15:00:29 73825 dinov2 helpers.py:102] Training  [4450/7500]  eta: 0:18:53  lr: 0.0004 (0.0007)  wd: 0.2713 (0.1276)  mom: 0.9971 (0.9939)  last_layer_lr: 0.0004 (0.0007)  current_batch_size: 64.0000 (64.0000)  total_loss: 8.5101 (5.3224)  teacher_entropy_ratio: 0.9998 (0.4870)  dino_local_crops_loss: 7.3951 (4.3470)  dino_global_crops_loss: 0.9244 (0.5423)  ibot_loss: 0.1905 (0.4331)  time: 0.363527  data: 0.022511  max mem: 19472
I20260722 15:00:32 73825 dinov2 helpers.py:102] Training  [4460/7500]  eta: 0:18:49  lr: 0.0004 (0.0007)  wd: 0.2720 (0.1279)  mom: 0.9972 (0.9940)  last_layer_lr: 0.0004 (0.0007)  current_batch_size: 64.0000 (64.0000)  total_loss: 8.5150 (5.3295)  teacher_entropy_ratio: 0.9998 (0.4881)  dino_local_crops_loss: 7.3952 (4.3538)  dino_global_crops_loss: 0.9244 (0.5431)  ibot_loss: 0.1951 (0.4326)  time: 0.353421  data: 0.015381  max mem: 19472
I20260722 15:00:35 73825 dinov2 helpers.py:102] Training  [4470/7500]  eta: 0:18:46  lr: 0.0004 (0.0007)  wd: 0.2727 (0.1282)  mom: 0.9972 (0.9940)  last_layer_lr: 0.0004 (0.0007)  current_batch_size: 64.0000 (64.0000)  total_loss: 8.5153 (5.3367)  teacher_entropy_ratio: 0.9998 (0.4893)  dino_local_crops_loss: 7.3953 (4.3606)  dino_global_crops_loss: 0.9244 (0.5440)  ibot_loss: 0.1958 (0.4321)  time: 0.341669  data: 0.000532  max mem: 19472
I20260722 15:00:39 73825 dinov2 helpers.py:102] Training  [4480/7500]  eta: 0:18:42  lr: 0.0004 (0.0007)  wd: 0.2735 (0.1285)  mom: 0.9972 (0.9940)  last_layer_lr: 0.0004 (0.0007)  current_batch_size: 64.0000 (64.0000)  total_loss: 8.5143 (5.3438)  teacher_entropy_ratio: 0.9998 (0.4904)  dino_local_crops_loss: 7.3954 (4.3674)  dino_global_crops_loss: 0.9244 (0.5448)  ibot_loss: 0.1945 (0.4315)  time: 0.341090  data: 0.000467  max mem: 19472
I20260722 15:00:42 73825 dinov2 helpers.py:102] Training  [4490/7500]  eta: 0:18:38  lr: 0.0004 (0.0007)  wd: 0.2742 (0.1289)  mom: 0.9972 (0.9940)  last_layer_lr: 0.0004 (0.0007)  current_batch_size: 64.0000 (64.0000)  total_loss: 8.5352 (5.3509)  teacher_entropy_ratio: 0.9998 (0.4915)  dino_local_crops_loss: 7.3955 (4.3742)  dino_global_crops_loss: 0.9244 (0.5457)  ibot_loss: 0.2153 (0.4311)  time: 0.344304  data: 0.000618  max mem: 19472
I20260722 15:00:46 73825 fvcore.common.checkpoint __init__.py:109] Saving checkpoint to /sci/labs/arieljaffe/dan.abergel1/runs/brain/samesl_t005/model_0004499.rank_0.pth
I20260722 15:00:48 73825 dinov2 helpers.py:102] Training  [4500/7500]  eta: 0:18:35  lr: 0.0004 (0.0007)  wd: 0.2749 (0.1292)  mom: 0.9972 (0.9940)  last_layer_lr: 0.0004 (0.0007)  current_batch_size: 64.0000 (64.0000)  total_loss: 8.5870 (5.3582)  teacher_entropy_ratio: 0.9999 (0.4927)  dino_local_crops_loss: 7.3955 (4.3809)  dino_global_crops_loss: 0.9244 (0.5465)  ibot_loss: 0.2671 (0.4308)  time: 0.442851  data: 0.039138  max mem: 19472
I20260722 15:00:51 73825 dinov2 helpers.py:102] Training  [4510/7500]  eta: 0:18:31  lr: 0.0004 (0.0007)  wd: 0.2756 (0.1295)  mom: 0.9972 (0.9940)  last_layer_lr: 0.0004 (0.0007)  current_batch_size: 64.0000 (64.0000)  total_loss: 8.6456 (5.3656)  teacher_entropy_ratio: 0.9998 (0.4938)  dino_local_crops_loss: 7.3951 (4.3875)  dino_global_crops_loss: 0.9244 (0.5473)  ibot_loss: 0.3255 (0.4307)  time: 0.436818  data: 0.039110  max mem: 19472
I20260722 15:00:55 73825 dinov2 helpers.py:102] Training  [4520/7500]  eta: 0:18:27  lr: 0.0004 (0.0007)  wd: 0.2763 (0.1298)  mom: 0.9973 (0.9940)  last_layer_lr: 0.0004 (0.0007)  current_batch_size: 64.0000 (64.0000)  total_loss: 8.7100 (5.3731)  teacher_entropy_ratio: 0.9997 (0.4949)  dino_local_crops_loss: 7.3942 (4.3942)  dino_global_crops_loss: 0.9243 (0.5482)  ibot_loss: 0.3912 (0.4307)  time: 0.343280  data: 0.000587  max mem: 19472
                                                                                                                                                                                                                                                                                                                                                                                                                                                                                                                                                                                                                                                                                                                                                                                                                                                                                                                                                                                                                                                                                                                                                                                                                                                                                                                                                                                                                                                                                                                                                                                                                                                                                                    I20260722 15:00:58 73825 dinov2 helpers.py:102] Training  [4530/7500]  eta: 0:18:23  lr: 0.0004 (0.0007)  wd: 0.2771 (0.1302)  mom: 0.9973 (0.9940)  last_layer_lr: 0.0004 (0.0007)  current_batch_size: 64.0000 (64.0000)  total_loss: 8.7539 (5.3806)  teacher_entropy_ratio: 0.9994 (0.4960)  dino_local_crops_loss: 7.3913 (4.4008)  dino_global_crops_loss: 0.9239 (0.5490)  ibot_loss: 0.4401 (0.4308)  time: 0.348302  data: 0.000570  max mem: 19472
I20260722 15:01:01 73825 dinov2 helpers.py:102] Training  [4540/7500]  eta: 0:18:20  lr: 0.0004 (0.0007)  wd: 0.2778 (0.1305)  mom: 0.9973 (0.9940)  last_layer_lr: 0.0004 (0.0007)  current_batch_size: 64.0000 (64.0000)  total_loss: 8.7539 (5.3880)  teacher_entropy_ratio: 0.9988 (0.4971)  dino_local_crops_loss: 7.3868 (4.4074)  dino_global_crops_loss: 0.9233 (0.5498)  ibot_loss: 0.4401 (0.4308)  time: 0.341912  data: 0.000584  max mem: 19472
I20260722 15:01:05 73825 dinov2 helpers.py:102] Training  [4550/7500]  eta: 0:18:16  lr: 0.0004 (0.0007)  wd: 0.2785 (0.1308)  mom: 0.9973 (0.9940)  last_layer_lr: 0.0004 (0.0007)  current_batch_size: 64.0000 (64.0000)  total_loss: 8.7565 (5.3954)  teacher_entropy_ratio: 0.9981 (0.4982)  dino_local_crops_loss: 7.3812 (4.4139)  dino_global_crops_loss: 0.9226 (0.5506)  ibot_loss: 0.4514 (0.4309)  time: 0.363096  data: 0.024888  max mem: 19472
I20260722 15:01:09 73825 dinov2 helpers.py:102] Training  [4560/7500]  eta: 0:18:12  lr: 0.0004 (0.0007)  wd: 0.2792 (0.1311)  mom: 0.9973 (0.9940)  last_layer_lr: 0.0004 (0.0007)  current_batch_size: 64.0000 (64.0000)  total_loss: 8.7897 (5.4029)  teacher_entropy_ratio: 0.9973 (0.4993)  dino_local_crops_loss: 7.3754 (4.4204)  dino_global_crops_loss: 0.9219 (0.5515)  ibot_loss: 0.4908 (0.4310)  time: 0.366553  data: 0.024930  max mem: 19472
I20260722 15:01:12 73825 dinov2 helpers.py:102] Training  [4570/7500]  eta: 0:18:08  lr: 0.0004 (0.0007)  wd: 0.2799 (0.1315)  mom: 0.9973 (0.9940)  last_layer_lr: 0.0004 (0.0007)  current_batch_size: 64.0000 (64.0000)  total_loss: 8.7882 (5.4102)  teacher_entropy_ratio: 0.9966 (0.5004)  dino_local_crops_loss: 7.3701 (4.4268)  dino_global_crops_loss: 0.9213 (0.5523)  ibot_loss: 0.4941 (0.4311)  time: 0.352922  data: 0.000499  max mem: 19472
I20260722 15:01:17 73825 dinov2 helpers.py:102] Training  [4580/7500]  eta: 0:18:05  lr: 0.0004 (0.0007)  wd: 0.2806 (0.1318)  mom: 0.9973 (0.9940)  last_layer_lr: 0.0004 (0.0007)  current_batch_size: 64.0000 (64.0000)  total_loss: 8.7370 (5.4175)  teacher_entropy_ratio: 0.9960 (0.5015)  dino_local_crops_loss: 7.3658 (4.4333)  dino_global_crops_loss: 0.9207 (0.5531)  ibot_loss: 0.4512 (0.4311)  time: 0.396349  data: 0.045807  max mem: 19472
I20260722 15:01:20 73825 dinov2 helpers.py:102] Training  [4590/7500]  eta: 0:18:01  lr: 0.0004 (0.0007)  wd: 0.2813 (0.1321)  mom: 0.9974 (0.9940)  last_layer_lr: 0.0004 (0.0007)  current_batch_size: 64.0000 (64.0000)  total_loss: 8.7130 (5.4246)  teacher_entropy_ratio: 0.9955 (0.5026)  dino_local_crops_loss: 7.3620 (4.4396)  dino_global_crops_loss: 0.9202 (0.5539)  ibot_loss: 0.4292 (0.4312)  time: 0.388310  data: 0.045795  max mem: 19472
              I20260722 15:01:24 73825 dinov2 helpers.py:102] Training  [4600/7500]  eta: 0:17:57  lr: 0.0004 (0.0007)  wd: 0.2820 (0.1324)  mom: 0.9974 (0.9941)  last_layer_lr: 0.0004 (0.0007)  current_batch_size: 64.0000 (64.0000)  total_loss: 8.7015 (5.4317)  teacher_entropy_ratio: 0.9950 (0.5036)  dino_local_crops_loss: 7.3584 (4.4460)  dino_global_crops_loss: 0.9198 (0.5547)  ibot_loss: 0.4223 (0.4311)  time: 0.343874  data: 0.000483  max mem: 19472
I20260722 15:01:27 73825 dinov2 helpers.py:102] Training  [4610/7500]  eta: 0:17:53  lr: 0.0004 (0.0007)  wd: 0.2827 (0.1328)  mom: 0.9974 (0.9941)  last_layer_lr: 0.0004 (0.0007)  current_batch_size: 64.0000 (64.0000)  total_loss: 8.6547 (5.4387)  teacher_entropy_ratio: 0.9944 (0.5047)  dino_local_crops_loss: 7.3545 (4.4523)  dino_global_crops_loss: 0.9193 (0.5555)  ibot_loss: 0.3809 (0.4310)  time: 0.348010  data: 0.006718  max mem: 19472
I20260722 15:01:31 73825 dinov2 helpers.py:102] Training  [4620/7500]  eta: 0:17:50  lr: 0.0004 (0.0007)  wd: 0.2834 (0.1331)  mom: 0.9974 (0.9941)  last_layer_lr: 0.0004 (0.0007)  current_batch_size: 64.0000 (64.0000)  total_loss: 8.6071 (5.4455)  teacher_entropy_ratio: 0.9938 (0.5057)  dino_local_crops_loss: 7.3497 (4.4585)  dino_global_crops_loss: 0.9187 (0.5562)  ibot_loss: 0.3399 (0.4307)  time: 0.359140  data: 0.016326  max mem: 19472
I20260722 15:01:34 73825 dinov2 helpers.py:102] Training  [4630/7500]  eta: 0:17:46  lr: 0.0004 (0.0007)  wd: 0.2842 (0.1334)  mom: 0.9974 (0.9941)  last_layer_lr: 0.0004 (0.0007)  current_batch_size: 64.0000 (64.0000)  total_loss: 8.5752 (5.4522)  teacher_entropy_ratio: 0.9933 (0.5068)  dino_local_crops_loss: 7.3454 (4.4648)  dino_global_crops_loss: 0.9182 (0.5570)  ibot_loss: 0.3136 (0.4304)  time: 0.366950  data: 0.022478  max mem: 19472
I20260722 15:01:39 73825 dinov2 helpers.py:102] Training  [4640/7500]  eta: 0:17:42  lr: 0.0004 (0.0007)  wd: 0.2849 (0.1338)  mom: 0.9974 (0.9941)  last_layer_lr: 0.0004 (0.0007)  current_batch_size: 64.0000 (64.0000)  total_loss: 8.5441 (5.4589)  teacher_entropy_ratio: 0.9930 (0.5078)  dino_local_crops_loss: 7.3434 (4.4710)  dino_global_crops_loss: 0.9179 (0.5578)  ibot_loss: 0.2812 (0.4301)  time: 0.391116  data: 0.049444  max mem: 19472
I20260722 15:01:42 73825 dinov2 helpers.py:102] Training  [4650/7500]  eta: 0:17:39  lr: 0.0004 (0.0007)  wd: 0.2856 (0.1341)  mom: 0.9975 (0.9941)  last_layer_lr: 0.0004 (0.0007)  current_batch_size: 64.0000 (64.0000)  total_loss: 8.5321 (5.4655)  teacher_entropy_ratio: 0.9929 (0.5089)  dino_local_crops_loss: 7.3427 (4.4771)  dino_global_crops_loss: 0.9178 (0.5586)  ibot_loss: 0.2716 (0.4298)  time: 0.404094  data: 0.065984  max mem: 19472
I20260722 15:01:46 73825 dinov2 helpers.py:102] Training  [4660/7500]  eta: 0:17:35  lr: 0.0004 (0.0007)  wd: 0.2863 (0.1344)  mom: 0.9975 (0.9941)  last_layer_lr: 0.0004 (0.0007)  current_batch_size: 64.0000 (64.0000)  total_loss: 8.5219 (5.4720)  teacher_entropy_ratio: 0.9929 (0.5099)  dino_local_crops_loss: 7.3427 (4.4833)  dino_global_crops_loss: 0.9178 (0.5593)  ibot_loss: 0.2610 (0.4294)  time: 0.371324  data: 0.032593  max mem: 19472
I20260722 15:01:50 73825 dinov2 helpers.py:102] Training  [4670/7500]  eta: 0:17:31  lr: 0.0004 (0.0007)  wd: 0.2870 (0.1347)  mom: 0.9975 (0.9941)  last_layer_lr: 0.0004 (0.0007)  current_batch_size: 64.0000 (64.0000)  total_loss: 8.5159 (5.4785)  teacher_entropy_ratio: 0.9929 (0.5110)  dino_local_crops_loss: 7.3428 (4.4894)  dino_global_crops_loss: 0.9179 (0.5601)  ibot_loss: 0.2555 (0.4290)  time: 0.351212  data: 0.003648  max mem: 19472
I20260722 15:01:53 73825 dinov2 helpers.py:102] Training  [4680/7500]  eta: 0:17:27  lr: 0.0004 (0.0007)  wd: 0.2877 (0.1351)  mom: 0.9975 (0.9941)  last_layer_lr: 0.0004 (0.0007)  current_batch_size: 64.0000 (64.0000)  total_loss: 8.5146 (5.4850)  teacher_entropy_ratio: 0.9929 (0.5120)  dino_local_crops_loss: 7.3428 (4.4955)  dino_global_crops_loss: 0.9179 (0.5609)  ibot_loss: 0.2516 (0.4286)  time: 0.349376  data: 0.000430  max mem: 19472
I20260722 15:01:56 73825 dinov2 helpers.py:102] Training  [4690/7500]  eta: 0:17:23  lr: 0.0004 (0.0007)  wd: 0.2884 (0.1354)  mom: 0.9975 (0.9941)  last_layer_lr: 0.0004 (0.0007)  current_batch_size: 64.0000 (64.0000)  total_loss: 8.5177 (5.4915)  teacher_entropy_ratio: 0.9932 (0.5130)  dino_local_crops_loss: 7.3446 (4.5016)  dino_global_crops_loss: 0.9181 (0.5616)  ibot_loss: 0.2553 (0.4283)  time: 0.340791  data: 0.000395  max mem: 19472
I20260722 15:02:00 73825 dinov2 helpers.py:102] Training  [4700/7500]  eta: 0:17:19  lr: 0.0004 (0.0007)  wd: 0.2891 (0.1357)  mom: 0.9975 (0.9941)  last_layer_lr: 0.0004 (0.0007)  current_batch_size: 64.0000 (64.0000)  total_loss: 8.5199 (5.4979)  teacher_entropy_ratio: 0.9940 (0.5140)  dino_local_crops_loss: 7.3507 (4.5077)  dino_global_crops_loss: 0.9188 (0.5624)  ibot_loss: 0.2553 (0.4279)  time: 0.348884  data: 0.000636  max mem: 19472
I20260722 15:02:04 73825 dinov2 helpers.py:102] Training  [4710/7500]  eta: 0:17:16  lr: 0.0004 (0.0007)  wd: 0.2898 (0.1360)  mom: 0.9976 (0.9941)  last_layer_lr: 0.0004 (0.0007)  current_batch_size: 64.0000 (64.0000)  total_loss: 8.5255 (5.5044)  teacher_entropy_ratio: 0.9950 (0.5151)  dino_local_crops_loss: 7.3577 (4.5137)  dino_global_crops_loss: 0.9197 (0.5632)  ibot_loss: 0.2474 (0.4275)  time: 0.358068  data: 0.000885  max mem: 19472
I20260722 15:02:07 73825 dinov2 helpers.py:102] Training  [4720/7500]  eta: 0:17:12  lr: 0.0004 (0.0007)  wd: 0.2904 (0.1364)  mom: 0.9976 (0.9941)  last_layer_lr: 0.0004 (0.0007)  current_batch_size: 64.0000 (64.0000)  total_loss: 8.5425 (5.5108)  teacher_entropy_ratio: 0.9963 (0.5161)  dino_local_crops_loss: 7.3677 (4.5198)  dino_global_crops_loss: 0.9210 (0.5639)  ibot_loss: 0.2539 (0.4271)  time: 0.348962  data: 0.000596  max mem: 19472
I20260722 15:02:10 73825 dinov2 helpers.py:102] Training  [4730/7500]  eta: 0:17:08  lr: 0.0004 (0.0007)  wd: 0.2911 (0.1367)  mom: 0.9976 (0.9941)  last_layer_lr: 0.0004 (0.0007)  current_batch_size: 64.0000 (64.0000)  total_loss: 8.5522 (5.5173)  teacher_entropy_ratio: 0.9975 (0.5171)  dino_local_crops_loss: 7.3763 (4.5258)  dino_global_crops_loss: 0.9220 (0.5647)  ibot_loss: 0.2559 (0.4268)  time: 0.346893  data: 0.000563  max mem: 19472
I20260722 15:02:14 73825 dinov2 helpers.py:102] Training  [4740/7500]  eta: 0:17:04  lr: 0.0004 (0.0007)  wd: 0.2918 (0.1370)  mom: 0.9976 (0.9942)  last_layer_lr: 0.0004 (0.0007)  current_batch_size: 64.0000 (64.0000)  total_loss: 8.5534 (5.5237)  teacher_entropy_ratio: 0.9983 (0.5181)  dino_local_crops_loss: 7.3822 (4.5319)  dino_global_crops_loss: 0.9228 (0.5654)  ibot_loss: 0.2452 (0.4264)  time: 0.353585  data: 0.000424  max mem: 19472
I20260722 15:02:17 73825 dinov2 helpers.py:102] Training  [4750/7500]  eta: 0:17:00  lr: 0.0004 (0.0007)  wd: 0.2925 (0.1374)  mom: 0.9976 (0.9942)  last_layer_lr: 0.0004 (0.0007)  current_batch_size: 64.0000 (64.0000)  total_loss: 8.5726 (5.5301)  teacher_entropy_ratio: 0.9988 (0.5191)  dino_local_crops_loss: 7.3864 (4.5379)  dino_global_crops_loss: 0.9233 (0.5662)  ibot_loss: 0.2669 (0.4261)  time: 0.346170  data: 0.000443  max mem: 19472
I20260722 15:02:21 73825 dinov2 helpers.py:102] Training  [4760/7500]  eta: 0:16:56  lr: 0.0004 (0.0007)  wd: 0.2932 (0.1377)  mom: 0.9976 (0.9942)  last_layer_lr: 0.0004 (0.0007)  current_batch_size: 64.0000 (64.0000)  total_loss: 8.5799 (5.5365)  teacher_entropy_ratio: 0.9992 (0.5201)  dino_local_crops_loss: 7.3891 (4.5439)  dino_global_crops_loss: 0.9236 (0.5669)  ibot_loss: 0.2681 (0.4258)  time: 0.339409  data: 0.000648  max mem: 19472
I20260722 15:02:25 73825 dinov2 helpers.py:102] Training  [4770/7500]  eta: 0:16:53  lr: 0.0004 (0.0007)  wd: 0.2939 (0.1380)  mom: 0.9976 (0.9942)  last_layer_lr: 0.0004 (0.0007)  current_batch_size: 64.0000 (64.0000)  total_loss: 8.5818 (5.5430)  teacher_entropy_ratio: 0.9994 (0.5211)  dino_local_crops_loss: 7.3906 (4.5498)  dino_global_crops_loss: 0.9238 (0.5677)  ibot_loss: 0.2669 (0.4255)  time: 0.356196  data: 0.003322  max mem: 19472
I20260722 15:02:28 73825 dinov2 helpers.py:102] Training  [4780/7500]  eta: 0:16:49  lr: 0.0004 (0.0007)  wd: 0.2946 (0.1383)  mom: 0.9977 (0.9942)  last_layer_lr: 0.0004 (0.0007)  current_batch_size: 64.0000 (64.0000)  total_loss: 8.6162 (5.5494)  teacher_entropy_ratio: 0.9996 (0.5221)  dino_local_crops_loss: 7.3919 (4.5558)  dino_global_crops_loss: 0.9240 (0.5684)  ibot_loss: 0.3000 (0.4252)  time: 0.366498  data: 0.003322  max mem: 19472
I20260722 15:02:32 73825 dinov2 helpers.py:102] Training  [4790/7500]  eta: 0:16:45  lr: 0.0004 (0.0007)  wd: 0.2953 (0.1387)  mom: 0.9977 (0.9942)  last_layer_lr: 0.0004 (0.0007)  current_batch_size: 64.0000 (64.0000)  total_loss: 8.6240 (5.5558)  teacher_entropy_ratio: 0.9996 (0.5231)  dino_local_crops_loss: 7.3923 (4.5617)  dino_global_crops_loss: 0.9240 (0.5692)  ibot_loss: 0.3077 (0.4250)  time: 0.358496  data: 0.000430  max mem: 19472
I20260722 15:02:35 73825 dinov2 helpers.py:102] Training  [4800/7500]  eta: 0:16:41  lr: 0.0003 (0.0007)  wd: 0.2960 (0.1390)  mom: 0.9977 (0.9942)  last_layer_lr: 0.0003 (0.0007)  current_batch_size: 64.0000 (64.0000)  total_loss: 8.6240 (5.5622)  teacher_entropy_ratio: 0.9997 (0.5241)  dino_local_crops_loss: 7.3925 (4.5676)  dino_global_crops_loss: 0.9241 (0.5699)  ibot_loss: 0.3077 (0.4248)  time: 0.351002  data: 0.000766  max mem: 19472
I20260722 15:02:39 73825 dinov2 helpers.py:102] Training  [4810/7500]  eta: 0:16:37  lr: 0.0003 (0.0007)  wd: 0.2966 (0.1393)  mom: 0.9977 (0.9942)  last_layer_lr: 0.0003 (0.0007)  current_batch_size: 64.0000 (64.0000)  total_loss: 8.6389 (5.5687)  teacher_entropy_ratio: 0.9997 (0.5251)  dino_local_crops_loss: 7.3925 (4.5735)  dino_global_crops_loss: 0.9241 (0.5706)  ibot_loss: 0.3225 (0.4246)  time: 0.346500  data: 0.000849  max mem: 19472
I20260722 15:02:42 73825 dinov2 helpers.py:102] Training  [4820/7500]  eta: 0:16:34  lr: 0.0003 (0.0007)  wd: 0.2973 (0.1397)  mom: 0.9977 (0.9942)  last_layer_lr: 0.0003 (0.0007)  current_batch_size: 64.0000 (64.0000)  total_loss: 8.6667 (5.5751)  teacher_entropy_ratio: 0.9996 (0.5261)  dino_local_crops_loss: 7.3923 (4.5793)  dino_global_crops_loss: 0.9240 (0.5714)  ibot_loss: 0.3503 (0.4244)  time: 0.358417  data: 0.012394  max mem: 19472
I20260722 15:02:46 73825 dinov2 helpers.py:102] Training  [4830/7500]  eta: 0:16:30  lr: 0.0003 (0.0007)  wd: 0.2980 (0.1400)  mom: 0.9977 (0.9942)  last_layer_lr: 0.0003 (0.0007)  current_batch_size: 64.0000 (64.0000)  total_loss: 8.6779 (5.5815)  teacher_entropy_ratio: 0.9996 (0.5271)  dino_local_crops_loss: 7.3920 (4.5851)  dino_global_crops_loss: 0.9240 (0.5721)  ibot_loss: 0.3620 (0.4243)  time: 0.356324  data: 0.012535  max mem: 19472
I20260722 15:02:49 73825 dinov2 helpers.py:102] Training  [4840/7500]  eta: 0:16:26  lr: 0.0003 (0.0007)  wd: 0.2987 (0.1403)  mom: 0.9977 (0.9942)  last_layer_lr: 0.0003 (0.0007)  current_batch_size: 64.0000 (64.0000)  total_loss: 8.6923 (5.5880)  teacher_entropy_ratio: 0.9996 (0.5281)  dino_local_crops_loss: 7.3917 (4.5909)  dino_global_crops_loss: 0.9240 (0.5728)  ibot_loss: 0.3768 (0.4243)  time: 0.342989  data: 0.000443  max mem: 19472
I20260722 15:02:53 73825 dinov2 helpers.py:102] Training  [4850/7500]  eta: 0:16:22  lr: 0.0003 (0.0007)  wd: 0.2994 (0.1406)  mom: 0.9978 (0.9942)  last_layer_lr: 0.0003 (0.0007)  current_batch_size: 64.0000 (64.0000)  total_loss: 8.7173 (5.5945)  teacher_entropy_ratio: 0.9995 (0.5290)  dino_local_crops_loss: 7.3914 (4.5967)  dino_global_crops_loss: 0.9239 (0.5736)  ibot_loss: 0.4020 (0.4242)  time: 0.352795  data: 0.007977  max mem: 19472
I20260722 15:02:57 73825 dinov2 helpers.py:102] Training  [4860/7500]  eta: 0:16:19  lr: 0.0003 (0.0007)  wd: 0.3000 (0.1410)  mom: 0.9978 (0.9942)  last_layer_lr: 0.0003 (0.0007)  current_batch_size: 64.0000 (64.0000)  total_loss: 8.7076 (5.6009)  teacher_entropy_ratio: 0.9995 (0.5300)  dino_local_crops_loss: 7.3912 (4.6024)  dino_global_crops_loss: 0.9239 (0.5743)  ibot_loss: 0.3924 (0.4241)  time: 0.371958  data: 0.027816  max mem: 19472
I20260722 15:03:01 73825 dinov2 helpers.py:102] Training  [4870/7500]  eta: 0:16:15  lr: 0.0003 (0.0007)  wd: 0.3007 (0.1413)  mom: 0.9978 (0.9943)  last_layer_lr: 0.0003 (0.0007)  current_batch_size: 64.0000 (64.0000)  total_loss: 8.7234 (5.6074)  teacher_entropy_ratio: 0.9995 (0.5310)  dino_local_crops_loss: 7.3909 (4.6082)  dino_global_crops_loss: 0.9239 (0.5750)  ibot_loss: 0.4082 (0.4242)  time: 0.390326  data: 0.047686  max mem: 19472
I20260722 15:03:04 73825 dinov2 helpers.py:102] Training  [4880/7500]  eta: 0:16:11  lr: 0.0003 (0.0007)  wd: 0.3014 (0.1416)  mom: 0.9978 (0.9943)  last_layer_lr: 0.0003 (0.0007)  current_batch_size: 64.0000 (64.0000)  total_loss: 8.7542 (5.6138)  teacher_entropy_ratio: 0.9995 (0.5319)  dino_local_crops_loss: 7.3908 (4.6139)  dino_global_crops_loss: 0.9239 (0.5757)  ibot_loss: 0.4396 (0.4242)  time: 0.368959  data: 0.028060  max mem: 19472
I20260722 15:03:08 73825 dinov2 helpers.py:102] Training  [4890/7500]  eta: 0:16:07  lr: 0.0003 (0.0007)  wd: 0.3021 (0.1420)  mom: 0.9978 (0.9943)  last_layer_lr: 0.0003 (0.0007)  current_batch_size: 64.0000 (64.0000)  total_loss: 8.7663 (5.6203)  teacher_entropy_ratio: 0.9995 (0.5329)  dino_local_crops_loss: 7.3907 (4.6195)  dino_global_crops_loss: 0.9238 (0.5764)  ibot_loss: 0.4517 (0.4243)  time: 0.346498  data: 0.004880  max mem: 19472
I20260722 15:03:12 73825 dinov2 helpers.py:102] Training  [4900/7500]  eta: 0:16:04  lr: 0.0003 (0.0007)  wd: 0.3027 (0.1423)  mom: 0.9978 (0.9943)  last_layer_lr: 0.0003 (0.0007)  current_batch_size: 64.0000 (64.0000)  total_loss: 8.7720 (5.6267)  teacher_entropy_ratio: 0.9994 (0.5338)  dino_local_crops_loss: 7.3906 (4.6252)  dino_global_crops_loss: 0.9238 (0.5771)  ibot_loss: 0.4574 (0.4244)  time: 0.376978  data: 0.034624  max mem: 19472
I20260722 15:03:15 73825 dinov2 helpers.py:102] Training  [4910/7500]  eta: 0:16:00  lr: 0.0003 (0.0007)  wd: 0.3034 (0.1426)  mom: 0.9979 (0.9943)  last_layer_lr: 0.0003 (0.0007)  current_batch_size: 64.0000 (64.0000)  total_loss: 8.7888 (5.6331)  teacher_entropy_ratio: 0.9994 (0.5348)  dino_local_crops_loss: 7.3905 (4.6308)  dino_global_crops_loss: 0.9238 (0.5778)  ibot_loss: 0.4744 (0.4245)  time: 0.387886  data: 0.047315  max mem: 19472
I20260722 15:03:19 73825 dinov2 helpers.py:102] Training  [4920/7500]  eta: 0:15:56  lr: 0.0003 (0.0007)  wd: 0.3041 (0.1429)  mom: 0.9979 (0.9943)  last_layer_lr: 0.0003 (0.0007)  current_batch_size: 64.0000 (64.0000)  total_loss: 8.7976 (5.6396)  teacher_entropy_ratio: 0.9994 (0.5357)  dino_local_crops_loss: 7.3905 (4.6364)  dino_global_crops_loss: 0.9238 (0.5785)  ibot_loss: 0.4833 (0.4246)  time: 0.364403  data: 0.021554  max mem: 19472
I20260722 15:03:22 73825 dinov2 helpers.py:102] Training  [4930/7500]  eta: 0:15:52  lr: 0.0003 (0.0007)  wd: 0.3047 (0.1433)  mom: 0.9979 (0.9943)  last_layer_lr: 0.0003 (0.0007)  current_batch_size: 64.0000 (64.0000)  total_loss: 8.7737 (5.6460)  teacher_entropy_ratio: 0.9994 (0.5367)  dino_local_crops_loss: 7.3904 (4.6420)  dino_global_crops_loss: 0.9238 (0.5792)  ibot_loss: 0.4595 (0.4247)  time: 0.351952  data: 0.005133  max mem: 19472
I20260722 15:03:26 73825 dinov2 helpers.py:102] Training  [4940/7500]  eta: 0:15:49  lr: 0.0003 (0.0007)  wd: 0.3054 (0.1436)  mom: 0.9979 (0.9943)  last_layer_lr: 0.0003 (0.0007)  current_batch_size: 64.0000 (64.0000)  total_loss: 8.7737 (5.6523)  teacher_entropy_ratio: 0.9994 (0.5376)  dino_local_crops_loss: 7.3904 (4.6476)  dino_global_crops_loss: 0.9238 (0.5799)  ibot_loss: 0.4595 (0.4247)  time: 0.351033  data: 0.000986  max mem: 19472
I20260722 15:03:30 73825 fvcore.common.checkpoint __init__.py:109] Saving checkpoint to /sci/labs/arieljaffe/dan.abergel1/runs/brain/samesl_t005/model_0004949.rank_0.pth
I20260722 15:03:31 73825 dinov2 helpers.py:102] Training  [4950/7500]  eta: 0:15:46  lr: 0.0003 (0.0007)  wd: 0.3061 (0.1439)  mom: 0.9979 (0.9943)  last_layer_lr: 0.0003 (0.0007)  current_batch_size: 64.0000 (64.0000)  total_loss: 8.7519 (5.6586)  teacher_entropy_ratio: 0.9994 (0.5385)  dino_local_crops_loss: 7.3904 (4.6531)  dino_global_crops_loss: 0.9238 (0.5806)  ibot_loss: 0.4378 (0.4248)  time: 0.441118  data: 0.033798  max mem: 19472
I20260722 15:03:35 73825 dinov2 helpers.py:102] Training  [4960/7500]  eta: 0:15:42  lr: 0.0003 (0.0007)  wd: 0.3067 (0.1443)  mom: 0.9979 (0.9943)  last_layer_lr: 0.0003 (0.0007)  current_batch_size: 64.0000 (64.0000)  total_loss: 8.7529 (5.6649)  teacher_entropy_ratio: 0.9995 (0.5395)  dino_local_crops_loss: 7.3905 (4.6586)  dino_global_crops_loss: 0.9238 (0.5813)  ibot_loss: 0.4386 (0.4249)  time: 0.432835  data: 0.033743  max mem: 19472
I20260722 15:03:38 73825 dinov2 helpers.py:102] Training  [4970/7500]  eta: 0:15:38  lr: 0.0003 (0.0007)  wd: 0.3074 (0.1446)  mom: 0.9979 (0.9943)  last_layer_lr: 0.0003 (0.0007)  current_batch_size: 64.0000 (64.0000)  total_loss: 8.7665 (5.6711)  teacher_entropy_ratio: 0.9995 (0.5404)  dino_local_crops_loss: 7.3905 (4.6641)  dino_global_crops_loss: 0.9238 (0.5820)  ibot_loss: 0.4523 (0.4250)  time: 0.336967  data: 0.000752  max mem: 19472
I20260722 15:03:42 73825 dinov2 helpers.py:102] Training  [4980/7500]  eta: 0:15:34  lr: 0.0003 (0.0007)  wd: 0.3080 (0.1449)  mom: 0.9980 (0.9943)  last_layer_lr: 0.0003 (0.0007)  current_batch_size: 64.0000 (64.0000)  total_loss: 8.7632 (5.6773)  teacher_entropy_ratio: 0.9995 (0.5413)  dino_local_crops_loss: 7.3905 (4.6696)  dino_global_crops_loss: 0.9238 (0.5827)  ibot_loss: 0.4488 (0.4250)  time: 0.341663  data: 0.000936  max mem: 19472
I20260722 15:03:45 73825 dinov2 helpers.py:102] Training  [4990/7500]  eta: 0:15:30  lr: 0.0003 (0.0007)  wd: 0.3087 (0.1452)  mom: 0.9980 (0.9943)  last_layer_lr: 0.0003 (0.0007)  current_batch_size: 64.0000 (64.0000)  total_loss: 8.7401 (5.6834)  teacher_entropy_ratio: 0.9995 (0.5422)  dino_local_crops_loss: 7.3906 (4.6751)  dino_global_crops_loss: 0.9238 (0.5834)  ibot_loss: 0.4257 (0.4250)  time: 0.348562  data: 0.000414  max mem: 19472
I20260722 15:03:48 73825 dinov2 helpers.py:102] Training  [5000/7500]  eta: 0:15:26  lr: 0.0003 (0.0007)  wd: 0.3093 (0.1456)  mom: 0.9980 (0.9943)  last_layer_lr: 0.0003 (0.0007)  current_batch_size: 64.0000 (64.0000)  total_loss: 8.7383 (5.6896)  teacher_entropy_ratio: 0.9995 (0.5431)  dino_local_crops_loss: 7.3907 (4.6805)  dino_global_crops_loss: 0.9238 (0.5841)  ibot_loss: 0.4240 (0.4250)  time: 0.344301  data: 0.000459  max mem: 19472
I20260722 15:03:52 73825 dinov2 helpers.py:102] Training  [5010/7500]  eta: 0:15:23  lr: 0.0003 (0.0007)  wd: 0.3100 (0.1459)  mom: 0.9980 (0.9944)  last_layer_lr: 0.0003 (0.0007)  current_batch_size: 64.0000 (64.0000)  total_loss: 8.7640 (5.6957)  teacher_entropy_ratio: 0.9995 (0.5441)  dino_local_crops_loss: 7.3909 (4.6859)  dino_global_crops_loss: 0.9239 (0.5847)  ibot_loss: 0.4494 (0.4250)  time: 0.343525  data: 0.000611  max mem: 19472
I20260722 15:03:55 73825 dinov2 helpers.py:102] Training  [5020/7500]  eta: 0:15:19  lr: 0.0003 (0.0007)  wd: 0.3107 (0.1462)  mom: 0.9980 (0.9944)  last_layer_lr: 0.0003 (0.0007)  current_batch_size: 64.0000 (64.0000)  total_loss: 8.7657 (5.7018)  teacher_entropy_ratio: 0.9996 (0.5450)  dino_local_crops_loss: 7.3910 (4.6913)  dino_global_crops_loss: 0.9239 (0.5854)  ibot_loss: 0.4508 (0.4251)  time: 0.344336  data: 0.000587  max mem: 19472
I20260722 15:03:59 73825 dinov2 helpers.py:102] Training  [5030/7500]  eta: 0:15:15  lr: 0.0003 (0.0007)  wd: 0.3113 (0.1466)  mom: 0.9980 (0.9944)  last_layer_lr: 0.0003 (0.0007)  current_batch_size: 64.0000 (64.0000)  total_loss: 8.7657 (5.7079)  teacher_entropy_ratio: 0.9996 (0.5459)  dino_local_crops_loss: 7.3912 (4.6967)  dino_global_crops_loss: 0.9239 (0.5861)  ibot_loss: 0.4508 (0.4251)  time: 0.367673  data: 0.027536  max mem: 19472
I20260722 15:04:03 73825 dinov2 helpers.py:102] Training  [5040/7500]  eta: 0:15:12  lr: 0.0003 (0.0007)  wd: 0.3120 (0.1469)  mom: 0.9980 (0.9944)  last_layer_lr: 0.0003 (0.0007)  current_batch_size: 64.0000 (64.0000)  total_loss: 8.7637 (5.7140)  teacher_entropy_ratio: 0.9996 (0.5468)  dino_local_crops_loss: 7.3913 (4.7020)  dino_global_crops_loss: 0.9239 (0.5868)  ibot_loss: 0.4483 (0.4252)  time: 0.389411  data: 0.048033  max mem: 19472
I20260722 15:04:07 73825 dinov2 helpers.py:102] Training  [5050/7500]  eta: 0:15:08  lr: 0.0003 (0.0007)  wd: 0.3126 (0.1472)  mom: 0.9981 (0.9944)  last_layer_lr: 0.0003 (0.0007)  current_batch_size: 64.0000 (64.0000)  total_loss: 8.7760 (5.7201)  teacher_entropy_ratio: 0.9996 (0.5477)  dino_local_crops_loss: 7.3914 (4.7073)  dino_global_crops_loss: 0.9239 (0.5874)  ibot_loss: 0.4607 (0.4253)  time: 0.366270  data: 0.024312  max mem: 19472
                                                                                                                                                                                                                                                                                                                                                                                                                                                                                                                                                                                                                                                                                                                                                                                                                                                                                                                                                                                                                            I20260722 15:04:10 73825 dinov2 helpers.py:102] Training  [5060/7500]  eta: 0:15:04  lr: 0.0003 (0.0007)  wd: 0.3132 (0.1475)  mom: 0.9981 (0.9944)  last_layer_lr: 0.0003 (0.0007)  current_batch_size: 64.0000 (64.0000)  total_loss: 8.7934 (5.7261)  teacher_entropy_ratio: 0.9997 (0.5486)  dino_local_crops_loss: 7.3916 (4.7126)  dino_global_crops_loss: 0.9239 (0.5881)  ibot_loss: 0.4778 (0.4254)  time: 0.347338  d data: 0.003735  max mem: 19472
I20260722 15:04:10 4140328 dinov2 helpers.py:102] Training  [5260/7500]  eta: 0:13:18  lr: 0.0003 (0.0007)  wd: 0.3258 (0.1541)  mom: 0.9984 (0.9945)  last_layer_lr: 0.0003 (0.0007)  current_batch_size: 64.0000 (64.0000)  total_loss: 1.9781 (3.5069)  teacher_entropy_ratio: 0.0324 (0.1750)  dino_local_crops_loss: 1.5030 (2.7527)  dino_global_crops_loss: 0.1875 (0.3424)  ibot_loss: 0.2908 (0.4118)  time: 0.364103  data: 0.012164  max mem: 19472
I20260722 15:04:13 4140328 dinov2 helpers.py:102] Training  [5270/7500]  eta: 0:13:14  lr: 0.0002 (0.0007)  wd: 0.3264 (0.1544)  mom: 0.9984 (0.9945)  last_layer_lr: 0.0002 (0.0007)  current_batch_size: 64.0000 (64.0000)  total_loss: 1.9468 (3.5039)  teacher_entropy_ratio: 0.0319 (0.1747)  dino_local_crops_loss: 1.4640 (2.7502)  dino_global_crops_loss: 0.1842 (0.3421)  ibot_loss: 0.2876 (0.4115)  time: 0.363108  data: 0.009268  max mem: 19472
I20260722 15:04:17 4140328 dinov2 helpers.py:102] Training  [5280/7500]  eta: 0:13:11  lr: 0.0002 (0.0007)  wd: 0.3270 (0.1548)  mom: 0.9984 (0.9946)  last_layer_lr: 0.0002 (0.0007)  current_batch_size: 64.0000 (64.0000)  total_loss: 1.9383 (3.5009)  teacher_entropy_ratio: 0.0300 (0.1744)  dino_local_crops_loss: 1.4685 (2.7478)  dino_global_crops_loss: 0.1841 (0.3418)  ibot_loss: 0.2869 (0.4113)  time: 0.345165  data: 0.000637  max mem: 19472
I20260722 15:04:20 4140328 dinov2 helpers.py:102] Training  [5290/7500]  eta: 0:13:07  lr: 0.0002 (0.0007)  wd: 0.3276 (0.1551)  mom: 0.9984 (0.9946)  last_layer_lr: 0.0002 (0.0007)  current_batch_size: 64.0000 (64.0000)  total_loss: 1.9311 (3.4980)  teacher_entropy_ratio: 0.0311 (0.1742)  dino_local_crops_loss: 1.4519 (2.7454)  dino_global_crops_loss: 0.1822 (0.3415)  ibot_loss: 0.2807 (0.4111)  time: 0.339834  data: 0.000438  max mem: 19472
I20260722 15:04:24 4140328 dinov2 helpers.py:102] Training  [5300/7500]  eta: 0:13:03  lr: 0.0002 (0.0007)  wd: 0.3282 (0.1554)  mom: 0.9984 (0.9946)  last_layer_lr: 0.0002 (0.0007)  current_batch_size: 64.0000 (64.0000)  total_loss: 1.8958 (3.4950)  teacher_entropy_ratio: 0.0335 (0.1739)  dino_local_crops_loss: 1.4385 (2.7429)  dino_global_crops_loss: 0.1813 (0.3412)  ibot_loss: 0.2860 (0.4108)  time: 0.343710  data: 0.000440  max mem: 19472
I20260722 15:04:27 4140328 dinov2 helpers.py:102] Training  [5310/7500]  eta: 0:13:00  lr: 0.0002 (0.0007)  wd: 0.3288 (0.1558)  mom: 0.9984 (0.9946)  last_layer_lr: 0.0002 (0.0007)  current_batch_size: 64.0000 (64.0000)  total_loss: 1.8925 (3.4920)  teacher_entropy_ratio: 0.0339 (0.1736)  dino_local_crops_loss: 1.4259 (2.7405)  dino_global_crops_loss: 0.1806 (0.3409)  ibot_loss: 0.2860 (0.4106)  time: 0.343107  data: 0.000444  max mem: 19472
I20260722 15:04:31 4140328 dinov2 helpers.py:102] Training  [5320/7500]  eta: 0:12:56  lr: 0.0002 (0.0007)  wd: 0.3294 (0.1561)  mom: 0.9984 (0.9946)  last_layer_lr: 0.0002 (0.0007)  current_batch_size: 64.0000 (64.0000)  total_loss: 1.8906 (3.4889)  teacher_entropy_ratio: 0.0345 (0.1734)  dino_local_crops_loss: 1.4282 (2.7380)  dino_global_crops_loss: 0.1786 (0.3406)  ibot_loss: 0.2793 (0.4103)  time: 0.343342  data: 0.000616  max mem: 19472
I20260722 15:04:34 4140328 dinov2 helpers.py:102] Training  [5330/7500]  eta: 0:12:53  lr: 0.0002 (0.0007)  wd: 0.3300 (0.1564)  mom: 0.9984 (0.9946)  last_layer_lr: 0.0002 (0.0007)  current_batch_size: 64.0000 (64.0000)  total_loss: 1.8423 (3.4858)  teacher_entropy_ratio: 0.0320 (0.1731)  dino_local_crops_loss: 1.3859 (2.7354)  dino_global_crops_loss: 0.1732 (0.3403)  ibot_loss: 0.2748 (0.4101)  time: 0.351970  data: 0.006677  max mem: 19472
I20260722 15:04:38 4140328 dinov2 helpers.py:102] Training  [5340/7500]  eta: 0:12:49  lr: 0.0002 (0.0007)  wd: 0.3306 (0.1567)  mom: 0.9985 (0.9946)  last_layer_lr: 0.0002 (0.0007)  current_batch_size: 64.0000 (64.0000)  total_loss: 1.7447 (3.4825)  teacher_entropy_ratio: 0.0284 (0.1728)  dino_local_crops_loss: 1.3200 (2.7327)  dino_global_crops_loss: 0.1645 (0.3400)  ibot_loss: 0.2748 (0.4098)  time: 0.351848  data: 0.006865  max mem: 19472
I20260722 15:04:41 4140328 dinov2 helpers.py:102] Training  [5350/7500]  eta: 0:12:46  lr: 0.0002 (0.0007)  wd: 0.3312 (0.1571)  mom: 0.9985 (0.9946)  last_layer_lr: 0.0002 (0.0007)  current_batch_size: 64.0000 (64.0000)  total_loss: 1.6648 (3.4790)  teacher_entropy_ratio: 0.0245 (0.1726)  dino_local_crops_loss: 1.2473 (2.7299)  dino_global_crops_loss: 0.1566 (0.3396)  ibot_loss: 0.2746 (0.4096)  time: 0.367590  data: 0.023825  max mem: 19472
I20260722 15:04:45 4140328 dinov2 helpers.py:102] Training  [5360/7500]  eta: 0:12:42  lr: 0.0002 (0.0007)  wd: 0.3318 (0.1574)  mom: 0.9985 (0.9946)  last_layer_lr: 0.0002 (0.0007)  current_batch_size: 64.0000 (64.0000)  total_loss: 1.6628 (3.4757)  teacher_entropy_ratio: 0.0225 (0.1723)  dino_local_crops_loss: 1.2033 (2.7271)  dino_global_crops_loss: 0.1518 (0.3393)  ibot_loss: 0.2725 (0.4093)  time: 0.372043  data: 0.028820  max mem: 19472
I20260722 15:04:49 4140328 dinov2 helpers.py:102] Training  [5370/7500]  eta: 0:12:38  lr: 0.0002 (0.0007)  wd: 0.3324 (0.1577)  mom: 0.9985 (0.9946)  last_layer_lr: 0.0002 (0.0007)  current_batch_size: 64.0000 (64.0000)  total_loss: 1.5857 (3.4721)  teacher_entropy_ratio: 0.0187 (0.1720)  dino_local_crops_loss: 1.1679 (2.7241)  dino_global_crops_loss: 0.1461 (0.3389)  ibot_loss: 0.2736 (0.4091)  time: 0.353918  data: 0.007252  max mem: 19472
I20260722 15:04:52 4140328 dinov2 helpers.py:102] Training  [5380/7500]  eta: 0:12:35  lr: 0.0002 (0.0007)  wd: 0.3330 (0.1580)  mom: 0.9985 (0.9946)  last_layer_lr: 0.0002 (0.0007)  current_batch_size: 64.0000 (64.0000)  total_loss: 1.5089 (3.4684)  teacher_entropy_ratio: 0.0134 (0.1717)  dino_local_crops_loss: 1.1167 (2.7210)  dino_global_crops_loss: 0.1399 (0.3385)  ibot_loss: 0.2713 (0.4088)  time: 0.349627  data: 0.001897  max mem: 19472
I20260722 15:04:56 4140328 dinov2 helpers.py:102] Training  [5390/7500]  eta: 0:12:31  lr: 0.0002 (0.0007)  wd: 0.3336 (0.1584)  mom: 0.9985 (0.9946)  last_layer_lr: 0.0002 (0.0007)  current_batch_size: 64.0000 (64.0000)  total_loss: 1.4544 (3.4647)  teacher_entropy_ratio: 0.0138 (0.1714)  dino_local_crops_loss: 1.0510 (2.7180)  dino_global_crops_loss: 0.1321 (0.3381)  ibot_loss: 0.2657 (0.4086)  time: 0.350970  data: 0.007759  max mem: 19472
I20260722 15:04:59 4140328 fvcore.common.checkpoint __init__.py:109] Saving checkpoint to /sci/labs/arieljaffe/dan.abergel1/runs/brain/samesl_t005/model_0005399.rank_0.pth
I20260722 15:05:00 4140328 dinov2 helpers.py:102] Training  [5400/7500]  eta: 0:12:28  lr: 0.0002 (0.0007)  wd: 0.3342 (0.1587)  mom: 0.9985 (0.9946)  last_layer_lr: 0.0002 (0.0007)  current_batch_size: 64.0000 (64.0000)  total_loss: 1.5198 (3.4610)  teacher_entropy_ratio: 0.0144 (0.1711)  dino_local_crops_loss: 1.1020 (2.7150)  dino_global_crops_loss: 0.1382 (0.3378)  ibot_loss: 0.2757 (0.4083)  time: 0.415327  data: 0.012493  max mem: 19472
I20260722 15:05:04 4140328 dinov2 helpers.py:102] Training  [5410/7500]  eta: 0:12:24  lr: 0.0002 (0.0007)  wd: 0.3347 (0.1590)  mom: 0.9985 (0.9946)  last_layer_lr: 0.0002 (0.0007)  current_batch_size: 64.0000 (64.0000)  total_loss: 1.5198 (3.4575)  teacher_entropy_ratio: 0.0151 (0.1708)  dino_local_crops_loss: 1.1055 (2.7120)  dino_global_crops_loss: 0.1390 (0.3374)  ibot_loss: 0.2757 (0.4081)  time: 0.405652  data: 0.005143  max mem: 19472
I20260722 15:05:07 4140328 dinov2 helpers.py:102] Training  [5420/7500]  eta: 0:12:21  lr: 0.0002 (0.0007)  wd: 0.3353 (0.1593)  mom: 0.9986 (0.9947)  last_layer_lr: 0.0002 (0.0007)  current_batch_size: 64.0000 (64.0000)  total_loss: 1.5314 (3.4539)  teacher_entropy_ratio: 0.0151 (0.1705)  dino_local_crops_loss: 1.1184 (2.7090)  dino_global_crops_loss: 0.1396 (0.3370)  ibot_loss: 0.2710 (0.4078)  time: 0.340235  data: 0.000716  max mem: 19472
I20260722 15:05:11 4140328 dinov2 helpers.py:102] Training  [5430/7500]  eta: 0:12:17  lr: 0.0002 (0.0007)  wd: 0.3359 (0.1597)  mom: 0.9986 (0.9947)  last_layer_lr: 0.0002 (0.0007)  current_batch_size: 64.0000 (64.0000)  total_loss: 1.5067 (3.4503)  teacher_entropy_ratio: 0.0142 (0.1702)  dino_local_crops_loss: 1.1003 (2.7061)  dino_global_crops_loss: 0.1375 (0.3367)  ibot_loss: 0.2687om: 0.9983 (0.9945)  last_layer_lr: 0.0003 (0.0007)  current_batch_size: 64.0000 (64.0000)  total_loss: 8.9293 (5.8396)  teacher_entropy_ratio: 0.9998 (0.5649)  dino_local_crops_loss: 7.3926 (4.8096)  dino_global_crops_loss: 0.9241 (0.6003)  ibot_loss: 0.6122 (0.4297)  time: 0.386581  data: 0.045942  max mem: 19472
I20260722 15:05:22 73825 dinov2 helpers.py:102] Training  [5260/7500]  eta: 0:13:49  lr: 0.0003 (0.0007)  wd: 0.3258 (0.1541)  mom: 0.9984 (0.9945)  last_layer_lr: 0.0003 (0.0007)  current_batch_size: 64.0000 (64.0000)  total_loss: 8.9271 (5.8454)  teacher_entropy_ratio: 0.9998 (0.5657)  dino_local_crops_loss: 7.3927 (4.8145)  dino_global_crops_loss: 0.9241 (0.6009)  ibot_loss: 0.6104 (0.4300)  time: 0.377501  data: 0.030426  max mem: 19472
I20260722 15:05:25 73825 dinov2 helpers.py:102] Training  [5270/7500]  eta: 0:13:45  lr: 0.0002 (0.0007)  wd: 0.3264 (0.1544)  mom: 0.9984 (0.9945)  last_layer_lr: 0.0002 (0.0007)  current_batch_size: 64.0000 (64.0000)  total_loss: 8.8806 (5.8511)  teacher_entropy_ratio: 0.9998 (0.5665)  dino_local_crops_loss: 7.3927 (4.8194)  dino_global_crops_loss: 0.9241 (0.6015)  ibot_loss: 0.5638 (0.4302)  time: 0.354829  data: 0.007833  max mem: 19472
I20260722 15:05:29 73825 dinov2 helpers.py:102] Training  [5280/7500]  eta: 0:13:41  lr: 0.0002 (0.0007)  wd: 0.3270 (0.1548)  mom: 0.9984 (0.9946)  last_layer_lr: 0.0002 (0.0007)  current_batch_size: 64.0000 (64.0000)  total_loss: 8.8915 (5.8569)  teacher_entropy_ratio: 0.9998 (0.5674)  dino_local_crops_loss: 7.3928 (4.8243)  dino_global_crops_loss: 0.9241 (0.6021)  ibot_loss: 0.5747 (0.4305)  time: 0.349240  data: 0.007684  max mem: 19472
I20260722 15:05:32 73825 dinov2 helpers.py:102] Training  [5290/7500]  eta: 0:13:37  lr: 0.0002 (0.0007)  wd: 0.3276 (0.1551)  mom: 0.9984 (0.9946)  last_layer_lr: 0.0002 (0.0007)  current_batch_size: 64.0000 (64.0000)  total_loss: 8.8972 (5.8627)  teacher_entropy_ratio: 0.9998 (0.5682)  dino_local_crops_loss: 7.3928 (4.8291)  dino_global_crops_loss: 0.9241 (0.6027)  ibot_loss: 0.5803 (0.4308)  time: 0.348866  data: 0.001006  max mem: 19472
I20260722 15:05:36 73825 dinov2 helpers.py:102] Training  [5300/7500]  eta: 0:13:34  lr: 0.0002 (0.0007)  wd: 0.3282 (0.1554)  mom: 0.9984 (0.9946)  last_layer_lr: 0.0002 (0.0007)  current_batch_size: 64.0000 (64.0000)  total_loss: 8.9113 (5.8684)  teacher_entropy_ratio: 0.9998 (0.5690)  dino_local_crops_loss: 7.3928 (4.8340)  dino_global_crops_loss: 0.9241 (0.6033)  ibot_loss: 0.5943 (0.4312)  time: 0.354257  data: 0.000955  max mem: 19472
I20260722 15:05:39 73825 dinov2 helpers.py:102] Training  [5310/7500]  eta: 0:13:30  lr: 0.0002 (0.0007)  wd: 0.3288 (0.1558)  mom: 0.9984 (0.9946)  last_layer_lr: 0.0002 (0.0007)  current_batch_size: 64.0000 (64.0000)  total_loss: 8.9090 (5.8741)  teacher_entropy_ratio: 0.9998 (0.5698)  dino_local_crops_loss: 7.3929 (4.8388)  dino_global_crops_loss: 0.9241 (0.6039)  ibot_loss: 0.5921 (0.4314)  time: 0.347030  data: 0.000579  max mem: 19472
I20260722 15:05:43 73825 dinov2 helpers.py:102] Training  [5320/7500]  eta: 0:13:26  lr: 0.0002 (0.0007)  wd: 0.3294 (0.1561)  mom: 0.9984 (0.9946)  last_layer_lr: 0.0002 (0.0007)  current_batch_size: 64.0000 (64.0000)  total_loss: 8.9090 (5.8799)  teacher_entropy_ratio: 0.9998 (0.5706)  dino_local_crops_loss: 7.3929 (4.8436)  dino_global_crops_loss: 0.9241 (0.6045)  ibot_loss: 0.5921 (0.4318)  time: 0.346398  data: 0.000975  max mem: 19472
I20260722 15:05:46 73825 dinov2 helpers.py:102] Training  [5330/7500]  eta: 0:13:22  lr: 0.0002 (0.0007)  wd: 0.3300 (0.1564)  mom: 0.9984 (0.9946)  last_layer_lr: 0.0002 (0.0007)  current_batch_size: 64.0000 (64.0000)  total_loss: 8.9219 (5.8856)  teacher_entropy_ratio: 0.9998 (0.5714)  dino_local_crops_loss: 7.3929 (4.8484)  dino_global_crops_loss: 0.9241 (0.6051)  ibot_loss: 0.6049 (0.4321)  time: 0.346299  data: 0.000614  max mem: 19472
I20260722 15:05:50 73825 dinov2 helpers.py:102] Training  [5340/7500]  eta: 0:13:18  lr: 0.0002 (0.0007)  wd: 0.3306 (0.1567)  mom: 0.9985 (0.9946)  last_layer_lr: 0.0002 (0.0007)  current_batch_size: 64.0000 (64.0000)  total_loss: 8.8976 (5.8913)  teacher_entropy_ratio: 0.9998 (0.5722)  dino_local_crops_loss: 7.3930 (4.8531)  dino_global_crops_loss: 0.9241 (0.6057)  ibot_loss: 0.5806 (0.4324)  time: 0.348863  data: 0.000430  max mem: 19472
                                                                                                                                                                                                              I20260722 15:05:54 73825 dinov2 helpers.py:102] Training  [5350/7500]  eta: 0:13:15  lr: 0.0002 (0.0007)  wd: 0.3312 (0.1571)  mom: 0.9985 (0.9946)  last_layer_lr: 0.0002 (0.0007)  current_batch_size: 64.0000 (64.0000)  total_loss: 8.9050 (5.8969)  teacher_entropy_ratio: 0.9999 (0.5730)  dino_local_crops_loss: 7.3930 (4.8579)  dino_global_crops_loss: 0.9241 (0.6063)  ibot_loss: 0.5879 (0.4327)  time: 0.386839  data: 0.038169  max mem: 19472
I20260722 15:05:57 73825 dinov2 helpers.py:102] Training  [5360/7500]  eta: 0:13:11  lr: 0.0002 (0.0007)  wd: 0.3318 (0.1574)  mom: 0.9985 (0.9946)  last_layer_lr: 0.0002 (0.0007)  current_batch_size: 64.0000 (64.0000)  total_loss: 8.9120 (5.9026)  teacher_entropy_ratio: 0.9999 (0.5738)  dino_local_crops_loss: 7.3930 (4.8626)  dino_global_crops_loss: 0.9241 (0.6069)  ibot_loss: 0.5949 (0.4331)  time: 0.382963  data: 0.038177  max mem: 19472
I20260722 15:06:01 73825 dinov2 helpers.py:102] Training  [5370/7500]  eta: 0:13:07  lr: 0.0002 (0.0007)  wd: 0.3324 (0.1577)  mom: 0.9985 (0.9946)  last_layer_lr: 0.0002 (0.0007)  current_batch_size: 64.0000 (64.0000)  total_loss: 8.9178 (5.9082)  teacher_entropy_ratio: 0.9999 (0.5746)  dino_local_crops_loss: 7.3930 (4.8673)  dino_global_crops_loss: 0.9241 (0.6075)  ibot_loss: 0.6005 (0.4334)  time: 0.353128  data: 0.000626  max mem: 19472
I20260722 15:06:05 73825 dinov2 helpers.py:102] Training  [5380/7500]  eta: 0:13:04  lr: 0.0002 (0.0007)  wd: 0.3330 (0.1580)  mom: 0.9985 (0.9946)  last_layer_lr: 0.0002 (0.0007)  current_batch_size: 64.0000 (64.0000)  total_loss: 8.9151 (5.9138)  teacher_entropy_ratio: 0.9999 (0.5754)  dino_local_crops_loss: 7.3931 (4.8720)  dino_global_crops_loss: 0.9241 (0.6081)  ibot_loss: 0.5979 (0.4337)  time: 0.374103  data: 0.025907  max mem: 19472
I20260722 15:06:08 73825 dinov2 helpers.py:102] Training  [5390/7500]  eta: 0:13:00  lr: 0.0002 (0.0007)  wd: 0.3336 (0.1584)  mom: 0.9985 (0.9946)  last_layer_lr: 0.0002 (0.0007)  current_batch_size: 64.0000 (64.0000)  total_loss: 8.8962 (5.9194)  teacher_entropy_ratio: 0.9999 (0.5762)  dino_local_crops_loss: 7.3931 (4.8767)  dino_global_crops_loss: 0.9241 (0.6087)  ibot_loss: 0.5790 (0.4340)  time: 0.371224  data: 0.031096  max mem: 19472
I20260722 15:06:11 73825 fvcore.common.checkpoint __init__.py:109] Saving checkpoint to /sci/labs/arieljaffe/dan.abergel1/runs/brain/samesl_t005/model_0005399.rank_0.pth
I20260722 15:06:13 73825 dinov2 helpers.py:102] Training  [5400/7500]  eta: 0:12:57  lr: 0.0002 (0.0007)  wd: 0.3342 (0.1587)  mom: 0.9985 (0.9946)  last_layer_lr: 0.0002 (0.0007)  current_batch_size: 64.0000 (64.0000)  total_loss: 8.9317 (5.9250)  teacher_entropy_ratio: 0.9999 (0.5770)  dino_local_crops_loss: 7.3931 (4.8813)  dino_global_crops_loss: 0.9241 (0.6092)  ibot_loss: 0.6144 (0.4344)  time: 0.409556  data: 0.005573  max mem: 19472
I20260722 15:06:16 73825 dinov2 helpers.py:102] Training  [5410/7500]  eta: 0:12:53  lr: 0.0002 (0.0007)  wd: 0.3347 (0.1590)  mom: 0.9985 (0.9946)  last_layer_lr: 0.0002 (0.0007)  current_batch_size: 64.0000 (64.0000)  total_loss: 8.9222 (5.9305)  teacher_entropy_ratio: 0.9999 (0.5777)  dino_local_crops_loss: 7.3931 (4.8860)  dino_global_crops_loss: 0.9241 (0.6098)  ibot_loss: 0.6049 (0.4347)  time: 0.403498  data: 0.000590  max mem: 19472
I20260722 15:06:20 73825 dinov2 helpers.py:102] Training  [5420/7500]  eta: 0:12:49  lr: 0.0002 (0.0007)  wd: 0.3353 (0.1593)  mom: 0.9986 (0.9947)  last_layer_lr: 0.0002 (0.0007)  current_batch_size: 64.0000 (64.0000)  total_loss: 8.9117 (5.9360)  teacher_entropy_ratio: 0.9999 (0.5785)  dino_local_crops_loss: 7.3932 (4.8906)  dino_global_crops_loss: 0.9241 (0.6104)  ibot_loss: 0.5944 (0.4350)  time: 0.344001  data: 0.000810  max mem: 19472
                                                                                                                                                                                                                                                                                                     I20260722 15:06:23 73825 dinov2 helpers.py:102] Training  [5430/7500]  eta: 0:12:45  lr: 0.0002 (0.0007)  wd: 0.3359 (0.1597)  mom: 0.9986 (0.9947)  last_layer_lr: 0.0002 (0.0007)  current_batch_size: 64.0000 (64.0000)  total_loss: 8.9120 (5.9415)  teacher_entropy_ratio: 0.9999 (0.5793)  dino_local_crops_loss: 7.3932 (4.8952)  dino_global_crops_loss: 0.9241 (0.6110)  ibot_loss: 0.5945 (0.4353)  time: 0.341000  data: 0.000425  max mem: 19472
I20260722 15:06:27 73825 dinov2 helpers.py:102] Training  [5440/7500]  eta: 0:12:41  lr: 0.0002 (0.0007)  wd: 0.3365 (0.1600)  mom: 0.9986 (0.9947)  last_layer_lr: 0.0002 (0.0007)  current_batch_size: 64.0000 (64.0000)  total_loss: 8.9306 (5.9470)  teacher_entropy_ratio: 0.9999 (0.5801)  dino_local_crops_loss: 7.3931 (4.8998)  dino_global_crops_loss: 0.9241 (0.6116)  ibot_loss: 0.6134 (0.4357)  time: 0.339467  data: 0.000432  max mem: 19472
I20260722 15:06:30 73825 dinov2 helpers.py:102] Training  [5450/7500]  eta: 0:12:38  lr: 0.0002 (0.0007)  wd: 0.3370 (0.1603)  mom: 0.9986 (0.9947)  last_layer_lr: 0.0002 (0.0007)  current_batch_size: 64.0000 (64.0000)  total_loss: 8.9306 (5.9526)  teacher_entropy_ratio: 0.9999 (0.5808)  dino_local_crops_loss: 7.3932 (4.9044)  dino_global_crops_loss: 0.9241 (0.6121)  ibot_loss: 0.6134 (0.4360)  time: 0.346419  data: 0.000596  max mem: 19472
I20260722 15:06:34 73825 dinov2 helpers.py:102] Training  [5460/7500]  eta: 0:12:34  lr: 0.0002 (0.0007)  wd: 0.3376 (0.1606)  mom: 0.9986 (0.9947)  last_layer_lr: 0.0002 (0.0007)  current_batch_size: 64.0000 (64.0000)  total_loss: 8.9571 (5.9581)  teacher_entropy_ratio: 0.9999 (0.5816)  dino_local_crops_loss: 7.3932 (4.9089)  dino_global_crops_loss: 0.9242 (0.6127)  ibot_loss: 0.6397 (0.4364)  time: 0.346533  data: 0.000599  max mem: 19472
I20260722 15:06:38 73825 dinov2 helpers.py:102] Training  [5470/7500]  eta: 0:12:30  lr: 0.0002 (0.0007)  wd: 0.3382 (0.1610)  mom: 0.9986 (0.9947)  last_layer_lr: 0.0002 (0.0007)  current_batch_size: 64.0000 (64.0000)  total_loss: 8.9359 (5.9635)  teacher_entropy_ratio: 0.9999 (0.5824)  dino_local_crops_loss: 7.3932 (4.9135)  dino_global_crops_loss: 0.9242 (0.6133)  ibot_loss: 0.6184 (0.4367)  time: 0.368446  data: 0.024865  max mem: 19472
I20260722 15:06:42 73825 dinov2 helpers.py:102] Training  [5480/7500]  eta: 0:12:27  lr: 0.0002 (0.0007)  wd: 0.3388 (0.1613)  mom: 0.9986 (0.9947)  last_layer_lr: 0.0002 (0.0007)  current_batch_size: 64.0000 (64.0000)  total_loss: 8.9262 (5.9689)  teacher_entropy_ratio: 0.9999 (0.5831)  dino_local_crops_loss: 7.3932 (4.9180)  dino_global_crops_loss: 0.9242 (0.6138)  ibot_loss: 0.6089 (0.4370)  time: 0.393932  data: 0.051365  max mem: 19472
I20260722 15:06:45 73825 dinov2 helpers.py:102] Training  [5490/7500]  eta: 0:12:23  lr: 0.0002 (0.0007)  wd: 0.3393 (0.1616)  mom: 0.9987 (0.9947)  last_layer_lr: 0.0002 (0.0007)  current_batch_size: 64.0000 (64.0000)  total_loss: 8.9259 (5.9743)  teacher_entropy_ratio: 0.9999 (0.5839)  dino_local_crops_loss: 7.3932 (4.9225)  dino_global_crops_loss: 0.9242 (0.6144)  ibot_loss: 0.6085 (0.4373)  time: 0.370261  data: 0.032305  max mem: 19472
I20260722 15:06:49 73825 dinov2 helpers.py:102] Training  [5500/7500]  eta: 0:12:19  lr: 0.0002 (0.0007)  wd: 0.3399 (0.1619)  mom: 0.9987 (0.9947)  last_layer_lr: 0.0002 (0.0007)  current_batch_size: 64.0000 (64.0000)  total_loss: 8.9101 (5.9797)  teacher_entropy_ratio: 0.9999 (0.5847)  dino_local_crops_loss: 7.3933 (4.9270)  dino_global_crops_loss: 0.9242 (0.6150)  ibot_loss: 0.5926 (0.4377)  time: 0.361491  data: 0.020196  max mem: 19472
I20260722 15:06:52 73825 dinov2 helpers.py:102] Training  [5510/7500]  eta: 0:12:15  lr: 0.0002 (0.0007)  wd: 0.3404 (0.1623)  mom: 0.9987 (0.9947)  last_layer_lr: 0.0002 (0.000_lr: 0.0002 (0.0006)  current_batch_size: 64.0000 (64.0000)  total_loss: 1.5685 (3.3576)  teacher_entropy_ratio: 0.0227 (0.1627)  dino_local_crops_loss: 1.1432 (2.6292)  dino_global_crops_loss: 0.1432 (0.3271)  ibot_loss: 0.2825 (0.4012)  time: 0.346818  data: 0.000975  max mem: 19472
I20260722 15:06:52 4140328 dinov2 helpers.py:102] Training  [5720/7500]  eta: 0:10:33  lr: 0.0002 (0.0006)  wd: 0.3517 (0.1690)  mom: 0.9989 (0.9949)  last_layer_lr: 0.0002 (0.0006)  current_batch_size: 64.0000 (64.0000)  total_loss: 1.7062 (3.3548)  teacher_entropy_ratio: 0.0275 (0.1625)  dino_local_crops_loss: 1.2644 (2.6269)  dino_global_crops_loss: 0.1590 (0.3268)  ibot_loss: 0.2801 (0.4010)  time: 0.344323  data: 0.000395  max mem: 19472
I20260722 15:06:56 4140328 dinov2 helpers.py:102] Training  [5730/7500]  eta: 0:10:30  lr: 0.0002 (0.0006)  wd: 0.3522 (0.1694)  mom: 0.9989 (0.9949)  last_layer_lr: 0.0002 (0.0006)  current_batch_size: 64.0000 (64.0000)  total_loss: 1.6855 (3.3519)  teacher_entropy_ratio: 0.0304 (0.1622)  dino_local_crops_loss: 1.2534 (2.6245)  dino_global_crops_loss: 0.1574 (0.3266)  ibot_loss: 0.2820 (0.4008)  time: 0.390695  data: 0.048075  max mem: 19472
I20260722 15:07:00 4140328 dinov2 helpers.py:102] Training  [5740/7500]  eta: 0:10:26  lr: 0.0002 (0.0006)  wd: 0.3528 (0.1697)  mom: 0.9990 (0.9949)  last_layer_lr: 0.0002 (0.0006)  current_batch_size: 64.0000 (64.0000)  total_loss: 1.6923 (3.3491)  teacher_entropy_ratio: 0.0304 (0.1620)  dino_local_crops_loss: 1.2648 (2.6222)  dino_global_crops_loss: 0.1575 (0.3263)  ibot_loss: 0.2764 (0.4006)  time: 0.396949  data: 0.050403  max mem: 19472
I20260722 15:07:03 4140328 dinov2 helpers.py:102] Training  [5750/7500]  eta: 0:10:23  lr: 0.0002 (0.0006)  wd: 0.3533 (0.1700)  mom: 0.9990 (0.9949)  last_layer_lr: 0.0002 (0.0006)  current_batch_size: 64.0000 (64.0000)  total_loss: 1.7629 (3.3464)  teacher_entropy_ratio: 0.0355 (0.1618)  dino_local_crops_loss: 1.3300 (2.6201)  dino_global_crops_loss: 0.1652 (0.3260)  ibot_loss: 0.2759 (0.4004)  time: 0.351547  data: 0.002948  max mem: 19472
I20260722 15:07:07 4140328 dinov2 helpers.py:102] Training  [5760/7500]  eta: 0:10:19  lr: 0.0002 (0.0006)  wd: 0.3538 (0.1703)  mom: 0.9990 (0.9949)  last_layer_lr: 0.0002 (0.0006)  current_batch_size: 64.0000 (64.0000)  total_loss: 1.8195 (3.3440)  teacher_entropy_ratio: 0.0393 (0.1616)  dino_local_crops_loss: 1.3692 (2.6180)  dino_global_crops_loss: 0.1710 (0.3257)  ibot_loss: 0.2790 (0.4002)  time: 0.356773  data: 0.000856  max mem: 19472
I20260722 15:07:10 4140328 dinov2 helpers.py:102] Training  [5770/7500]  eta: 0:10:16  lr: 0.0002 (0.0006)  wd: 0.3543 (0.1706)  mom: 0.9990 (0.9949)  last_layer_lr: 0.0002 (0.0006)  current_batch_size: 64.0000 (64.0000)  total_loss: 1.8724 (3.3413)  teacher_entropy_ratio: 0.0393 (0.1614)  dino_local_crops_loss: 1.4069 (2.6158)  dino_global_crops_loss: 0.1764 (0.3255)  ibot_loss: 0.2792 (0.4000)  time: 0.352647  data: 0.000477  max mem: 19472
I20260722 15:07:14 4140328 dinov2 helpers.py:102] Training  [5780/7500]  eta: 0:10:12  lr: 0.0002 (0.0006)  wd: 0.3548 (0.1710)  mom: 0.9990 (0.9949)  last_layer_lr: 0.0002 (0.0006)  current_batch_size: 64.0000 (64.0000)  total_loss: 1.7833 (3.3389)  teacher_entropy_ratio: 0.0402 (0.1612)  dino_local_crops_loss: 1.3409 (2.6139)  dino_global_crops_loss: 0.1673 (0.3252)  ibot_loss: 0.2687 (0.3997)  time: 0.344346  data: 0.000440  max mem: 19472
I20260722 15:07:18 4140328 dinov2 helpers.py:102] Training  [5790/7500]  eta: 0:10:08  lr: 0.0002 (0.0006)  wd: 0.3553 (0.1713)  mom: 0.9990 (0.9949)  last_layer_lr: 0.0002 (0.0006)  current_batch_size: 64.0000 (64.0000)  total_loss: 1.7600 (3.3362)  teacher_entropy_ratio: 0.0418 (0.1610)  dino_local_crops_loss: 1.3304 (2.6117)  dino_global_crops_loss: 0.1656 (0.3250)  ibot_loss: 0.2720 (0.3995)  time: 0.352343  data: 0.005343  max mem: 19472
I20260722 15:07:21 4140328 dinov2 helpers.py:102] Training  [5800/7500]  eta: 0:10:05  lr: 0.0002 (0.0006)  wd: 0.3558 (0.1716)  mom: 0.9990 (0.9949)  last_layer_lr: 0.0002 (0.0006)  current_batch_size: 64.0000 (64.0000)  total_loss: eacher_entropy_ratio: 0.9999 (0.5921)  dino_local_crops_loss: 7.3934 (4.9710)  dino_global_crops_loss: 0.9242 (0.6205)  ibot_loss: 0.6285 (0.4413)  time: 0.344577  data: 0.002412  max mem: 19472
I20260722 15:07:28 73825 dinov2 helpers.py:102] Training  [5610/7500]  eta: 0:11:38  lr: 0.0002 (0.0006)  wd: 0.3459 (0.1655)  mom: 0.9988 (0.9948)  last_layer_lr: 0.0002 (0.0006)  current_batch_size: 64.0000 (64.0000)  total_loss: 8.9277 (6.0380)  teacher_entropy_ratio: 0.9999 (0.5928)  dino_local_crops_loss: 7.3934 (4.9754)  dino_global_crops_loss: 0.9242 (0.6210)  ibot_loss: 0.6102 (0.4417)  time: 0.377931  data: 0.028396  max mem: 19472
I20260722 15:07:31 73825 dinov2 helpers.py:102] Training  [5620/7500]  eta: 0:11:34  lr: 0.0002 (0.0006)  wd: 0.3465 (0.1658)  mom: 0.9988 (0.9948)  last_layer_lr: 0.0002 (0.0006)  current_batch_size: 64.0000 (64.0000)  total_loss: 8.9298 (6.0432)  teacher_entropy_ratio: 0.9999 (0.5935)  dino_local_crops_loss: 7.3934 (4.9797)  dino_global_crops_loss: 0.9242 (0.6216)  ibot_loss: 0.6122 (0.4420)  time: 0.376621  data: 0.026580  max mem: 19472
I20260722 15:07:35 73825 dinov2 helpers.py:102] Training  [5630/7500]  eta: 0:11:30  lr: 0.0002 (0.0006)  wd: 0.3470 (0.1661)  mom: 0.9988 (0.9948)  last_layer_lr: 0.0002 (0.0006)  current_batch_size: 64.0000 (64.0000)  total_loss: 8.9442 (6.0484)  teacher_entropy_ratio: 0.9999 (0.5942)  dino_local_crops_loss: 7.3934 (4.9839)  dino_global_crops_loss: 0.9242 (0.6221)  ibot_loss: 0.6267 (0.4424)  time: 0.348096  data: 0.000619  max mem: 19472
I20260722 15:07:38 73825 dinov2 helpers.py:102] Training  [5640/7500]  eta: 0:11:27  lr: 0.0002 (0.0006)  wd: 0.3475 (0.1665)  mom: 0.9988 (0.9948)  last_layer_lr: 0.0002 (0.0006)  current_batch_size: 64.0000 (64.0000)  total_loss: 8.9540 (6.0536)  teacher_entropy_ratio: 0.9999 (0.5950)  dino_local_crops_loss: 7.3934 (4.9882)  dino_global_crops_loss: 0.9242 (0.6226)  ibot_loss: 0.6365 (0.4427)  time: 0.351181  data: 0.002760  max mem: 19472
I20260722 15:07:42 73825 dinov2 helpers.py:102] Training  [5650/7500]  eta: 0:11:23  lr: 0.0002 (0.0006)  wd: 0.3481 (0.1668)  mom: 0.9988 (0.9948)  last_layer_lr: 0.0002 (0.0006)  current_batch_size: 64.0000 (64.0000)  total_loss: 8.9490 (6.0587)  teacher_entropy_ratio: 0.9999 (0.5957)  dino_local_crops_loss: 7.3934 (4.9925)  dino_global_crops_loss: 0.9242 (0.6232)  ibot_loss: 0.6314 (0.4430)  time: 0.350896  data: 0.002769  max mem: 19472
I20260722 15:07:45 73825 dinov2 helpers.py:102] Training  [5660/7500]  eta: 0:11:19  lr: 0.0002 (0.0006)  wd: 0.3486 (0.1671)  mom: 0.9989 (0.9948)  last_layer_lr: 0.0002 (0.0006)  current_batch_size: 64.0000 (64.0000)  total_loss: 8.9684 (6.0639)  teacher_entropy_ratio: 0.9999 (0.5964)  dino_local_crops_loss: 7.3934 (4.9967)  dino_global_crops_loss: 0.9242 (0.6237)  ibot_loss: 0.6507 (0.4434)  time: 0.347102  data: 0.000628  max mem: 19472
I20260722 15:07:49 73825 dinov2 helpers.py:102] Training  [5670/7500]  eta: 0:11:16  lr: 0.0002 (0.0006)  wd: 0.3491 (0.1674)  mom: 0.9989 (0.9948)  last_layer_lr: 0.0002 (0.0006)  current_batch_size: 64.0000 (64.0000)  total_loss: 8.9795 (6.0690)  teacher_entropy_ratio: 0.9999 (0.5971)  dino_local_crops_loss: 7.3934 (5.0009)  dino_global_crops_loss: 0.9242 (0.6242)  ibot_loss: 0.6619 (0.4438)  time: 0.370833  data: 0.019931  max mem: 19472
I20260722 15:07:53 73825 dinov2 helpers.py:102] Training  [5680/7500]  eta: 0:11:12  lr: 0.0002 (0.0006)  wd: 0.3497 (0.1678)  mom: 0.9989 (0.9948)  last_layer_lr: 0.0002 (0.0006)  current_batch_size: 64.0000 (64.0000)  total_loss: 8.9816 (6.0741)  teacher_entropy_ratio: 0.9999 (0.5978)  dino_local_crops_loss: 7.3934 (5.0051)  dino_global_crops_loss: 0.9242 (0.6248)  ibot_loss: 0.6641 (0.4442)  time: 0.374515  data: 0.026741  max mem: 19472
                                                                                                                                                                                                              I20260722 15:07:57 73825 dinov2 helpers.py:102] Training  [5690/7500]  eta: 0:11:08  lr: 0.0002 (0.0006)  wd: 0.3502 (0.1681)  mom: 0.9989 (0.9948)  last_layer_lr: 0.0002 (0.0006)  current_batch_size: 64.0000 (64.0000)  total_loss: 8.9570 (6.0792)  teacher_entropy_ratio: 0.9999 (0.5985)  dino_local_crops_loss: 7.3934 (5.0093)  dino_global_crops_loss: 0.9242 (0.6253)  ibot_loss: 0.6394 (0.4445)  time: 0.358717  data: 0.015474  max mem: 19472
I20260722 15:08:00 73825 dinov2 helpers.py:102] Training  [5700/7500]  eta: 0:11:04  lr: 0.0002 (0.0006)  wd: 0.3507 (0.1684)  mom: 0.9989 (0.9949)  last_layer_lr: 0.0002 (0.0006)  current_batch_size: 64.0000 (64.0000)  total_loss: 8.9554 (6.0843)  teacher_entropy_ratio: 0.9999 (0.5992)  dino_local_crops_loss: 7.3934 (5.0135)  dino_global_crops_loss: 0.9242 (0.6258)  ibot_loss: 0.6378 (0.4449)  time: 0.367503  data: 0.021533  max mem: 19472
I20260722 15:08:04 73825 dinov2 helpers.py:102] Training  [5710/7500]  eta: 0:11:01  lr: 0.0002 (0.0006)  wd: 0.3512 (0.1687)  mom: 0.9989 (0.9949)  last_layer_lr: 0.0002 (0.0006)  current_batch_size: 64.0000 (64.0000)  total_loss: 8.9554 (6.0894)  teacher_entropy_ratio: 0.9999 (0.5999)  dino_local_crops_loss: 7.3934 (5.0177)  dino_global_crops_loss: 0.9242 (0.6263)  ibot_loss: 0.6378 (0.4454)  time: 0.369395  data: 0.020055  max mem: 19472
I20260722 15:08:07 73825 dinov2 helpers.py:102] Training  [5720/7500]  eta: 0:10:57  lr: 0.0002 (0.0006)  wd: 0.3517 (0.1690)  mom: 0.9989 (0.9949)  last_layer_lr: 0.0002 (0.0006)  current_batch_size: 64.0000 (64.0000)  total_loss: 8.9350 (6.0944)  teacher_entropy_ratio: 0.9999 (0.6006)  dino_local_crops_loss: 7.3934 (5.0218)  dino_global_crops_loss: 0.9242 (0.6269)  ibot_loss: 0.6175 (0.4457)  time: 0.357910  data: 0.007296  max mem: 19472
I20260722 15:08:11 73825 dinov2 helpers.py:102] Training  [5730/7500]  eta: 0:10:53  lr: 0.0002 (0.0006)  wd: 0.3522 (0.1694)  mom: 0.9989 (0.9949)  last_layer_lr: 0.0002 (0.0006)  current_batch_size: 64.0000 (64.0000)  total_loss: 8.9683 (6.0994)  teacher_entropy_ratio: 0.9999 (0.6013)  dino_local_crops_loss: 7.3935 (5.0260)  dino_global_crops_loss: 0.9242 (0.6274)  ibot_loss: 0.6507 (0.4461)  time: 0.350746  data: 0.005888  max mem: 19472
I20260722 15:08:15 73825 dinov2 helpers.py:102] Training  [5740/7500]  eta: 0:10:50  lr: 0.0002 (0.0006)  wd: 0.3528 (0.1697)  mom: 0.9990 (0.9949)  last_layer_lr: 0.0002 (0.0006)  current_batch_size: 64.0000 (64.0000)  total_loss: 8.9715 (6.1045)  teacher_entropy_ratio: 0.9999 (0.6020)  dino_local_crops_loss: 7.3934 (5.0301)  dino_global_crops_loss: 0.9242 (0.6279)  ibot_loss: 0.6538 (0.4465)  time: 0.368041  data: 0.024948  max mem: 19472
I20260722 15:08:18 73825 dinov2 helpers.py:102] Training  [5750/7500]  eta: 0:10:46  lr: 0.0002 (0.0006)  wd: 0.3533 (0.1700)  mom: 0.9990 (0.9949)  last_layer_lr: 0.0002 (0.0006)  current_batch_size: 64.0000 (64.0000)  total_loss: 8.9724 (6.1095)  teacher_entropy_ratio: 0.9999 (0.6027)  dino_local_crops_loss: 7.3934 (5.0342)  dino_global_crops_loss: 0.9242 (0.6284)  ibot_loss: 0.6549 (0.4469)  time: 0.357852  data: 0.019791  max mem: 19472
I20260722 15:08:22 73825 dinov2 helpers.py:102] Training  [5760/7500]  eta: 0:10:42  lr: 0.0002 (0.0006)  wd: 0.3538 (0.1703)  mom: 0.9990 (0.9949)  last_layer_lr: 0.0002 (0.0006)  current_batch_size: 64.0000 (64.0000)  total_loss: 8.9411 (6.1144)  teacher_entropy_ratio: 0.9999 (0.6034)  dino_local_crops_loss: 7.3934 (5.0383)  dino_global_crops_loss: 0.9242 (0.6289)  ibot_loss: 0.6235 (0.4472)  time: 0.350471  data: 0.010495  max mem: 19472
I20260722 15:08:25 73825 dinov2 helpers.py:102] Training  [5770/7500]  eta: 0:10:38  lr: 0.0002 (0.0006)  wd: 0.3543 (0.1706)  mom: 0.9990 (0.9949)  last_layer_lr: 0.0002 (0.0006)  current_batch_size: 64.0000 (64.0000)  total_loss: 8.9259 (6.1193)  teacher_entropy_ratio: 0.9999 (0.6041)  dino_local_crops_loss: 7.3934 (5.0424)  dino_global_crops_loss: 0.9242 (0.6294)  ibot_loss: 0.6083 (0.4475)  time: 0.354644  data: 0.012698  max mem: 19472
I20260722 15:08:29 73825 dinov2 helpers.py:102] Training  [5780/7500]  eta: 0:10:35  lr: 0.0002 (0.0006)  wd: 0.3548 (0.1710)  mom: 0.9990 (0.9949)  last_layer_lr: 0.0002 (0.0006)  current_batch_size: 64.0000 (64.0000)  total_loss: 8.9388 (6.1242)  teacher_entropy_ratio: 0.9999 (0.6048)  dino_local_crops_loss: 7.3935 (5.0465)  dino_global_crops_loss: 0.9242 (0.6299)  ibot_loss: 0.6211 (0.4478)  time: 0.347412  data: 0.003183  max mem: 19472
I20260722 15:08:32 73825 dinov2 helpers.py:102] Training  [5790/7500]  eta: 0:10:31  lr: 0.0002 (0.0006)  wd: 0.3553 (0.1713)  mom: 0.9990 (0.9949)  last_layer_lr: 0.0002 (0.0006)  current_batch_size: 64.0000 (64.0000)  total_loss: 8.9581 (6.1292)  teacher_entropy_ratio: 0.9999 (0.6054)  dino_local_crops_loss: 7.3935 (5.0505)  dino_global_crops_loss: 0.9242 (0.6305)  ibot_loss: 0.6406 (0.4482)  time: 0.345742  data: 0.000801  max mem: 19472
I20260722 15:08:36 73825 dinov2 helpers.py:102] Training  [5800/7500]  eta: 0:10:27  lr: 0.0002 (0.0006)  wd: 0.3558 (0.1716)  mom: 0.9990 (0.9949)  last_layer_lr: 0.0002 (0.0006)  current_batch_size: 64.0000 (64.0000)  total_loss: 8.9969 (6.1341)  teacher_entropy_ratio: 0.9999 (0.6061)  dino_local_crops_loss: 7.3934 (5.0545)  dino_global_crops_loss: 0.9242 (0.6310)  ibot_loss: 0.6795 (0.4486)  time: 0.353037  data: 0.005714  max mem: 19472
I20260722 15:08:40 73825 dinov2 helpers.py:102] Training  [5810/7500]  eta: 0:10:24  lr: 0.0001 (0.0006)  wd: 0.3563 (0.1719)  mom: 0.9990 (0.9949)  last_layer_lr: 0.0001 (0.0006)  current_batch_size: 64.0000 (64.0000)  total_loss: 8.9649 (6.1390)  teacher_entropy_ratio: 0.9999 (0.6068)  dino_local_crops_loss: 7.3934 (5.0586)  dino_global_crops_loss: 0.9242 (0.6315)  ibot_loss: 0.6472 (0.4489)  time: 0.392316  data: 0.041733  max mem: 19472
I20260722 15:08:44 73825 dinov2 helpers.py:102] Training  [5820/7500]  eta: 0:10:20  lr: 0.0001 (0.0006)  wd: 0.3568 (0.1722)  mom: 0.9990 (0.9949)  last_layer_lr: 0.0001 (0.0006)  current_batch_size: 64.0000 (64.0000)  total_loss: 8.9446 (6.1438)  teacher_entropy_ratio: 0.9999 (0.6075)  dino_local_crops_loss: 7.3935 (5.0626)  dino_global_crops_loss: 0.9242 (0.6320)  ibot_loss: 0.6270 (0.4492)  time: 0.382298  data: 0.036256  max mem: 19472
I20260722 15:08:47 73825 dinov2 helpers.py:102] Training  [5830/7500]  eta: 0:10:16  lr: 0.0001 (0.0006)  wd: 0.3572 (0.1725)  mom: 0.9990 (0.9949)  last_layer_lr: 0.0001 (0.0006)  current_batch_size: 64.0000 (64.0000)  total_loss: 8.9659 (6.1487)  teacher_entropy_ratio: 0.9999 (0.6082)  dino_local_crops_loss: 7.3935 (5.0666)  dino_global_crops_loss: 0.9242 (0.6325)  ibot_loss: 0.6484 (0.4496)  time: 0.369989  data: 0.023467  max mem: 19472
I20260722 15:08:51 73825 dinov2 helpers.py:102] Training  [5840/7500]  eta: 0:10:12  lr: 0.0001 (0.0006)  wd: 0.3577 (0.1729)  mom: 0.9991 (0.9950)  last_layer_lr: 0.0001 (0.0006)  current_batch_size: 64.0000 (64.0000)  total_loss: 8.9517 (6.1535)  teacher_entropy_ratio: 0.9999 (0.6088)  dino_local_crops_loss: 7.3935 (5.0706)  dino_global_crops_loss: 0.9242 (0.6330)  ibot_loss: 0.6339 (0.4499)  time: 0.382193  data: 0.023486  max mem: 19472
I20260722 15:08:54 73825 fvcore.common.checkpoint __init__.py:109] Saving checkpoint to /sci/labs/arieljaffe/dan.abergel1/runs/brain/samesl_t005/model_0005849.rank_0.pth
I20260722 15:08:56 73825 dinov2 helpers.py:102] Training  [5850/7500]  eta: 0:10:09  lr: 0.0001 (0.0006)  wd: 0.3582 (0.1732)  mom: 0.9991 (0.9950)  last_layer_lr: 0.0001 (0.0006)  current_batch_size: 64.0000 (64.0000)  total_loss: 8.9530 (6.1583)  teacher_entropy_ratio: 0.9999 (0.6095)  dino_local_crops_loss: 7.3934 (5.0745)  dino_global_crops_loss: 0.9242 (0.6335)  ibot_loss: 0.6353 (0.4503)  time: 0.417416  data: 0.000508  max mem: 19472
I20260722 15:08:59 73825 dinov2 helpers.py:102] Training  [5860/7500]  eta: 0:10:05  lr: 0.0001 (0.0006)  wd: 0.3587 (0.1735)  mom: 0.9991 (0.9950)  last_layer_lr: 0.0001 (0.0006)  current_batch_size: 64.0000 (64.0000)  total_loss: 8.9692 (6.1631)  teacher_entropy_ratio: 0.9999 (0.6102)  dino_local_crops_loss: 7.3935 (5.0785)  dino_global_crops_loss: 0.9242 (0.6340)  ibot_loss: 0.6514 (0.4506)  time: 0.400059  data: 0.000535  max mem: 19472
I20260722 15:09:03 73825 dinov2 helpers.py:102] Training  [5870/7500]  eta: 0:10:01  lr: 0.0001 (0.0006)  wd: 0.3592 (0.1738)  mom: 0.9991 (0.9950)  last_layer_lr: 0.0001 (0.0006)  current_batch_size: 64.0000 (64.0000)  total_loss: 8.9694 (6.1678)  teacher_entropy_ratio: 0.9999 (0.6108)  dino_local_crops_loss: 7.3935 (5.0824)  dino_global_crops_loss: 0.9242 (0.6345)  ibot_loss: 0.6517 (0.4509)  time: 0.340674  data: 0.000603  max mem: 19472
I20260722 15:09:06 73825 dinov2 helpers.py:102] Training  [5880/7500]  eta: 0:09:58  lr: 0.0001 (0.0006)  wd: 0.3596 (0.1741)  mom: 0.9991 (0.9950)  last_layer_lr: 0.0001 (0.0006)  current_batch_size: 64.0000 (64.0000)  total_loss: 8.9379 (6.1725)  teacher_entropy_ratio: 0.9999 (0.6115)  dino_local_crops_loss: 7.3935 (5.0864)  dino_global_crops_loss: 0.9242 (0.6350)  ibot_loss: 0.6202 (0.4512)  time: 0.344717  data: 0.000790  max mem: 19472
I20260722 15:09:09 73825 dinov2 helpers.py:102] Training  [5890/7500]  eta: 0:09:54  lr: 0.0001 (0.0006)  wd: 0.3601 (0.1744)  mom: 0.9991 (0.9950)  last_layer_lr: 0.0001 (0.0006)  current_batch_size: 64.0000 (64.0000)  total_loss: 8.9102 (6.1772)  teacher_entropy_ratio: 0.9999 (0.6121)  dino_local_crops_loss: 7.3935 (5.0903)  dino_global_crops_loss: 0.9242 (0.6354)  ibot_loss: 0.5925 (0.4515)  time: 0.341990  data: 0.000455  max mem: 19472
I20260722 15:09:13 73825 dinov2 helpers.py:102] Training  [5900/7500]  eta: 0:09:50  lr: 0.0001 (0.0006)  wd: 0.3606 (0.1748)  mom: 0.9991 (0.9950)  last_layer_lr: 0.0001 (0.0006)  current_batch_size: 64.0000 (64.0000)  total_loss: 8.9742 (6.1820)  teacher_entropy_ratio: 0.9999 (0.6128)  dino_local_crops_loss: 7.3935 (5.0942)  dino_global_crops_loss: 0.9242 (0.6359)  ibot_loss: 0.6563 (0.4519)  time: 0.341503  data: 0.000435  max mem: 19472
I20260722 15:09:16 73825 dinov2 helpers.py:102] Training  [5910/7500]  eta: 0:09:46  lr: 0.0001 (0.0006)  wd: 0.3611 (0.1751)  mom: 0.9991 (0.9950)  last_layer_lr: 0.0001 (0.0006)  current_batch_size: 64.0000 (64.0000)  total_loss: 8.9665 (6.1867)  teacher_entropy_ratio: 0.9999 (0.6135)  dino_local_crops_loss: 7.3935 (5.0981)  dino_global_crops_loss: 0.9242 (0.6364)  ibot_loss: 0.6488 (0.4522)  time: 0.345491  data: 0.000415  max mem: 19472
I20260722 15:09:20 73825 dinov2 helpers.py:102] Training  [5920/7500]  eta: 0:09:43  lr: 0.0001 (0.0006)  wd: 0.3615 (0.1754)  mom: 0.9991 (0.9950)  last_layer_lr: 0.0001 (0.0006)  current_batch_size: 64.0000 (64.0000)  total_loss: 8.9458 (6.1913)  teacher_entropy_ratio: 0.9999 (0.6141)  dino_local_crops_loss: 7.3935 (5.1020)  dino_global_crops_loss: 0.9242 (0.6369)  ibot_loss: 0.6281 (0.4525)  time: 0.350779  data: 0.000393  max mem: 19472
I20260722 15:09:24 73825 dinov2 helpers.py:102] Training  [5930/7500]  eta: 0:09:39  lr: 0.0001 (0.0006)  wd: 0.3620 (0.1757)  mom: 0.9992 (0.9950)  last_layer_lr: 0.0001 (0.0006)  current_batch_size: 64.0000 (64.0000)  total_loss: 8.9533 (6.1960)  teacher_entropy_ratio: 0.9999 (0.6148)  dino_local_crops_loss: 7.3936 (5.1058)  dino_global_crops_loss: 0.9242 (0.6374)  ibot_loss: 0.6355 (0.4528)  time: 0.382810  data: 0.030540  max mem: 19472
                                                                                                                                                                                                                                                                                                                                       I20260722 15:09:28 73825 dinov2 helpers.py:102] Training  [5940/7500]  eta: 0:09:35  lr: 0.0001 (0.0006)  wd: 0.3625 (0.1760)  mom: 0.9992 (0.9950)  last_layer_lr: 0.0001 (0.0006)  current_batch_size: 64.0000 (64.0000)  total_loss: 8.9425 (6.2006)  teacher_entropy_ratio: 0.9999 (0.6154)  dino_local_crops_loss: 7.3936 (5.1097)  dino_global_crops_loss: 0.9242 (0.6379)  ibot_loss: 0.6248 (0.4531)  time: 0.380513  data: 0.030376  max mem: 19472
I20260722 15:09:31 73825 dinov2 helpers.py:102] Training  [5950/7500]  eta: 0:09:32  lr: 0.0001 (0.0006)  wd: 0.3629 (0.1763)  mom: 0.9992 (0.9950)  last_layer_lr: 0.0001 (0.0006)  current_batch_size: 64.0000 (64.0000)  total_loss: 8.9414 (6.2052)  teacher_entropy_ratio: 0.9999 (0.6161)  dino_local_crops_loss: 7.3936 (5.1135)  dino_global_crops_loss: 0.9242 (0.6384)  ibot_loss: 0.6237 (0.4534)  time: 0.342529  data: 0.000435  max mem: 19472
I20260722 15:09:35 73825 dinov2 helpers.py:102] Training  [5960/7500]  eta: 0:09:28  lr: 0.0001 (0.0006)  wd: 0.3634 (0.1767)  mom: 0.9992 (0.9950)  last_layer_lr: 0.0001 (0.0006)  current_batch_size: 64.0000 (64.0000)  total_loss: 8.9771 (6.2099)  teacher_entropy_ratio: 0.9999 (0.6167)  dino_local_crops_loss: 7.3936 (5.1173)  dino_global_crops_loss: 0.9242 (0.6388)  ibot_loss: 0.6594 (0.4537)  time: 0.374254  data: 0.031351  max mem: 19472
I20260722 15:09:38 73825 dinov2 helpers.py:102] Training  [5970/7500]  eta: 0:09:24  lr: 0.0001 (0.0006)  wd: 0.3638 (0.1770)  mom: 0.9992 (0.9950)  last_layer_lr: 0.0001 (0.0006)  current_batch_size: 64.0000 (64.0000)  total_loss: 8.9461 (6.2144)  teacher_entropy_ratio: 0.9999 (0.6173)  dino_local_crops_loss: 7.3936 (5.1211)  dino_global_crops_loss: 0.9242 (0.6393)  ibot_loss: 0.6283 (0.4540)  time: 0.376682  data: 0.031390  max mem: 19472
I20260722 15:09:42 73825 dinov2 helpers.py:102] Training  [5980/7500]  eta: 0:09:21  lr: 0.0001 (0.0006)  wd: 0.3643 (0.1773)  mom: 0.9992 (0.9951)  last_layer_lr: 0.0001 (0.0006)  current_batch_size: 64.0000 (64.0000)  total_loss: 8.9438 (6.2191)  teacher_entropy_ratio: 0.9999 (0.6180)  dino_local_crops_loss: 7.3936 (5.1249)  dino_global_crops_loss: 0.9242 (0.6398)  ibot_loss: 0.6259 (0.4544)  time: 0.345947  data: 0.000661  max mem: 19472
I20260722 15:09:46 73825 dinov2 helpers.py:102] Training  [5990/7500]  eta: 0:09:17  lr: 0.0001 (0.0006)  wd: 0.3647 (0.1776)  mom: 0.9992 (0.9951)  last_layer_lr: 0.0001 (0.0006)  current_batch_size: 64.0000 (64.0000)  total_loss: 8.9882 (6.2237)  teacher_entropy_ratio: 0.9999 (0.6186)  dino_local_crops_loss: 7.3936 (5.1287)  dino_global_crops_loss: 0.9242 (0.6403)  ibot_loss: 0.6705 (0.4547)  time: 0.355579  data: 0.011306  max mem: 19472
I20260722 15:09:49 73825 dinov2 helpers.py:102] Training  [6000/7500]  eta: 0:09:13  lr: 0.0001 (0.0006)  wd: 0.3652 (0.1779)  mom: 0.9992 (0.9951)  last_layer_lr: 0.0001 (0.0006)  current_batch_size: 64.0000 (64.0000)  total_loss: 8.9372 (6.2282)  teacher_entropy_ratio: 0.9999 (0.6193)  dino_local_crops_loss: 7.3936 (5.1325)  dino_global_crops_loss: 0.9242 (0.6407)  ibot_loss: 0.6194 (0.4550)  time: 0.368362  data: 0.027056  max mem: 19472
I20260722 15:09:53 73825 dinov2 helpers.py:102] Training  [6010/7500]  eta: 0:09:09  lr: 0.0001 (0.0006)  wd: 0.3656 (0.1782)  mom: 0.9992 (0.9951)  last_layer_lr: 0.0001 (0.0006)  current_batch_size: 64.0000 (64.0000)  total_loss: 8.9215 (6.2328)  teacher_entropy_ratio: 0.9999 (0.6199)  dino_local_crops_loss: 7.3935 (5.1363)  dino_global_crops_loss: 0.9242 (0.6412)  ibot_loss: 0.6038 (0.4553)  time: 0.355872  data: 0.016159  max mem: 19472
I20260722 15:09:56 73825 dinov2 helpers.py:102] Training  [6020/7500]  eta: 0:09:06  lr: 0.0001 (0.0006)  wd: 0.3661 (0.1785)  mom: 0.9992 (0.9951)  last_layer_lr: 0.0001 (0.0006)  current_batch_size: 64.0000 (64.0000)  total_loss: 8.9695 (6.2373)  teacher_entropy_ratio: 0.9999 (0.6205)  dino_local_crops_loss: 7.3936 (5.1400)  dino_global_crops_loss: 0.9242 (0.6417)  ibot_loss: 0.6518 (0.4556)  time: 0.337069  data: 0.000434  max mem: 19472
                  I20260722 15:09:59 73825 dinov2 helpers.py:102] Training  [6030/7500]  eta: 0:09:02  lr: 0.0001 (0.0006)  wd: 0.3665 (0.1788)  mom: 0.9993 (0.9951)  last_layer_lr: 0.0001 (0.0006)  current_batch_size: 64.0000 (64.0000)  total_loss: 8.9341 (6.2417)  teacher_entropy_ratio: 0.9999 (0.6211)  dino_local_crops_loss: 7.3936 (5.1438)  dino_global_crops_loss: 0.9242 (0.6421)  ibot_loss: 0.6164 (0.4558)  time: 0.336367  data: 0.000644  max mem: 19472
I20260722 15:10:03 73825 dinov2 helpers.py:102] Training  [6040/7500]  eta: 0:08:58  lr: 0.0001 (0.0006)  wd: 0.3669 (0.1792)  mom: 0.9993 (0.9951)  last_layer_lr: 0.0001 (0.0006)  current_batch_size: 64.0000 (64.0000)  total_loss: 8.9549 (6.2463)  teacher_entropy_ratio: 0.9999 (0.6218)  dino_local_crops_loss: 7.3935 (5.1475)  dino_global_crops_loss: 0.9242 (0.6426)  ibot_loss: 0.6371 (0.4562)  time: 0.366999  data: 0.026228 784  max mem: 19472
I20260722 15:10:03 4140328 dinov2 helpers.py:102] Training  [6260/7500]  eta: 0:07:21  lr: 0.0001 (0.0006)  wd: 0.3759 (0.1859)  mom: 0.9995 (0.9952)  last_layer_lr: 0.0001 (0.0006)  current_batch_size: 64.0000 (64.0000)  total_loss: 4.5037 (3.3233)  teacher_entropy_ratio: 0.3158 (0.1617)  dino_local_crops_loss: 3.7699 (2.6080)  dino_global_crops_loss: 0.4712 (0.3246)  ibot_loss: 0.2816 (0.3908)  time: 0.346236  data: 0.000421  max mem: 19472
I20260722 15:10:06 4140328 dinov2 helpers.py:102] Training  [6270/7500]  eta: 0:07:17  lr: 0.0001 (0.0006)  wd: 0.3763 (0.1862)  mom: 0.9995 (0.9952)  last_layer_lr: 0.0001 (0.0006)  current_batch_size: 64.0000 (64.0000)  total_loss: 4.6238 (3.3256)  teacher_entropy_ratio: 0.3158 (0.1620)  dino_local_crops_loss: 3.8420 (2.6101)  dino_global_crops_loss: 0.4804 (0.3249)  ibot_loss: 0.2835 (0.3906)  time: 0.351117  data: 0.000434  max mem: 19472
I20260722 15:10:10 4140328 dinov2 helpers.py:102] Training  [6280/7500]  eta: 0:07:13  lr: 0.0001 (0.0006)  wd: 0.3766 (0.1865)  mom: 0.9995 (0.9953)  last_layer_lr: 0.0001 (0.0006)  current_batch_size: 64.0000 (64.0000)  total_loss: 4.5938 (3.3276)  teacher_entropy_ratio: 0.3140 (0.1622)  dino_local_crops_loss: 3.8210 (2.6120)  dino_global_crops_loss: 0.4777 (0.3251)  ibot_loss: 0.2807 (0.3904)  time: 0.345616  data: 0.000422  max mem: 19472
I20260722 15:10:13 4140328 dinov2 helpers.py:102] Training  [6290/7500]  eta: 0:07:10  lr: 0.0001 (0.0006)  wd: 0.3770 (0.1868)  mom: 0.9995 (0.9953)  last_layer_lr: 0.0001 (0.0006)  current_batch_size: 64.0000 (64.0000)  total_loss: 4.6785 (3.3299)  teacher_entropy_ratio: 0.3331 (0.1625)  dino_local_crops_loss: 3.9128 (2.6142)  dino_global_crops_loss: 0.4889 (0.3254)  ibot_loss: 0.2806 (0.3902)  time: 0.346922  data: 0.000446  max mem: 19472
I20260722 15:10:16 4140328 fvcore.common.checkpoint __init__.py:109] Saving checkpoint to /sci/labs/arieljaffe/dan.abergel1/runs/brain/samesl_t005/model_0006299.rank_0.pth
I20260722 15:10:18 4140328 dinov2 helpers.py:102] Training  [6300/7500]  eta: 0:07:07  lr: 0.0001 (0.0006)  wd: 0.3774 (0.1871)  mom: 0.9995 (0.9953)  last_layer_lr: 0.0001 (0.0006)  current_batch_size: 64.0000 (64.0000)  total_loss: 4.7780 (3.3322)  teacher_entropy_ratio: 0.3420 (0.1628)  dino_local_crops_loss: 4.0073 (2.6164)  dino_global_crops_loss: 0.5021 (0.3257)  ibot_loss: 0.2823 (0.3901)  time: 0.401410  data: 0.000582  max mem: 19472
I20260722 15:10:21 4140328 dinov2 helpers.py:102] Training  [6310/7500]  eta: 0:07:03  lr: 0.0001 (0.0006)  wd: 0.3777 (0.1874)  mom: 0.9995 (0.9953)  last_layer_lr: 0.0001 (0.0006)  current_batch_size: 64.0000 (64.0000)  total_loss: 4.8652 (3.3348)  teacher_entropy_ratio: 0.3511 (0.1631)  dino_local_crops_loss: 4.0817 (2.6189)  dino_global_crops_loss: 0.5105 (0.3260)  ibot_loss: 0.2858 (0.3899)  time: 0.396690  data: 0.000581  max mem: 19472
I20260722 15:10:25 4140328 dinov2 helpers.py:102] Training  [6320/7500]  eta: 0:06:59  lr: 0.0001 (0.0006)  wd: 0.3781 (0.1877)  mom: 0.9995 (0.9953)  last_layer_lr: 0.0001 (0.0006)  current_batch_size: 64.0000 (64.0000)  total_loss: 4.8630 (3.3372)  teacher_entropy_ratio: 0.3535 (0.1634)  dino_local_crops_loss: 4.0817 (2.6212)  dino_global_crops_loss: 0.5105 (0.3263)  ibot_loss: 0.2824 (0.3897)  time: 0.346519  data: 0.002286  max mem: 19472
I20260722 15:10:28 4140328 dinov2 helpers.py:102] Training  [6330/7500]  eta: 0:06:56  lr: 0.0001 (0.0006)  wd: 0.3785 (0.1880)  mom: 0.9995 (0.9953)  last_layer_lr: 0.0001 (0.0006)  current_batch_size: 64.0000 (64.0000)  total_loss: 4.8626 (3.3397)  teacher_entropy_ratio: 0.3535 (0.1637)  dino_local_crops_loss: 4.0513 (2.6236)  dino_global_crops_loss: 0.5048 (0.3266)  ibot_loss: 0.2798 (0.3896)  time: 0.345273  data: 0.002072  max mem: 19472
I20260722 15:10:32 4140328 dinov2 helpers.py:102] Training  [6340/7500]  eta: 0:06:52  lr: 0.0001 (0.0006)  wd: 0.3788 (0.1884)  mom: 0.9995 (0.9953)  last_layer_lr: 0.0001 (0.0006)  current_batch_size: 64.0000 (64.0000)  total_loss: 4.8494 (3.3421)  teacher_entropy_ratio: 0.3564 (0.1641)  dino_local_crops_loss: 4.0610 (2.6258)  dino_global_crops_loss: 0.5084 (0.3269)  ibot_loss: 0.2797 (0.3894)  time: 0.339945  data: 0.000418  max mem: 19472
I20260722 15:10:35 4140328 dinov2 helpers.py:102] Training  [6350/7500]  eta: 0:06:49  lr: 0.0001 (0.0006)  wd: 0.3792 (0.1887)  mom: 0.9995 (0.9953)  last_layer_lr: 0.0001 (0.0006)  current_batch_size: 64.0000 (64.0000)  total_loss: 4.8792 (3.3446)  teacher_entropy_ratio: 0.3601 (0.1644)  dino_local_crops_loss: 4.0887 (2.6282)  dino_global_crops_loss: 0.5108 (0.3272)  ibot_loss: 0.2797 (0.3892)  time: 0.344542  data: 0.000394  max mem: 19472
I20260722 15:10:39 4140328 dinov2 helpers.py:102] Training  [6360/7500]  eta: 0:06:45  lr: 0.0001 (0.0006)  wd: 0.3795 (0.1890)  mom: 0.9995 (0.9953)  last_layer_lr: 0.0001 (0.0006)  current_batch_size: 64.0000 (64.0000)  total_loss: 5.0414 (3.3472)  teacher_entropy_ratio: 0.3836 (0.1647)  dino_local_crops_loss: 4.2243 (2.6307)  dino_global_crops_loss: 0.5288 (0.3275)  ibot_loss: 0.2812 (0.3890)  time: 0.353931  data: 0.000403  max mem: 19472
I20260722 15:10:42 4140328 dinov2 helpers.py:102] Training  [6370/7500]  eta: 0:06:42  lr: 0.0001 (0.0006)  wd: 0.3799 (0.1893)  mom: 0.9996 (0.9953)  last_layer_lr: 0.0001 (0.0006)  current_batch_size: 64.0000 (64.0000)  total_loss: 5.0163 (3.3498)  teacher_entropy_ratio: 0.3771 (0.1650)  dino_local_crops_loss: 4.2083 (2.6332)  dino_global_crops_loss: 0.5281 (0.3278)  ibot_loss: 0.2804 (0.3889)  time: 0.353831  data: 0.002145  max mem: 19472
I20260722 15:10:46 4140328 dinov2 helpers.py:102] Training  [6380/7500]  eta: 0:06:38  lr: 0.0001 (0.0006)  wd: 0.3802 (0.1896)  mom: 0.9996 (0.9953)  last_layer_lr: 0.0001 (0.0006)  current_batch_size: 64.0000 (64.0000)  total_loss: 4.9956 (3.3525)  teacher_entropy_ratio: 0.3749 (0.1654)  dino_local_crops_loss: 4.2083 (2.6357)  dino_global_crops_loss: 0.5259 (0.3281)  ibot_loss: 0.2816 (0.3887)  time: 0.349991  data: 0.002162  max mem: 19472
I20260722 15:10:49 4140328 dinov2 helpers.py:102] Training  [6390/7500]  eta: 0:06:34  lr: 0.0001 (0.0006)  wd: 0.3806 (0.1899)  mom: 0.9996 (0.9953)  last_layer_lr: 0.0001 (0.0006)  current_batch_size: 64.0000 (64.0000)  total_loss: 5.1198 (3.3555)  teacher_entropy_ratio: 0.3948 (0.1658)  dino_local_crops_loss: 4.2927 (2.6384)  dino_global_crops_loss: 0.5364 (0.3285)  ibot_loss: 0.2852 (0.3886)  time: 0.353119  data: 0.001104  max mem: 19472
I20260722 15:10:53 4140328 dinov2 helpers.py:102] Training  [6400/7500]  eta: 0:06:31  lr: 0.0001 (0.0006)  wd: 0.3809 (0.1901)  mom: 0.9996 (0.9953)  last_layer_lr: 0.0001 (0.0006)  current_batch_size: 64.0000 (64.0000)  total_loss: 5.3195 (3.3586)  teacher_entropy_ratio: 0.4146 (0.1662)  dino_local_crops_loss: 4.4511 (2.6414)  dino_global_crops_loss: 0.5577 (0.3288)  ibot_loss: 0.2889 (0.3884)  time: 0.354322  data: 0.001099  max mem: 19472
I20260722 15:10:56 4140328 dinov2 helpers.py:102] Training  [6410/7500]  eta: 0:06:27  lr: 0.0001 (0.0006)  wd: 0.3812 (0.1904)  mom: 0.9996 (0.9953)  last_layer_lr: 0.0001 (0.0006)  current_batch_size: 64.0000 (64.0000)  total_loss: 5.3217 (3.3617)  teacher_entropy_ratio: 0.4137 (0.1666)  dino_local_crops_loss: 4.4528 (2.6442)  dino_global_crops_loss: 0.5577 (0.3292)  ibot_loss: 0.2912 (0.3883)  time: 0.352527  data: 0.000637  max mem: 19472
I20260722 15:11:00 4140328 dinov2 helpers.py:102] Training  [6420/7500]  eta: 0:06:24  lr: 0.0001 (0.0006)  wd: 0.3816 (0.1907)  mom: 0.9996 (0.9953)  last_layer_lr: 0.0001 (0.0006)  current_batch_size: 64.0000 (64.0000)  total_loss: 5.3217 (3.3647)  teacher_entropy_ratio: 0.4136 (0.1669)  dino_local_crops_loss: 4.4638 (2.6471)  dino_global_crops_loss: 0.5577 (0.3295)  ibot_loss: 0.2904 (0.3881)  time: 0.353590  data: 0.003291  max mem: 19472
I20260722 15:11:03 4140328 dinov2 helpers.py:102] Training  [6430/7500]  eta: 0:06:20  lr: 0.0001 (0.0006)  wd: 0.3819 (0.1910)  mom: 0.9996 (0.9954)  last_layer_lr: 0.0001 (0.0006)  current_batch_size: 64.0000 (64.0000)  total_loss: 5.3391 (3.3677)  teacher_entropy_ratio: 0.4199 (0.1673)  dino_local_crops_loss: 4.4997 (2.6499)  dino_global_crops_loss: 0.5625 (0.3299)  ibot_loss: 0.2855 (0.3879)  t.344695  data: 0.000415  max mem: 19472
I20260722 15:11:12 73825 dinov2 helpers.py:102] Training  [6230/7500]  eta: 0:07:48  lr: 0.0001 (0.0006)  wd: 0.3747 (0.1850)  mom: 0.9994 (0.9952)  last_layer_lr: 0.0001 (0.0006)  current_batch_size: 64.0000 (64.0000)  total_loss: 8.9565 (6.3294)  teacher_entropy_ratio: 0.9999 (0.6333)  dino_local_crops_loss: 7.3936 (5.2160)  dino_global_crops_loss: 0.9242 (0.6512)  ibot_loss: 0.6387 (0.4622)  time: 0.343621  data: 0.000418  max mem: 19472
I20260722 15:11:15 73825 dinov2 helpers.py:102] Training  [6240/7500]  eta: 0:07:44  lr: 0.0001 (0.0006)  wd: 0.3751 (0.1853)  mom: 0.9994 (0.9952)  last_layer_lr: 0.0001 (0.0006)  current_batch_size: 64.0000 (64.0000)  total_loss: 8.9578 (6.3337)  teacher_entropy_ratio: 0.9999 (0.6339)  dino_local_crops_loss: 7.3936 (5.2195)  dino_global_crops_loss: 0.9242 (0.6516)  ibot_loss: 0.6401 (0.4626)  time: 0.342158  data: 0.000414  max mem: 19472
I20260722 15:11:19 73825 dinov2 helpers.py:102] Training  [6250/7500]  eta: 0:07:40  lr: 0.0001 (0.0006)  wd: 0.3755 (0.1856)  mom: 0.9995 (0.9952)  last_layer_lr: 0.0001 (0.0006)  current_batch_size: 64.0000 (64.0000)  total_loss: 8.9811 (6.3379)  teacher_entropy_ratio: 0.9999 (0.6345)  dino_local_crops_loss: 7.3936 (5.2229)  dino_global_crops_loss: 0.9242 (0.6521)  ibot_loss: 0.6633 (0.4629)  time: 0.347586  data: 0.003115  max mem: 19472
I20260722 15:11:22 73825 dinov2 helpers.py:102] Training  [6260/7500]  eta: 0:07:37  lr: 0.0001 (0.0006)  wd: 0.3759 (0.1859)  mom: 0.9995 (0.9952)  last_layer_lr: 0.0001 (0.0006)  current_batch_size: 64.0000 (64.0000)  total_loss: 8.9541 (6.3421)  teacher_entropy_ratio: 0.9999 (0.6351)  dino_local_crops_loss: 7.3935 (5.2264)  dino_global_crops_loss: 0.9242 (0.6525)  ibot_loss: 0.6364 (0.4632)  time: 0.356458  data: 0.008487  max mem: 19472
              I20260722 15:11:26 73825 dinov2 helpers.py:102] Training  [6270/7500]  eta: 0:07:33  lr: 0.0001 (0.0006)  wd: 0.3763 (0.1862)  mom: 0.9995 (0.9952)  last_layer_lr: 0.0001 (0.0006)  current_batch_size: 64.0000 (64.0000)  total_loss: 9.0034 (6.3463)  teacher_entropy_ratio: 0.9999 (0.6356)  dino_local_crops_loss: 7.3936 (5.2299)  dino_global_crops_loss: 0.9242 (0.6529)  ibot_loss: 0.6857 (0.4635)  time: 0.381822  data: 0.036082  max mem: 19472
I20260722 15:11:30 73825 dinov2 helpers.py:102] Training  [6280/7500]  eta: 0:07:29  lr: 0.0001 (0.0006)  wd: 0.3766 (0.1865)  mom: 0.9995 (0.9953)  last_layer_lr: 0.0001 (0.0006)  current_batch_size: 64.0000 (64.0000)  total_loss: 8.9750 (6.3505)  teacher_entropy_ratio: 0.9999 (0.6362)  dino_local_crops_loss: 7.3935 (5.2333)  dino_global_crops_loss: 0.9242 (0.6534)  ibot_loss: 0.6574 (0.4638)  time: 0.375977  data: 0.030493  max mem: 19472
I20260722 15:11:34 73825 dinov2 helpers.py:102] Training  [6290/7500]  eta: 0:07:26  lr: 0.0001 (0.0006)  wd: 0.3770 (0.1868)  mom: 0.9995 (0.9953)  last_layer_lr: 0.0001 (0.0006)  current_batch_size: 64.0000 (64.0000)  total_loss: 8.9507 (6.3546)  teacher_entropy_ratio: 0.9999 (0.6368)  dino_local_crops_loss: 7.3936 (5.2367)  dino_global_crops_loss: 0.9242 (0.6538)  ibot_loss: 0.6328 (0.4641)  time: 0.365887  data: 0.020499  max mem: 19472
I20260722 15:11:37 73825 fvcore.common.checkpoint __init__.py:109] Saving checkpoint to /sci/labs/arieljaffe/dan.abergel1/runs/brain/samesl_t005/model_0006299.rank_0.pth
I20260722 15:11:38 73825 dinov2 helpers.py:102] Training  [6300/7500]  eta: 0:07:22  lr: 0.0001 (0.0006)  wd: 0.3774 (0.1871)  mom: 0.9995 (0.9953)  last_layer_lr: 0.0001 (0.0006)  current_batch_size: 64.0000 (64.0000)  total_loss: 8.9417 (6.3587)  teacher_entropy_ratio: 0.9999 (0.6374)  dino_local_crops_loss: 7.3936 (5.2402)  dino_global_crops_loss: 0.9242 (0.6542)  ibot_loss: 0.6239 (0.4643)  time: 0.436574  data: 0.032876  max mem: 19472
I20260722 15:11:42 73825 dinov2 helpers.py:102] Training  [6310/7500]  eta: 0:07:18  lr: 0.0001 (0.0006)  wd: 0.3777 (0.1874)  mom: 0.9995 (0.9953)  last_layer_lr: 0.0001 (0.0006)  current_batch_size: 64.0000 (64.0000)  total_loss: 8.9583 (6.3629)  teacher_entropy_ratio: 0.9999 (0.6380)  dino_local_crops_loss: 7.3936 (5.2436)  dino_global_crops_loss: 0.9242 (0.6547)  ibot_loss: 0.6406 (0.4647)  time: 0.413063  data: 0.012748  max mem: 19472
I20260722 15:11:45 73825 dinov2 helpers.py:102] Training  [6320/7500]  eta: 0:07:15  lr: 0.0001 (0.0006)  wd: 0.3781 (0.1877)  mom: 0.9995 (0.9953)  last_layer_lr: 0.0001 (0.0006)  current_batch_size: 64.0000 (64.0000)  total_loss: 8.9500 (6.3670)  teacher_entropy_ratio: 0.9999 (0.6385)  dino_local_crops_loss: 7.3936 (5.2470)  dino_global_crops_loss: 0.9242 (0.6551)  ibot_loss: 0.6321 (0.4649)  time: 0.343775  data: 0.000780  max mem: 19472
I20260722 15:11:49 73825 dinov2 helpers.py:102] Training  [6330/7500]  eta: 0:07:11  lr: 0.0001 (0.0006)  wd: 0.3785 (0.1880)  mom: 0.9995 (0.9953)  last_layer_lr: 0.0001 (0.0006)  current_batch_size: 64.0000 (64.0000)  total_loss: 8.9526 (6.3711)  teacher_entropy_ratio: 0.9999 (0.6391)  dino_local_crops_loss: 7.3936 (5.2504)  dino_global_crops_loss: 0.9242 (0.6555)  ibot_loss: 0.6348 (0.4652)  time: 0.350825  data: 0.000609  max mem: 19472
I20260722 15:11:52 73825 dinov2 helpers.py:102] Training  [6340/7500]  eta: 0:07:07  lr: 0.0001 (0.0006)  wd: 0.3788 (0.1884)  mom: 0.9995 (0.9953)  last_layer_lr: 0.0001 (0.0006)  current_batch_size: 64.0000 (64.0000)  total_loss: 8.9526 (6.3752)  teacher_entropy_ratio: 0.9999 (0.6397)  dino_local_crops_loss: 7.3936 (5.2537)  dino_global_crops_loss: 0.9242 (0.6559)  ibot_loss: 0.6348 (0.4655)  time: 0.349319  data: 0.000401  max mem: 19472
I20260722 15:11:56 73825 dinov2 helpers.py:102] Training  [6350/7500]  eta: 0:07:03  lr: 0.0001 (0.0006)  wd: 0.3792 (0.1887)  mom: 0.9995 (0.9953)  last_layer_lr: 0.0001 (0.0006)  current_batch_size: 64.0000 (64.0000)  total_loss: 8.9413 (6.3792)  teacher_entropy_ratio: 0.9999 (0.6402)  dino_local_crops_loss: 7.3936 (5.2571)  dino_global_crops_loss: 0.9242 (0.6564)  ibot_loss: 0.6234 (0.4657)  time: 0.340864  data: 0.000444  max mem: 19472
I20260722 15:11:59 73825 dinov2 helpers.py:102] Training  [6360/7500]  eta: 0:07:00  lr: 0.0001 (0.0006)  wd: 0.3795 (0.1890)  mom: 0.9995 (0.9953)  last_layer_lr: 0.0001 (0.0006)  current_batch_size: 64.0000 (64.0000)  total_loss: 8.9371 (6.3832)  teacher_entropy_ratio: 0.9999 (0.6408)  dino_local_crops_loss: 7.3936 (5.2605)  dino_global_crops_loss: 0.9242 (0.6568)  ibot_loss: 0.6194 (0.4660)  time: 0.343377  data: 0.000445  max mem: 19472
I20260722 15:12:03 73825 dinov2 helpers.py:102] Training  [6370/7500]  eta: 0:06:56  lr: 0.0001 (0.0006)  wd: 0.3799 (0.1893)  mom: 0.9996 (0.9953)  last_layer_lr: 0.0001 (0.0006)  current_batch_size: 64.0000 (64.0000)  total_loss: 8.9371 (6.3872)  teacher_entropy_ratio: 0.9999 (0.6414)  dino_local_crops_loss: 7.3937 (5.2638)  dino_global_crops_loss: 0.9242 (0.6572)  ibot_loss: 0.6194 (0.4662)  time: 0.386076  data: 0.040879  max mem: 19472
I20260722 15:12:07 73825 dinov2 helpers.py:102] Training  [6380/7500]  eta: 0:06:52  lr: 0.0001 (0.0006)  wd: 0.3802 (0.1896)  mom: 0.9996 (0.9953)  last_layer_lr: 0.0001 (0.0006)  current_batch_size: 64.0000 (64.0000)  total_loss: 8.9754 (6.3913)  teacher_entropy_ratio: 0.9999 (0.6419)  dino_local_crops_loss: 7.3937 (5.2672)  dino_global_crops_loss: 0.9242 (0.6576)  ibot_loss: 0.6576 (0.4665)  time: 0.379173  data: 0.040727  max mem: 19472
I20260722 15:12:10 73825 dinov2 helpers.py:102] Training  [6390/7500]  eta: 0:06:49  lr: 0.0001 (0.0006)  wd: 0.3806 (0.1899)  mom: 0.9996 (0.9953)  last_layer_lr: 0.0001 (0.0006)  current_batch_size: 64.0000 (64.0000)  total_loss: 8.9809 (6.3954)  teacher_entropy_ratio: 0.9999 (0.6425)  dino_local_crops_loss: 7.3936 (5.2705)  dino_global_crops_loss: 0.9242 (0.6580)  ibot_loss: 0.6631 (0.4669)  time: 0.336209  data: 0.000425  max mem: 19472
I20260722 15:12:14 73825 dinov2 helpers.py:102] Training  [6400/7500]  eta: 0:06:45  lr: 0.0001 (0.0006)  wd: 0.3809 (0.1901)  mom: 0.9996 (0.9953)  last_layer_lr: 0.0001 (0.0006)  current_batch_size: 64.0000 (64.0000)  total_loss: 8.9730 (6.3994)  teacher_entropy_ratio: 0.9999 (0.6430)  dino_local_crops_loss: 7.3936 (5.2738)  dino_global_crops_loss: 0.9242 (0.6584)  ibot_loss: 0.6551 (0.4671)  time: 0.339784  data: 0.000405  max mem: 19472
I20260722 15:12:17 73825 dinov2 helpers.py:102] Training  [6410/7500]  eta: 0:06:41  lr: 0.0001 (0.0006)  wd: 0.3812 (0.1904)  mom: 0.9996 (0.9953)  last_layer_lr: 0.0001 (0.0006)  current_batch_size: 64.0000 (64.0000)  total_loss: 8.9412 (6.4034)  teacher_entropy_ratio: 0.9999 (0.6436)  dino_local_crops_loss: 7.3936 (5.2771)  dino_global_crops_loss: 0.9242 (0.6589)  ibot_loss: 0.6234 (0.4674)  time: 0.351706  data: 0.010898  max mem: 19472
I20260722 15:12:21 73825 dinov2 helpers.py:102] Training  [6420/7500]  eta: 0:06:38  lr: 0.0001 (0.0006)  wd: 0.3816 (0.1907)  mom: 0.9996 (0.9953)  last_layer_lr: 0.0001 (0.0006)  current_batch_size: 64.0000 (64.0000)  total_loss: 8.9527 (6.4074)  teacher_entropy_ratio: 0.9999 (0.6442)  dino_local_crops_loss: 7.3936 (5.2804)  dino_global_crops_loss: 0.9242 (0.6593)  ibot_loss: 0.6349 (0.4677)  time: 0.377584  data: 0.034636  max mem: 19472
I20260722 15:12:25 73825 dinov2 helpers.py:102] Training  [6430/7500]  eta: 0:06:34  lr: 0.0001 (0.0006)  wd: 0.3819 (0.1910)  mom: 0.9996 (0.9954)  last_layer_lr: 0.0001 (0.0006)  current_batch_size: 64.0000 (64.0000)  total_loss: 8.9846 (6.4114)  teacher_entropy_ratio: 0.9999 (0.6447)  dino_local_crops_loss: 7.3936 (5.2837)  dino_global_crops_loss: 0.9242 (0.6597)  ibot_loss: 0.6668 (0.4680)  time: 0.366408  data: 0.024014  max mem: 19472
I20260722 15:12:28 73825 dinov2 helpers.py:102] Training  [6440/7500]  eta: 0:06:30  lr: 0.0001 (0.0006)  wd: 0.3822 (0.1913)  mom: 0.9996 (0.9954)  last_layer_lr: 0.0001 (0.0006)  current_batch_size: 64.0000 (64.0000)  total_loss: 8.9698 (6.4154)  teacher_entropy_ratio: 0.9999 (0.6453)  dino_local_crops_loss: 7.3935 (5.2870)  dino_global_crops_loss: 0.9242 (0.6601)  ibot_loss: 0.6521 (0.4683)  time: 0.339896  data: 0.000494  max mem: 19472
I20260722 15:12:32 73825 dinov2 helpers.py:102] Training  [6450/7500]  eta: 0:06:26  lr: 0.0001 (0.0006)  wd: 0.3825 (0.1916)  mom: 0.9996 (0.9954)  last_layer_lr: 0.0001 (0.0006)  current_batch_size: 64.0000 (64.0000)  total_loss: 8.9772 (6.4194)  teacher_entropy_ratio: 0.9999 (0.6458)  dino_local_crops_loss: 7.3936 (5.2902)  dino_global_crops_loss: 0.9242 (0.6605)  ibot_loss: 0.6594 (0.4687)  time: 0.364480  data: 0.026202  max mem: 19472
I20260722 15:12:35 73825 dinov2 helpers.py:102] Training  [6460/7500]  eta: 0:06:23  lr: 0.0001 (0.0006)  wd: 0.3829 (0.1919)  mom: 0.9996 (0.9954)  last_layer_lr: 0.0001 (0.0006)  current_batch_size: 64.0000 (64.0000)  total_loss: 8.9862 (6.4234)  teacher_entropy_ratio: 0.9999 (0.6464)  dino_local_crops_loss: 7.3936 (5.2935)  dino_global_crops_loss: 0.9242 (0.6609)  ibot_loss: 0.6685 (0.4690)  time: 0.369614  data: 0.026167  max mem: 19472
I20260722 15:12:39 73825 dinov2 helpers.py:102] Training  [6470/7500]  eta: 0:06:19  lr: 0.0001 (0.0006)  wd: 0.3832 (0.1922)  mom: 0.9996 (0.9954)  last_layer_lr: 0.0001 (0.0006)  current_batch_size: 64.0000 (64.0000)  total_loss: 8.9765 (6.4273)  teacher_entropy_ratio: 0.9999 (0.6469)  dino_local_crops_loss: 7.3936 (5.2967)  dino_global_crops_loss: 0.9242 (0.6613)  ibot_loss: 0.6587 (0.4693)  time: 0.350699  data: 0.000577  max mem: 19472
I20260722 15:12:42 73825 dinov2 helpers.py:102] Training  [6480/7500]  eta: 0:06:15  lr: 0.0001 (0.0006)  wd: 0.3835 (0.1925)  mom: 0.9996 (0.9954)  last_layer_lr: 0.0001 (0.0006)  current_batch_size: 64.0000 (64.0000)  total_loss: 8.9866 (6.4313)  teacher_entropy_ratio: 0.9999 (0.6474)  dino_local_crops_loss: 7.3936 (5.3000)  dino_global_crops_loss: 0.9242 (0.6617)  ibot_loss: 0.6687 (0.4696)  time: 0.357001  data: 0.000741  max mem: 19472
I20260722 15:12:46 73825 dinov2 helpers.py:102] Training  [6490/7500]  eta: 0:06:12  lr: 0.0001 (0.0006)  wd: 0.3838 (0.1928)  mom: 0.9996 (0.9954)  last_layer_lr: 0.0001 (0.0006)  current_batch_size: 64.0000 (64.0000)  total_loss: 9.0058 (6.4353)  teacher_entropy_ratio: 0.9999 (0.6480)  dino_local_crops_loss: 7.3936 (5.3032)  dino_global_crops_loss: 0.9242 (0.6621)  ibot_loss: 0.6880 (0.4700)  time: 0.376781  data: 0.023921  max mem: 19472
I20260722 15:12:50 73825 dinov2 helpers.py:102] Training  [6500/7500]  eta: 0:06:08  lr: 0.0001 (0.0006)  wd: 0.3841 (0.1931)  mom: 0.9996 (0.9954)  last_layer_lr: 0.0001 (0.0006)  current_batch_size: 64.0000 (64.0000)  total_loss: 8.9510 (6.4391)  teacher_entropy_ratio: 0.9999 (0.6485)  dino_local_crops_loss: 7.3936 (5.3064)  dino_global_crops_loss: 0.9242 (0.6625)  ibot_loss: 0.6333 (0.4702)  time: 0.368959  data: 0.023579  max mem: 19472
I20260722 15:12:53 73825 dinov2 helpers.py:102] Training  [6510/7500]  eta: 0:06:04  lr: 0.0001 (0.0006)  wd: 0.3844 (0.1934)  mom: 0.9997 (0.9954)  last_layer_lr: 0.0001 (0.0006)  current_batch_size: 64.0000 (64.0000)  total_loss: 8.9437 (6.4430)  teacher_entropy_ratio: 0.9999 (0.6491)  dino_local_crops_loss: 7.3936 (5.3096)  dino_global_crops_loss: 0.9242 (0.6629)  ibot_loss: 0.6260 (0.4705)  time: 0.349195  data: 0.000427  max mem: 19472
I20260722 15:12:57 73825 dinov2 helpers.py:102] Training  [6520/7500]  eta: 0:06:01  lr: 0.0001 (0.0006)  wd: 0.3847 (0.1937)  mom: 0.9997 (0.9954)  last_layer_lr: 0.0001 (0.0006)  current_batch_size: 64.0000 (64.0000)  total_loss: 8.9888 (6.4470)  teacher_entropy_ratio: 0.9999 (0.6496)  dino_local_crops_loss: 7.3936 (5.3128)  dino_global_crops_loss: 0.9242 (0.6633)  ibot_loss: 0.6710 (0.4708)  time: 0.347721  data: 0.000422  max mem: 19472
I20260722 15:13:00 73825 dinov2 helpers.py:102] Training  [6530/7500]  eta: 0:05:57  lr: 0.0001 (0.0006)  wd: 0.3850 (0.1940)  mom: 0.9997 (0.9954)  last_layer_lr: 0.0001 (0.0006)  current_batch_size: 64.0000 (64.0000)  total_loss: 8.9888 (6.4508)  teacher_entropy_ratio: 0.9999 (0.6501)  dino_local_crops_loss: 7.3936 (5.3160)  dino_global_crops_loss: 0.9242 (0.6637)  ibot_loss: 0.6710 (0.4711)  time: 0.342625  data: 0.002446  max mem: 19472
I20260722 15:13:04 73825 dinov2 helpers.py:102] Training  [6540/7500]  eta: 0:05:53  lr: 0.0001 (0.0006)  wd: 0.3853 (0.1943)  mom: 0.9997 (0.9954)  last_layer_lr: 0.0001 (0.0006)  current_batch_size: 64.0000 (64.0000)  total_loss: 8.9870 (6.4547)  teacher_entropy_ratio: 0.9999 (0.6507)  dino_local_crops_loss: 7.3935 (5.3192)  dino_global_crops_loss: 0.9242 (0.6641)  ibot_loss: 0.6693 (0.4714)  time: 0.366813  data: 0.026679  max mem: 19472
I20260722 15:13:08 73825 dinov2 helpers.py:102] Training  [6550/7500]  eta: 0:05:49  lr: 0.0000 (0.0006)  wd: 0.3856 (0.1946)  mom: 0.9997 (0.9954)  last_layer_lr: 0.0000 (0.0006)  current_batch_size: 64.0000 (64.0000)  total_loss: 9.0029 (6.4586)  teacher_entropy_ratio: 0.9999 (0.6512)  dino_local_crops_loss: 7.3935 (5.3223)  dino_global_crops_loss: 0.9242 (0.6645)  ibot_loss: 0.6852 (0.4717)  time: 0.379988  data: 0.039029  max mem: 19472
I20260722 15:13:11 73825 dinov2 helpers.py:102] Training  [6560/7500]  eta: 0:05:46  lr: 0.0000 (0.0006)  wd: 0.3859 (0.1949)  mom: 0.9997 (0.9954)  last_layer_lr: 0.0000 (0.0006)  current_batch_size: 64.0000 (64.0000)  total_loss: 8.9773 (6.4624)  teacher_entropy_ratio: 0.9999 (0.6517)  dino_local_crops_loss: 7.3935 (5.3255)  dino_global_crops_loss: 0.9242 (0.6649)  ibot_loss: 0.6597 (0.4720)  time: 0.353900  data: 0.014966  max mem: 19472
I20260722 15:13:15 73825 dinov2 helpers.py:102] Training  [6570/7500]  eta: 0:05:42  lr: 0.0000 (0.0006)  wd: 0.3862 (0.1952)  mom: 0.9997 (0.9954)  last_layer_lr: 0.0000 (0.0006)  current_batch_size: 64.0000 (64.0000)  total_loss: 8.9886 (6.4664)  teacher_entropy_ratio: 0.9999 (0.6523)  dino_local_crops_loss: 7.3935 (5.3286)  dino_global_crops_loss: 0.9242 (0.6653)  ibot_loss: 0.6707 (0.4724)  time: 0.369506  data: 0.025591  max mem: 19472
I20260722 15:13:19 73825 dinov2 helpers.py:102] Training  [6580/7500]  eta: 0:05:38  lr: 0.0000 (0.0006)  wd: 0.3865 (0.1955)  mom: 0.9997 (0.9955)  last_layer_lr: 0.0000 (0.0006)  current_batch_size: 64.0000 (64.0000)  total_loss: 9.0314 (6.4702)  teacher_entropy_ratio: 0.9999 (0.6528)  dino_local_crops_loss: 7.3935 (5.3318)  dino_global_crops_loss: 0.9242 (0.6657)  ibot_loss: 0.7135 (0.4727)  time: 0.366316  data: 0.025583  max mem: 19472
I20260722 15:13:22 73825 dinov2 helpers.py:102] Training  [6590/7500]  eta: 0:05:35  lr: 0.0000 (0.0006)  wd: 0.3868 (0.1957)  mom: 0.9997 (0.9955)  last_layer_lr: 0.0000 (0.0006)  current_batch_size: 64.0000 (64.0000)  total_loss: 8.9755 (6.4740)  teacher_entropy_ratio: 0.9999 (0.6533)  dino_local_crops_loss: 7.3935 (5.3349)  dino_global_crops_loss: 0.9242 (0.6661)  ibot_loss: 0.6577 (0.4730)  time: 0.340736  data: 0.000568  max mem: 19472
                                                                                                                                                                                                                                                                                                                                                                                                                                                                                                                                   I20260722 15:13:26 73825 dinov2 helpers.py:102] Training  [6600/7500]  eta: 0:05:31  lr: 0.0000 (0.0006)  wd: 0.3871 (0.1960)  mom: 0.9997 (0.9955)  last_layer_lr: 0.0000 (0.0006)  current_batch_size: 64.0000 (64.0000)  total_loss: 8.9803 (6.4779)  teacher_entropy_ratio: 0.9999 (0.6539)  dino_local_crops_loss: 7.3936 (5.3380)  dino_global_crops_loss: 0.9242 (0.6665)  ibot_loss: 0.6626 (0.4733)  time: 0.350061  data: 0.000563  max mem: 19472
I20260722 15:13:29 73825 dinov2 helpers.py:102] Training  [6610/7500]  eta: 0:05:27  lr: 0.0000 (0.0006)  wd: 0.3874 (0.1963)  mom: 0.9997 (0.9955)  last_layer_lr: 0.0000 (0.0006)  current_batch_size: 64.0000 (64.0000)  total_loss: 8.9906 (6.4816)  teacher_entropy_ratio: 0.9999 (0.6544)  dino_local_crops_loss: 7.3935 (5.3411)  dino_global_crops_loss: 0.9242 (0.6669)  ibot_loss: 0.6728 (0.4736)  time: 0.352408  data: 0.000683  max mem: 19472
I20260722 15:13:33 73825 dinov2 helpers.py:102] Training  [6620/7500]  eta: 0:05:24  lr: 0.0000 (0.0006)  wd: 0.3876 (0.1966)  mom: 0.9997 (0.9955)  last_layer_lr: 0.0000 (0.0006)  current_batch_size: 64.0000 (64.0000)  total_loss: 8.9906 (6.4854)  teacher_entropy_ratio: 0.9999 (0.6549)  dino_local_crops_loss: 7.3935 (5.3442)  dino_global_crops_loss: 0.9242 (0.6673)  ibot_loss: 0.6728 (0.4739)  time: 0.351191  data: 0.005388  max mem: 19472
      I20260722 15:13:36 73825 dinov2 helpers.py:102] Training  [6630/7500]  eta: 0:05:20  lr: 0.0000 (0.0006)  wd: 0.3879 (0.1969)  mom: 0.9997 (0.9955)  last_layer_lr: 0.0000 (0.0006)  current_batch_size: 64.0000 (64.0000)  total_loss: 8.9929 (6.4891)  teacher_entropy_ratio: 0.9999 (0.6554)  dino_local_crops_loss: 7.3935 (5.3473)  dino_global_crops_loss: 0.9242 (0.6677)  ibot_loss: 0.6751 (0.4742)  time: 0.359803  data: 0.007404  max mem: 19472
  I20260722 15:13:40 73825 dinov2 helpers.py:102] Training  [6640/7500]  eta: 0:05:16  lr: 0.0000 (0.0006)  wd: 0.3882 (0.1972)  mom: 0.9997 (0.9955)  last_layer_lr: 0.0000 (0.0006)  current_batch_size: 64.0000 (64.0000)  total_loss: 8.9900 (6.4929)  teacher_entropy_ratio: 0.9999 (0.6559)  dino_local_crops_loss: 7.3934 (5.3504)  dino_global_crops_loss: 0.9242 (0.6681)  ibot_loss: 0.6723 (0.4744)  time: 0.353920  data: 0.002757  max mem: 19472
I20260722 15:13:43 73825 dinov2 helpers.py:102] Training  [6650/7500]  eta: 0:05:12  lr: 0.0000 (0.0006)  wd: 0.3884 (0.1975)  mom: 0.9997 (0.9955)  last_layer_lr: 0.0000 (0.0006)  current_batch_size: 64.0000 (64.0000)  total_loss: 8.9681 (6.4966)  teacher_entropy_ratio: 0.9999 (0.6565)  dino_local_crops_loss: 7.3935 (5.3535)  dino_global_crops_loss: 0.9242 (0.6684)  ibot_loss: 0.6505 (0.4747)  time: 0.349360  data: 0.000458  max mem: 19472
    I20260722 15:13:47 73825 dinov2 helpers.py:102] Training  [6660/7500]  eta: 0:05:09  lr: 0.0000 (0.0006)  wd: 0.3887 (0.1978)  mom: 0.9997 (0.9955)  last_layer_lr: 0.0000 (0.0006)  current_batch_size: 64.0000 (64.0000)  total_loss: 8.9934 (6.5004)  teacher_entropy_ratio: 1.0000 (0.6570)  dino_local_crops_loss: 7.3936 (5.3565)  dino_global_crops_loss: 0.9242 (0.6688)  ibot_loss: 0.6755 (0.4751)  time: 0.351801  data: 0.000405  max mem: 19472
  I20260722 15:13:50 73825 dinov2 helpers.py:102] Training  [6670/7500]  eta: 0:05:05  lr: 0.0000 (0.0006)  wd: 0.3890 (0.1981)  mom: 0.9998 (0.9955)  last_layer_lr: 0.0000 (0.0006)  current_batch_size: 64.0000 (64.0000)  total_loss: 9.0160 (6.5042)  teacher_entropy_ratio: 0.9999 (0.6575)  dino_local_crops_loss: 7.3936 (5.3596)  dino_global_crops_loss: 0.9242 (0.6692)  ibot_loss: 0.6982 (0.4754)  time: 0.341946  data: 0.000395  max mem: 19472
  I20260722 15:13:54 73825 dinov2 helpers.py:102] Training  [6680/7500]  eta: 0:05:01  lr: 0.0000 (0.0006)  wd: 0.3892 (0.1983)  mom: 0.9998 (0.9955)  last_layer_lr: 0.0000 (0.0006)  current_batch_size: 64.0000 (64.0000)  total_loss: 9.0061 (6.5079)  teacher_entropy_ratio: 0.9999 (0.6580)  dino_local_crops_loss: 7.3935 (5.3626)  dino_global_crops_loss: 0.9242 (0.6696)  ibot_loss: 0.6884 (0.4757)  time: 0.341628  data: 0.000711  max mem: 19472
I20260722 15:13:57 73825 dinov2 helpers.py:102] Training  [6690/7500]  eta: 0:04:58  lr: 0.0000 (0.0006)  wd: 0.3895 (0.1986)  mom: 0.9998 (0.9955)  last_layer_lr: 0.0000 (0.0006)  current_batch_size: 64.0000 (64.0000)  total_loss: 8.9772 (6.5116)  teacher_entropy_ratio: 0.9999 (0.6585)  dino_local_crops_loss: 7.3935 (5.3657)  dino_global_crops_loss: 0.9242 (0.6700)  ibot_loss: 0.6595 (0.4760)  time: 0.354195  data: 0.016371  max mem: 19472
I20260722 15:14:01 73825 dinov2 helpers.py:102] Training  [6700/7500]  eta: 0:04:54  lr: 0.0000 (0.0006)  wd: 0.3897 (0.1989)  mom: 0.9998 (0.9955)  last_layer_lr: 0.0000 (0.0006)  current_batch_size: 64.0000 (64.0000)  total_loss: 9.0070 (6.5153)  teacher_entropy_ratio: 0.9999 (0.6590)  dino_local_crops_loss: 7.3936 (5.3687)  dino_global_crops_loss: 0.9242 (0.6703)  ibot_loss: 0.6889 (0.4763)  time: 0.360223  data: 0.023763  max mem: 19472
I20260722 15:14:05 73825 dinov2 helpers.py:102] Training  [6710/7500]  eta: 0:04:50  lr: 0.0000 (0.0006)  wd: 0.3900 (0.1992)  mom: 0.9998 (0.9955)  last_layer_lr: 0.0000 (0.0006)  current_batch_size: 64.0000 (64.0000)  total_loss: 8.9768 (6.5190)  teacher_entropy_ratio: 0.9999 (0.6595)  dino_local_crops_loss: 7.3937 (5.3717)  dino_global_crops_loss: 0.9242 (0.6707)  ibot_loss: 0.6587 (0.4766)  time: 0.396523  data: 0.058376  max mem: 19472
I20260722 15:14:09 73825 dinov2 helpers.py:102] Training  [6720/7500]  eta: 0:04:47  lr: 0.0000 (0.0006)  wd: 0.3902 (0.1995)  mom: 0.9998 (0.9955)  last_layer_lr: 0.0000 (0.0006)  current_batch_size: 64.0000 (64.0000)  total_loss: 8.9468 (6.5226)  teacher_entropy_ratio: 0.9999 (0.6600)  dino_local_crops_loss: 7.3936 (5.3747)  dino_global_crops_loss: 0.9242 (0.6711)  ibot_loss: 0.6291 (0.4768)  time: 0.390569  data: 0.050495  max mem: 19472
I20260722 15:14:12 73825 dinov2 helpers.py:102] Training  [6730/7500]  eta: 0:04:43  lr: 0.0000 (0.0006)  wd: 0.3905 (0.1998)  mom: 0.9998 (0.9956)  last_layer_lr: 0.0000 (0.0006)  current_batch_size: 64.0000 (64.0000)  total_loss: 8.9647 (6.5263)  teacher_entropy_ratio: 0.9999 (0.6605)  dino_local_crops_loss: 7.3938 (5.3777)  dino_global_crops_loss: 0.9242 (0.6715)  ibot_loss: 0.6466 (0.4771)  time: 0.344083  data: 0.000604  max mem: 19472
I20260722 15:14:16 73825 dinov2 helpers.py:102] Training  [6740/7500]  eta: 0:04:39  lr: 0.0000 (0.0006)  wd: 0.3907 (0.2000)  mom: 0.9998 (0.9956)  last_layer_lr: 0.0000 (0.0006)  current_batch_size: 64.0000 (64.0000)  total_loss: 8.9663 (6.5299)  teacher_entropy_ratio: 0.9999 (0.6610)  dino_local_crops_loss: 7.3937 (5.3807)  dino_global_crops_loss: 0.9242 (0.6719)  ibot_loss: 0.6483 (0.4774)  time: 0.382649  data: 0.036221  max mem: 19472
I20260722 15:14:19 73825 fvcore.common.checkpoint __init__.py:109] Saving checkpoint to /sci/labs/arieljaffe/dan.abergel1/runs/brain/samesl_t005/model_0006749.rank_0.pth
I20260722 15:14:21 73825 dinov2 helpers.py:102] Training  [6750/7500]  eta: 0:04:36  lr: 0.0000 (0.0006)  wd: 0.3910 (0.2003)  mom: 0.9998 (0.9956)  last_layer_lr: 0.0000 (0.0006)  current_batch_size: 64.0000 (64.0000)  total_loss: 8.9520 (6.5335)  teacher_entropy_ratio: 0.9999 (0.6615)  dino_local_crops_loss: 7.3936 (5.3837)  dino_global_crops_loss: 0.9242 (0.6722)  ibot_loss: 0.6341 (0.4776)  time: 0.439138  data: 0.036041  max mem: 19472
I20260722 15:14:24 73825 dinov2 helpers.py:102] Training  [6760/7500]  eta: 0:04:32  lr: 0.0000 (0.0006)  wd: 0.3912 (0.2006)  mom: 0.9998 (0.9956)  last_layer_lr: 0.0000 (0.0006)  current_batch_size: 64.0000 (64.0000)  total_loss: 8.9544 (6.5372)  teacher_entropy_ratio: 0.9999 (0.6620)  dino_local_crops_loss: 7.3937 (5.3867)  dino_global_crops_loss: 0.9242 (0.6726)  ibot_loss: 0.6365 (0.4779)  time: 0.402619  data: 0.000640  max mem: 19472
I20260722 15:14:28 73825 dinov2 helpers.py:102] Training  [6770/7500]  eta: 0:04:28  lr: 0.0000 (0.0006)  wd: 0.3914 (0.2009)  mom: 0.9998 (0.9956)  last_layer_lr: 0.0000 (0.0006)  current_batch_size: 64.0000 (64.0000)  total_loss: 9.0049 (6.5408)  teacher_entropy_ratio: 0.9999 (0.6625)  dino_local_crops_loss: 7.3937 (5.3896)  dino_global_crops_loss: 0.9242 (0.6730)  ibot_loss: 0.6870 (0.4782)  time: 0.349363  data: 0.000456  max mem: 19472
I20260722 15:14:31 73825 dinov2 helpers.py:102] Training  [6780/7500]  eta: 0:04:25  lr: 0.0000 (0.0006)  wd: 0.3917 (0.2012)  mom: 0.9998 (0.9956)  last_layer_lr: 0.0000 (0.0006)  current_batch_size: 64.0000 (64.0000)  total_loss: 9.0049 (6.5444)  teacher_entropy_ratio: 0.9999 (0.6630)  dino_local_crops_loss: 7.3938 (5.3926)  dino_global_crops_loss: 0.9242 (0.6733)  ibot_loss: 0.6870 (0.4785)  time: 0.351182  data: 0.000401  max mem: 19472
I20260722 15:14:35 73825 dinov2 helpers.py:102] Training  [6790/7500]  eta: 0:04:21  lr: 0.0000 (0.0006)  wd: 0.3919 (0.2015)  mom: 0.9998 (0.9956)  last_layer_lr: 0.0000 (0.0005)  current_batch_size: 64.0000 (64.0000)  total_loss: 8.9766 (6.5480)  teacher_entropy_ratio: 0.9999 (0.6635)  dino_local_crops_loss: 7.3938 (5.3955)  dino_global_crops_loss: 0.9242 (0.6737)  ibot_loss: 0.6586 (0.4788)  time: 0.348029  data: 0.000419  max mem: 19472
I20260722 15:14:38 73825 dinov2 helpers.py:102] Training  [6800/7500]  eta: 0:04:17  lr: 0.0000 (0.0006)  wd: 0.3921 (0.2017)  mom: 0.9998 (0.9956)  last_layer_lr: 0.0000 (0.0005)  current_batch_size: 64.0000 (64.0000)  total_loss: 8.9830 (6.5516)  teacher_entropy_ratio: 0.9999 (0.6640)  dino_local_crops_loss: 7.3937 (5.3985)  dino_global_crops_loss: 0.9242 (0.6741)  ibot_loss: 0.6650 (0.4791)  time: 0.348325  data: 0.000481  max mem: 19472
I20260722 15:14:42 73825 dinov2 helpers.py:102] Training  [6810/7500]  eta: 0:04:14  lr: 0.0000 (0.0006)  wd: 0.3923 (0.2020)  mom: 0.9998 (0.9956)  last_layer_lr: 0.0000 (0.0005)  current_batch_size: 64.0000 (64.0000)  total_loss: 8.9603 (6.5551)  teacher_entropy_ratio: 0.9999 (0.6645)  dino_local_crops_loss: 7.3937 (5.4014)  dino_global_crops_loss: 0.9242 (0.6744)  ibot_loss: 0.6425 (0.4793)  time: 0.358932  data: 0.014978  max mem: 19472
I20260722 15:14:46 73825 dinov2 helpers.py:102] Training  [6820/7500]  eta: 0:04:10  lr: 0.0000 (0.0005)  wd: 0.3925 (0.2023)  mom: 0.9998 (0.9956)  last_layer_lr: 0.0000 (0.0005)  current_batch_size: 64.0000 (64.0000)  total_loss: 8.9695 (6.5587)  teacher_entropy_ratio: 0.9999 (0.6650)  dino_local_crops_loss: 7.3938 (5.4043)  dino_global_crops_loss: 0.9242 (0.6748)  ibot_loss: 0.6516 (0.4796)  time: 0.382729  data: 0.045503  max mem: 19472
I20260722 15:14:49 73825 dinov2 helpers.py:102] Training  [6830/7500]  eta: 0:04:06  lr: 0.0000 (0.0005)  wd: 0.3927 (0.2026)  mom: 0.9998 (0.9956)  last_layer_lr: 0.0000 (0.0005)  current_batch_size: 64.0000 (64.0000)  total_loss: 8.9885 (6.5623)  teacher_entropy_ratio: 0.9999 (0.6655)  dino_local_crops_loss: 7.3940 (5.4072)  dino_global_crops_loss: 0.9243 (0.6752)  ibot_loss: 0.6702 (0.4799)  time: 0.371097  data: 0.031177  max mem: 19472
I20260722 15:14:53 73825 dinov2 helpers.py:102] Training  [6840/7500]  eta: 0:04:02  lr: 0.0000 (0.0005)  wd: 0.3930 (0.2029)  mom: 0.9998 (0.9956)  last_layer_lr: 0.0000 (0.0005)  current_batch_size: 64.0000 (64.0000)  total_loss: 8.9796 (6.5658)  teacher_entropy_ratio: 0.9999 (0.6660)  dino_local_crops_loss: 7.3940 (5.4101)  dino_global_crops_loss: 0.9243 (0.6755)  ibot_loss: 0.6612 (0.4802)  time: 0.344658  data: 0.000420  max mem: 19472
I20260722 15:14:57 73825 dinov2 helpers.py:102] Training  [6850/7500]  eta: 0:03:59  lr: 0.0000 (0.0005)  wd: 0.3932 (0.2031)  mom: 0.9998 (0.9956)  last_layer_lr: 0.0000 (0.0005)  current_batch_size: 64.0000 (64.0000)  total_loss: 9.0050 (6.5694)  teacher_entropy_ratio: 0.9999 (0.6665)  dino_local_crops_loss: 7.3941 (5.4130)  dino_global_crops_loss: 0.9243 (0.6759)  ibot_loss: 0.6867 (0.4805)  time: 0.365335  data: 0.020829  max mem: 19472
I20260722 15:15:00 73825 dinov2 helpers.py:102] Training  [6860/7500]  eta: 0:03:55  lr: 0.0000 (0.0005)  wd: 0.3934 (0.2034)  mom: 0.9999 (0.9956)  last_layer_lr: 0.0000 (0.0005)  current_batch_size: 64.0000 (64.0000)  total_loss: 9.0219 (6.5730)  teacher_entropy_ratio: 0.9999 (0.6670)  dino_local_crops_loss: 7.3941 (5.4159)  dino_global_crops_loss: 0.9243 (0.6763)  ibot_loss: 0.7036 (0.4808)  time: 0.364847  data: 0.021024  max mem: 19472
I20260722 15:15:04 73825 dinov2 helpers.py:102] Training  [6870/7500]  eta: 0:03:51  lr: 0.0000 (0.0005)  wd: 0.3936 (0.2037)  mom: 0.9999 (0.9956)  last_layer_lr: 0.0000 (0.0005)  current_batch_size: 64.0000 (64.0000)  total_loss: 8.9884 (6.5765)  teacher_entropy_ratio: 0.9999 (0.6675)  dino_local_crops_loss: 7.3939 (5.4188)  dino_global_crops_loss: 0.9242 (0.6766)  ibot_loss: 0.6702 (0.4811)  time: 0.341750  data: 0.000371  max mem: 19472
I20260722 15:15:07 73825 dinov2 helpers.py:102] Training  [6880/7500]  eta: 0:03:48  lr: 0.0000 (0.0005)  wd: 0.3938 (0.2040)  mom: 0.9999 (0.9956)  last_layer_lr: 0.0000 (0.0005)  current_batch_size: 64.0000 (64.0000)  total_loss: 8.9957 (6.5801)  teacher_entropy_ratio: 0.9999 (0.6679)  dino_local_crops_loss: 7.3938 (5.4217)  dino_global_crops_loss: 0.9242 (0.6770)  ibot_loss: 0.6775 (0.4814)  time: 0.337396  data: 0.000386  max mem: 19472
I20260722 15:15:11 73825 dinov2 helpers.py:102] Training  [6890/7500]  eta: 0:03:44  lr: 0.0000 (0.0005)  wd: 0.3940 (0.2042)  mom: 0.9999 (0.9956)  last_layer_lr: 0.0000 (0.0005)  current_batch_size: 64.0000 (64.0000)  total_loss: 9.0095 (6.5836)  teacher_entropy_ratio: 0.9999 (0.6684)  dino_local_crops_loss: 7.3941 (5.4245)  dino_global_crops_loss: 0.9243 (0.6773)  ibot_loss: 0.6915 (0.4817)  time: 0.346119  data: 0.000451  max mem: 19472
I20260722 15:15:14 73825 dinov2 helpers.py:102] Training  [6900/7500]  eta: 0:03:40  lr: 0.0000 (0.0005)  wd: 0.3942 (0.2045)  mom: 0.9999 (0.9957)  last_layer_lr: 0.0000 (0.0005)  current_batch_size: 64.0000 (64.0000)  total_loss: 8.9609 (6.5870)  teacher_entropy_ratio: 0.9999 (0.6689)  dino_local_crops_loss: 7.3937 (5.4274)  dino_global_crops_loss: 0.9242 (0.6777)  ibot_loss: 0.6430 (0.4820)  time: 0.365458  data: 0.012545  max mem: 19472
I20260722 15:15:18 73825 dinov2 helpers.py:102] Training  [6910/7500]  eta: 0:03:37  lr: 0.0000 (0.0005)  wd: 0.3943 (0.2048)  mom: 0.9999 (0.9957)  last_layer_lr: 0.0000 (0.0005)  current_batch_size: 64.0000 (64.0000)  total_loss: 8.9571 (6.5905)  teacher_entropy_ratio: 0.9999 (0.6694)  dino_local_crops_loss: 7.3937 (5.4302)  dino_global_crops_loss: 0.9242 (0.6781)  ibot_loss: 0.6389 (0.4822)  time: 0.387271  data: 0.040529  max mem: 19472
I20260722 15:15:22 73825 dinov2 helpers.py:102] Training  [6920/7500]  eta: 0:03:33  lr: 0.0000 (0.0005)  wd: 0.3945 (0.2051)  mom: 0.9999 (0.9957)  last_layer_lr: 0.0000 (0.0005)  current_batch_size: 64.0000 (64.0000)  total_loss: 8.9667 (6.5940)  teacher_entropy_ratio: 0.9999 (0.6699)  dino_local_crops_loss: 7.3940 (5.4331)  dino_global_crops_loss: 0.9243 (0.6784)  ibot_loss: 0.6486 (0.4825)  time: 0.369144  data: 0.028427  max mem: 19472
I20260722 15:15:25 73825 dinov2 helpers.py:102] Training  [6930/7500]  eta: 0:03:29  lr: 0.0000 (0.0005)  wd: 0.3947 (0.2053)  mom: 0.9999 (0.9957)  last_layer_lr: 0.0000 (0.0005)  current_batch_size: 64.0000 (64.0000)  total_loss: 8.9957 (6.5975)  teacher_entropy_ratio: 0.9999 (0.6703)  dino_local_crops_loss: 7.3943 (5.4359)  dino_global_crops_loss: 0.9243 (0.6788)  ibot_loss: 0.6770 (0.4828)  time: 0.354061  data: 0.013486  max mem: 19472
I20260722 15:15:29 73825 dinov2 helpers.py:102] Training  [6940/7500]  eta: 0:03:26  lr: 0.0000 (0.0005)  wd: 0.3949 (0.2056)  mom: 0.9999 (0.9957)  last_layer_lr: 0.0000 (0.0005)  current_batch_size: 64.0000 (64.0000)  total_loss: 8.9847 (6.6009)  teacher_entropy_ratio: 0.9999 (0.6708)  dino_local_crops_loss: 7.3943 (5.4387)  dino_global_crops_loss: 0.9243 (0.6791)  ibot_loss: 0.6660 (0.4830)  time: 0.359361  data: 0.013502  max mem: 19472
I20260722 15:15:32 73825 dinov2 helpers.py:102] Training  [6950/7500]  eta: 0:03:22  lr: 0.0000 (0.0005)  wd: 0.3951 (0.2059)  mom: 0.9999 (0.9957)  last_layer_lr: 0.0000 (0.0005)  current_batch_size: 64.0000 (64.0000)  total_loss: 8.9829 (6.6043)  teacher_entropy_ratio: 0.9999 (0.6713)  dino_local_crops_loss: 7.3942 (5.4415)  dino_global_crops_loss: 0.9243 (0.6795)  ibot_loss: 0.6644 (0.4833)  time: 0.347482  data: 0.000632  max mem: 19472
I20260722 15:15:36 73825 dinov2 helpers.py:102] Training  [6960/7500]  eta: 0:03:18  lr: 0.0000 (0.0005)  wd: 0.3952 (0.2062)  mom: 0.9999 (0.9957)  last_layer_lr: 0.0000 (0.0005)  current_batch_size: 64.0000 (64.0000)  total_loss: 8.9769 (6.6077)  teacher_entropy_ratio: 0.9999 (0.6718)  dino_local_crops_loss: 7.3941 (5.4443)  dino_global_crops_loss: 0.9243 (0.6798)  ibot_loss: 0.6584 (0.4835)  time: 0.363743  data: 0.020157  max mem: 19472
I20260722 15:15:40 73825 dinov2 helpers.py:102] Training  [6970/7500]  eta: 0:03:15  lr: 0.0000 (0.0005)  wd: 0.3954 (0.2064)  mom: 0.9999 (0.9957)  last_layer_lr: 0.0000 (0.0005)  current_batch_size: 64.0000 (64.0000)  total_loss: 8.9706 (6.6111)  teacher_entropy_ratio: 0.9999 (0.6722)  dino_local_crops_loss: 7.3941 (5.4471)  dino_global_crops_loss: 0.9243 (0.6802)  ibot_loss: 0.6523 (0.4838)  time: 0.384868  data: 0.037818  max mem: 19472
I20260722 15:15:44 73825 dinov2 helpers.py:102] Training  [6980/7500]  eta: 0:03:11  lr: 0.0000 (0.0005)  wd: 0.3956 (0.2067)  mom: 0.9999 (0.9957)  last_layer_lr: 0.0000 (0.0005)  current_batch_size: 64.0000 (64.0000)  total_loss: 8.9747 (6.6145)  teacher_entropy_ratio: 0.9999 (0.6727)  dino_local_crops_loss: 7.3943 (5.4499)  dino_global_crops_loss: 0.9243 (0.6805)  ibot_loss: 0.6562 (0.4840)  time: 0.374899  data: 0.026746  max mem: 19472
I20260722 15:15:47 73825 dinov2 helpers.py:102] Training  [6990/7500]  eta: 0:03:07  lr: 0.0000 (0.0005)  wd: 0.3957 (0.2070)  mom: 0.9999 (0.9957)  last_layer_lr: 0.0000 (0.0005)  current_batch_size: 64.0000 (64.0000)  total_loss: 8.9577 (6.6178)  teacher_entropy_ratio: 0.9999 (0.6732)  dino_local_crops_loss: 7.3942 (5.4527)  dino_global_crops_loss: 0.9243 (0.6809)  ibot_loss: 0.6392 (0.4842)  time: 0.358986  data: 0.012267  max mem: 19472
I20260722 15:15:51 73825 dinov2 helpers.py:102] Training  [7000/7500]  eta: 0:03:03  lr: 0.0000 (0.0005)  wd: 0.3959 (0.2072)  mom: 0.9999 (0.9957)  last_layer_lr: 0.0000 (0.0005)  current_batch_size: 64.0000 (64.0000)  total_loss: 8.9402 (6.6211)  teacher_entropy_ratio: 0.9999 (0.6736)  dino_local_crops_loss: 7.3942 (5.4555)  dino_global_crops_loss: 0.9243 (0.6812)  ibot_loss: 0.6218 (0.4844)  time: 0.373461  data: 0.024431  max mem: 19472
I20260722 15:15:55 73825 dinov2 helpers.py:102] Training  [7010/7500]  eta: 0:03:00  lr: 0.0000 (0.0005)  wd: 0.3961 (0.2075)  mom: 0.9999 (0.9957)  last_layer_lr: 0.0000 (0.0005)  current_batch_size: 64.0000 (64.0000)  total_loss: 8.9628 (6.6246)  teacher_entropy_ratio: 0.9999 (0.6741)  dino_local_crops_loss: 7.3942 (5.4582)  dino_global_crops_loss: 0.9243 (0.6816)  ibot_loss: 0.6440 (0.4847)  time: 0.390540  data: 0.047364  max mem: 19472
I20260722 15:15:59 73825 dinov2 helpers.py:102] Training  [7020/7500]  eta: 0:02:56  lr: 0.0000 (0.0005)  wd: 0.3962 (0.2078)  mom: 0.9999 (0.9957)  last_layer_lr: 0.0000 (0.0005)  current_batch_size: 64.0000 (64.0000)  total_loss: 9.0027 (6.6280)  teacher_entropy_ratio: 0.9999 (0.6746)  dino_local_crops_loss: 7.3944 (5.4610)  dino_global_crops_loss: 0.9243 (0.6819)  ibot_loss: 0.6840 (0.4850)  time: 0.370133  data: 0.026738  max mem: 19472
I20260722 15:16:02 73825 dinov2 helpers.py:102] Training  [7030/7500]  eta: 0:02:52  lr: 0.0000 (0.0005)  wd: 0.3964 (0.2080)  mom: 0.9999 (0.9957)  last_layer_lr: 0.0000 (0.0005)  current_batch_size: 64.0000 (64.0000)  total_loss: 8.9942 (6.6313)  teacher_entropy_ratio: 0.9999 (0.6750)  dino_local_crops_loss: 7.3944 (5.4638)  dino_global_crops_loss: 0.9243 (0.6823)  ibot_loss: 0.6757 (0.4853)  time: 0.360111  data: 0.015670  max mem: 19472
I20260722 15:16:06 73825 dinov2 helpers.py:102] Training  [7040/7500]  eta: 0:02:49  lr: 0.0000 (0.0005)  wd: 0.3965 (0.2083)  mom: 0.9999 (0.9957)  last_layer_lr: 0.0000 (0.0005)  current_batch_size: 64.0000 (64.0000)  total_loss: 8.9956 (6.6347)  teacher_entropy_ratio: 0.9999 (0.6755)  dino_local_crops_loss: 7.3944 (5.4665)  dino_global_crops_loss: 0.9243 (0.6826)  ibot_loss: 0.6768 (0.4856)  time: 0.359856  data: 0.021245  max mem: 19472
I20260722 15:16:09 73825 dinov2 helpers.py:102] Training  [7050/7500]  eta: 0:02:45  lr: 0.0000 (0.0005)  wd: 0.3967 (0.2086)  mom: 0.9999 (0.9957)  last_layer_lr: 0.0000 (0.0005)  current_batch_size: 64.0000 (64.0000)  total_loss: 9.0117 (6.6381)  teacher_entropy_ratio: 0.9999 (0.6759)  dino_local_crops_loss: 7.3944 (5.4692)  dino_global_crops_loss: 0.9243 (0.6829)  ibot_loss: 0.6930 (0.4859)  time: 0.348691  data: 0.006166  max mem: 19472
I20260722 15:16:13 73825 dinov2 helpers.py:102] Training  [7060/7500]  eta: 0:02:41  lr: 0.0000 (0.0005)  wd: 0.3968 (0.2088)  mom: 0.9999 (0.9958)  last_layer_lr: 0.0000 (0.0005)  current_batch_size: 64.0000 (64.0000)  total_loss: 8.9912 (6.6415)  teacher_entropy_ratio: 0.9999 (0.6764)  dino_local_crops_loss: 7.3944 (5.4720)  dino_global_crops_loss: 0.9243 (0.6833)  ibot_loss: 0.6725 (0.4862)  time: 0.344832  data: 0.000402  max mem: 19472
I20260722 15:16:16 73825 dinov2 helpers.py:102] Training  [7070/7500]  eta: 0:02:38  lr: 0.0000 (0.0005)  wd: 0.3970 (0.2091)  mom: 0.9999 (0.9958)  last_layer_lr: 0.0000 (0.0005)  current_batch_size: 64.0000 (64.0000)  total_loss: 8.9735 (6.6448)  teacher_entropy_ratio: 0.9999 (0.6769)  dino_local_crops_loss: 7.3943 (5.4747)  dino_global_crops_loss: 0.9243 (0.6836)  ibot_loss: 0.6550 (0.4865)  time: 0.340450  data: 0.000435  max mem: 19472
I20260722 15:16:20 73825 dinov2 helpers.py:102] Training  [7080/7500]  eta: 0:02:34  lr: 0.0000 (0.0005)  wd: 0.3971 (0.2094)  mom: 0.9999 (0.9958)  last_layer_lr: 0.0000 (0.0005)  current_batch_size: 64.0000 (64.0000)  total_loss: 9.0144 (6.6481)  teacher_entropy_ratio: 0.9999 (0.6773)  dino_local_crops_loss: 7.3943 (5.4774)  dino_global_crops_loss: 0.9243 (0.6840)  ibot_loss: 0.6958 (0.4868)  time: 0.344571  data: 0.005557  max mem: 19472
I20260722 15:16:24 73825 dinov2 helpers.py:102] Training  [7090/7500]  eta: 0:02:30  lr: 0.0000 (0.0005)  wd: 0.3972 (0.2096)  mom: 0.9999 (0.9958)  last_layer_lr: 0.0000 (0.0005)  current_batch_size: 64.0000 (64.0000)  total_loss: 9.0023 (6.6514)  teacher_entropy_ratio: 0.9999 (0.6778)  dino_local_crops_loss: 7.3944 (5.4801)  dino_global_crops_loss: 0.9243 (0.6843)  ibot_loss: 0.6836 (0.4870)  time: 0.378834  data: 0.036962  max mem: 19472
I20260722 15:16:27 73825 dinov2 helpers.py:102] Training  [7100/7500]  eta: 0:02:27  lr: 0.0000 (0.0005)  wd: 0.3974 (0.2099)  mom: 0.9999 (0.9958)  last_layer_lr: 0.0000 (0.0005)  current_batch_size: 64.0000 (64.0000)  total_loss: 8.9598 (6.6547)  teacher_entropy_ratio: 0.9999 (0.6782)  dino_local_crops_loss: 7.3944 (5.4828)  dino_global_crops_loss: 0.9243 (0.6846)  ibot_loss: 0.6411 (0.4873)  time: 0.376567  data: 0.031998  max mem: 19472
I20260722 15:16:31 73825 dinov2 helpers.py:102] Training  [7110/7500]  eta: 0:02:23  lr: 0.0000 (0.0005)  wd: 0.3975 (0.2102)  mom: 0.9999 (0.9958)  last_layer_lr: 0.0000 (0.0005)  current_batch_size: 64.0000 (64.0000)  total_loss: 8.9566 (6.6580)  teacher_entropy_ratio: 0.9999 (0.6787)  dino_local_crops_loss: 7.3945 (5.4855)  dino_global_crops_loss: 0.9243 (0.6850)  ibot_loss: 0.6377 (0.4875)  time: 0.354535  data: 0.011525  max mem: 19472
I20260722 15:16:34 73825 dinov2 helpers.py:102] Training  [7120/7500]  eta: 0:02:19  lr: 0.0000 (0.0005)  wd: 0.3976 (0.2104)  mom: 0.9999 (0.9958)  last_layer_lr: 0.0000 (0.0005)  current_batch_size: 64.0000 (64.0000)  total_loss: 8.9913 (6.6613)  teacher_entropy_ratio: 0.9999 (0.6791)  dino_local_crops_loss: 7.3945 (5.4882)  dino_global_crops_loss: 0.9243 (0.6853)  ibot_loss: 0.6724 (0.4878)  time: 0.357266  data: 0.011734  max mem: 19472
I20260722 15:16:38 73825 dinov2 helpers.py:102] Training  [7130/7500]  eta: 0:02:16  lr: 0.0000 (0.0005)  wd: 0.3977 (0.2107)  mom: 0.9999 (0.9958)  last_layer_lr: 0.0000 (0.0005)  current_batch_size: 64.0000 (64.0000)  total_loss: 9.0139 (6.6646)  teacher_entropy_ratio: 0.9999 (0.6796)  dino_local_crops_loss: 7.3945 (5.4908)  dino_global_crops_loss: 0.9243 (0.6857)  ibot_loss: 0.6950 (0.4881)  time: 0.352554  data: 0.000906  max mem: 19472
I20260722 15:16:41 73825 dinov2 helpers.py:102] Training  [7140/7500]  eta: 0:02:12  lr: 0.0000 (0.0005)  wd: 0.3978 (0.2110)  mom: 1.0000 (0.9958)  last_layer_lr: 0.0000 (0.0005)  current_batch_size: 64.0000 (64.0000)  total_loss: 8.9809 (6.6678)  teacher_entropy_ratio: 0.9999 (0.6800)  dino_local_crops_loss: 7.3945 (5.4935)  dino_global_crops_loss: 0.9243 (0.6860)  ibot_loss: 0.6621 (0.4883)  time: 0.348415  data: 0.000739  max mem: 19472
I20260722 15:16:45 73825 dinov2 helpers.py:102] Training  [7150/7500]  eta: 0:02:08  lr: 0.0000 (0.0005)  wd: 0.3980 (0.2112)  mom: 1.0000 (0.9958)  last_layer_lr: 0.0000 (0.0005)  current_batch_size: 64.0000 (64.0000)  total_loss: 8.9421 (6.6710)  teacher_entropy_ratio: 0.9999 (0.6805)  dino_local_crops_loss: 7.3943 (5.4962)  dino_global_crops_loss: 0.9243 (0.6863)  ibot_loss: 0.6233 (0.4885)  time: 0.342293  data: 0.000784  max mem: 19472
I20260722 15:16:48 73825 dinov2 helpers.py:102] Training  [7160/7500]  eta: 0:02:05  lr: 0.0000 (0.0005)  wd: 0.3981 (0.2115)  mom: 1.0000 (0.9958)  last_layer_lr: 0.0000 (0.0005)  current_batch_size: 64.0000 (64.0000)  total_loss: 8.9621 (6.6742)  teacher_entropy_ratio: 0.9999 (0.6809)  dino_local_crops_loss: 7.3945 (5.4988)  dino_global_crops_loss: 0.9243 (0.6867)  ibot_loss: 0.6435 (0.4888)  time: 0.346594  data: 0.000569  max mem: 19472
I20260722 15:16:52 73825 dinov2 helpers.py:102] Training  [7170/7500]  eta: 0:02:01  lr: 0.0000 (0.0005)  wd: 0.3982 (0.2117)  mom: 1.0000 (0.9958)  last_layer_lr: 0.0000 (0.0005)  current_batch_size: 64.0000 (64.0000)  total_loss: 8.9967 (6.6775)  teacher_entropy_ratio: 0.9999 (0.6814)  dino_local_crops_loss: 7.3946 (5.5014)  dino_global_crops_loss: 0.9243 (0.6870)  ibot_loss: 0.6778 (0.4890)  time: 0.348655  data: 0.000504  max mem: 19472
I20260722 15:16:55 73825 dinov2 helpers.py:102] Training  [7180/7500]  eta: 0:01:57  lr: 0.0000 (0.0005)  wd: 0.3983 (0.2120)  mom: 1.0000 (0.9958)  last_layer_lr: 0.0000 (0.0005)  current_batch_size: 64.0000 (64.0000)  total_loss: 8.9827 (6.6807)  teacher_entropy_ratio: 0.9999 (0.6818)  dino_local_crops_loss: 7.3946 (5.5041)  dino_global_crops_loss: 0.9243 (0.6873)  ibot_loss: 0.6637 (0.4893)  time: 0.350320  data: 0.000618  max mem: 19472
                                                                                                                                                                                                                                                                                                                                                                                                                                                                                                                                                                                                                                                                                                                                                                                                                                                                                                                                                                                                                                      I20260722 15:16:59 73825 dinov2 helpers.py:102] Training  [7190/7500]  eta: 0:01:53  lr: 0.0000 (0.0005)  wd: 0.3984 (0.2123)  mom: 1.0000 (0.9958)  last_layer_lr: 0.0000 (0.0005)  current_batch_size: 64.0000 (64.0000)  total_loss: 8.9925 (6.6840)  teacher_entropy_ratio: 0.9999 (0.6822)  dino_local_crops_loss: 7.3946 (5.5067)  dino_global_crops_loss: 0.9243 (0.6876)  ibot_loss: 0.6737 (0.4896)  time: 0.371963  data: 0.022428  max mem: 19472
I20260722 15:17:03 73825 fvcore.common.checkpoint __init__.py:109] Saving checkpoint to /sci/labs/arieljaffe/dan.abergel1/runs/brain/samesl_t005/model_0007199.rank_0.pth
I20260722 15:17:04 73825 dinov2 helpers.py:102] Training  [7200/7500]  eta: 0:01:50  lr: 0.0000 (0.0005)  wd: 0.3985 (0.2125)  mom: 1.0000 (0.9958)  last_layer_lr: 0.0000 (0.0005)  current_batch_size: 64.0000 (64.0000)  total_loss: 8.9925 (6.6872)  teacher_entropy_ratio: 0.9999 (0.6827)  dino_local_crops_loss: 7.3945 (5.5093)  dino_global_crops_loss: 0.9243 (0.6880)  ibot_loss: 0.6737 (0.4899)  time: 0.446134  data: 0.039549  max mem: 19472
I20260722 15:17:08 73825 dinov2 helpers.py:102] Training  [7210/7500]  eta: 0:01:46  lr: 0.0000 (0.0005)  wd: 0.3986 (0.2128)  mom: 1.0000 (0.9958)  last_layer_lr: 0.0000 (0.0005)  current_batch_size: 64.0000 (64.0000)  total_loss: 8.9841 (6.6904)  teacher_entropy_ratio: 0.9999 (0.6831)  dino_local_crops_loss: 7.3946 (5.5119)  dino_global_crops_loss: 0.9243 (0.6883)  ibot_loss: 0.6652 (0.4902)  time: 0.421090  data: 0.017448  max mem: 19472
I20260722 15:17:11 73825 dinov2 helpers.py:102] Training  [7220/7500]  eta: 0:01:42  lr: 0.0000 (0.0005)  wd: 0.3987 (0.2130)  mom: 1.0000 (0.9958)  last_layer_lr: 0.0000 (0.0005)  current_batch_size: 64.0000 (64.0000)  total_loss: 8.9705 (6.6936)  teacher_entropy_ratio: 0.9999 (0.6836)  dino_local_crops_loss: 7.3946 (5.5146)  dino_global_crops_loss: 0.9243 (0.6886)  ibot_loss: 0.6515 (0.4904)  time: 0.346828  data: 0.000575  max mem: 19472
I20260722 15:17:14 73825 dinov2 helpers.py:102] Training  [7230/7500]  eta: 0:01:39  lr: 0.0000 (0.0005)  wd: 0.3988 (0.2133)  mom: 1.0000 (0.9959)  last_layer_lr: 0.0000 (0.0005)  current_batch_size: 64.0000 (64.0000)  total_loss: 9.0020 (6.6968)  teacher_entropy_ratio: 0.9999 (0.6840)  dino_local_crops_loss: 7.3946 (5.5172)  dino_global_crops_loss: 0.9243 (0.6890)  ibot_loss: 0.6831 (0.4907)  time: 0.349009  data: 0.000576  max mem: 19472
I20260722 15:17:18 73825 dinov2 helpers.py:102] Training  [7240/7500]  eta: 0:01:35  lr: 0.0000 (0.0005)  wd: 0.3989 (0.2135)  mom: 1.0000 (0.9959)  last_layer_lr: 0.0000 (0.0005)  current_batch_size: 64.0000 (64.0000)  total_loss: 9.0154 (6.7000)  teacher_entropy_ratio: 0.9999 (0.6844)  dino_local_crops_loss: 7.3945 (5.5197)  dino_global_crops_loss: 0.9243 (0.6893)  ibot_loss: 0.6965 (0.4910)  time: 0.340564  data: 0.000419  max mem: 19472
I20260722 15:17:21 73825 dinov2 helpers.py:102] Training  [7250/7500]  eta: 0:01:31  lr: 0.0000 (0.0005)  wd: 0.3989 (0.2138)  mom: 1.0000 (0.9959)  last_layer_lr: 0.0000 (0.0005)  current_batch_size: 64.0000 (64.0000)  total_loss: 8.9609 (6.7031)  teacher_entropy_ratio: 0.9999 (0.6849)  dino_local_crops_loss: 7.3946 (5.5223)  dino_global_crops_loss: 0.9243 (0.6896)  ibot_loss: 0.6419 (0.4912)  time: 0.341403  data: 0.000612  max mem: 19472
I20260722 15:17:25 73825 dinov2 helpers.py:102] Training  [7260/7500]  eta: 0:01:28  lr: 0.0000 (0.0005)  wd: 0.3990 (0.2141)  mom: 1.0000 (0.9959)  last_layer_lr: 0.0000 (0.0005)  current_batch_size: 64.0000 (64.0000)  total_loss: 8.9657 (6.7063)  teacher_entropy_ratio: 0.9999 (0.6853)  dino_local_crops_loss: 7.3946 (5.5249)  dino_global_crops_loss: 0.9243 (0.6899)  ibot_loss: 0.6468 (0.4914)  time: 0.342224  data: 0.001876  max mem: 19472
I20260722 15:17:28 73825 dinov2 helpers.py:102] Training  [7270/7500]  eta: 0:01:24  lr: 0.0000 (0.0005)  wd: 0.3991 (0.2143)  mom: 1.0000 (0.9959)  last_layer_lr: 0.0000 (0.0005)  current_batch_size: 64.0000 (64.0000)  total_loss: 9.0078 (6.7094)  teacher_entropy_ratio: 0.9999 (0.6857)  dino_local_crops_loss: 7.3946 (5.5275)  dino_global_crops_loss: 0.9243 (0.6903)  ibot_loss: 0.6888 (0.4917)  time: 0.348265  data: 0.003413  max mem: 19472
I20260722 15:17:32 73825 dinov2 helpers.py:102] Training  [7280/7500]  eta: 0:01:20  lr: 0.0000 (0.0005)  wd: 0.3992 (0.2146)  mom: 1.0000 (0.9959)  last_layer_lr: 0.0000 (0.0005)  current_batch_size: 64.0000 (64.0000)  total_loss: 8.9735 (6.7125)  teacher_entropy_ratio: 0.9999 (0.6862)  dino_local_crops_loss: 7.3947 (5.5300)  dino_global_crops_loss: 0.9243 (0.6906)  ibot_loss: 0.6545 (0.4919)  time: 0.348927  data: 0.001954  max mem: 19472
I20260722 15:17:35 73825 dinov2 helpers.py:102] Training  [7290/7500]  eta: 0:01:17  lr: 0.0000 (0.0005)  wd: 0.3992 (0.2148)  mom: 1.0000 (0.9959)  last_layer_lr: 0.0000 (0.0005)  current_batch_size: 64.0000 (64.0000)  total_loss: 8.9735 (6.7156)  teacher_entropy_ratio: 0.9999 (0.6866)  dino_local_crops_loss: 7.3946 (5.5326)  dino_global_crops_loss: 0.9243 (0.6909)  ibot_loss: 0.6545 (0.4921)  time: 0.340364  data: 0.000585  max mem: 19472
I20260722 15:17:39 73825 dinov2 helpers.py:102] Training  [7300/7500]  eta: 0:01:13  lr: 0.0000 (0.0005)  wd: 0.3993 (0.2151)  mom: 1.0000 (0.9959)  last_layer_lr: 0.0000 (0.0005)  current_batch_size: 64.0000 (64.0000)  total_loss: 8.9844 (6.7188)  teacher_entropy_ratio: 0.9999 (0.6870)  dino_local_crops_loss: 7.3946 (5.5352)  dino_global_crops_loss: 0.9243 (0.6912)  ibot_loss: 0.6655 (0.4924)  time: 0.343123  data: 0.000564  max mem: 19472
I20260722 15:17:42 73825 dinov2 helpers.py:102] Training  [7310/7500]  eta: 0:01:09  lr: 0.0000 (0.0005)  wd: 0.3994 (0.2153)  mom: 1.0000 (0.9959)  last_layer_lr: 0.0000 (0.0005)  current_batch_size: 64.0000 (64.0000)  total_loss: 8.9706 (6.7219)  teacher_entropy_ratio: 0.9999 (0.6875)  dino_local_crops_loss: 7.3946 (5.5377)  dino_global_crops_loss: 0.9243 (0.6915)  ibot_loss: 0.6517 (0.4926)  time: 0.359631  data: 0.010113  max mem: 19472
I20260722 15:17:47 73825 dinov2 helpers.py:102] Training  [7320/7500]  eta: 0:01:06  lr: 0.0000 (0.0005)  wd: 0.3994 (0.2156)  mom: 1.0000 (0.9959)  last_layer_lr: 0.0000 (0.0005)  current_batch_size: 64.0000 (64.0000)  total_loss: 8.9885 (6.7250)  teacher_entropy_ratio: 0.9999 (0.6879)  dino_local_crops_loss: 7.3946 (5.5402)  dino_global_crops_loss: 0.9243 (0.6919)  ibot_loss: 0.6696 (0.4929)  time: 0.396463  data: 0.046119  max mem: 19472
I20260722 15:17:50 73825 dinov2 helpers.py:102] Training  [7330/7500]  eta: 0:01:02  lr: 0.0000 (0.0005)  wd: 0.3995 (0.2158)  mom: 1.0000 (0.9959)  last_layer_lr: 0.0000 (0.0005)  current_batch_size: 64.0000 (64.0000)  total_loss: 8.9885 (6.7281)  teacher_entropy_ratio: 0.9999 (0.6883)  dino_local_crops_loss: 7.3946 (5.5428)  dino_global_crops_loss: 0.9243 (0.6922)  ibot_loss: 0.6696 (0.4931)  time: 0.381864  data: 0.036343  max mem: 19472
I20260722 15:17:54 73825 dinov2 helpers.py:102] Training  [7340/7500]  eta: 0:00:58  lr: 0.0000 (0.0005)  wd: 0.3995 (0.2161)  mom: 1.0000 (0.9959)  last_layer_lr: 0.0000 (0.0005)  current_batch_size: 64.0000 (64.0000)  total_loss: 9.0247 (6.7313)  teacher_entropy_ratio: 0.9999 (0.6887)  dino_local_crops_loss: 7.3946 (5.5453)  dino_global_crops_loss: 0.9243 (0.6925)  ibot_loss: 0.7058 (0.4935)  time: 0.351971  data: 0.006979  max mem: 19472
I20260722 15:17:57 73825 dinov2 helpers.py:102] Training  [7350/7500]  eta: 0:00:55  lr: 0.0000 (0.0005)  wd: 0.3996 (0.2163)  mom: 1.0000 (0.9959)  last_layer_lr: 0.0000 (0.0005)  current_batch_size: 64.0000 (64.0000)  total_loss: 9.0283 (6.7343)  teacher_entropy_ratio: 0.9999 (0.6892)  dino_local_crops_loss: 7.3946 (5.5478)  dino_global_crops_loss: 0.9243 (0.6928)  ibot_loss: 0.7094 (0.4937)  time: 0.361455  data: 0.014874  max mem: 19472
I20260722 15:18:01 73825 dinov2 helpers.py:102] Training  [7360/7500]  eta: 0:00:51  lr: 0.0000 (0.0005)  wd: 0.3996 (0.2166)  mom: 1.0000 (0.9959)  last_layer_lr: 0.0000 (0.0005)  current_batch_size: 64.0000 (64.0000)  total_loss: 9.0129 (6.7374)  teacher_entropy_ratio: 0.9999 (0.6896)  dino_local_crops_loss: 7.3947 (5.5503)  dino_global_crops_loss: 0.9243 (0.6931)  ibot_loss: 0.6939 (0.4940)  time: 0.372877  data: 0.027665  max mem: 19472
I20260722 15:18:04 73825 dinov2 helpers.py:102] Training  [7370/7500]  eta: 0:00:47  lr: 0.0000 (0.0005)  wd: 0.3997 (0.2168)  mom: 1.0000 (0.9959)  last_layer_lr: 0.0000 (0.0005)  current_batch_size: 64.0000 (64.0000)  total_loss: 8.9634 (6.7404)  teacher_entropy_ratio: 0.9999 (0.6900)  dino_local_crops_loss: 7.3946 (5.5528)  dino_global_crops_loss: 0.9243 (0.6934)  ibot_loss: 0.6445 (0.4942)  time: 0.362808  data: 0.019871  max mem: 19472
I20260722 15:18:08 73825 dinov2 helpers.py:102] Training  [7380/7500]  eta: 0:00:44  lr: 0.0000 (0.0005)  wd: 0.3997 (0.2171)  mom: 1.0000 (0.9959)  last_layer_lr: 0.0000 (0.0005)  current_batch_size: 64.0000 (64.0000)  total_loss: 9.0290 (6.7435)  teacher_entropy_ratio: 0.9999 (0.6904)  dino_local_crops_loss: 7.3946 (5.5553)  dino_global_crops_loss: 0.9243 (0.6937)  ibot_loss: 0.7100 (0.4945)  time: 0.350038  data: 0.009366  max mem: 19472
I20260722 15:18:12 73825 dinov2 helpers.py:102] Training  [7390/7500]  eta: 0:00:40  lr: 0.0000 (0.0005)  wd: 0.3998 (0.2173)  mom: 1.0000 (0.9959)  last_layer_lr: 0.0000 (0.0005)  current_batch_size: 64.0000 (64.0000)  total_loss: 9.0423 (6.7466)  teacher_entropy_ratio: 0.9999 (0.6908)  dino_local_crops_loss: 7.3946 (5.5578)  dino_global_crops_loss: 0.9243 (0.6941)  ibot_loss: 0.7235 (0.4948)  time: 0.372922  data: 0.028154  max mem: 19472
I20260722 15:18:15 73825 dinov2 helpers.py:102] Training  [7400/7500]  eta: 0:00:36  lr: 0.0000 (0.0005)  wd: 0.3998 (0.2176)  mom: 1.0000 (0.9959)  last_layer_lr: 0.0000 (0.0005)  current_batch_size: 64.0000 (64.0000)  total_loss: 9.0143 (6.7497)  teacher_entropy_ratio: 0.9999 (0.6913)  dino_local_crops_loss: 7.3946 (5.5603)  dino_global_crops_loss: 0.9243 (0.6944)  ibot_loss: 0.6954 (0.4950)  time: 0.365681  data: 0.019263  max mem: 19472
I20260722 15:18:19 73825 dinov2 helpers.py:102] Training  [7410/7500]  eta: 0:00:33  lr: 0.0000 (0.0005)  wd: 0.3998 (0.2178)  mom: 1.0000 (0.9960)  last_layer_lr: 0.0000 (0.0005)  current_batch_size: 64.0000 (64.0000)  total_loss: 8.9621 (6.7527)  teacher_entropy_ratio: 0.9999 (0.6917)  dino_local_crops_loss: 7.3946 (5.5628)  dino_global_crops_loss: 0.9243 (0.6947)  ibot_loss: 0.6432 (0.4952)  time: 0.351266  data: 0.009358  max mem: 19472
I20260722 15:18:23 73825 dinov2 helpers.py:102] Training  [7420/7500]  eta: 0:00:29  lr: 0.0000 (0.0005)  wd: 0.3999 (0.2181)  mom: 1.0000 (0.9960)  last_layer_lr: 0.0000 (0.0005)  current_batch_size: 64.0000 (64.0000)  total_loss: 8.9621 (6.7557)  teacher_entropy_ratio: 0.9999 (0.6921)  dino_local_crops_loss: 7.3946 (5.5652)  dino_global_crops_loss: 0.9243 (0.6950)  ibot_loss: 0.6432 (0.4954)  time: 0.359625  data: 0.016661  max mem: 19472
I20260722 15:18:27 73825 dinov2 helpers.py:102] Training  [7430/7500]  eta: 0:00:25  lr: 0.0000 (0.0005)  wd: 0.3999 (0.2183)  mom: 1.0000 (0.9960)  last_layer_lr: 0.0000 (0.0005)  current_batch_size: 64.0000 (64.0000)  total_loss: 8.9719 (6.7586)  teacher_entropy_ratio: 0.9999 (0.6925)  dino_local_crops_loss: 7.3946 (5.5677)  dino_global_crops_loss: 0.9243 (0.6953)  ibot_loss: 0.6530 (0.4957)  time: 0.400460  data: 0.053695  max mem: 19472
I20260722 15:18:30 73825 dinov2 helpers.py:102] Training  [7440/7500]  eta: 0:00:22  lr: 0.0000 (0.0005)  wd: 0.3999 (0.2185)  mom: 1.0000 (0.9960)  last_layer_lr: 0.0000 (0.0005)  current_batch_size: 64.0000 (64.0000)  total_loss: 8.9763 (6.7616)  teacher_entropy_ratio: 0.9999 (0.6929)  dino_local_crops_loss: 7.3946 (5.5701)  dino_global_crops_loss: 0.9243 (0.6956)  ibot_loss: 0.6573 (0.4959)  time: 0.393068  data: 0.046585  max mem: 19472
I20260722 15:18:34 73825 dinov2 helpers.py:102] Training  [7450/7500]  eta: 0:00:18  lr: 0.0000 (0.0005)  wd: 0.3999 (0.2188)  mom: 1.0000 (0.9960)  last_layer_lr: 0.0000 (0.0005)  current_batch_size: 64.0000 (64.0000)  total_loss: 8.9973 (6.7646)  teacher_entropy_ratio: 0.9999 (0.6933)  dino_local_crops_loss: 7.3947 (5.5726)  dino_global_crops_loss: 0.9243 (0.6959)  ibot_loss: 0.6783 (0.4961)  time: 0.342006  data: 0.000445  max mem: 19472
I20260722 15:18:38 73825 dinov2 helpers.py:102] Training  [7460/7500]  eta: 0:00:14  lr: 0.0000 (0.0005)  wd: 0.4000 (0.2190)  mom: 1.0000 (0.9960)  last_layer_lr: 0.0000 (0.0005)  current_batch_size: 64.0000 (64.0000)  total_loss: 9.0028 (6.7676)  teacher_entropy_ratio: 0.9999 (0.6937)  dino_local_crops_loss: 7.3946 (5.5750)  dino_global_crops_loss: 0.9243 (0.6962)  ibot_loss: 0.6839 (0.4964)  time: 0.375050  data: 0.030856  max mem: 19472
I20260722 15:18:41 73825 dinov2 helpers.py:102] Training  [7470/7500]  eta: 0:00:11  lr: 0.0000 (0.0005)  wd: 0.4000 (0.2193)  mom: 1.0000 (0.9960)  last_layer_lr: 0.0000 (0.0005)  current_batch_size: 64.0000 (64.0000)  total_loss: 8.9952 (6.7706)  teacher_entropy_ratio: 0.9999 (0.6942)  dino_local_crops_loss: 7.3947 (5.5775)  dino_global_crops_loss: 0.9243 (0.6965)  ibot_loss: 0.6763 (0.4966)  time: 0.377523  data: 0.031016  max mem: 19472
I20260722 15:18:45 73825 dinov2 helpers.py:102] Training  [7480/7500]  eta: 0:00:07  lr: 0.0000 (0.0005)  wd: 0.4000 (0.2195)  mom: 1.0000 (0.9960)  last_layer_lr: 0.0000 (0.0005)  current_batch_size: 64.0000 (64.0000)  total_loss: 8.9752 (6.7735)  teacher_entropy_ratio: 0.9999 (0.6946)  dino_local_crops_loss: 7.3947 (5.5799)  dino_global_crops_loss: 0.9243 (0.6968)  ibot_loss: 0.6562 (0.4968)  time: 0.342832  data: 0.000377  max mem: 19472
I20260722 15:18:50 73825 dinov2 helpers.py:102] Training  [7490/7500]  eta: 0:00:03  lr: 0.0000 (0.0005)  wd: 0.4000 (0.2198)  mom: 1.0000 (0.9960)  last_layer_lr: 0.0000 (0.0005)  current_batch_size: 64.0000 (64.0000)  total_loss: 8.9389 (6.7764)  teacher_entropy_ratio: 0.9999 (0.6950)  dino_local_crops_loss: 7.3947 (5.5823)  dino_global_crops_loss: 0.9243 (0.6971)  ibot_loss: 0.6199 (0.4970)  time: 0.417720  data: 0.000392  max mem: 19472
I20260722 15:18:53 73825 fvcore.common.checkpoint __init__.py:109] Saving checkpoint to /sci/labs/arieljaffe/dan.abergel1/runs/brain/samesl_t005/model_final.rank_0.pth
I20260722 15:18:54 73825 dinov2 helpers.py:102] Training  [7499/7500]  eta: 0:00:00  lr: 0.0000 (0.0005)  wd: 0.4000 (0.2200)  mom: 1.0000 (0.9960)  last_layer_lr: 0.0000 (0.0005)  current_batch_size: 64.0000 (64.0000)  total_loss: 8.9370 (6.7791)  teacher_entropy_ratio: 0.9999 (0.6953)  dino_local_crops_loss: 7.3946 (5.5845)  dino_global_crops_loss: 0.9243 (0.6974)  ibot_loss: 0.6181 (0.4972)  time: 0.484150  data: 0.000380  max mem: 19472
I20260722 15:18:55 73825 dinov2 helpers.py:130] Training Total time: 0:46:02 (0.368361 s / it)
=== PROBE samesl_t005  Wed Jul 22 15:18:59 IDT 2026 ===
I20260722 15:19:23 92240 dinov2 config.py:59] git:
  sha: e4f0dbeb034f22fad13743078bc6013b97dc41cc, status: has uncommitted changes, branch: imagenette-test

I20260722 15:19:23 92240 dinov2 config.py:60] config_file: /sci/labs/arieljaffe/dan.abergel1/repos/FAIR_official/dinov2/configs/train/imagenette_vits.yaml
cv: 5
eval: 
eval_only: False
features_root: /sci/labs/arieljaffe/dan.abergel1/brain2d
id_col: Subject
label_col: Gender
labels_csv: /sci/labs/arieljaffe/dan.abergel1/tmp/HCP_YA_subjects.csv
no_resume: False
opts: ['dino.head_n_prototypes=4096', 'ibot.head_n_prototypes=4096', 'train.output_dir=/sci/labs/arieljaffe/dan.abergel1/runs/brain/samesl_t005']
output_dir: /sci/labs/arieljaffe/dan.abergel1/runs/brain/samesl_t005
test_frac: 0.2
I20260722 15:19:23 92240 dinov2 config.py:26] sqrt scaling learning rate; base: 0.004, new: 0.001
I20260722 15:19:23 92240 dinov2 config.py:33] MODEL:
  WEIGHTS: ''
compute_precision:
  grad_scaler: true
  teacher:
    backbone:
      sharding_strategy: SHARD_GRAD_OP
      mixed_precision:
        param_dtype: fp16
        reduce_dtype: fp16
        buffer_dtype: fp32
    dino_head:
      sharding_strategy: SHARD_GRAD_OP
      mixed_precision:
        param_dtype: fp16
        reduce_dtype: fp16
        buffer_dtype: fp32
    ibot_head:
      sharding_strategy: SHARD_GRAD_OP
      mixed_precision:
        param_dtype: fp16
        reduce_dtype: fp16
        buffer_dtype: fp32
  student:
    backbone:
      sharding_strategy: SHARD_GRAD_OP
      mixed_precision:
        param_dtype: fp16
        reduce_dtype: fp16
        buffer_dtype: fp32
    dino_head:
      sharding_strategy: SHARD_GRAD_OP
      mixed_precision:
        param_dtype: fp16
        reduce_dtype: fp32
        buffer_dtype: fp32
    ibot_head:
      sharding_strategy: SHARD_GRAD_OP
      mixed_precision:
        param_dtype: fp16
        reduce_dtype: fp32
        buffer_dtype: fp32
dino:
  loss_weight: 1.0
  head_n_prototypes: 4096
  head_bottleneck_dim: 256
  head_nlayers: 3
  head_hidden_dim: 2048
  koleo_loss_weight: 0.1
ibot:
  loss_weight: 1.0
  mask_sample_probability: 0.5
  mask_ratio_min_max:
  - 0.1
  - 0.5
  separate_head: false
  head_n_prototypes: 4096
  head_bottleneck_dim: 256
  head_nlayers: 3
  head_hidden_dim: 2048
train:
  batch_size_per_gpu: 64
  dataset_path: ImageFolder:root=/tmp/imagenette/train
  output_dir: /sci/labs/arieljaffe/dan.abergel1/runs/brain/samesl_t005
  saveckp_freq: 20
  seed: 0
  num_workers: 8
  OFFICIAL_EPOCH_LENGTH: 150
  cache_dataset: true
  centering: centering
  cell_augmentation: false
student:
  arch: vit_small
  patch_size: 16
  drop_path_rate: 0.1
  layerscale: 1.0e-05
  drop_path_uniform: true
  pretrained_weights: ''
  ffn_layer: mlp
  block_chunks: 4
  qkv_bias: true
  proj_bias: true
  ffn_bias: true
  num_register_tokens: 0
  interpolate_antialias: false
  interpolate_offset: 0.1
  in_chans: 3
  channel_adaptive: false
teacher:
  momentum_teacher: 0.992
  final_momentum_teacher: 1
  warmup_teacher_temp: 0.04
  teacher_temp: 0.07
  warmup_teacher_temp_epochs: 5
  in_chans: 3
  channel_adaptive: false
optim:
  epochs: 50
  weight_decay: 0.04
  weight_decay_end: 0.4
  base_lr: 0.004
  lr: 0.001
  warmup_epochs: 5
  min_lr: 1.0e-06
  clip_grad: 3.0
  freeze_last_layer_epochs: 1
  scaling_rule: sqrt_wrt_1024
  patch_embed_lr_mult: 0.2
  layerwise_decay: 0.9
  adamw_beta1: 0.9
  adamw_beta2: 0.999
crops:
  global_crops_scale:
  - 0.32
  - 1.0
  local_crops_number: 8
  local_crops_scale:
  - 0.05
  - 0.32
  global_crops_size: 224
  local_crops_size: 96
evaluation:
  eval_period_iterations: 0

I20260722 15:19:23 92240 dinov2 vision_transformer.py:125] using MLP layer as FFN
I20260722 15:19:23 92240 dinov2 vision_transformer.py:125] using MLP layer as FFN
I20260722 15:19:23 92240 dinov2 ssl_meta_arch.py:44] OPTIONS -- architecture : embed_dim: 384
I20260722 15:19:23 92240 dinov2 ssl_meta_arch.py:59] OPTIONS -- DINO
I20260722 15:19:23 92240 dinov2 ssl_meta_arch.py:61] OPTIONS -- DINO -- loss_weight: 1.0
I20260722 15:19:23 92240 dinov2 ssl_meta_arch.py:62] OPTIONS -- DINO -- head_n_prototypes: 4096
I20260722 15:19:23 92240 dinov2 ssl_meta_arch.py:63] OPTIONS -- DINO -- head_bottleneck_dim: 256
I20260722 15:19:23 92240 dinov2 ssl_meta_arch.py:64] OPTIONS -- DINO -- head_hidden_dim: 2048
I20260722 15:19:23 92240 dinov2 ssl_meta_arch.py:76] OPTIONS -- DINO -- applying KOLEO regularization
W20260722 15:19:23 92240 py.warnings warnings.py:109] /sci/labs/arieljaffe/dan.abergel1/torch_env/lib/python3.11/site-packages/torch/nn/utils/weight_norm.py:144: FutureWarning: `torch.nn.utils.weight_norm` is deprecated in favor of `torch.nn.utils.parametrizations.weight_norm`.
  WeightNorm.apply(module, name, dim)

I20260722 15:19:24 92240 dinov2 ssl_meta_arch.py:86] OPTIONS -- IBOT
I20260722 15:19:24 92240 dinov2 ssl_meta_arch.py:87] OPTIONS -- IBOT -- loss_weight: 1.0
I20260722 15:19:24 92240 dinov2 ssl_meta_arch.py:88] OPTIONS -- IBOT masking -- ibot_mask_ratio_tuple: [0.1, 0.5]
I20260722 15:19:24 92240 dinov2 ssl_meta_arch.py:89] OPTIONS -- IBOT masking -- ibot_mask_sample_probability: 0.5
I20260722 15:19:24 92240 dinov2 ssl_meta_arch.py:112] OPTIONS -- IBOT -- head shared with DINO
I20260722 15:19:24 92240 dinov2 ssl_meta_arch.py:122] Student and Teacher are built: they are both vit_small network.
I20260722 15:19:24 92240 dinov2 ssl_meta_arch.py:408] DISTRIBUTED FSDP -- preparing model for distributed training
W20260722 15:19:24 92240 py.warnings warnings.py:109] /sci/labs/arieljaffe/dan.abergel1/torch_env/lib/python3.11/site-packages/torch/distributed/fsdp/wrap.py:91: UserWarning: FSDP will not all-gather parameters for containers that do not implement forward: BlockChunk(
  (0-2): 3 x NestedTensorBlock(
    (norm1): LayerNorm((384,), eps=1e-06, elementwise_affine=True)
    (attn): MemEffAttention(
      (qkv): Linear(in_features=384, out_features=1152, bias=True)
      (proj): Linear(in_features=384, out_features=384, bias=True)
      (proj_drop): Dropout(p=0.0, inplace=False)
    )
    (ls1): LayerScale()
    (drop_path1): DropPath()
    (norm2): LayerNorm((384,), eps=1e-06, elementwise_affine=True)
    (mlp): Mlp(
      (fc1): Linear(in_features=384, out_features=1536, bias=True)
      (act): GELU(approximate='none')
      (fc2): Linear(in_features=1536, out_features=384, bias=True)
      (drop): Dropout(p=0.0, inplace=False)
    )
    (ls2): LayerScale()
    (drop_path2): DropPath()
  )
)
  return fsdp_fn(module, **kwargs)

W20260722 15:19:24 92240 py.warnings warnings.py:109] /sci/labs/arieljaffe/dan.abergel1/torch_env/lib/python3.11/site-packages/torch/distributed/fsdp/fully_sharded_data_parallel.py:479: UserWarning: FSDP is switching to use `NO_SHARD` instead of ShardingStrategy.SHARD_GRAD_OP since the world size is 1.
  _init_core_state(

W20260722 15:19:24 92240 py.warnings warnings.py:109] /sci/labs/arieljaffe/dan.abergel1/torch_env/lib/python3.11/site-packages/torch/distributed/fsdp/wrap.py:91: UserWarning: FSDP will not all-gather parameters for containers that do not implement forward: BlockChunk(
  (0-2): 3 x Identity()
  (3-5): 3 x NestedTensorBlock(
    (norm1): LayerNorm((384,), eps=1e-06, elementwise_affine=True)
    (attn): MemEffAttention(
      (qkv): Linear(in_features=384, out_features=1152, bias=True)
      (proj): Linear(in_features=384, out_features=384, bias=True)
      (proj_drop): Dropout(p=0.0, inplace=False)
    )
    (ls1): LayerScale()
    (drop_path1): DropPath()
    (norm2): LayerNorm((384,), eps=1e-06, elementwise_affine=True)
    (mlp): Mlp(
      (fc1): Linear(in_features=384, out_features=1536, bias=True)
      (act): GELU(approximate='none')
      (fc2): Linear(in_features=1536, out_features=384, bias=True)
      (drop): Dropout(p=0.0, inplace=False)
    )
    (ls2): LayerScale()
    (drop_path2): DropPath()
  )
)
  return fsdp_fn(module, **kwargs)

W20260722 15:19:24 92240 py.warnings warnings.py:109] /sci/labs/arieljaffe/dan.abergel1/torch_env/lib/python3.11/site-packages/torch/distributed/fsdp/wrap.py:91: UserWarning: FSDP will not all-gather parameters for containers that do not implement forward: BlockChunk(
  (0-5): 6 x Identity()
  (6-8): 3 x NestedTensorBlock(
    (norm1): LayerNorm((384,), eps=1e-06, elementwise_affine=True)
    (attn): MemEffAttention(
      (qkv): Linear(in_features=384, out_features=1152, bias=True)
      (proj): Linear(in_features=384, out_features=384, bias=True)
      (proj_drop): Dropout(p=0.0, inplace=False)
    )
    (ls1): LayerScale()
    (drop_path1): DropPath()
    (norm2): LayerNorm((384,), eps=1e-06, elementwise_affine=True)
    (mlp): Mlp(
      (fc1): Linear(in_features=384, out_features=1536, bias=True)
      (act): GELU(approximate='none')
      (fc2): Linear(in_features=1536, out_features=384, bias=True)
      (drop): Dropout(p=0.0, inplace=False)
    )
    (ls2): LayerScale()
    (drop_path2): DropPath()
  )
)
  return fsdp_fn(module, **kwargs)

W20260722 15:19:24 92240 py.warnings warnings.py:109] /sci/labs/arieljaffe/dan.abergel1/torch_env/lib/python3.11/site-packages/torch/distributed/fsdp/wrap.py:91: UserWarning: FSDP will not all-gather parameters for containers that do not implement forward: BlockChunk(
  (0-8): 9 x Identity()
  (9-11): 3 x NestedTensorBlock(
    (norm1): LayerNorm((384,), eps=1e-06, elementwise_affine=True)
    (attn): MemEffAttention(
      (qkv): Linear(in_features=384, out_features=1152, bias=True)
      (proj): Linear(in_features=384, out_features=384, bias=True)
      (proj_drop): Dropout(p=0.0, inplace=False)
    )
    (ls1): LayerScale()
    (drop_path1): DropPath()
    (norm2): LayerNorm((384,), eps=1e-06, elementwise_affine=True)
    (mlp): Mlp(
      (fc1): Linear(in_features=384, out_features=1536, bias=True)
      (act): GELU(approximate='none')
      (fc2): Linear(in_features=1536, out_features=384, bias=True)
      (drop): Dropout(p=0.0, inplace=False)
    )
    (ls2): LayerScale()
    (drop_path2): DropPath()
  )
)
  return fsdp_fn(module, **kwargs)

W20260722 15:19:24 92240 py.warnings warnings.py:109] /sci/labs/arieljaffe/dan.abergel1/torch_env/lib/python3.11/site-packages/torch/distributed/fsdp/wrap.py:91: UserWarning: FSDP will not all-gather parameters for containers that do not implement forward: BlockChunk(
  (0-2): 3 x NestedTensorBlock(
    (norm1): LayerNorm((384,), eps=1e-06, elementwise_affine=True)
    (attn): MemEffAttention(
      (qkv): Linear(in_features=384, out_features=1152, bias=True)
      (proj): Linear(in_features=384, out_features=384, bias=True)
      (proj_drop): Dropout(p=0.0, inplace=False)
    )
    (ls1): LayerScale()
    (drop_path1): Identity()
    (norm2): LayerNorm((384,), eps=1e-06, elementwise_affine=True)
    (mlp): Mlp(
      (fc1): Linear(in_features=384, out_features=1536, bias=True)
      (act): GELU(approximate='none')
      (fc2): Linear(in_features=1536, out_features=384, bias=True)
      (drop): Dropout(p=0.0, inplace=False)
    )
    (ls2): LayerScale()
    (drop_path2): Identity()
  )
)
  return fsdp_fn(module, **kwargs)

W20260722 15:19:24 92240 py.warnings warnings.py:109] /sci/labs/arieljaffe/dan.abergel1/torch_env/lib/python3.11/site-packages/torch/distributed/fsdp/wrap.py:91: UserWarning: FSDP will not all-gather parameters for containers that do not implement forward: BlockChunk(
  (0-2): 3 x Identity()
  (3-5): 3 x NestedTensorBlock(
    (norm1): LayerNorm((384,), eps=1e-06, elementwise_affine=True)
    (attn): MemEffAttention(
      (qkv): Linear(in_features=384, out_features=1152, bias=True)
      (proj): Linear(in_features=384, out_features=384, bias=True)
      (proj_drop): Dropout(p=0.0, inplace=False)
    )
    (ls1): LayerScale()
    (drop_path1): Identity()
    (norm2): LayerNorm((384,), eps=1e-06, elementwise_affine=True)
    (mlp): Mlp(
      (fc1): Linear(in_features=384, out_features=1536, bias=True)
      (act): GELU(approximate='none')
      (fc2): Linear(in_features=1536, out_features=384, bias=True)
      (drop): Dropout(p=0.0, inplace=False)
    )
    (ls2): LayerScale()
    (drop_path2): Identity()
  )
)
  return fsdp_fn(module, **kwargs)

W20260722 15:19:24 92240 py.warnings warnings.py:109] /sci/labs/arieljaffe/dan.abergel1/torch_env/lib/python3.11/site-packages/torch/distributed/fsdp/wrap.py:91: UserWarning: FSDP will not all-gather parameters for containers that do not implement forward: BlockChunk(
  (0-5): 6 x Identity()
  (6-8): 3 x NestedTensorBlock(
    (norm1): LayerNorm((384,), eps=1e-06, elementwise_affine=True)
    (attn): MemEffAttention(
      (qkv): Linear(in_features=384, out_features=1152, bias=True)
      (proj): Linear(in_features=384, out_features=384, bias=True)
      (proj_drop): Dropout(p=0.0, inplace=False)
    )
    (ls1): LayerScale()
    (drop_path1): Identity()
    (norm2): LayerNorm((384,), eps=1e-06, elementwise_affine=True)
    (mlp): Mlp(
      (fc1): Linear(in_features=384, out_features=1536, bias=True)
      (act): GELU(approximate='none')
      (fc2): Linear(in_features=1536, out_features=384, bias=True)
      (drop): Dropout(p=0.0, inplace=False)
    )
    (ls2): LayerScale()
    (drop_path2): Identity()
  )
)
  return fsdp_fn(module, **kwargs)

W20260722 15:19:24 92240 py.warnings warnings.py:109] /sci/labs/arieljaffe/dan.abergel1/torch_env/lib/python3.11/site-packages/torch/distributed/fsdp/wrap.py:91: UserWarning: FSDP will not all-gather parameters for containers that do not implement forward: BlockChunk(
  (0-8): 9 x Identity()
  (9-11): 3 x NestedTensorBlock(
    (norm1): LayerNorm((384,), eps=1e-06, elementwise_affine=True)
    (attn): MemEffAttention(
      (qkv): Linear(in_features=384, out_features=1152, bias=True)
      (proj): Linear(in_features=384, out_features=384, bias=True)
      (proj_drop): Dropout(p=0.0, inplace=False)
    )
    (ls1): LayerScale()
    (drop_path1): Identity()
    (norm2): LayerNorm((384,), eps=1e-06, elementwise_affine=True)
    (mlp): Mlp(
      (fc1): Linear(in_features=384, out_features=1536, bias=True)
      (act): GELU(approximate='none')
      (fc2): Linear(in_features=1536, out_features=384, bias=True)
      (drop): Dropout(p=0.0, inplace=False)
    )
    (ls2): LayerScale()
    (drop_path2): Identity()
  )
)
  return fsdp_fn(module, **kwargs)

W20260722 15:19:24 92240 py.warnings warnings.py:109] /sci/labs/arieljaffe/dan.abergel1/torch_env/lib/python3.11/site-packages/toeljaffe/dan.abergel1/torch_env/lib/python3.11/site-packages/torch/distributed/fsdp/fully_sharded_data_parallel.py:822: FutureWarning: FSDP.state_dict_type() and FSDP.set_state_dict_type() are being deprecated. Please use APIs, get_state_dict() and set_state_dict(), which can support different parallelisms, FSDP1, FSDP2, DDP. API doc: https://pytorch.org/docs/stable/distributed.checkpoint.html#torch.distributed.checkpoint.state_dict.get_state_dict .Tutorial: https://pytorch.org/tutorials/recipes/distributed_checkpoint_recipe.html .
  prev_state_dict_settings = FullyShardedDataParallel.set_state_dict_type(

I20260722 15:19:24 4155021 fvcore.common.checkpoint checkpoint.py:150] [Checkpointer] Loading from /sci/labs/arieljaffe/dan.abergel1/runs/brain/samesl_t005/model_final.rank_0.pth ...
W20260722 15:19:25 4155021 py.warnings warnings.py:109] /sci/labs/arieljaffe/dan.abergel1/torch_env/lib/python3.11/site-packages/torch/utils/_contextlib.py:124: UserWarning: When using ``NO_SHARD`` for ``ShardingStrategy``, full_state_dict will be returned.
  return func(*args, **kwargs)

W20260722 15:19:25 4155021 py.warnings warnings.py:109] /sci/labs/arieljaffe/dan.abergel1/torch_env/lib/python3.11/site-packages/torch/utils/_contextlib.py:124: UserWarning: When using ``NO_SHARD`` for ``ShardingStrategy``, full_state_dict willbe returned.
  return func(*args, **kwargs)

W20260722 15:19:25 4155021 py.warnings warnings.py:109] /sci/labs/arieljaffe/dan.abergel1/torch_env/lib/python3.11/site-packages/torch/distributed/fsdp/fully_sharded_data_parallel.py:829: FutureWarning: FSDP.state_dict_type() and FSDP.set_state_dict_type() are being deprecated. Please use APIs, get_state_dict() and set_state_dict(), which can support different parallelisms, FSDP1, FSDP2, DDP. API doc: https://pytorch.org/docs/stable/distributed.checkpoint.html#torch.distributed.checkpoint.state_dict.get_state_dict .Tutorial: https://pytorch.org/tutorials/recipes/distributed_checkpoint_recipe.html .
  FullyShardedDataParallel.set_state_dict_type(

extracting brain features...
matched 1084/1084 images, 1084 subjects, classes=['F', 'M']

=== 5-FOLD GROUP CV (Gender) ===
  CV accuracy: 76.11% ± 3.16%   (chance 50.0%)
  folds: ['70.5', '80.2', '77.4', '76.5', '75.9']
========================================
split: 867 train subj / 217 test subj  (867/217 images)

============ BRAIN PROBE: Gender ============
  train/test        : 867/217  (80:20 stratified)
  classes           : ['F', 'M']   (chance = 50.00%)
  test top-1 accuracy: 77.42%
  balanced accuracy  : 77.61%
  F1 macro           : 77.39%
              precision    recall  f1-score   support

           F      0.734     0.800     0.766       100
           M      0.815     0.752     0.782       117

    accuracy                          0.774       217
   macro avg      0.774     0.776     0.774       217
weighted avg      0.778     0.774     0.775       217

=======================================================
=== samesl_t005 DONE  Wed Jul 22 15:19:34 IDT 2026 ===
